"Group_key","Wave","Education_group","N","Edge_ID","Node_1","Node_2","Edge_label","Point_edge","Retained_under_EBICglasso","Bootstrap_mean","Bootstrap_sd","Reported_CI_lower_sample_plus_or_minus_2SD","Reported_CI_upper_sample_plus_or_minus_2SD","Percentile_CI_2_5","Percentile_CI_97_5","Bootstrap_zero_proportion","Reported_CI_width","Percentile_CI_width","Percentile_CI_includes_zero","Point_sign","Interpretation_status","Descriptive_use","Between_group_inference"
"2012__no_college_degree",2012,"No college degree",2773,"VCF0806--VCF0809","VCF0806","VCF0809","Health -- Jobs",0.314129811104201,TRUE,0.313282739260765,0.0231397279189875,0.267850355266226,0.360409266942176,0.266429146817965,0.358296276582033,0,0.09255891167595,0.091867129764068,FALSE,"POSITIVE","RETAINED_UNDER_EBICGLASSO_REPORT_ESTIMATE_AND_INTERVAL","May describe direction and approximate magnitude within this single network while reporting the bootstrap interval and its width; interval inclusion of zero is audit information, not a second edge-selection or significance rule; not evidence of a between-group difference.","NOT_PERFORMED_AND_NOT_PERMITTED_FROM_THIS_TABLE"
"2012__no_college_degree",2012,"No college degree",2773,"VCF0806--VCF0838","VCF0806","VCF0838","Health -- Abortion",0.125051067336339,TRUE,0.121759165842102,0.022362241226936,0.0803265848824664,0.169775549790211,0.0778900267252675,0.165412656894253,0,0.0894489649077446,0.0875226301689855,FALSE,"POSITIVE","RETAINED_UNDER_EBICGLASSO_REPORT_ESTIMATE_AND_INTERVAL","May describe direction and approximate magnitude within this single network while reporting the bootstrap interval and its width; interval inclusion of zero is audit information, not a second edge-selection or significance rule; not evidence of a between-group difference.","NOT_PERFORMED_AND_NOT_PERMITTED_FROM_THIS_TABLE"
"2012__no_college_degree",2012,"No college degree",2773,"VCF0806--VCF0839","VCF0806","VCF0839","Health -- Services",0.20392354669631,TRUE,0.202851391917502,0.0242436156358621,0.155436315424585,0.252410777968034,0.155248666629568,0.251091859256478,0,0.096974462543449,0.09584319262691,FALSE,"POSITIVE","RETAINED_UNDER_EBICGLASSO_REPORT_ESTIMATE_AND_INTERVAL","May describe direction and approximate magnitude within this single network while reporting the bootstrap interval and its width; interval inclusion of zero is audit information, not a second edge-selection or significance rule; not evidence of a between-group difference.","NOT_PERFORMED_AND_NOT_PERMITTED_FROM_THIS_TABLE"
"2012__no_college_degree",2012,"No college degree",2773,"VCF0806--VCF0879a","VCF0806","VCF0879a","Health -- Immig. level",0.0318653016463469,TRUE,0.0344080710398018,0.0211216594466851,-0.0103780172470234,0.0741086205397171,0,0.077337587405376,0.074,0.0844866377867405,0.077337587405376,TRUE,"POSITIVE","RETAINED_UNDER_EBICGLASSO_REPORT_ESTIMATE_AND_INTERVAL","May describe direction and approximate magnitude within this single network while reporting the bootstrap interval and its width; interval inclusion of zero is audit information, not a second edge-selection or significance rule; not evidence of a between-group difference.","NOT_PERFORMED_AND_NOT_PERMITTED_FROM_THIS_TABLE"
"2012__no_college_degree",2012,"No college degree",2773,"VCF0806--VCF0888","VCF0806","VCF0888","Health -- Crime spend",0,FALSE,-0.00693122243709617,0.0162609407940817,-0.0325218815881634,0.0325218815881634,-0.0527955884183837,0.0133492329761565,0.666,0.0650437631763268,0.0661448213945402,TRUE,"ZERO","NOT_RETAINED_UNDER_REGULARISATION_DO_NOT_CALL_ABSENT","State only that the edge was not retained under the frozen regularisation procedure; do not claim absence.","NOT_PERFORMED_AND_NOT_PERMITTED_FROM_THIS_TABLE"
"2012__no_college_degree",2012,"No college degree",2773,"VCF0806--VCF0890","VCF0806","VCF0890","Health -- School spend",0.0686667330198409,TRUE,0.0716682528141636,0.0259924181398005,0.0166818967402399,0.120651569299442,0.022525903175603,0.126484832209185,0.004,0.103969672559202,0.103958929033582,FALSE,"POSITIVE","RETAINED_UNDER_EBICGLASSO_REPORT_ESTIMATE_AND_INTERVAL","May describe direction and approximate magnitude within this single network while reporting the bootstrap interval and its width; interval inclusion of zero is audit information, not a second edge-selection or significance rule; not evidence of a between-group difference.","NOT_PERFORMED_AND_NOT_PERMITTED_FROM_THIS_TABLE"
"2012__no_college_degree",2012,"No college degree",2773,"VCF0806--VCF0894","VCF0806","VCF0894","Health -- Welfare",0.139265758439623,TRUE,0.13856756179902,0.0250007891559844,0.089264180127654,0.189267336751592,0.0913898729507902,0.185891705466037,0,0.100003156623938,0.0945018325152468,FALSE,"POSITIVE","RETAINED_UNDER_EBICGLASSO_REPORT_ESTIMATE_AND_INTERVAL","May describe direction and approximate magnitude within this single network while reporting the bootstrap interval and its width; interval inclusion of zero is audit information, not a second edge-selection or significance rule; not evidence of a between-group difference.","NOT_PERFORMED_AND_NOT_PERMITTED_FROM_THIS_TABLE"
"2012__no_college_degree",2012,"No college degree",2773,"VCF0806--VCF9223","VCF0806","VCF9223","Health -- Immig. jobs",0,FALSE,9.16645820829874e-05,0.0116612401504641,-0.0233224803009281,0.0233224803009281,-0.0282106915770329,0.0258192506584351,0.707,0.0466449606018562,0.054029942235468,TRUE,"ZERO","NOT_RETAINED_UNDER_REGULARISATION_DO_NOT_CALL_ABSENT","State only that the edge was not retained under the frozen regularisation procedure; do not claim absence.","NOT_PERFORMED_AND_NOT_PERMITTED_FROM_THIS_TABLE"
"2012__no_college_degree",2012,"No college degree",2773,"VCF0809--VCF0838","VCF0809","VCF0838","Jobs -- Abortion",0,FALSE,-0.00263004111652951,0.0131083540753408,-0.0262167081506815,0.0262167081506815,-0.0394190853987419,0.0220072272732516,0.7,0.052433416301363,0.0614263126719935,TRUE,"ZERO","NOT_RETAINED_UNDER_REGULARISATION_DO_NOT_CALL_ABSENT","State only that the edge was not retained under the frozen regularisation procedure; do not claim absence.","NOT_PERFORMED_AND_NOT_PERMITTED_FROM_THIS_TABLE"
"2012__no_college_degree",2012,"No college degree",2773,"VCF0809--VCF0839","VCF0809","VCF0839","Jobs -- Services",0.163383496686603,TRUE,0.16329085727798,0.0240806375668092,0.115222221552985,0.211544771820222,0.114006228146142,0.207256002555455,0,0.096322550267237,0.093249774409313,FALSE,"POSITIVE","RETAINED_UNDER_EBICGLASSO_REPORT_ESTIMATE_AND_INTERVAL","May describe direction and approximate magnitude within this single network while reporting the bootstrap interval and its width; interval inclusion of zero is audit information, not a second edge-selection or significance rule; not evidence of a between-group difference.","NOT_PERFORMED_AND_NOT_PERMITTED_FROM_THIS_TABLE"
"2012__no_college_degree",2012,"No college degree",2773,"VCF0809--VCF0879a","VCF0809","VCF0879a","Jobs -- Immig. level",0,FALSE,-0.0075421692463875,0.015058465525665,-0.0301169310513301,0.0301169310513301,-0.0469718020066546,0.0121138323138647,0.632,0.0602338621026602,0.0590856343205193,TRUE,"ZERO","NOT_RETAINED_UNDER_REGULARISATION_DO_NOT_CALL_ABSENT","State only that the edge was not retained under the frozen regularisation procedure; do not claim absence.","NOT_PERFORMED_AND_NOT_PERMITTED_FROM_THIS_TABLE"
"2012__no_college_degree",2012,"No college degree",2773,"VCF0809--VCF0888","VCF0809","VCF0888","Jobs -- Crime spend",0.0231777314617163,TRUE,0.0254959921955463,0.0210691573381789,-0.0189605832146416,0.0653160461380741,0,0.0704120829509289,0.18,0.0842766293527157,0.0704120829509289,TRUE,"POSITIVE","RETAINED_UNDER_EBICGLASSO_REPORT_ESTIMATE_AND_INTERVAL","May describe direction and approximate magnitude within this single network while reporting the bootstrap interval and its width; interval inclusion of zero is audit information, not a second edge-selection or significance rule; not evidence of a between-group difference.","NOT_PERFORMED_AND_NOT_PERMITTED_FROM_THIS_TABLE"
"2012__no_college_degree",2012,"No college degree",2773,"VCF0809--VCF0890","VCF0809","VCF0890","Jobs -- School spend",0.104392788718996,TRUE,0.103417680360463,0.0259909371060508,0.0524109145068939,0.156374662931097,0.0535498724868819,0.156617852044117,0,0.103963748424203,0.103067979557235,FALSE,"POSITIVE","RETAINED_UNDER_EBICGLASSO_REPORT_ESTIMATE_AND_INTERVAL","May describe direction and approximate magnitude within this single network while reporting the bootstrap interval and its width; interval inclusion of zero is audit information, not a second edge-selection or significance rule; not evidence of a between-group difference.","NOT_PERFORMED_AND_NOT_PERMITTED_FROM_THIS_TABLE"
"2012__no_college_degree",2012,"No college degree",2773,"VCF0809--VCF0894","VCF0809","VCF0894","Jobs -- Welfare",0.140658787905203,TRUE,0.141293121692837,0.0248186727221348,0.0910214424609335,0.190296133349473,0.0925448219126291,0.190194671337726,0,0.0992746908885395,0.0976498494250969,FALSE,"POSITIVE","RETAINED_UNDER_EBICGLASSO_REPORT_ESTIMATE_AND_INTERVAL","May describe direction and approximate magnitude within this single network while reporting the bootstrap interval and its width; interval inclusion of zero is audit information, not a second edge-selection or significance rule; not evidence of a between-group difference.","NOT_PERFORMED_AND_NOT_PERMITTED_FROM_THIS_TABLE"
"2012__no_college_degree",2012,"No college degree",2773,"VCF0809--VCF9223","VCF0809","VCF9223","Jobs -- Immig. jobs",-0.0219653453321536,TRUE,-0.0179444457425449,0.0188761321142798,-0.0597176095607132,0.0157869188964061,-0.0594202241751761,0,0.362,0.0755045284571193,0.0594202241751761,TRUE,"NEGATIVE","RETAINED_UNDER_EBICGLASSO_REPORT_ESTIMATE_AND_INTERVAL","May describe direction and approximate magnitude within this single network while reporting the bootstrap interval and its width; interval inclusion of zero is audit information, not a second edge-selection or significance rule; not evidence of a between-group difference.","NOT_PERFORMED_AND_NOT_PERMITTED_FROM_THIS_TABLE"
"2012__no_college_degree",2012,"No college degree",2773,"VCF0838--VCF0839","VCF0838","VCF0839","Abortion -- Services",0,FALSE,0.00366684751472335,0.0128240579451576,-0.0256481158903151,0.0256481158903151,-0.0236544494410286,0.0396923807703188,0.689,0.0512962317806302,0.0633468302113474,TRUE,"ZERO","NOT_RETAINED_UNDER_REGULARISATION_DO_NOT_CALL_ABSENT","State only that the edge was not retained under the frozen regularisation procedure; do not claim absence.","NOT_PERFORMED_AND_NOT_PERMITTED_FROM_THIS_TABLE"
"2012__no_college_degree",2012,"No college degree",2773,"VCF0838--VCF0879a","VCF0838","VCF0879a","Abortion -- Immig. level",0,FALSE,-0.00532347416605454,0.0156698079180878,-0.0313396158361756,0.0313396158361756,-0.0458085544080115,0.0241062610818274,0.617,0.0626792316723512,0.0699148154898389,TRUE,"ZERO","NOT_RETAINED_UNDER_REGULARISATION_DO_NOT_CALL_ABSENT","State only that the edge was not retained under the frozen regularisation procedure; do not claim absence.","NOT_PERFORMED_AND_NOT_PERMITTED_FROM_THIS_TABLE"
"2012__no_college_degree",2012,"No college degree",2773,"VCF0838--VCF0888","VCF0838","VCF0888","Abortion -- Crime spend",-0.0837690675483966,TRUE,-0.0811477264587926,0.0265187034872124,-0.136806474522821,-0.0307316605739717,-0.132211865127939,-0.0266661269179771,0.007,0.106074813948849,0.105545738209962,FALSE,"NEGATIVE","RETAINED_UNDER_EBICGLASSO_REPORT_ESTIMATE_AND_INTERVAL","May describe direction and approximate magnitude within this single network while reporting the bootstrap interval and its width; interval inclusion of zero is audit information, not a second edge-selection or significance rule; not evidence of a between-group difference.","NOT_PERFORMED_AND_NOT_PERMITTED_FROM_THIS_TABLE"
"2012__no_college_degree",2012,"No college degree",2773,"VCF0838--VCF0890","VCF0838","VCF0890","Abortion -- School spend",0.155060784418785,TRUE,0.150300183081545,0.0278832874178293,0.0992942095831261,0.210827359254443,0.0939465425451476,0.203894293353433,0,0.111533149671317,0.109947750808285,FALSE,"POSITIVE","RETAINED_UNDER_EBICGLASSO_REPORT_ESTIMATE_AND_INTERVAL","May describe direction and approximate magnitude within this single network while reporting the bootstrap interval and its width; interval inclusion of zero is audit information, not a second edge-selection or significance rule; not evidence of a between-group difference.","NOT_PERFORMED_AND_NOT_PERMITTED_FROM_THIS_TABLE"
"2012__no_college_degree",2012,"No college degree",2773,"VCF0838--VCF0894","VCF0838","VCF0894","Abortion -- Welfare",-0.0567266446456354,TRUE,-0.0519621948220979,0.0276054242906437,-0.111937493226923,-0.00151579606434807,-0.109099473275486,0,0.069,0.110421697162575,0.109099473275486,TRUE,"NEGATIVE","RETAINED_UNDER_EBICGLASSO_REPORT_ESTIMATE_AND_INTERVAL","May describe direction and approximate magnitude within this single network while reporting the bootstrap interval and its width; interval inclusion of zero is audit information, not a second edge-selection or significance rule; not evidence of a between-group difference.","NOT_PERFORMED_AND_NOT_PERMITTED_FROM_THIS_TABLE"
"2012__no_college_degree",2012,"No college degree",2773,"VCF0838--VCF9223","VCF0838","VCF9223","Abortion -- Immig. jobs",0.0798901157992345,TRUE,0.0812354419600108,0.0223554757455594,0.0351791643081157,0.124601067290353,0.0366157466354806,0.123953462665047,0,0.0894219029822373,0.0873377160295664,FALSE,"POSITIVE","RETAINED_UNDER_EBICGLASSO_REPORT_ESTIMATE_AND_INTERVAL","May describe direction and approximate magnitude within this single network while reporting the bootstrap interval and its width; interval inclusion of zero is audit information, not a second edge-selection or significance rule; not evidence of a between-group difference.","NOT_PERFORMED_AND_NOT_PERMITTED_FROM_THIS_TABLE"
"2012__no_college_degree",2012,"No college degree",2773,"VCF0839--VCF0879a","VCF0839","VCF0879a","Services -- Immig. level",0.0291603777162078,TRUE,0.0308834858967305,0.0215960802247987,-0.0140317827333897,0.0723525381658053,0,0.0766896595748785,0.127,0.086384320899195,0.0766896595748785,TRUE,"POSITIVE","RETAINED_UNDER_EBICGLASSO_REPORT_ESTIMATE_AND_INTERVAL","May describe direction and approximate magnitude within this single network while reporting the bootstrap interval and its width; interval inclusion of zero is audit information, not a second edge-selection or significance rule; not evidence of a between-group difference.","NOT_PERFORMED_AND_NOT_PERMITTED_FROM_THIS_TABLE"
"2012__no_college_degree",2012,"No college degree",2773,"VCF0839--VCF0888","VCF0839","VCF0888","Services -- Crime spend",0.027896487942884,TRUE,0.0293753049659716,0.0220211418296385,-0.016145795716393,0.0719387716021611,0,0.0757286788384283,0.157,0.0880845673185541,0.0757286788384283,TRUE,"POSITIVE","RETAINED_UNDER_EBICGLASSO_REPORT_ESTIMATE_AND_INTERVAL","May describe direction and approximate magnitude within this single network while reporting the bootstrap interval and its width; interval inclusion of zero is audit information, not a second edge-selection or significance rule; not evidence of a between-group difference.","NOT_PERFORMED_AND_NOT_PERMITTED_FROM_THIS_TABLE"
"2012__no_college_degree",2012,"No college degree",2773,"VCF0839--VCF0890","VCF0839","VCF0890","Services -- School spend",0.262604692082162,TRUE,0.261898233337636,0.0243383880398539,0.213927916002454,0.31128146816187,0.212679546047164,0.309171678983593,0,0.097353552159416,0.096492132936429,FALSE,"POSITIVE","RETAINED_UNDER_EBICGLASSO_REPORT_ESTIMATE_AND_INTERVAL","May describe direction and approximate magnitude within this single network while reporting the bootstrap interval and its width; interval inclusion of zero is audit information, not a second edge-selection or significance rule; not evidence of a between-group difference.","NOT_PERFORMED_AND_NOT_PERMITTED_FROM_THIS_TABLE"
"2012__no_college_degree",2012,"No college degree",2773,"VCF0839--VCF0894","VCF0839","VCF0894","Services -- Welfare",0.285343729688174,TRUE,0.283717073549899,0.0247484234225848,0.235846882843004,0.334840576533344,0.233333020303255,0.328205768372955,0,0.09899369369034,0.0948727480697,FALSE,"POSITIVE","RETAINED_UNDER_EBICGLASSO_REPORT_ESTIMATE_AND_INTERVAL","May describe direction and approximate magnitude within this single network while reporting the bootstrap interval and its width; interval inclusion of zero is audit information, not a second edge-selection or significance rule; not evidence of a between-group difference.","NOT_PERFORMED_AND_NOT_PERMITTED_FROM_THIS_TABLE"
"2012__no_college_degree",2012,"No college degree",2773,"VCF0839--VCF9223","VCF0839","VCF9223","Services -- Immig. jobs",0.0224320615323463,TRUE,0.0229402057987178,0.0198093648534934,-0.0171866681746404,0.0620507912393331,0,0.0677471887336537,0.221,0.0792374594139735,0.0677471887336537,TRUE,"POSITIVE","RETAINED_UNDER_EBICGLASSO_REPORT_ESTIMATE_AND_INTERVAL","May describe direction and approximate magnitude within this single network while reporting the bootstrap interval and its width; interval inclusion of zero is audit information, not a second edge-selection or significance rule; not evidence of a between-group difference.","NOT_PERFORMED_AND_NOT_PERMITTED_FROM_THIS_TABLE"
"2012__no_college_degree",2012,"No college degree",2773,"VCF0879a--VCF0888","VCF0879a","VCF0888","Immig. level -- Crime spend",-0.0799639310811608,TRUE,-0.0753826105787465,0.0275595805066967,-0.135083092094554,-0.0248447700677674,-0.127537809303979,-0.0173495641285489,0.005,0.110238322026787,0.11018824517543,FALSE,"NEGATIVE","RETAINED_UNDER_EBICGLASSO_REPORT_ESTIMATE_AND_INTERVAL","May describe direction and approximate magnitude within this single network while reporting the bootstrap interval and its width; interval inclusion of zero is audit information, not a second edge-selection or significance rule; not evidence of a between-group difference.","NOT_PERFORMED_AND_NOT_PERMITTED_FROM_THIS_TABLE"
"2012__no_college_degree",2012,"No college degree",2773,"VCF0879a--VCF0890","VCF0879a","VCF0890","Immig. level -- School spend",-0.0099031668031458,TRUE,-0.0131039381701839,0.0227309852406972,-0.0553651372845402,0.0355588036782486,-0.0717716703512826,0.0126496404946087,0.599,0.0909239409627888,0.0844213108458913,TRUE,"NEGATIVE","RETAINED_UNDER_EBICGLASSO_REPORT_ESTIMATE_AND_INTERVAL","May describe direction and approximate magnitude within this single network while reporting the bootstrap interval and its width; interval inclusion of zero is audit information, not a second edge-selection or significance rule; not evidence of a between-group difference.","NOT_PERFORMED_AND_NOT_PERMITTED_FROM_THIS_TABLE"
"2012__no_college_degree",2012,"No college degree",2773,"VCF0879a--VCF0894","VCF0879a","VCF0894","Immig. level -- Welfare",0.111202804066509,TRUE,0.112048109281197,0.024911254380818,0.0613802953048729,0.161025312828145,0.0636099641678082,0.160154462067143,0,0.0996450175232721,0.0965444978993348,FALSE,"POSITIVE","RETAINED_UNDER_EBICGLASSO_REPORT_ESTIMATE_AND_INTERVAL","May describe direction and approximate magnitude within this single network while reporting the bootstrap interval and its width; interval inclusion of zero is audit information, not a second edge-selection or significance rule; not evidence of a between-group difference.","NOT_PERFORMED_AND_NOT_PERMITTED_FROM_THIS_TABLE"
"2012__no_college_degree",2012,"No college degree",2773,"VCF0879a--VCF9223","VCF0879a","VCF9223","Immig. level -- Immig. jobs",0.444924043695566,TRUE,0.443967688869999,0.0218066907351912,0.401310662225184,0.488537425165949,0.400911649506478,0.48484167161367,0,0.087226762940765,0.083930022107192,FALSE,"POSITIVE","RETAINED_UNDER_EBICGLASSO_REPORT_ESTIMATE_AND_INTERVAL","May describe direction and approximate magnitude within this single network while reporting the bootstrap interval and its width; interval inclusion of zero is audit information, not a second edge-selection or significance rule; not evidence of a between-group difference.","NOT_PERFORMED_AND_NOT_PERMITTED_FROM_THIS_TABLE"
"2012__no_college_degree",2012,"No college degree",2773,"VCF0888--VCF0890","VCF0888","VCF0890","Crime spend -- School spend",0.314057704841356,TRUE,0.311283250367369,0.0275521690034173,0.258953366834522,0.369162042848191,0.256578593698688,0.364396659979398,0,0.110208676013669,0.10781806628071,FALSE,"POSITIVE","RETAINED_UNDER_EBICGLASSO_REPORT_ESTIMATE_AND_INTERVAL","May describe direction and approximate magnitude within this single network while reporting the bootstrap interval and its width; interval inclusion of zero is audit information, not a second edge-selection or significance rule; not evidence of a between-group difference.","NOT_PERFORMED_AND_NOT_PERMITTED_FROM_THIS_TABLE"
"2012__no_college_degree",2012,"No college degree",2773,"VCF0888--VCF0894","VCF0888","VCF0894","Crime spend -- Welfare",0,FALSE,0.00119601898681536,0.017223049198591,-0.034446098397182,0.034446098397182,-0.0415039909424357,0.042803973408523,0.594,0.068892196794364,0.0843079643509587,TRUE,"ZERO","NOT_RETAINED_UNDER_REGULARISATION_DO_NOT_CALL_ABSENT","State only that the edge was not retained under the frozen regularisation procedure; do not claim absence.","NOT_PERFORMED_AND_NOT_PERMITTED_FROM_THIS_TABLE"
"2012__no_college_degree",2012,"No college degree",2773,"VCF0888--VCF9223","VCF0888","VCF9223","Crime spend -- Immig. jobs",-0.0374842730589262,TRUE,-0.0374179579269332,0.0260118366477574,-0.0895079463544411,0.0145394002365887,-0.0910636867557857,0,0.126,0.10404734659103,0.0910636867557857,TRUE,"NEGATIVE","RETAINED_UNDER_EBICGLASSO_REPORT_ESTIMATE_AND_INTERVAL","May describe direction and approximate magnitude within this single network while reporting the bootstrap interval and its width; interval inclusion of zero is audit information, not a second edge-selection or significance rule; not evidence of a between-group difference.","NOT_PERFORMED_AND_NOT_PERMITTED_FROM_THIS_TABLE"
"2012__no_college_degree",2012,"No college degree",2773,"VCF0890--VCF0894","VCF0890","VCF0894","School spend -- Welfare",0.148110311932062,TRUE,0.148643579506707,0.0293593877920062,0.0893915363480495,0.206829087516074,0.0932876015998961,0.210746987963174,0,0.117437551168025,0.117459386363278,FALSE,"POSITIVE","RETAINED_UNDER_EBICGLASSO_REPORT_ESTIMATE_AND_INTERVAL","May describe direction and approximate magnitude within this single network while reporting the bootstrap interval and its width; interval inclusion of zero is audit information, not a second edge-selection or significance rule; not evidence of a between-group difference.","NOT_PERFORMED_AND_NOT_PERMITTED_FROM_THIS_TABLE"
"2012__no_college_degree",2012,"No college degree",2773,"VCF0890--VCF9223","VCF0890","VCF9223","School spend -- Immig. jobs",0.0542431642784344,TRUE,0.0545300812086346,0.0276226730486212,-0.00100218181880795,0.109488510375677,0,0.109803744267089,0.03,0.110490692194485,0.109803744267089,TRUE,"POSITIVE","RETAINED_UNDER_EBICGLASSO_REPORT_ESTIMATE_AND_INTERVAL","May describe direction and approximate magnitude within this single network while reporting the bootstrap interval and its width; interval inclusion of zero is audit information, not a second edge-selection or significance rule; not evidence of a between-group difference.","NOT_PERFORMED_AND_NOT_PERMITTED_FROM_THIS_TABLE"
"2012__no_college_degree",2012,"No college degree",2773,"VCF0894--VCF9223","VCF0894","VCF9223","Welfare -- Immig. jobs",0,FALSE,-0.0035791836228741,0.0149947453291689,-0.0299894906583378,0.0299894906583378,-0.0462147010337883,0.0211019277913493,0.695,0.0599789813166756,0.0673166288251376,TRUE,"ZERO","NOT_RETAINED_UNDER_REGULARISATION_DO_NOT_CALL_ABSENT","State only that the edge was not retained under the frozen regularisation procedure; do not claim absence.","NOT_PERFORMED_AND_NOT_PERMITTED_FROM_THIS_TABLE"
"2012__college_or_advanced",2012,"College or advanced degree",1531,"VCF0806--VCF0809","VCF0806","VCF0809","Health -- Jobs",0.269096217542581,TRUE,0.274737794475612,0.0306871640625004,0.207721889417581,0.330470545667582,0.2130872709167,0.334141456089895,0,0.122748656250001,0.121054185173195,FALSE,"POSITIVE","RETAINED_UNDER_EBICGLASSO_REPORT_ESTIMATE_AND_INTERVAL","May describe direction and approximate magnitude within this single network while reporting the bootstrap interval and its width; interval inclusion of zero is audit information, not a second edge-selection or significance rule; not evidence of a between-group difference.","NOT_PERFORMED_AND_NOT_PERMITTED_FROM_THIS_TABLE"
"2012__college_or_advanced",2012,"College or advanced degree",1531,"VCF0806--VCF0838","VCF0806","VCF0838","Health -- Abortion",0.209265764851778,TRUE,0.203632919609187,0.028132720407744,0.153000324036291,0.265531205667266,0.146482596464623,0.259845065735452,0,0.112530881630975,0.113362469270829,FALSE,"POSITIVE","RETAINED_UNDER_EBICGLASSO_REPORT_ESTIMATE_AND_INTERVAL","May describe direction and approximate magnitude within this single network while reporting the bootstrap interval and its width; interval inclusion of zero is audit information, not a second edge-selection or significance rule; not evidence of a between-group difference.","NOT_PERFORMED_AND_NOT_PERMITTED_FROM_THIS_TABLE"
"2012__college_or_advanced",2012,"College or advanced degree",1531,"VCF0806--VCF0839","VCF0806","VCF0839","Health -- Services",0.283545655430949,TRUE,0.280261520572087,0.0292949759075064,0.224955703615936,0.342135607245962,0.223530718902226,0.335526064650916,0,0.117179903630026,0.11199534574869,FALSE,"POSITIVE","RETAINED_UNDER_EBICGLASSO_REPORT_ESTIMATE_AND_INTERVAL","May describe direction and approximate magnitude within this single network while reporting the bootstrap interval and its width; interval inclusion of zero is audit information, not a second edge-selection or significance rule; not evidence of a between-group difference.","NOT_PERFORMED_AND_NOT_PERMITTED_FROM_THIS_TABLE"
"2012__college_or_advanced",2012,"College or advanced degree",1531,"VCF0806--VCF0879a","VCF0806","VCF0879a","Health -- Immig. level",0.0277559248378718,TRUE,0.027483636533092,0.0248639168413214,-0.0219719088447709,0.0774837585205146,0,0.0818259234881201,0.228,0.0994556673652855,0.0818259234881201,TRUE,"POSITIVE","RETAINED_UNDER_EBICGLASSO_REPORT_ESTIMATE_AND_INTERVAL","May describe direction and approximate magnitude within this single network while reporting the bootstrap interval and its width; interval inclusion of zero is audit information, not a second edge-selection or significance rule; not evidence of a between-group difference.","NOT_PERFORMED_AND_NOT_PERMITTED_FROM_THIS_TABLE"
"2012__college_or_advanced",2012,"College or advanced degree",1531,"VCF0806--VCF0888","VCF0806","VCF0888","Health -- Crime spend",-0.0126600444724573,TRUE,-0.0291796138116124,0.0280112647810584,-0.068682574034574,0.0433624850896594,-0.0888561733880952,0,0.328,0.112045059124233,0.0888561733880952,TRUE,"NEGATIVE","RETAINED_UNDER_EBICGLASSO_REPORT_ESTIMATE_AND_INTERVAL","May describe direction and approximate magnitude within this single network while reporting the bootstrap interval and its width; interval inclusion of zero is audit information, not a second edge-selection or significance rule; not evidence of a between-group difference.","NOT_PERFORMED_AND_NOT_PERMITTED_FROM_THIS_TABLE"
"2012__college_or_advanced",2012,"College or advanced degree",1531,"VCF0806--VCF0890","VCF0806","VCF0890","Health -- School spend",0.0149221786212767,TRUE,0.0261012076578355,0.0279741829272776,-0.0410261872332785,0.0708705444758319,0,0.0906107756568921,0.314,0.11189673170911,0.0906107756568921,TRUE,"POSITIVE","RETAINED_UNDER_EBICGLASSO_REPORT_ESTIMATE_AND_INTERVAL","May describe direction and approximate magnitude within this single network while reporting the bootstrap interval and its width; interval inclusion of zero is audit information, not a second edge-selection or significance rule; not evidence of a between-group difference.","NOT_PERFORMED_AND_NOT_PERMITTED_FROM_THIS_TABLE"
"2012__college_or_advanced",2012,"College or advanced degree",1531,"VCF0806--VCF0894","VCF0806","VCF0894","Health -- Welfare",0.176492518254632,TRUE,0.171744148711201,0.0357653672719986,0.104961783710634,0.248023252798629,0.103459184070329,0.241613433932751,0,0.143061469087995,0.138154249862422,FALSE,"POSITIVE","RETAINED_UNDER_EBICGLASSO_REPORT_ESTIMATE_AND_INTERVAL","May describe direction and approximate magnitude within this single network while reporting the bootstrap interval and its width; interval inclusion of zero is audit information, not a second edge-selection or significance rule; not evidence of a between-group difference.","NOT_PERFORMED_AND_NOT_PERMITTED_FROM_THIS_TABLE"
"2012__college_or_advanced",2012,"College or advanced degree",1531,"VCF0806--VCF9223","VCF0806","VCF9223","Health -- Immig. jobs",0.0560010405711913,TRUE,0.063767694739867,0.0303808017560762,-0.00476056294096114,0.116762644083344,0.000415575437581938,0.124421800331315,0.024,0.121523207024305,0.124006224893733,FALSE,"POSITIVE","RETAINED_UNDER_EBICGLASSO_REPORT_ESTIMATE_AND_INTERVAL","May describe direction and approximate magnitude within this single network while reporting the bootstrap interval and its width; interval inclusion of zero is audit information, not a second edge-selection or significance rule; not evidence of a between-group difference.","NOT_PERFORMED_AND_NOT_PERMITTED_FROM_THIS_TABLE"
"2012__college_or_advanced",2012,"College or advanced degree",1531,"VCF0809--VCF0838","VCF0809","VCF0838","Jobs -- Abortion",0,FALSE,1.28506524273126e-05,0.0194448525510431,-0.0388897051020863,0.0388897051020863,-0.0524017670848708,0.0411114019130654,0.611,0.0777794102041726,0.0935131689979362,TRUE,"ZERO","NOT_RETAINED_UNDER_REGULARISATION_DO_NOT_CALL_ABSENT","State only that the edge was not retained under the frozen regularisation procedure; do not claim absence.","NOT_PERFORMED_AND_NOT_PERMITTED_FROM_THIS_TABLE"
"2012__college_or_advanced",2012,"College or advanced degree",1531,"VCF0809--VCF0839","VCF0809","VCF0839","Jobs -- Services",0.235343174932423,TRUE,0.236898753479654,0.0325064427300689,0.170330289472285,0.300356060392561,0.172254079620018,0.297216038372758,0,0.130025770920276,0.12496195875274,FALSE,"POSITIVE","RETAINED_UNDER_EBICGLASSO_REPORT_ESTIMATE_AND_INTERVAL","May describe direction and approximate magnitude within this single network while reporting the bootstrap interval and its width; interval inclusion of zero is audit information, not a second edge-selection or significance rule; not evidence of a between-group difference.","NOT_PERFORMED_AND_NOT_PERMITTED_FROM_THIS_TABLE"
"2012__college_or_advanced",2012,"College or advanced degree",1531,"VCF0809--VCF0879a","VCF0809","VCF0879a","Jobs -- Immig. level",-0.0283250965891654,TRUE,-0.0429534212642087,0.0302609074086584,-0.0888469114064822,0.0321967182281513,-0.105693922622421,0,0.18,0.121043629634633,0.105693922622421,TRUE,"NEGATIVE","RETAINED_UNDER_EBICGLASSO_REPORT_ESTIMATE_AND_INTERVAL","May describe direction and approximate magnitude within this single network while reporting the bootstrap interval and its width; interval inclusion of zero is audit information, not a second edge-selection or significance rule; not evidence of a between-group difference.","NOT_PERFORMED_AND_NOT_PERMITTED_FROM_THIS_TABLE"
"2012__college_or_advanced",2012,"College or advanced degree",1531,"VCF0809--VCF0888","VCF0809","VCF0888","Jobs -- Crime spend",0.0642170496217022,TRUE,0.070153848197333,0.0312304367881037,0.00175617604549473,0.12667792319791,0.00789437366775549,0.133433320752617,0.018,0.124921747152415,0.125538947084861,FALSE,"POSITIVE","RETAINED_UNDER_EBICGLASSO_REPORT_ESTIMATE_AND_INTERVAL","May describe direction and approximate magnitude within this single network while reporting the bootstrap interval and its width; interval inclusion of zero is audit information, not a second edge-selection or significance rule; not evidence of a between-group difference.","NOT_PERFORMED_AND_NOT_PERMITTED_FROM_THIS_TABLE"
"2012__college_or_advanced",2012,"College or advanced degree",1531,"VCF0809--VCF0890","VCF0809","VCF0890","Jobs -- School spend",0.0715169782021604,TRUE,0.0627086743636266,0.0335697927373476,0.00437739272746515,0.138656563676856,0,0.130787108811119,0.054,0.134279170949391,0.130787108811119,TRUE,"POSITIVE","RETAINED_UNDER_EBICGLASSO_REPORT_ESTIMATE_AND_INTERVAL","May describe direction and approximate magnitude within this single network while reporting the bootstrap interval and its width; interval inclusion of zero is audit information, not a second edge-selection or significance rule; not evidence of a between-group difference.","NOT_PERFORMED_AND_NOT_PERMITTED_FROM_THIS_TABLE"
"2012__college_or_advanced",2012,"College or advanced degree",1531,"VCF0809--VCF0894","VCF0809","VCF0894","Jobs -- Welfare",0.155284099785058,TRUE,0.160971388047331,0.0340810904732096,0.087121918838639,0.223446280731477,0.0940234481417496,0.226500940572443,0,0.136324361892838,0.132477492430693,FALSE,"POSITIVE","RETAINED_UNDER_EBICGLASSO_REPORT_ESTIMATE_AND_INTERVAL","May describe direction and approximate magnitude within this single network while reporting the bootstrap interval and its width; interval inclusion of zero is audit information, not a second edge-selection or significance rule; not evidence of a between-group difference.","NOT_PERFORMED_AND_NOT_PERMITTED_FROM_THIS_TABLE"
"2012__college_or_advanced",2012,"College or advanced degree",1531,"VCF0809--VCF9223","VCF0809","VCF9223","Jobs -- Immig. jobs",0,FALSE,-0.00572085120034063,0.019045872158282,-0.038091744316564,0.038091744316564,-0.0530972430437315,0.0344595334303258,0.62,0.076183488633128,0.0875567764740573,TRUE,"ZERO","NOT_RETAINED_UNDER_REGULARISATION_DO_NOT_CALL_ABSENT","State only that the edge was not retained under the frozen regularisation procedure; do not claim absence.","NOT_PERFORMED_AND_NOT_PERMITTED_FROM_THIS_TABLE"
"2012__college_or_advanced",2012,"College or advanced degree",1531,"VCF0838--VCF0839","VCF0838","VCF0839","Abortion -- Services",0.0330611500653635,TRUE,0.0295992907743733,0.0263215710003221,-0.0195819919352807,0.0857042920660077,0,0.0888151704032612,0.216,0.105286284001288,0.0888151704032612,TRUE,"POSITIVE","RETAINED_UNDER_EBICGLASSO_REPORT_ESTIMATE_AND_INTERVAL","May describe direction and approximate magnitude within this single network while reporting the bootstrap interval and its width; interval inclusion of zero is audit information, not a second edge-selection or significance rule; not evidence of a between-group difference.","NOT_PERFORMED_AND_NOT_PERMITTED_FROM_THIS_TABLE"
"2012__college_or_advanced",2012,"College or advanced degree",1531,"VCF0838--VCF0879a","VCF0838","VCF0879a","Abortion -- Immig. level",0,FALSE,-0.00245480521032776,0.0224816575290001,-0.0449633150580001,0.0449633150580001,-0.0618778469483014,0.0441520739060381,0.555,0.0899266301160002,0.10602992085434,TRUE,"ZERO","NOT_RETAINED_UNDER_REGULARISATION_DO_NOT_CALL_ABSENT","State only that the edge was not retained under the frozen regularisation procedure; do not claim absence.","NOT_PERFORMED_AND_NOT_PERMITTED_FROM_THIS_TABLE"
"2012__college_or_advanced",2012,"College or advanced degree",1531,"VCF0838--VCF0888","VCF0838","VCF0888","Abortion -- Crime spend",-0.0972958581987667,TRUE,-0.102455904828135,0.0357405678147791,-0.168776993828325,-0.0258147225692085,-0.170534955872969,-0.0357049079551261,0.004,0.142962271259117,0.134830047917843,FALSE,"NEGATIVE","RETAINED_UNDER_EBICGLASSO_REPORT_ESTIMATE_AND_INTERVAL","May describe direction and approximate magnitude within this single network while reporting the bootstrap interval and its width; interval inclusion of zero is audit information, not a second edge-selection or significance rule; not evidence of a between-group difference.","NOT_PERFORMED_AND_NOT_PERMITTED_FROM_THIS_TABLE"
"2012__college_or_advanced",2012,"College or advanced degree",1531,"VCF0838--VCF0890","VCF0838","VCF0890","Abortion -- School spend",0.168438981234972,TRUE,0.168478679530225,0.0363446240861105,0.0957497330627514,0.241128229407193,0.0951737978757289,0.241826891493823,0,0.145378496344442,0.146653093618094,FALSE,"POSITIVE","RETAINED_UNDER_EBICGLASSO_REPORT_ESTIMATE_AND_INTERVAL","May describe direction and approximate magnitude within this single network while reporting the bootstrap interval and its width; interval inclusion of zero is audit information, not a second edge-selection or significance rule; not evidence of a between-group difference.","NOT_PERFORMED_AND_NOT_PERMITTED_FROM_THIS_TABLE"
"2012__college_or_advanced",2012,"College or advanced degree",1531,"VCF0838--VCF0894","VCF0838","VCF0894","Abortion -- Welfare",0.00360051141275565,TRUE,0.0167723323923444,0.027749399334414,-0.0518982872560724,0.0590993100815837,-0.0358918556027428,0.0819920934314524,0.399,0.110997597337656,0.117883949034195,TRUE,"POSITIVE","RETAINED_UNDER_EBICGLASSO_REPORT_ESTIMATE_AND_INTERVAL","May describe direction and approximate magnitude within this single network while reporting the bootstrap interval and its width; interval inclusion of zero is audit information, not a second edge-selection or significance rule; not evidence of a between-group difference.","NOT_PERFORMED_AND_NOT_PERMITTED_FROM_THIS_TABLE"
"2012__college_or_advanced",2012,"College or advanced degree",1531,"VCF0838--VCF9223","VCF0838","VCF9223","Abortion -- Immig. jobs",0.100871274803591,TRUE,0.103815871169229,0.0319668152345644,0.0369376443344618,0.164804905272719,0.0413508408105697,0.167187561892115,0,0.127867260938257,0.125836721081545,FALSE,"POSITIVE","RETAINED_UNDER_EBICGLASSO_REPORT_ESTIMATE_AND_INTERVAL","May describe direction and approximate magnitude within this single network while reporting the bootstrap interval and its width; interval inclusion of zero is audit information, not a second edge-selection or significance rule; not evidence of a between-group difference.","NOT_PERFORMED_AND_NOT_PERMITTED_FROM_THIS_TABLE"
"2012__college_or_advanced",2012,"College or advanced degree",1531,"VCF0839--VCF0879a","VCF0839","VCF0879a","Services -- Immig. level",0,FALSE,0.0135989868819719,0.0220720761077136,-0.0441441522154273,0.0441441522154273,-0.00545697962818886,0.0669166132974889,0.502,0.0882883044308546,0.0723735929256778,TRUE,"ZERO","NOT_RETAINED_UNDER_REGULARISATION_DO_NOT_CALL_ABSENT","State only that the edge was not retained under the frozen regularisation procedure; do not claim absence.","NOT_PERFORMED_AND_NOT_PERMITTED_FROM_THIS_TABLE"
"2012__college_or_advanced",2012,"College or advanced degree",1531,"VCF0839--VCF0888","VCF0839","VCF0888","Services -- Crime spend",0,FALSE,0.0202994312587514,0.0269304970537747,-0.0538609941075495,0.0538609941075495,0,0.0878682360588525,0.478,0.107721988215099,0.0878682360588525,TRUE,"ZERO","NOT_RETAINED_UNDER_REGULARISATION_DO_NOT_CALL_ABSENT","State only that the edge was not retained under the frozen regularisation procedure; do not claim absence.","NOT_PERFORMED_AND_NOT_PERMITTED_FROM_THIS_TABLE"
"2012__college_or_advanced",2012,"College or advanced degree",1531,"VCF0839--VCF0890","VCF0839","VCF0890","Services -- School spend",0.251287921404576,TRUE,0.247649639593971,0.0323143887987994,0.186659143806977,0.315916699002175,0.183942921090482,0.310304589801967,0,0.129257555195198,0.126361668711485,FALSE,"POSITIVE","RETAINED_UNDER_EBICGLASSO_REPORT_ESTIMATE_AND_INTERVAL","May describe direction and approximate magnitude within this single network while reporting the bootstrap interval and its width; interval inclusion of zero is audit information, not a second edge-selection or significance rule; not evidence of a between-group difference.","NOT_PERFORMED_AND_NOT_PERMITTED_FROM_THIS_TABLE"
"2012__college_or_advanced",2012,"College or advanced degree",1531,"VCF0839--VCF0894","VCF0839","VCF0894","Services -- Welfare",0.328648691691602,TRUE,0.328209154225977,0.0328331646794466,0.262982362332709,0.394315021050496,0.263256610911065,0.394048947408098,0,0.131332658717787,0.130792336497033,FALSE,"POSITIVE","RETAINED_UNDER_EBICGLASSO_REPORT_ESTIMATE_AND_INTERVAL","May describe direction and approximate magnitude within this single network while reporting the bootstrap interval and its width; interval inclusion of zero is audit information, not a second edge-selection or significance rule; not evidence of a between-group difference.","NOT_PERFORMED_AND_NOT_PERMITTED_FROM_THIS_TABLE"
"2012__college_or_advanced",2012,"College or advanced degree",1531,"VCF0839--VCF9223","VCF0839","VCF9223","Services -- Immig. jobs",0.0622537020415194,TRUE,0.074068937336423,0.031494289203486,-0.000734876365452705,0.125242280448491,0.0152383300281779,0.137244934156367,0.01,0.125977156813944,0.122006604128189,FALSE,"POSITIVE","RETAINED_UNDER_EBICGLASSO_REPORT_ESTIMATE_AND_INTERVAL","May describe direction and approximate magnitude within this single network while reporting the bootstrap interval and its width; interval inclusion of zero is audit information, not a second edge-selection or significance rule; not evidence of a between-group difference.","NOT_PERFORMED_AND_NOT_PERMITTED_FROM_THIS_TABLE"
"2012__college_or_advanced",2012,"College or advanced degree",1531,"VCF0879a--VCF0888","VCF0879a","VCF0888","Immig. level -- Crime spend",-0.158056779088656,TRUE,-0.152395403444656,0.0348866597525599,-0.227830098593776,-0.0882834595835368,-0.221506367569061,-0.0855548566950737,0,0.139546639010239,0.135951510873987,FALSE,"NEGATIVE","RETAINED_UNDER_EBICGLASSO_REPORT_ESTIMATE_AND_INTERVAL","May describe direction and approximate magnitude within this single network while reporting the bootstrap interval and its width; interval inclusion of zero is audit information, not a second edge-selection or significance rule; not evidence of a between-group difference.","NOT_PERFORMED_AND_NOT_PERMITTED_FROM_THIS_TABLE"
"2012__college_or_advanced",2012,"College or advanced degree",1531,"VCF0879a--VCF0890","VCF0879a","VCF0890","Immig. level -- School spend",-0.040559871192477,TRUE,-0.0566489075701853,0.0369687870333392,-0.114497445259155,0.0333777028742013,-0.133320486573117,0,0.109,0.147875148133356,0.133320486573117,TRUE,"NEGATIVE","RETAINED_UNDER_EBICGLASSO_REPORT_ESTIMATE_AND_INTERVAL","May describe direction and approximate magnitude within this single network while reporting the bootstrap interval and its width; interval inclusion of zero is audit information, not a second edge-selection or significance rule; not evidence of a between-group difference.","NOT_PERFORMED_AND_NOT_PERMITTED_FROM_THIS_TABLE"
"2012__college_or_advanced",2012,"College or advanced degree",1531,"VCF0879a--VCF0894","VCF0879a","VCF0894","Immig. level -- Welfare",0.197133957318376,TRUE,0.208638088170529,0.0366685805046962,0.123796796308984,0.270471118327768,0.136123203245894,0.282435065629728,0,0.146674322018784,0.146311862383834,FALSE,"POSITIVE","RETAINED_UNDER_EBICGLASSO_REPORT_ESTIMATE_AND_INTERVAL","May describe direction and approximate magnitude within this single network while reporting the bootstrap interval and its width; interval inclusion of zero is audit information, not a second edge-selection or significance rule; not evidence of a between-group difference.","NOT_PERFORMED_AND_NOT_PERMITTED_FROM_THIS_TABLE"
"2012__college_or_advanced",2012,"College or advanced degree",1531,"VCF0879a--VCF9223","VCF0879a","VCF9223","Immig. level -- Immig. jobs",0.425341202936038,TRUE,0.43139015209933,0.0284858754711881,0.368369451993662,0.482312953878414,0.374545594444769,0.483921190159569,0,0.113943501884752,0.1093755957148,FALSE,"POSITIVE","RETAINED_UNDER_EBICGLASSO_REPORT_ESTIMATE_AND_INTERVAL","May describe direction and approximate magnitude within this single network while reporting the bootstrap interval and its width; interval inclusion of zero is audit information, not a second edge-selection or significance rule; not evidence of a between-group difference.","NOT_PERFORMED_AND_NOT_PERMITTED_FROM_THIS_TABLE"
"2012__college_or_advanced",2012,"College or advanced degree",1531,"VCF0888--VCF0890","VCF0888","VCF0890","Crime spend -- School spend",0.273919880997384,TRUE,0.27874352456638,0.03736977341624,0.199180334164904,0.348659427829864,0.205699768093097,0.353827581580864,0,0.14947909366496,0.148127813487767,FALSE,"POSITIVE","RETAINED_UNDER_EBICGLASSO_REPORT_ESTIMATE_AND_INTERVAL","May describe direction and approximate magnitude within this single network while reporting the bootstrap interval and its width; interval inclusion of zero is audit information, not a second edge-selection or significance rule; not evidence of a between-group difference.","NOT_PERFORMED_AND_NOT_PERMITTED_FROM_THIS_TABLE"
"2012__college_or_advanced",2012,"College or advanced degree",1531,"VCF0888--VCF0894","VCF0888","VCF0894","Crime spend -- Welfare",0,FALSE,-0.0166196687409942,0.0310728191865623,-0.0621456383731246,0.0621456383731246,-0.0906685319747835,0.037804288417862,0.46,0.124291276746249,0.128472820392646,TRUE,"ZERO","NOT_RETAINED_UNDER_REGULARISATION_DO_NOT_CALL_ABSENT","State only that the edge was not retained under the frozen regularisation procedure; do not claim absence.","NOT_PERFORMED_AND_NOT_PERMITTED_FROM_THIS_TABLE"
"2012__college_or_advanced",2012,"College or advanced degree",1531,"VCF0888--VCF9223","VCF0888","VCF9223","Crime spend -- Immig. jobs",-0.0873503141363539,TRUE,-0.0879469136481256,0.0341973813851987,-0.155745076906751,-0.0189555513659565,-0.153394423063629,-0.0200948488056984,0.008,0.136789525540794,0.133299574257931,FALSE,"NEGATIVE","RETAINED_UNDER_EBICGLASSO_REPORT_ESTIMATE_AND_INTERVAL","May describe direction and approximate magnitude within this single network while reporting the bootstrap interval and its width; interval inclusion of zero is audit information, not a second edge-selection or significance rule; not evidence of a between-group difference.","NOT_PERFORMED_AND_NOT_PERMITTED_FROM_THIS_TABLE"
"2012__college_or_advanced",2012,"College or advanced degree",1531,"VCF0890--VCF0894","VCF0890","VCF0894","School spend -- Welfare",0.158218278903102,TRUE,0.16444484190959,0.0426604536327961,0.0728973716375096,0.243539186168694,0.0801040748702742,0.251814380232561,0,0.170641814531184,0.171710305362287,FALSE,"POSITIVE","RETAINED_UNDER_EBICGLASSO_REPORT_ESTIMATE_AND_INTERVAL","May describe direction and approximate magnitude within this single network while reporting the bootstrap interval and its width; interval inclusion of zero is audit information, not a second edge-selection or significance rule; not evidence of a between-group difference.","NOT_PERFORMED_AND_NOT_PERMITTED_FROM_THIS_TABLE"
"2012__college_or_advanced",2012,"College or advanced degree",1531,"VCF0890--VCF9223","VCF0890","VCF9223","School spend -- Immig. jobs",0,FALSE,0.00101424515696573,0.0248869577457192,-0.0497739154914385,0.0497739154914385,-0.0536118433983394,0.0643138492931929,0.549,0.099547830982877,0.117925692691532,TRUE,"ZERO","NOT_RETAINED_UNDER_REGULARISATION_DO_NOT_CALL_ABSENT","State only that the edge was not retained under the frozen regularisation procedure; do not claim absence.","NOT_PERFORMED_AND_NOT_PERMITTED_FROM_THIS_TABLE"
"2012__college_or_advanced",2012,"College or advanced degree",1531,"VCF0894--VCF9223","VCF0894","VCF9223","Welfare -- Immig. jobs",0,FALSE,-0.0258612081176605,0.0346453535399171,-0.0692907070798342,0.0692907070798342,-0.104768717420898,0.0137097686766707,0.461,0.138581414159668,0.118478486097569,TRUE,"ZERO","NOT_RETAINED_UNDER_REGULARISATION_DO_NOT_CALL_ABSENT","State only that the edge was not retained under the frozen regularisation procedure; do not claim absence.","NOT_PERFORMED_AND_NOT_PERMITTED_FROM_THIS_TABLE"
"2016__no_college_degree",2016,"No college degree",1478,"VCF0806--VCF0809","VCF0806","VCF0809","Health -- Jobs",0.359535103572043,TRUE,0.356970011180111,0.0309878868378338,0.297559329896375,0.42151087724771,0.29628859864375,0.418965840990485,0,0.123951547351335,0.122677242346735,FALSE,"POSITIVE","RETAINED_UNDER_EBICGLASSO_REPORT_ESTIMATE_AND_INTERVAL","May describe direction and approximate magnitude within this single network while reporting the bootstrap interval and its width; interval inclusion of zero is audit information, not a second edge-selection or significance rule; not evidence of a between-group difference.","NOT_PERFORMED_AND_NOT_PERMITTED_FROM_THIS_TABLE"
"2016__no_college_degree",2016,"No college degree",1478,"VCF0806--VCF0838","VCF0806","VCF0838","Health -- Abortion",0.131861288888367,TRUE,0.128604405695277,0.0319670678369461,0.0679271532144752,0.19579542456226,0.0617910399524567,0.190102752790552,0,0.127868271347785,0.128311712838095,FALSE,"POSITIVE","RETAINED_UNDER_EBICGLASSO_REPORT_ESTIMATE_AND_INTERVAL","May describe direction and approximate magnitude within this single network while reporting the bootstrap interval and its width; interval inclusion of zero is audit information, not a second edge-selection or significance rule; not evidence of a between-group difference.","NOT_PERFORMED_AND_NOT_PERMITTED_FROM_THIS_TABLE"
"2016__no_college_degree",2016,"No college degree",1478,"VCF0806--VCF0839","VCF0806","VCF0839","Health -- Services",0.162612654299732,TRUE,0.165569193885449,0.0327233647545215,0.097165924790689,0.228059383808775,0.100891084046338,0.230985598417285,0,0.130893459018086,0.130094514370947,FALSE,"POSITIVE","RETAINED_UNDER_EBICGLASSO_REPORT_ESTIMATE_AND_INTERVAL","May describe direction and approximate magnitude within this single network while reporting the bootstrap interval and its width; interval inclusion of zero is audit information, not a second edge-selection or significance rule; not evidence of a between-group difference.","NOT_PERFORMED_AND_NOT_PERMITTED_FROM_THIS_TABLE"
"2016__no_college_degree",2016,"No college degree",1478,"VCF0806--VCF0879a","VCF0806","VCF0879a","Health -- Immig. level",0.0502187148074353,TRUE,0.0433756962564654,0.0277763459241403,-0.00533397704084539,0.105771406655716,0,0.096924188843712,0.092,0.111105383696561,0.096924188843712,TRUE,"POSITIVE","RETAINED_UNDER_EBICGLASSO_REPORT_ESTIMATE_AND_INTERVAL","May describe direction and approximate magnitude within this single network while reporting the bootstrap interval and its width; interval inclusion of zero is audit information, not a second edge-selection or significance rule; not evidence of a between-group difference.","NOT_PERFORMED_AND_NOT_PERMITTED_FROM_THIS_TABLE"
"2016__no_college_degree",2016,"No college degree",1478,"VCF0806--VCF0888","VCF0806","VCF0888","Health -- Crime spend",-0.126995291066065,TRUE,-0.125209855539495,0.0356372942845831,-0.198269879635231,-0.0557207024968988,-0.19530471951773,-0.0560260317074435,0.002,0.142549177138332,0.139278687810287,FALSE,"NEGATIVE","RETAINED_UNDER_EBICGLASSO_REPORT_ESTIMATE_AND_INTERVAL","May describe direction and approximate magnitude within this single network while reporting the bootstrap interval and its width; interval inclusion of zero is audit information, not a second edge-selection or significance rule; not evidence of a between-group difference.","NOT_PERFORMED_AND_NOT_PERMITTED_FROM_THIS_TABLE"
"2016__no_college_degree",2016,"No college degree",1478,"VCF0806--VCF0890","VCF0806","VCF0890","Health -- School spend",0.108603540311051,TRUE,0.107843486951389,0.0355955286045438,0.0374124831019637,0.179794597520139,0.04065655851806,0.180098208837794,0.001,0.142382114418175,0.139441650319734,FALSE,"POSITIVE","RETAINED_UNDER_EBICGLASSO_REPORT_ESTIMATE_AND_INTERVAL","May describe direction and approximate magnitude within this single network while reporting the bootstrap interval and its width; interval inclusion of zero is audit information, not a second edge-selection or significance rule; not evidence of a between-group difference.","NOT_PERFORMED_AND_NOT_PERMITTED_FROM_THIS_TABLE"
"2016__no_college_degree",2016,"No college degree",1478,"VCF0806--VCF0894","VCF0806","VCF0894","Health -- Welfare",0.115135571861175,TRUE,0.113547050733658,0.0323187548299107,0.0504980622013541,0.179773081520997,0.0478157883981365,0.176343234187326,0.001,0.129275019319643,0.12852744578919,FALSE,"POSITIVE","RETAINED_UNDER_EBICGLASSO_REPORT_ESTIMATE_AND_INTERVAL","May describe direction and approximate magnitude within this single network while reporting the bootstrap interval and its width; interval inclusion of zero is audit information, not a second edge-selection or significance rule; not evidence of a between-group difference.","NOT_PERFORMED_AND_NOT_PERMITTED_FROM_THIS_TABLE"
"2016__no_college_degree",2016,"No college degree",1478,"VCF0806--VCF9223","VCF0806","VCF9223","Health -- Immig. jobs",0,FALSE,0.0101835709668259,0.0205255648487339,-0.0410511296974678,0.0410511296974678,-0.027586845018062,0.0641401470050336,0.52,0.0821022593949356,0.0917269920230956,TRUE,"ZERO","NOT_RETAINED_UNDER_REGULARISATION_DO_NOT_CALL_ABSENT","State only that the edge was not retained under the frozen regularisation procedure; do not claim absence.","NOT_PERFORMED_AND_NOT_PERMITTED_FROM_THIS_TABLE"
"2016__no_college_degree",2016,"No college degree",1478,"VCF0809--VCF0838","VCF0809","VCF0838","Jobs -- Abortion",-0.0358618327649292,TRUE,-0.0378886814413411,0.0330872112784252,-0.10203625532178,0.0303125897919213,-0.10530256455716,0,0.3,0.132348845113701,0.10530256455716,TRUE,"NEGATIVE","RETAINED_UNDER_EBICGLASSO_REPORT_ESTIMATE_AND_INTERVAL","May describe direction and approximate magnitude within this single network while reporting the bootstrap interval and its width; interval inclusion of zero is audit information, not a second edge-selection or significance rule; not evidence of a between-group difference.","NOT_PERFORMED_AND_NOT_PERMITTED_FROM_THIS_TABLE"
"2016__no_college_degree",2016,"No college degree",1478,"VCF0809--VCF0839","VCF0809","VCF0839","Jobs -- Services",0.195951558479148,TRUE,0.196748662289982,0.032608895139,0.130733768201149,0.261169348757148,0.134072288849309,0.260160658317076,0,0.130435580555999,0.126088369467767,FALSE,"POSITIVE","RETAINED_UNDER_EBICGLASSO_REPORT_ESTIMATE_AND_INTERVAL","May describe direction and approximate magnitude within this single network while reporting the bootstrap interval and its width; interval inclusion of zero is audit information, not a second edge-selection or significance rule; not evidence of a between-group difference.","NOT_PERFORMED_AND_NOT_PERMITTED_FROM_THIS_TABLE"
"2016__no_college_degree",2016,"No college degree",1478,"VCF0809--VCF0879a","VCF0809","VCF0879a","Jobs -- Immig. level",0,FALSE,0.00689436270908813,0.0180071911375008,-0.0360143822750015,0.0360143822750015,-0.0216555617696956,0.0526407130777311,0.622,0.072028764550003,0.0742962748474267,TRUE,"ZERO","NOT_RETAINED_UNDER_REGULARISATION_DO_NOT_CALL_ABSENT","State only that the edge was not retained under the frozen regularisation procedure; do not claim absence.","NOT_PERFORMED_AND_NOT_PERMITTED_FROM_THIS_TABLE"
"2016__no_college_degree",2016,"No college degree",1478,"VCF0809--VCF0888","VCF0809","VCF0888","Jobs -- Crime spend",0,FALSE,-0.00336499767891698,0.0207022884362669,-0.0414045768725337,0.0414045768725337,-0.0591919031283154,0.0417306983543906,0.631,0.0828091537450674,0.100922601482706,TRUE,"ZERO","NOT_RETAINED_UNDER_REGULARISATION_DO_NOT_CALL_ABSENT","State only that the edge was not retained under the frozen regularisation procedure; do not claim absence.","NOT_PERFORMED_AND_NOT_PERMITTED_FROM_THIS_TABLE"
"2016__no_college_degree",2016,"No college degree",1478,"VCF0809--VCF0890","VCF0809","VCF0890","Jobs -- School spend",0.056557371349768,TRUE,0.0585662632965349,0.0354457572798323,-0.0143341432098967,0.127448885909433,0,0.131770059277649,0.084,0.14178302911933,0.131770059277649,TRUE,"POSITIVE","RETAINED_UNDER_EBICGLASSO_REPORT_ESTIMATE_AND_INTERVAL","May describe direction and approximate magnitude within this single network while reporting the bootstrap interval and its width; interval inclusion of zero is audit information, not a second edge-selection or significance rule; not evidence of a between-group difference.","NOT_PERFORMED_AND_NOT_PERMITTED_FROM_THIS_TABLE"
"2016__no_college_degree",2016,"No college degree",1478,"VCF0809--VCF0894","VCF0809","VCF0894","Jobs -- Welfare",0.155831433256029,TRUE,0.156146251176622,0.031955703821577,0.0919200256128748,0.219742840899183,0.0950977789588284,0.222429674218985,0,0.127822815286308,0.127331895260157,FALSE,"POSITIVE","RETAINED_UNDER_EBICGLASSO_REPORT_ESTIMATE_AND_INTERVAL","May describe direction and approximate magnitude within this single network while reporting the bootstrap interval and its width; interval inclusion of zero is audit information, not a second edge-selection or significance rule; not evidence of a between-group difference.","NOT_PERFORMED_AND_NOT_PERMITTED_FROM_THIS_TABLE"
"2016__no_college_degree",2016,"No college degree",1478,"VCF0809--VCF9223","VCF0809","VCF9223","Jobs -- Immig. jobs",0,FALSE,-0.012776297743651,0.0221698165387307,-0.0443396330774613,0.0443396330774613,-0.0715979191554224,0.00806778370696114,0.61,0.0886792661549226,0.0796657028623835,TRUE,"ZERO","NOT_RETAINED_UNDER_REGULARISATION_DO_NOT_CALL_ABSENT","State only that the edge was not retained under the frozen regularisation procedure; do not claim absence.","NOT_PERFORMED_AND_NOT_PERMITTED_FROM_THIS_TABLE"
"2016__no_college_degree",2016,"No college degree",1478,"VCF0838--VCF0839","VCF0838","VCF0839","Abortion -- Services",0.0725629822081557,TRUE,0.0690394973714301,0.0314674339873863,0.00962811423338306,0.135497850182928,0.00746714273326455,0.128760256160028,0.015,0.125869735949545,0.121293113426763,FALSE,"POSITIVE","RETAINED_UNDER_EBICGLASSO_REPORT_ESTIMATE_AND_INTERVAL","May describe direction and approximate magnitude within this single network while reporting the bootstrap interval and its width; interval inclusion of zero is audit information, not a second edge-selection or significance rule; not evidence of a between-group difference.","NOT_PERFORMED_AND_NOT_PERMITTED_FROM_THIS_TABLE"
"2016__no_college_degree",2016,"No college degree",1478,"VCF0838--VCF0879a","VCF0838","VCF0879a","Abortion -- Immig. level",0.000345517396520824,TRUE,0.0104580577720162,0.0231314937544936,-0.0459174701124663,0.0466085049055079,-0.0371445703259094,0.0637057888791771,0.493,0.0925259750179742,0.100850359205087,TRUE,"POSITIVE","RETAINED_UNDER_EBICGLASSO_REPORT_ESTIMATE_AND_INTERVAL","May describe direction and approximate magnitude within this single network while reporting the bootstrap interval and its width; interval inclusion of zero is audit information, not a second edge-selection or significance rule; not evidence of a between-group difference.","NOT_PERFORMED_AND_NOT_PERMITTED_FROM_THIS_TABLE"
"2016__no_college_degree",2016,"No college degree",1478,"VCF0838--VCF0888","VCF0838","VCF0888","Abortion -- Crime spend",-0.0681550074773843,TRUE,-0.0680281481167333,0.0367104656678452,-0.141575938813075,0.00526592385830617,-0.140526297802134,0,0.045,0.146841862671381,0.140526297802134,TRUE,"NEGATIVE","RETAINED_UNDER_EBICGLASSO_REPORT_ESTIMATE_AND_INTERVAL","May describe direction and approximate magnitude within this single network while reporting the bootstrap interval and its width; interval inclusion of zero is audit information, not a second edge-selection or significance rule; not evidence of a between-group difference.","NOT_PERFORMED_AND_NOT_PERMITTED_FROM_THIS_TABLE"
"2016__no_college_degree",2016,"No college degree",1478,"VCF0838--VCF0890","VCF0838","VCF0890","Abortion -- School spend",0.102882183501794,TRUE,0.100018840732061,0.0373938296793299,0.028094524143134,0.177669842860454,0.0241639467583339,0.172865064419506,0.003,0.14957531871732,0.148701117661172,FALSE,"POSITIVE","RETAINED_UNDER_EBICGLASSO_REPORT_ESTIMATE_AND_INTERVAL","May describe direction and approximate magnitude within this single network while reporting the bootstrap interval and its width; interval inclusion of zero is audit information, not a second edge-selection or significance rule; not evidence of a between-group difference.","NOT_PERFORMED_AND_NOT_PERMITTED_FROM_THIS_TABLE"
"2016__no_college_degree",2016,"No college degree",1478,"VCF0838--VCF0894","VCF0838","VCF0894","Abortion -- Welfare",0,FALSE,0.00929156202132878,0.0220275830752782,-0.0440551661505564,0.0440551661505564,-0.0358501529313449,0.0642081436436817,0.522,0.0881103323011128,0.100058296575027,TRUE,"ZERO","NOT_RETAINED_UNDER_REGULARISATION_DO_NOT_CALL_ABSENT","State only that the edge was not retained under the frozen regularisation procedure; do not claim absence.","NOT_PERFORMED_AND_NOT_PERMITTED_FROM_THIS_TABLE"
"2016__no_college_degree",2016,"No college degree",1478,"VCF0838--VCF9223","VCF0838","VCF9223","Abortion -- Immig. jobs",0.0991857105982312,TRUE,0.0910490626410516,0.0297277221632873,0.0397302662716566,0.158641154924806,0.0316713545255462,0.146649803497214,0.001,0.118910888653149,0.114978448971668,FALSE,"POSITIVE","RETAINED_UNDER_EBICGLASSO_REPORT_ESTIMATE_AND_INTERVAL","May describe direction and approximate magnitude within this single network while reporting the bootstrap interval and its width; interval inclusion of zero is audit information, not a second edge-selection or significance rule; not evidence of a between-group difference.","NOT_PERFORMED_AND_NOT_PERMITTED_FROM_THIS_TABLE"
"2016__no_college_degree",2016,"No college degree",1478,"VCF0839--VCF0879a","VCF0839","VCF0879a","Services -- Immig. level",0,FALSE,0.00291615664519935,0.0162970163469695,-0.032594032693939,0.032594032693939,-0.0397223567175956,0.043653104448495,0.693,0.065188065387878,0.0833754611660906,TRUE,"ZERO","NOT_RETAINED_UNDER_REGULARISATION_DO_NOT_CALL_ABSENT","State only that the edge was not retained under the frozen regularisation procedure; do not claim absence.","NOT_PERFORMED_AND_NOT_PERMITTED_FROM_THIS_TABLE"
"2016__no_college_degree",2016,"No college degree",1478,"VCF0839--VCF0888","VCF0839","VCF0888","Services -- Crime spend",0,FALSE,0.0145622901300719,0.025596080189316,-0.0511921603786319,0.0511921603786319,-0.0171809829312418,0.0818709604219358,0.574,0.102384320757264,0.0990519433531776,TRUE,"ZERO","NOT_RETAINED_UNDER_REGULARISATION_DO_NOT_CALL_ABSENT","State only that the edge was not retained under the frozen regularisation procedure; do not claim absence.","NOT_PERFORMED_AND_NOT_PERMITTED_FROM_THIS_TABLE"
"2016__no_college_degree",2016,"No college degree",1478,"VCF0839--VCF0890","VCF0839","VCF0890","Services -- School spend",0.215721559297516,TRUE,0.21269410037179,0.0387540635556403,0.138213432186235,0.293229686408796,0.137398433614151,0.283750288572344,0,0.155016254222561,0.146351854958193,FALSE,"POSITIVE","RETAINED_UNDER_EBICGLASSO_REPORT_ESTIMATE_AND_INTERVAL","May describe direction and approximate magnitude within this single network while reporting the bootstrap interval and its width; interval inclusion of zero is audit information, not a second edge-selection or significance rule; not evidence of a between-group difference.","NOT_PERFORMED_AND_NOT_PERMITTED_FROM_THIS_TABLE"
"2016__no_college_degree",2016,"No college degree",1478,"VCF0839--VCF0894","VCF0839","VCF0894","Services -- Welfare",0.313259141520291,TRUE,0.31286325095815,0.0323277180837207,0.24860370535285,0.377914577687732,0.247020505913729,0.375127978625967,0,0.129310872334882,0.128107472712238,FALSE,"POSITIVE","RETAINED_UNDER_EBICGLASSO_REPORT_ESTIMATE_AND_INTERVAL","May describe direction and approximate magnitude within this single network while reporting the bootstrap interval and its width; interval inclusion of zero is audit information, not a second edge-selection or significance rule; not evidence of a between-group difference.","NOT_PERFORMED_AND_NOT_PERMITTED_FROM_THIS_TABLE"
"2016__no_college_degree",2016,"No college degree",1478,"VCF0839--VCF9223","VCF0839","VCF9223","Services -- Immig. jobs",0.028859509930681,TRUE,0.0275025455646611,0.0233899497623366,-0.0179203895939923,0.0756394094553543,0,0.078749439284933,0.206,0.0935597990493466,0.078749439284933,TRUE,"POSITIVE","RETAINED_UNDER_EBICGLASSO_REPORT_ESTIMATE_AND_INTERVAL","May describe direction and approximate magnitude within this single network while reporting the bootstrap interval and its width; interval inclusion of zero is audit information, not a second edge-selection or significance rule; not evidence of a between-group difference.","NOT_PERFORMED_AND_NOT_PERMITTED_FROM_THIS_TABLE"
"2016__no_college_degree",2016,"No college degree",1478,"VCF0879a--VCF0888","VCF0879a","VCF0888","Immig. level -- Crime spend",-0.0842952836006459,TRUE,-0.0829932314726553,0.0373372519842035,-0.158969787569053,-0.00962077963223879,-0.162090813932865,-0.0123185491019814,0.015,0.149349007936814,0.149772264830884,FALSE,"NEGATIVE","RETAINED_UNDER_EBICGLASSO_REPORT_ESTIMATE_AND_INTERVAL","May describe direction and approximate magnitude within this single network while reporting the bootstrap interval and its width; interval inclusion of zero is audit information, not a second edge-selection or significance rule; not evidence of a between-group difference.","NOT_PERFORMED_AND_NOT_PERMITTED_FROM_THIS_TABLE"
"2016__no_college_degree",2016,"No college degree",1478,"VCF0879a--VCF0890","VCF0879a","VCF0890","Immig. level -- School spend",0.0147653805179254,TRUE,0.0227260893675555,0.0314392279027896,-0.0481130752876539,0.0776438363235046,-0.0205420538933346,0.0986373602947611,0.373,0.125756911611159,0.119179414188096,TRUE,"POSITIVE","RETAINED_UNDER_EBICGLASSO_REPORT_ESTIMATE_AND_INTERVAL","May describe direction and approximate magnitude within this single network while reporting the bootstrap interval and its width; interval inclusion of zero is audit information, not a second edge-selection or significance rule; not evidence of a between-group difference.","NOT_PERFORMED_AND_NOT_PERMITTED_FROM_THIS_TABLE"
"2016__no_college_degree",2016,"No college degree",1478,"VCF0879a--VCF0894","VCF0879a","VCF0894","Immig. level -- Welfare",0.265473929294794,TRUE,0.254935528648898,0.0309777331823435,0.203518462930107,0.327429395659481,0.193243124433414,0.312781170601519,0,0.123910932729374,0.119538046168105,FALSE,"POSITIVE","RETAINED_UNDER_EBICGLASSO_REPORT_ESTIMATE_AND_INTERVAL","May describe direction and approximate magnitude within this single network while reporting the bootstrap interval and its width; interval inclusion of zero is audit information, not a second edge-selection or significance rule; not evidence of a between-group difference.","NOT_PERFORMED_AND_NOT_PERMITTED_FROM_THIS_TABLE"
"2016__no_college_degree",2016,"No college degree",1478,"VCF0879a--VCF9223","VCF0879a","VCF9223","Immig. level -- Immig. jobs",0.408313716975423,TRUE,0.403439408030914,0.0285730142830651,0.351167688409293,0.465459745541553,0.345085964711924,0.454930829659162,0,0.11429205713226,0.109844864947238,FALSE,"POSITIVE","RETAINED_UNDER_EBICGLASSO_REPORT_ESTIMATE_AND_INTERVAL","May describe direction and approximate magnitude within this single network while reporting the bootstrap interval and its width; interval inclusion of zero is audit information, not a second edge-selection or significance rule; not evidence of a between-group difference.","NOT_PERFORMED_AND_NOT_PERMITTED_FROM_THIS_TABLE"
"2016__no_college_degree",2016,"No college degree",1478,"VCF0888--VCF0890","VCF0888","VCF0890","Crime spend -- School spend",0.224267747173254,TRUE,0.220077487843359,0.044525191811014,0.135217363551226,0.313318130795282,0.129994033405916,0.30598934955493,0,0.178100767244056,0.175995316149014,FALSE,"POSITIVE","RETAINED_UNDER_EBICGLASSO_REPORT_ESTIMATE_AND_INTERVAL","May describe direction and approximate magnitude within this single network while reporting the bootstrap interval and its width; interval inclusion of zero is audit information, not a second edge-selection or significance rule; not evidence of a between-group difference.","NOT_PERFORMED_AND_NOT_PERMITTED_FROM_THIS_TABLE"
"2016__no_college_degree",2016,"No college degree",1478,"VCF0888--VCF0894","VCF0888","VCF0894","Crime spend -- Welfare",-0.00812881580762771,TRUE,-0.0198137042342742,0.0293175784985413,-0.0667639728047103,0.0505063411894548,-0.0846994473466743,0.0268937156935506,0.428,0.117270313994165,0.111593163040225,TRUE,"NEGATIVE","RETAINED_UNDER_EBICGLASSO_REPORT_ESTIMATE_AND_INTERVAL","May describe direction and approximate magnitude within this single network while reporting the bootstrap interval and its width; interval inclusion of zero is audit information, not a second edge-selection or significance rule; not evidence of a between-group difference.","NOT_PERFORMED_AND_NOT_PERMITTED_FROM_THIS_TABLE"
"2016__no_college_degree",2016,"No college degree",1478,"VCF0888--VCF9223","VCF0888","VCF9223","Crime spend -- Immig. jobs",-0.10281904934968,TRUE,-0.102502500645434,0.0372337186522643,-0.177286486654208,-0.0283516120451512,-0.179312672387606,-0.0334878939736779,0.001,0.148934874609057,0.145824778413928,FALSE,"NEGATIVE","RETAINED_UNDER_EBICGLASSO_REPORT_ESTIMATE_AND_INTERVAL","May describe direction and approximate magnitude within this single network while reporting the bootstrap interval and its width; interval inclusion of zero is audit information, not a second edge-selection or significance rule; not evidence of a between-group difference.","NOT_PERFORMED_AND_NOT_PERMITTED_FROM_THIS_TABLE"
"2016__no_college_degree",2016,"No college degree",1478,"VCF0890--VCF0894","VCF0890","VCF0894","School spend -- Welfare",0.123618187033864,TRUE,0.12174802544167,0.0420917236818882,0.0394347396700876,0.20780163439764,0.0434334597095885,0.20639341995986,0.002,0.168366894727552,0.162959960250271,FALSE,"POSITIVE","RETAINED_UNDER_EBICGLASSO_REPORT_ESTIMATE_AND_INTERVAL","May describe direction and approximate magnitude within this single network while reporting the bootstrap interval and its width; interval inclusion of zero is audit information, not a second edge-selection or significance rule; not evidence of a between-group difference.","NOT_PERFORMED_AND_NOT_PERMITTED_FROM_THIS_TABLE"
"2016__no_college_degree",2016,"No college degree",1478,"VCF0890--VCF9223","VCF0890","VCF9223","School spend -- Immig. jobs",0.0689794578478181,TRUE,0.0640092653768441,0.0354810922842146,-0.00198272672061099,0.139941642416247,0,0.135932355222803,0.053,0.141924369136858,0.135932355222803,TRUE,"POSITIVE","RETAINED_UNDER_EBICGLASSO_REPORT_ESTIMATE_AND_INTERVAL","May describe direction and approximate magnitude within this single network while reporting the bootstrap interval and its width; interval inclusion of zero is audit information, not a second edge-selection or significance rule; not evidence of a between-group difference.","NOT_PERFORMED_AND_NOT_PERMITTED_FROM_THIS_TABLE"
"2016__no_college_degree",2016,"No college degree",1478,"VCF0894--VCF9223","VCF0894","VCF9223","Welfare -- Immig. jobs",0,FALSE,0.011568986010046,0.0216121923105632,-0.0432243846211264,0.0432243846211264,-0.0249637952988793,0.0656778389959777,0.494,0.0864487692422528,0.090641634294857,TRUE,"ZERO","NOT_RETAINED_UNDER_REGULARISATION_DO_NOT_CALL_ABSENT","State only that the edge was not retained under the frozen regularisation procedure; do not claim absence.","NOT_PERFORMED_AND_NOT_PERMITTED_FROM_THIS_TABLE"
"2016__college_or_advanced",2016,"College or advanced degree",1216,"VCF0806--VCF0809","VCF0806","VCF0809","Health -- Jobs",0.344138683308747,TRUE,0.338103567706637,0.032008534087324,0.280121615134099,0.408155751483394,0.275595634173776,0.395810277395309,0,0.128034136349295,0.120214643221533,FALSE,"POSITIVE","RETAINED_UNDER_EBICGLASSO_REPORT_ESTIMATE_AND_INTERVAL","May describe direction and approximate magnitude within this single network while reporting the bootstrap interval and its width; interval inclusion of zero is audit information, not a second edge-selection or significance rule; not evidence of a between-group difference.","NOT_PERFORMED_AND_NOT_PERMITTED_FROM_THIS_TABLE"
"2016__college_or_advanced",2016,"College or advanced degree",1216,"VCF0806--VCF0838","VCF0806","VCF0838","Health -- Abortion",0.245293162025142,TRUE,0.23747218812356,0.0346447975951243,0.176003566834894,0.314582757215391,0.168215894514782,0.306401056960604,0,0.138579190380497,0.138185162445822,FALSE,"POSITIVE","RETAINED_UNDER_EBICGLASSO_REPORT_ESTIMATE_AND_INTERVAL","May describe direction and approximate magnitude within this single network while reporting the bootstrap interval and its width; interval inclusion of zero is audit information, not a second edge-selection or significance rule; not evidence of a between-group difference.","NOT_PERFORMED_AND_NOT_PERMITTED_FROM_THIS_TABLE"
"2016__college_or_advanced",2016,"College or advanced degree",1216,"VCF0806--VCF0839","VCF0806","VCF0839","Health -- Services",0.207942298538972,TRUE,0.208933341704979,0.034581165210169,0.138779968118634,0.27710462895931,0.139572425607272,0.273879081793689,0,0.138324660840676,0.134306656186417,FALSE,"POSITIVE","RETAINED_UNDER_EBICGLASSO_REPORT_ESTIMATE_AND_INTERVAL","May describe direction and approximate magnitude within this single network while reporting the bootstrap interval and its width; interval inclusion of zero is audit information, not a second edge-selection or significance rule; not evidence of a between-group difference.","NOT_PERFORMED_AND_NOT_PERMITTED_FROM_THIS_TABLE"
"2016__college_or_advanced",2016,"College or advanced degree",1216,"VCF0806--VCF0879a","VCF0806","VCF0879a","Health -- Immig. level",0.0784531388897405,TRUE,0.0732099739180313,0.0330029648270479,0.0124472092356447,0.144459068543836,0.00591794850841808,0.137623022217344,0.014,0.132011859308191,0.131705073708926,FALSE,"POSITIVE","RETAINED_UNDER_EBICGLASSO_REPORT_ESTIMATE_AND_INTERVAL","May describe direction and approximate magnitude within this single network while reporting the bootstrap interval and its width; interval inclusion of zero is audit information, not a second edge-selection or significance rule; not evidence of a between-group difference.","NOT_PERFORMED_AND_NOT_PERMITTED_FROM_THIS_TABLE"
"2016__college_or_advanced",2016,"College or advanced degree",1216,"VCF0806--VCF0888","VCF0806","VCF0888","Health -- Crime spend",-0.0168921295410824,TRUE,-0.0222451956444639,0.0290036891991572,-0.0748995079393968,0.0411152488572321,-0.0929869541756848,0.0191454360558569,0.365,0.116014756796629,0.112132390231542,TRUE,"NEGATIVE","RETAINED_UNDER_EBICGLASSO_REPORT_ESTIMATE_AND_INTERVAL","May describe direction and approximate magnitude within this single network while reporting the bootstrap interval and its width; interval inclusion of zero is audit information, not a second edge-selection or significance rule; not evidence of a between-group difference.","NOT_PERFORMED_AND_NOT_PERMITTED_FROM_THIS_TABLE"
"2016__college_or_advanced",2016,"College or advanced degree",1216,"VCF0806--VCF0890","VCF0806","VCF0890","Health -- School spend",0,FALSE,0.0033882957871859,0.0254125159245666,-0.0508250318491333,0.0508250318491333,-0.0563670814007856,0.0658176378972757,0.549,0.101650063698267,0.122184719298061,TRUE,"ZERO","NOT_RETAINED_UNDER_REGULARISATION_DO_NOT_CALL_ABSENT","State only that the edge was not retained under the frozen regularisation procedure; do not claim absence.","NOT_PERFORMED_AND_NOT_PERMITTED_FROM_THIS_TABLE"
"2016__college_or_advanced",2016,"College or advanced degree",1216,"VCF0806--VCF0894","VCF0806","VCF0894","Health -- Welfare",0.101978756506618,TRUE,0.107899886800365,0.0385159545322671,0.0249468474420838,0.179010665571152,0.0300036235446025,0.184097093446299,0.002,0.154063818129068,0.154093469901696,FALSE,"POSITIVE","RETAINED_UNDER_EBICGLASSO_REPORT_ESTIMATE_AND_INTERVAL","May describe direction and approximate magnitude within this single network while reporting the bootstrap interval and its width; interval inclusion of zero is audit information, not a second edge-selection or significance rule; not evidence of a between-group difference.","NOT_PERFORMED_AND_NOT_PERMITTED_FROM_THIS_TABLE"
"2016__college_or_advanced",2016,"College or advanced degree",1216,"VCF0806--VCF9223","VCF0806","VCF9223","Health -- Immig. jobs",0.0538898611905335,TRUE,0.0502762416642702,0.0314921575251023,-0.00909445385967103,0.116874176240738,0,0.111277131044283,0.091,0.125968630100409,0.111277131044283,TRUE,"POSITIVE","RETAINED_UNDER_EBICGLASSO_REPORT_ESTIMATE_AND_INTERVAL","May describe direction and approximate magnitude within this single network while reporting the bootstrap interval and its width; interval inclusion of zero is audit information, not a second edge-selection or significance rule; not evidence of a between-group difference.","NOT_PERFORMED_AND_NOT_PERMITTED_FROM_THIS_TABLE"
"2016__college_or_advanced",2016,"College or advanced degree",1216,"VCF0809--VCF0838","VCF0809","VCF0838","Jobs -- Abortion",-0.106491054805313,TRUE,-0.09083777806645,0.0421147627605051,-0.190720580326323,-0.0222615292843028,-0.172147303953413,0,0.053,0.16845905104202,0.172147303953413,TRUE,"NEGATIVE","RETAINED_UNDER_EBICGLASSO_REPORT_ESTIMATE_AND_INTERVAL","May describe direction and approximate magnitude within this single network while reporting the bootstrap interval and its width; interval inclusion of zero is audit information, not a second edge-selection or significance rule; not evidence of a between-group difference.","NOT_PERFORMED_AND_NOT_PERMITTED_FROM_THIS_TABLE"
"2016__college_or_advanced",2016,"College or advanced degree",1216,"VCF0809--VCF0839","VCF0809","VCF0839","Jobs -- Services",0.258513937091266,TRUE,0.252535689611967,0.0368182935243724,0.184877350042521,0.33215052414001,0.179129997670451,0.321966091372211,0,0.147273174097489,0.14283609370176,FALSE,"POSITIVE","RETAINED_UNDER_EBICGLASSO_REPORT_ESTIMATE_AND_INTERVAL","May describe direction and approximate magnitude within this single network while reporting the bootstrap interval and its width; interval inclusion of zero is audit information, not a second edge-selection or significance rule; not evidence of a between-group difference.","NOT_PERFORMED_AND_NOT_PERMITTED_FROM_THIS_TABLE"
"2016__college_or_advanced",2016,"College or advanced degree",1216,"VCF0809--VCF0879a","VCF0809","VCF0879a","Jobs -- Immig. level",0.00885299711983075,TRUE,0.0132587567034508,0.0211438988421951,-0.0334348005645594,0.0511407948042209,-0.0195750126322755,0.0657209153845749,0.45,0.0845755953687803,0.0852959280168504,TRUE,"POSITIVE","RETAINED_UNDER_EBICGLASSO_REPORT_ESTIMATE_AND_INTERVAL","May describe direction and approximate magnitude within this single network while reporting the bootstrap interval and its width; interval inclusion of zero is audit information, not a second edge-selection or significance rule; not evidence of a between-group difference.","NOT_PERFORMED_AND_NOT_PERMITTED_FROM_THIS_TABLE"
"2016__college_or_advanced",2016,"College or advanced degree",1216,"VCF0809--VCF0888","VCF0809","VCF0888","Jobs -- Crime spend",0,FALSE,0.00915387636199613,0.0249104268018385,-0.049820853603677,0.049820853603677,-0.0376265425458544,0.0721805124939186,0.521,0.099641707207354,0.109807055039773,TRUE,"ZERO","NOT_RETAINED_UNDER_REGULARISATION_DO_NOT_CALL_ABSENT","State only that the edge was not retained under the frozen regularisation procedure; do not claim absence.","NOT_PERFORMED_AND_NOT_PERMITTED_FROM_THIS_TABLE"
"2016__college_or_advanced",2016,"College or advanced degree",1216,"VCF0809--VCF0890","VCF0809","VCF0890","Jobs -- School spend",0.0269842070911038,TRUE,0.0300282942464626,0.0317432062583859,-0.0365022054256679,0.0904706196078755,0,0.101601770495519,0.289,0.126972825033543,0.101601770495519,TRUE,"POSITIVE","RETAINED_UNDER_EBICGLASSO_REPORT_ESTIMATE_AND_INTERVAL","May describe direction and approximate magnitude within this single network while reporting the bootstrap interval and its width; interval inclusion of zero is audit information, not a second edge-selection or significance rule; not evidence of a between-group difference.","NOT_PERFORMED_AND_NOT_PERMITTED_FROM_THIS_TABLE"
"2016__college_or_advanced",2016,"College or advanced degree",1216,"VCF0809--VCF0894","VCF0809","VCF0894","Jobs -- Welfare",0.194452343784377,TRUE,0.189415758921438,0.0383837804721894,0.117684782839998,0.271219904728756,0.113926185398106,0.266067939428863,0,0.153535121888758,0.152141754030757,FALSE,"POSITIVE","RETAINED_UNDER_EBICGLASSO_REPORT_ESTIMATE_AND_INTERVAL","May describe direction and approximate magnitude within this single network while reporting the bootstrap interval and its width; interval inclusion of zero is audit information, not a second edge-selection or significance rule; not evidence of a between-group difference.","NOT_PERFORMED_AND_NOT_PERMITTED_FROM_THIS_TABLE"
"2016__college_or_advanced",2016,"College or advanced degree",1216,"VCF0809--VCF9223","VCF0809","VCF9223","Jobs -- Immig. jobs",0,FALSE,0.00665135497555137,0.0222840441561698,-0.0445680883123396,0.0445680883123396,-0.0433435918963014,0.061487070509759,0.556,0.0891361766246792,0.10483066240606,TRUE,"ZERO","NOT_RETAINED_UNDER_REGULARISATION_DO_NOT_CALL_ABSENT","State only that the edge was not retained under the frozen regularisation procedure; do not claim absence.","NOT_PERFORMED_AND_NOT_PERMITTED_FROM_THIS_TABLE"
"2016__college_or_advanced",2016,"College or advanced degree",1216,"VCF0838--VCF0839","VCF0838","VCF0839","Abortion -- Services",0.0499984614129959,TRUE,0.0463926144817249,0.0354888032008837,-0.0209791449887714,0.120976067814763,0,0.121103045318295,0.163,0.141955212803534,0.121103045318295,TRUE,"POSITIVE","RETAINED_UNDER_EBICGLASSO_REPORT_ESTIMATE_AND_INTERVAL","May describe direction and approximate magnitude within this single network while reporting the bootstrap interval and its width; interval inclusion of zero is audit information, not a second edge-selection or significance rule; not evidence of a between-group difference.","NOT_PERFORMED_AND_NOT_PERMITTED_FROM_THIS_TABLE"
"2016__college_or_advanced",2016,"College or advanced degree",1216,"VCF0838--VCF0879a","VCF0838","VCF0879a","Abortion -- Immig. level",0,FALSE,0.00412664932162515,0.0294840322567792,-0.0589680645135584,0.0589680645135584,-0.0658301862367726,0.0671014541177877,0.466,0.117936129027117,0.13293164035456,TRUE,"ZERO","NOT_RETAINED_UNDER_REGULARISATION_DO_NOT_CALL_ABSENT","State only that the edge was not retained under the frozen regularisation procedure; do not claim absence.","NOT_PERFORMED_AND_NOT_PERMITTED_FROM_THIS_TABLE"
"2016__college_or_advanced",2016,"College or advanced degree",1216,"VCF0838--VCF0888","VCF0838","VCF0888","Abortion -- Crime spend",-0.108899096609634,TRUE,-0.103587982447991,0.0410339918829233,-0.19096708037548,-0.0268311128437871,-0.18387922156326,-0.0227949783317724,0.006,0.164135967531693,0.161084243231488,FALSE,"NEGATIVE","RETAINED_UNDER_EBICGLASSO_REPORT_ESTIMATE_AND_INTERVAL","May describe direction and approximate magnitude within this single network while reporting the bootstrap interval and its width; interval inclusion of zero is audit information, not a second edge-selection or significance rule; not evidence of a between-group difference.","NOT_PERFORMED_AND_NOT_PERMITTED_FROM_THIS_TABLE"
"2016__college_or_advanced",2016,"College or advanced degree",1216,"VCF0838--VCF0890","VCF0838","VCF0890","Abortion -- School spend",0.110584996305207,TRUE,0.108718240168639,0.0418903970103404,0.0268042022845265,0.194365790325888,0.0295740015896812,0.192584756254286,0.007,0.167561588041362,0.163010754664605,FALSE,"POSITIVE","RETAINED_UNDER_EBICGLASSO_REPORT_ESTIMATE_AND_INTERVAL","May describe direction and approximate magnitude within this single network while reporting the bootstrap interval and its width; interval inclusion of zero is audit information, not a second edge-selection or significance rule; not evidence of a between-group difference.","NOT_PERFORMED_AND_NOT_PERMITTED_FROM_THIS_TABLE"
"2016__college_or_advanced",2016,"College or advanced degree",1216,"VCF0838--VCF0894","VCF0838","VCF0894","Abortion -- Welfare",0.104503631020534,TRUE,0.104861323980849,0.0439550844224359,0.0165934621756624,0.192413799865406,0.0155689702294428,0.192868323767942,0.012,0.175820337689744,0.177299353538499,FALSE,"POSITIVE","RETAINED_UNDER_EBICGLASSO_REPORT_ESTIMATE_AND_INTERVAL","May describe direction and approximate magnitude within this single network while reporting the bootstrap interval and its width; interval inclusion of zero is audit information, not a second edge-selection or significance rule; not evidence of a between-group difference.","NOT_PERFORMED_AND_NOT_PERMITTED_FROM_THIS_TABLE"
"2016__college_or_advanced",2016,"College or advanced degree",1216,"VCF0838--VCF9223","VCF0838","VCF9223","Abortion -- Immig. jobs",0.164383268782931,TRUE,0.160296672223222,0.0370673934552165,0.0902484818724984,0.238518055693364,0.0863855713630341,0.23317495851399,0,0.148269573820866,0.146789387150956,FALSE,"POSITIVE","RETAINED_UNDER_EBICGLASSO_REPORT_ESTIMATE_AND_INTERVAL","May describe direction and approximate magnitude within this single network while reporting the bootstrap interval and its width; interval inclusion of zero is audit information, not a second edge-selection or significance rule; not evidence of a between-group difference.","NOT_PERFORMED_AND_NOT_PERMITTED_FROM_THIS_TABLE"
"2016__college_or_advanced",2016,"College or advanced degree",1216,"VCF0839--VCF0879a","VCF0839","VCF0879a","Services -- Immig. level",0.0220501506267234,TRUE,0.0237248501346339,0.0257021883659,-0.0293542261050765,0.0734545273585233,0,0.0834432391982793,0.3,0.1028087534636,0.0834432391982793,TRUE,"POSITIVE","RETAINED_UNDER_EBICGLASSO_REPORT_ESTIMATE_AND_INTERVAL","May describe direction and approximate magnitude within this single network while reporting the bootstrap interval and its width; interval inclusion of zero is audit information, not a second edge-selection or significance rule; not evidence of a between-group difference.","NOT_PERFORMED_AND_NOT_PERMITTED_FROM_THIS_TABLE"
"2016__college_or_advanced",2016,"College or advanced degree",1216,"VCF0839--VCF0888","VCF0839","VCF0888","Services -- Crime spend",0.0691712603044174,TRUE,0.060860187468316,0.0385211837429644,-0.0078711071815115,0.146213627790346,0,0.137540892278113,0.118,0.154084734971857,0.137540892278113,TRUE,"POSITIVE","RETAINED_UNDER_EBICGLASSO_REPORT_ESTIMATE_AND_INTERVAL","May describe direction and approximate magnitude within this single network while reporting the bootstrap interval and its width; interval inclusion of zero is audit information, not a second edge-selection or significance rule; not evidence of a between-group difference.","NOT_PERFORMED_AND_NOT_PERMITTED_FROM_THIS_TABLE"
"2016__college_or_advanced",2016,"College or advanced degree",1216,"VCF0839--VCF0890","VCF0839","VCF0890","Services -- School spend",0.289847152637583,TRUE,0.287357264932149,0.0368869943043571,0.216073164028869,0.363621141246297,0.212307478242099,0.356668119529406,0,0.147547977217428,0.144360641287307,FALSE,"POSITIVE","RETAINED_UNDER_EBICGLASSO_REPORT_ESTIMATE_AND_INTERVAL","May describe direction and approximate magnitude within this single network while reporting the bootstrap interval and its width; interval inclusion of zero is audit information, not a second edge-selection or significance rule; not evidence of a between-group difference.","NOT_PERFORMED_AND_NOT_PERMITTED_FROM_THIS_TABLE"
"2016__college_or_advanced",2016,"College or advanced degree",1216,"VCF0839--VCF0894","VCF0839","VCF0894","Services -- Welfare",0.351748180703386,TRUE,0.349350179958763,0.0373744772893902,0.276999226124606,0.426497135282166,0.271543853491764,0.420204680042464,0,0.14949790915756,0.1486608265507,FALSE,"POSITIVE","RETAINED_UNDER_EBICGLASSO_REPORT_ESTIMATE_AND_INTERVAL","May describe direction and approximate magnitude within this single network while reporting the bootstrap interval and its width; interval inclusion of zero is audit information, not a second edge-selection or significance rule; not evidence of a between-group difference.","NOT_PERFORMED_AND_NOT_PERMITTED_FROM_THIS_TABLE"
"2016__college_or_advanced",2016,"College or advanced degree",1216,"VCF0839--VCF9223","VCF0839","VCF9223","Services -- Immig. jobs",0,FALSE,0.00381858753748053,0.0190550096871479,-0.0381100193742957,0.0381100193742957,-0.0427805008270935,0.0510079468863472,0.614,0.0762200387485914,0.0937884477134407,TRUE,"ZERO","NOT_RETAINED_UNDER_REGULARISATION_DO_NOT_CALL_ABSENT","State only that the edge was not retained under the frozen regularisation procedure; do not claim absence.","NOT_PERFORMED_AND_NOT_PERMITTED_FROM_THIS_TABLE"
"2016__college_or_advanced",2016,"College or advanced degree",1216,"VCF0879a--VCF0888","VCF0879a","VCF0888","Immig. level -- Crime spend",-0.0692865535274189,TRUE,-0.0701868946237297,0.0410214543170757,-0.15132946216157,0.0127563551067325,-0.151086030055662,0,0.052,0.164085817268303,0.151086030055662,TRUE,"NEGATIVE","RETAINED_UNDER_EBICGLASSO_REPORT_ESTIMATE_AND_INTERVAL","May describe direction and approximate magnitude within this single network while reporting the bootstrap interval and its width; interval inclusion of zero is audit information, not a second edge-selection or significance rule; not evidence of a between-group difference.","NOT_PERFORMED_AND_NOT_PERMITTED_FROM_THIS_TABLE"
"2016__college_or_advanced",2016,"College or advanced degree",1216,"VCF0879a--VCF0890","VCF0879a","VCF0890","Immig. level -- School spend",0.0254683512468829,TRUE,0.0284675692396913,0.0367097299910637,-0.0479511087352446,0.0988878112290104,-0.0420109558460391,0.11502472015181,0.286,0.146838919964255,0.157035675997849,TRUE,"POSITIVE","RETAINED_UNDER_EBICGLASSO_REPORT_ESTIMATE_AND_INTERVAL","May describe direction and approximate magnitude within this single network while reporting the bootstrap interval and its width; interval inclusion of zero is audit information, not a second edge-selection or significance rule; not evidence of a between-group difference.","NOT_PERFORMED_AND_NOT_PERMITTED_FROM_THIS_TABLE"
"2016__college_or_advanced",2016,"College or advanced degree",1216,"VCF0879a--VCF0894","VCF0879a","VCF0894","Immig. level -- Welfare",0.155735399193591,TRUE,0.153726178939008,0.0376238526759627,0.0804876938416653,0.230983104545516,0.0775220953095149,0.223406045009047,0,0.150495410703851,0.145883949699532,FALSE,"POSITIVE","RETAINED_UNDER_EBICGLASSO_REPORT_ESTIMATE_AND_INTERVAL","May describe direction and approximate magnitude within this single network while reporting the bootstrap interval and its width; interval inclusion of zero is audit information, not a second edge-selection or significance rule; not evidence of a between-group difference.","NOT_PERFORMED_AND_NOT_PERMITTED_FROM_THIS_TABLE"
"2016__college_or_advanced",2016,"College or advanced degree",1216,"VCF0879a--VCF9223","VCF0879a","VCF9223","Immig. level -- Immig. jobs",0.441880858697991,TRUE,0.437651374248194,0.031963045916242,0.377954766865507,0.505806950530475,0.373997259050043,0.500894336262045,0,0.127852183664968,0.126897077212002,FALSE,"POSITIVE","RETAINED_UNDER_EBICGLASSO_REPORT_ESTIMATE_AND_INTERVAL","May describe direction and approximate magnitude within this single network while reporting the bootstrap interval and its width; interval inclusion of zero is audit information, not a second edge-selection or significance rule; not evidence of a between-group difference.","NOT_PERFORMED_AND_NOT_PERMITTED_FROM_THIS_TABLE"
"2016__college_or_advanced",2016,"College or advanced degree",1216,"VCF0888--VCF0890","VCF0888","VCF0890","Crime spend -- School spend",0.183556228149216,TRUE,0.176493779643315,0.0462687225598569,0.0910187830295018,0.27609367326893,0.0800006185275796,0.265511553617858,0,0.185074890239428,0.185510935090278,FALSE,"POSITIVE","RETAINED_UNDER_EBICGLASSO_REPORT_ESTIMATE_AND_INTERVAL","May describe direction and approximate magnitude within this single network while reporting the bootstrap interval and its width; interval inclusion of zero is audit information, not a second edge-selection or significance rule; not evidence of a between-group difference.","NOT_PERFORMED_AND_NOT_PERMITTED_FROM_THIS_TABLE"
"2016__college_or_advanced",2016,"College or advanced degree",1216,"VCF0888--VCF0894","VCF0888","VCF0894","Crime spend -- Welfare",-0.131999399291125,TRUE,-0.125733101778495,0.0438250613304468,-0.219649521952018,-0.0443492766302314,-0.214184919559544,-0.0382327479928851,0.003,0.175300245321787,0.175952171566659,FALSE,"NEGATIVE","RETAINED_UNDER_EBICGLASSO_REPORT_ESTIMATE_AND_INTERVAL","May describe direction and approximate magnitude within this single network while reporting the bootstrap interval and its width; interval inclusion of zero is audit information, not a second edge-selection or significance rule; not evidence of a between-group difference.","NOT_PERFORMED_AND_NOT_PERMITTED_FROM_THIS_TABLE"
"2016__college_or_advanced",2016,"College or advanced degree",1216,"VCF0888--VCF9223","VCF0888","VCF9223","Crime spend -- Immig. jobs",-0.104845279017087,TRUE,-0.102041551330571,0.0402574021920158,-0.185360083401119,-0.0243304746330554,-0.180934377341545,-0.0241593021589038,0.004,0.161029608768064,0.156775075182641,FALSE,"NEGATIVE","RETAINED_UNDER_EBICGLASSO_REPORT_ESTIMATE_AND_INTERVAL","May describe direction and approximate magnitude within this single network while reporting the bootstrap interval and its width; interval inclusion of zero is audit information, not a second edge-selection or significance rule; not evidence of a between-group difference.","NOT_PERFORMED_AND_NOT_PERMITTED_FROM_THIS_TABLE"
"2016__college_or_advanced",2016,"College or advanced degree",1216,"VCF0890--VCF0894","VCF0890","VCF0894","School spend -- Welfare",0.0910132968013111,TRUE,0.0904902633696208,0.04637394958007,-0.00173460235882884,0.183761195961451,0,0.182665882384315,0.028,0.18549579832028,0.182665882384315,TRUE,"POSITIVE","RETAINED_UNDER_EBICGLASSO_REPORT_ESTIMATE_AND_INTERVAL","May describe direction and approximate magnitude within this single network while reporting the bootstrap interval and its width; interval inclusion of zero is audit information, not a second edge-selection or significance rule; not evidence of a between-group difference.","NOT_PERFORMED_AND_NOT_PERMITTED_FROM_THIS_TABLE"
"2016__college_or_advanced",2016,"College or advanced degree",1216,"VCF0890--VCF9223","VCF0890","VCF9223","School spend -- Immig. jobs",0.11709026417403,TRUE,0.110190633281395,0.0396165030130268,0.0378572581479764,0.196323270200083,0.033040222359563,0.188676336440185,0.004,0.158466012052107,0.155636114080622,FALSE,"POSITIVE","RETAINED_UNDER_EBICGLASSO_REPORT_ESTIMATE_AND_INTERVAL","May describe direction and approximate magnitude within this single network while reporting the bootstrap interval and its width; interval inclusion of zero is audit information, not a second edge-selection or significance rule; not evidence of a between-group difference.","NOT_PERFORMED_AND_NOT_PERMITTED_FROM_THIS_TABLE"
"2016__college_or_advanced",2016,"College or advanced degree",1216,"VCF0894--VCF9223","VCF0894","VCF9223","Welfare -- Immig. jobs",0.0474130530212614,TRUE,0.0490455790222048,0.0348754213720865,-0.0223377897229116,0.117163895765434,0,0.124329333696062,0.119,0.139501685488346,0.124329333696062,TRUE,"POSITIVE","RETAINED_UNDER_EBICGLASSO_REPORT_ESTIMATE_AND_INTERVAL","May describe direction and approximate magnitude within this single network while reporting the bootstrap interval and its width; interval inclusion of zero is audit information, not a second edge-selection or significance rule; not evidence of a between-group difference.","NOT_PERFORMED_AND_NOT_PERMITTED_FROM_THIS_TABLE"
"2020__no_college_degree",2020,"No college degree",2624,"VCF0806--VCF0809","VCF0806","VCF0809","Health -- Jobs",0.345654348157917,TRUE,0.341927892484147,0.0231400292450264,0.299374289667864,0.391934406647969,0.297665381765658,0.388336995220063,0,0.092560116980105,0.090671613454405,FALSE,"POSITIVE","RETAINED_UNDER_EBICGLASSO_REPORT_ESTIMATE_AND_INTERVAL","May describe direction and approximate magnitude within this single network while reporting the bootstrap interval and its width; interval inclusion of zero is audit information, not a second edge-selection or significance rule; not evidence of a between-group difference.","NOT_PERFORMED_AND_NOT_PERMITTED_FROM_THIS_TABLE"
"2020__no_college_degree",2020,"No college degree",2624,"VCF0806--VCF0838","VCF0806","VCF0838","Health -- Abortion",0.198552078133446,TRUE,0.194570095421706,0.0244104634303205,0.149731151272805,0.247373004994087,0.14623267931349,0.240097133391261,0,0.097641853721282,0.093864454077771,FALSE,"POSITIVE","RETAINED_UNDER_EBICGLASSO_REPORT_ESTIMATE_AND_INTERVAL","May describe direction and approximate magnitude within this single network while reporting the bootstrap interval and its width; interval inclusion of zero is audit information, not a second edge-selection or significance rule; not evidence of a between-group difference.","NOT_PERFORMED_AND_NOT_PERMITTED_FROM_THIS_TABLE"
"2020__no_college_degree",2020,"No college degree",2624,"VCF0806--VCF0839","VCF0806","VCF0839","Health -- Services",0.201761989180293,TRUE,0.200405106125307,0.0241626975539626,0.153436594072368,0.250087384288218,0.150885379528118,0.246399519127351,0,0.09665079021585,0.095514139599233,FALSE,"POSITIVE","RETAINED_UNDER_EBICGLASSO_REPORT_ESTIMATE_AND_INTERVAL","May describe direction and approximate magnitude within this single network while reporting the bootstrap interval and its width; interval inclusion of zero is audit information, not a second edge-selection or significance rule; not evidence of a between-group difference.","NOT_PERFORMED_AND_NOT_PERMITTED_FROM_THIS_TABLE"
"2020__no_college_degree",2020,"No college degree",2624,"VCF0806--VCF0879a","VCF0806","VCF0879a","Health -- Immig. level",0.0420109091802223,TRUE,0.042089465770725,0.0228064363929362,-0.00360196360565009,0.0876237819660948,0,0.0909198548227486,0.047,0.0912257455717449,0.0909198548227486,TRUE,"POSITIVE","RETAINED_UNDER_EBICGLASSO_REPORT_ESTIMATE_AND_INTERVAL","May describe direction and approximate magnitude within this single network while reporting the bootstrap interval and its width; interval inclusion of zero is audit information, not a second edge-selection or significance rule; not evidence of a between-group difference.","NOT_PERFORMED_AND_NOT_PERMITTED_FROM_THIS_TABLE"
"2020__no_college_degree",2020,"No college degree",2624,"VCF0806--VCF0888","VCF0806","VCF0888","Health -- Crime spend",-0.152956620064488,TRUE,-0.147041161754657,0.0239946173921392,-0.200945854848767,-0.10496738528021,-0.195020716626573,-0.100183917909655,0,0.095978469568557,0.094836798716918,FALSE,"NEGATIVE","RETAINED_UNDER_EBICGLASSO_REPORT_ESTIMATE_AND_INTERVAL","May describe direction and approximate magnitude within this single network while reporting the bootstrap interval and its width; interval inclusion of zero is audit information, not a second edge-selection or significance rule; not evidence of a between-group difference.","NOT_PERFORMED_AND_NOT_PERMITTED_FROM_THIS_TABLE"
"2020__no_college_degree",2020,"No college degree",2624,"VCF0806--VCF0890","VCF0806","VCF0890","Health -- School spend",0.0429205479320034,TRUE,0.0436107981696209,0.0260380689880682,-0.0091555900441329,0.0949966859081397,0,0.0957572218918204,0.074,0.104152275952273,0.0957572218918204,TRUE,"POSITIVE","RETAINED_UNDER_EBICGLASSO_REPORT_ESTIMATE_AND_INTERVAL","May describe direction and approximate magnitude within this single network while reporting the bootstrap interval and its width; interval inclusion of zero is audit information, not a second edge-selection or significance rule; not evidence of a between-group difference.","NOT_PERFORMED_AND_NOT_PERMITTED_FROM_THIS_TABLE"
"2020__no_college_degree",2020,"No college degree",2624,"VCF0806--VCF0894","VCF0806","VCF0894","Health -- Welfare",0.0963464447758621,TRUE,0.0974688306662291,0.023846282687731,0.0486538794004,0.144039010151324,0.052765851421902,0.147070889193211,0,0.095385130750924,0.094305037771309,FALSE,"POSITIVE","RETAINED_UNDER_EBICGLASSO_REPORT_ESTIMATE_AND_INTERVAL","May describe direction and approximate magnitude within this single network while reporting the bootstrap interval and its width; interval inclusion of zero is audit information, not a second edge-selection or significance rule; not evidence of a between-group difference.","NOT_PERFORMED_AND_NOT_PERMITTED_FROM_THIS_TABLE"
"2020__no_college_degree",2020,"No college degree",2624,"VCF0806--VCF9223","VCF0806","VCF9223","Health -- Immig. jobs",0.0100677482328789,TRUE,0.0149095853110919,0.0173385751597756,-0.0246094020866724,0.0447448985524301,0,0.0569795954209809,0.349,0.0693543006391025,0.0569795954209809,TRUE,"POSITIVE","RETAINED_UNDER_EBICGLASSO_REPORT_ESTIMATE_AND_INTERVAL","May describe direction and approximate magnitude within this single network while reporting the bootstrap interval and its width; interval inclusion of zero is audit information, not a second edge-selection or significance rule; not evidence of a between-group difference.","NOT_PERFORMED_AND_NOT_PERMITTED_FROM_THIS_TABLE"
"2020__no_college_degree",2020,"No college degree",2624,"VCF0809--VCF0838","VCF0809","VCF0838","Jobs -- Abortion",0.0125654551393711,TRUE,0.016995161182559,0.0193365586688769,-0.0261076621983827,0.051238572477125,0,0.0626108891461113,0.326,0.0773462346755077,0.0626108891461113,TRUE,"POSITIVE","RETAINED_UNDER_EBICGLASSO_REPORT_ESTIMATE_AND_INTERVAL","May describe direction and approximate magnitude within this single network while reporting the bootstrap interval and its width; interval inclusion of zero is audit information, not a second edge-selection or significance rule; not evidence of a between-group difference.","NOT_PERFORMED_AND_NOT_PERMITTED_FROM_THIS_TABLE"
"2020__no_college_degree",2020,"No college degree",2624,"VCF0809--VCF0839","VCF0809","VCF0839","Jobs -- Services",0.263170234267459,TRUE,0.262443768995242,0.0231242660462788,0.216921702174901,0.309418766360016,0.215761090171017,0.306205190074659,0,0.092497064185115,0.090444099903642,FALSE,"POSITIVE","RETAINED_UNDER_EBICGLASSO_REPORT_ESTIMATE_AND_INTERVAL","May describe direction and approximate magnitude within this single network while reporting the bootstrap interval and its width; interval inclusion of zero is audit information, not a second edge-selection or significance rule; not evidence of a between-group difference.","NOT_PERFORMED_AND_NOT_PERMITTED_FROM_THIS_TABLE"
"2020__no_college_degree",2020,"No college degree",2624,"VCF0809--VCF0879a","VCF0809","VCF0879a","Jobs -- Immig. level",0.0489107281431116,TRUE,0.0482249216835712,0.0218318610763545,0.00524700599040261,0.0925744502958207,0.00334978529270616,0.0902836690851813,0.017,0.0873274443054181,0.0869338837924751,FALSE,"POSITIVE","RETAINED_UNDER_EBICGLASSO_REPORT_ESTIMATE_AND_INTERVAL","May describe direction and approximate magnitude within this single network while reporting the bootstrap interval and its width; interval inclusion of zero is audit information, not a second edge-selection or significance rule; not evidence of a between-group difference.","NOT_PERFORMED_AND_NOT_PERMITTED_FROM_THIS_TABLE"
"2020__no_college_degree",2020,"No college degree",2624,"VCF0809--VCF0888","VCF0809","VCF0888","Jobs -- Crime spend",0,FALSE,-0.00512831093023416,0.0156562471946757,-0.0313124943893514,0.0313124943893514,-0.0451481359431314,0.0299399551144389,0.587,0.0626249887787028,0.0750880910575703,TRUE,"ZERO","NOT_RETAINED_UNDER_REGULARISATION_DO_NOT_CALL_ABSENT","State only that the edge was not retained under the frozen regularisation procedure; do not claim absence.","NOT_PERFORMED_AND_NOT_PERMITTED_FROM_THIS_TABLE"
"2020__no_college_degree",2020,"No college degree",2624,"VCF0809--VCF0890","VCF0809","VCF0890","Jobs -- School spend",0.104572423833291,TRUE,0.103411381623596,0.0271163934764347,0.0503396368804219,0.158805210786161,0.0493104446369241,0.157346855690917,0,0.108465573905739,0.108036411053993,FALSE,"POSITIVE","RETAINED_UNDER_EBICGLASSO_REPORT_ESTIMATE_AND_INTERVAL","May describe direction and approximate magnitude within this single network while reporting the bootstrap interval and its width; interval inclusion of zero is audit information, not a second edge-selection or significance rule; not evidence of a between-group difference.","NOT_PERFORMED_AND_NOT_PERMITTED_FROM_THIS_TABLE"
"2020__no_college_degree",2020,"No college degree",2624,"VCF0809--VCF0894","VCF0809","VCF0894","Jobs -- Welfare",0.155482389572761,TRUE,0.15569020780249,0.0240464033940546,0.107389582784652,0.203575196360871,0.11233270955015,0.2055684393424,0,0.096185613576219,0.09323572979225,FALSE,"POSITIVE","RETAINED_UNDER_EBICGLASSO_REPORT_ESTIMATE_AND_INTERVAL","May describe direction and approximate magnitude within this single network while reporting the bootstrap interval and its width; interval inclusion of zero is audit information, not a second edge-selection or significance rule; not evidence of a between-group difference.","NOT_PERFORMED_AND_NOT_PERMITTED_FROM_THIS_TABLE"
"2020__no_college_degree",2020,"No college degree",2624,"VCF0809--VCF9223","VCF0809","VCF9223","Jobs -- Immig. jobs",0,FALSE,-0.00172386127128942,0.0137012373902779,-0.0274024747805559,0.0274024747805559,-0.0425431257721677,0.0247077639095817,0.708,0.0548049495611118,0.0672508896817494,TRUE,"ZERO","NOT_RETAINED_UNDER_REGULARISATION_DO_NOT_CALL_ABSENT","State only that the edge was not retained under the frozen regularisation procedure; do not claim absence.","NOT_PERFORMED_AND_NOT_PERMITTED_FROM_THIS_TABLE"
"2020__no_college_degree",2020,"No college degree",2624,"VCF0838--VCF0839","VCF0838","VCF0839","Abortion -- Services",0.0181613041990504,TRUE,0.0192915529297586,0.0197793171051397,-0.0213973300112289,0.0577199384093297,0,0.064496079764461,0.278,0.0791172684205586,0.064496079764461,TRUE,"POSITIVE","RETAINED_UNDER_EBICGLASSO_REPORT_ESTIMATE_AND_INTERVAL","May describe direction and approximate magnitude within this single network while reporting the bootstrap interval and its width; interval inclusion of zero is audit information, not a second edge-selection or significance rule; not evidence of a between-group difference.","NOT_PERFORMED_AND_NOT_PERMITTED_FROM_THIS_TABLE"
"2020__no_college_degree",2020,"No college degree",2624,"VCF0838--VCF0879a","VCF0838","VCF0879a","Abortion -- Immig. level",0,FALSE,-0.00326192991119627,0.017582319453598,-0.0351646389071959,0.0351646389071959,-0.0527854120283567,0.0265545204952031,0.622,0.0703292778143918,0.0793399325235598,TRUE,"ZERO","NOT_RETAINED_UNDER_REGULARISATION_DO_NOT_CALL_ABSENT","State only that the edge was not retained under the frozen regularisation procedure; do not claim absence.","NOT_PERFORMED_AND_NOT_PERMITTED_FROM_THIS_TABLE"
"2020__no_college_degree",2020,"No college degree",2624,"VCF0838--VCF0888","VCF0838","VCF0888","Abortion -- Crime spend",-0.214496528321902,TRUE,-0.211709620653694,0.0263600215691504,-0.267216571460202,-0.161776485183601,-0.263277086666441,-0.159624017399007,0,0.105440086276601,0.103653069267434,FALSE,"NEGATIVE","RETAINED_UNDER_EBICGLASSO_REPORT_ESTIMATE_AND_INTERVAL","May describe direction and approximate magnitude within this single network while reporting the bootstrap interval and its width; interval inclusion of zero is audit information, not a second edge-selection or significance rule; not evidence of a between-group difference.","NOT_PERFORMED_AND_NOT_PERMITTED_FROM_THIS_TABLE"
"2020__no_college_degree",2020,"No college degree",2624,"VCF0838--VCF0890","VCF0838","VCF0890","Abortion -- School spend",0.168801906965314,TRUE,0.164329309506327,0.0263629844706694,0.116075938023975,0.221527875906653,0.112283975798803,0.21584791420776,0,0.105451937882678,0.103563938408957,FALSE,"POSITIVE","RETAINED_UNDER_EBICGLASSO_REPORT_ESTIMATE_AND_INTERVAL","May describe direction and approximate magnitude within this single network while reporting the bootstrap interval and its width; interval inclusion of zero is audit information, not a second edge-selection or significance rule; not evidence of a between-group difference.","NOT_PERFORMED_AND_NOT_PERMITTED_FROM_THIS_TABLE"
"2020__no_college_degree",2020,"No college degree",2624,"VCF0838--VCF0894","VCF0838","VCF0894","Abortion -- Welfare",0.0180985756075531,TRUE,0.0226645134194997,0.0215442609103984,-0.0249899462132438,0.0611870974283499,0,0.0743480166272682,0.245,0.0861770436415937,0.0743480166272682,TRUE,"POSITIVE","RETAINED_UNDER_EBICGLASSO_REPORT_ESTIMATE_AND_INTERVAL","May describe direction and approximate magnitude within this single network while reporting the bootstrap interval and its width; interval inclusion of zero is audit information, not a second edge-selection or significance rule; not evidence of a between-group difference.","NOT_PERFORMED_AND_NOT_PERMITTED_FROM_THIS_TABLE"
"2020__no_college_degree",2020,"No college degree",2624,"VCF0838--VCF9223","VCF0838","VCF9223","Abortion -- Immig. jobs",0.131680407191609,TRUE,0.131450972910463,0.0235990540626183,0.0844822990663721,0.178878515316845,0.0858615842054691,0.178919647735763,0,0.0943962162504729,0.0930580635302939,FALSE,"POSITIVE","RETAINED_UNDER_EBICGLASSO_REPORT_ESTIMATE_AND_INTERVAL","May describe direction and approximate magnitude within this single network while reporting the bootstrap interval and its width; interval inclusion of zero is audit information, not a second edge-selection or significance rule; not evidence of a between-group difference.","NOT_PERFORMED_AND_NOT_PERMITTED_FROM_THIS_TABLE"
"2020__no_college_degree",2020,"No college degree",2624,"VCF0839--VCF0879a","VCF0839","VCF0879a","Services -- Immig. level",0,FALSE,0.00165159505299701,0.0120195313862652,-0.0240390627725304,0.0240390627725304,-0.0291628835594905,0.0301584303144466,0.682,0.0480781255450608,0.0593213138739371,TRUE,"ZERO","NOT_RETAINED_UNDER_REGULARISATION_DO_NOT_CALL_ABSENT","State only that the edge was not retained under the frozen regularisation procedure; do not claim absence.","NOT_PERFORMED_AND_NOT_PERMITTED_FROM_THIS_TABLE"
"2020__no_college_degree",2020,"No college degree",2624,"VCF0839--VCF0888","VCF0839","VCF0888","Services -- Crime spend",0,FALSE,-0.00456786117477834,0.0156351982300054,-0.0312703964600108,0.0312703964600108,-0.0482221032595273,0.028823447054294,0.604,0.0625407929200216,0.0770455503138213,TRUE,"ZERO","NOT_RETAINED_UNDER_REGULARISATION_DO_NOT_CALL_ABSENT","State only that the edge was not retained under the frozen regularisation procedure; do not claim absence.","NOT_PERFORMED_AND_NOT_PERMITTED_FROM_THIS_TABLE"
"2020__no_college_degree",2020,"No college degree",2624,"VCF0839--VCF0890","VCF0839","VCF0890","Services -- School spend",0.230626639618401,TRUE,0.230976037941284,0.0254281506125413,0.179770338393319,0.281482940843484,0.181121507672603,0.279672275462487,0,0.101712602450165,0.098550767789884,FALSE,"POSITIVE","RETAINED_UNDER_EBICGLASSO_REPORT_ESTIMATE_AND_INTERVAL","May describe direction and approximate magnitude within this single network while reporting the bootstrap interval and its width; interval inclusion of zero is audit information, not a second edge-selection or significance rule; not evidence of a between-group difference.","NOT_PERFORMED_AND_NOT_PERMITTED_FROM_THIS_TABLE"
"2020__no_college_degree",2020,"No college degree",2624,"VCF0839--VCF0894","VCF0839","VCF0894","Services -- Welfare",0.251189642967361,TRUE,0.249969438558609,0.0247250469608946,0.201739549045572,0.30063973688915,0.201770709165925,0.299282472540301,0,0.098900187843578,0.097511763374376,FALSE,"POSITIVE","RETAINED_UNDER_EBICGLASSO_REPORT_ESTIMATE_AND_INTERVAL","May describe direction and approximate magnitude within this single network while reporting the bootstrap interval and its width; interval inclusion of zero is audit information, not a second edge-selection or significance rule; not evidence of a between-group difference.","NOT_PERFORMED_AND_NOT_PERMITTED_FROM_THIS_TABLE"
"2020__no_college_degree",2020,"No college degree",2624,"VCF0839--VCF9223","VCF0839","VCF9223","Services -- Immig. jobs",0,FALSE,-0.0033969523548145,0.0136323827172397,-0.0272647654344794,0.0272647654344794,-0.0426898833095073,0.0204976634802413,0.704,0.0545295308689588,0.0631875467897486,TRUE,"ZERO","NOT_RETAINED_UNDER_REGULARISATION_DO_NOT_CALL_ABSENT","State only that the edge was not retained under the frozen regularisation procedure; do not claim absence.","NOT_PERFORMED_AND_NOT_PERMITTED_FROM_THIS_TABLE"
"2020__no_college_degree",2020,"No college degree",2624,"VCF0879a--VCF0888","VCF0879a","VCF0888","Immig. level -- Crime spend",-0.0791202854745479,TRUE,-0.080148041130365,0.0271121861618934,-0.133344657798335,-0.0248959131507611,-0.134096455257746,-0.0256794589370412,0.003,0.108448744647574,0.108416996320705,FALSE,"NEGATIVE","RETAINED_UNDER_EBICGLASSO_REPORT_ESTIMATE_AND_INTERVAL","May describe direction and approximate magnitude within this single network while reporting the bootstrap interval and its width; interval inclusion of zero is audit information, not a second edge-selection or significance rule; not evidence of a between-group difference.","NOT_PERFORMED_AND_NOT_PERMITTED_FROM_THIS_TABLE"
"2020__no_college_degree",2020,"No college degree",2624,"VCF0879a--VCF0890","VCF0879a","VCF0890","Immig. level -- School spend",0.021709427085307,TRUE,0.0274988349123074,0.0264922136444756,-0.0312750002036442,0.0746938543742582,0,0.0880374864790034,0.216,0.105968854577902,0.0880374864790034,TRUE,"POSITIVE","RETAINED_UNDER_EBICGLASSO_REPORT_ESTIMATE_AND_INTERVAL","May describe direction and approximate magnitude within this single network while reporting the bootstrap interval and its width; interval inclusion of zero is audit information, not a second edge-selection or significance rule; not evidence of a between-group difference.","NOT_PERFORMED_AND_NOT_PERMITTED_FROM_THIS_TABLE"
"2020__no_college_degree",2020,"No college degree",2624,"VCF0879a--VCF0894","VCF0879a","VCF0894","Immig. level -- Welfare",0.194972435013118,TRUE,0.189811903268198,0.0246824872950576,0.145607460423003,0.244337409603233,0.140609912545894,0.237147647509766,0,0.09872994918023,0.096537734963872,FALSE,"POSITIVE","RETAINED_UNDER_EBICGLASSO_REPORT_ESTIMATE_AND_INTERVAL","May describe direction and approximate magnitude within this single network while reporting the bootstrap interval and its width; interval inclusion of zero is audit information, not a second edge-selection or significance rule; not evidence of a between-group difference.","NOT_PERFORMED_AND_NOT_PERMITTED_FROM_THIS_TABLE"
"2020__no_college_degree",2020,"No college degree",2624,"VCF0879a--VCF9223","VCF0879a","VCF9223","Immig. level -- Immig. jobs",0.450879350905524,TRUE,0.447703667995341,0.0218980806301376,0.407083189645248,0.494675512165799,0.405591357142118,0.490559331421762,0,0.087592322520551,0.084967974279644,FALSE,"POSITIVE","RETAINED_UNDER_EBICGLASSO_REPORT_ESTIMATE_AND_INTERVAL","May describe direction and approximate magnitude within this single network while reporting the bootstrap interval and its width; interval inclusion of zero is audit information, not a second edge-selection or significance rule; not evidence of a between-group difference.","NOT_PERFORMED_AND_NOT_PERMITTED_FROM_THIS_TABLE"
"2020__no_college_degree",2020,"No college degree",2624,"VCF0888--VCF0890","VCF0888","VCF0890","Crime spend -- School spend",0.160016981794788,TRUE,0.151804019042306,0.0327845648357959,0.0944478521231967,0.22558611146638,0.0868279763287467,0.216731243747691,0,0.131138259343183,0.129903267418944,FALSE,"POSITIVE","RETAINED_UNDER_EBICGLASSO_REPORT_ESTIMATE_AND_INTERVAL","May describe direction and approximate magnitude within this single network while reporting the bootstrap interval and its width; interval inclusion of zero is audit information, not a second edge-selection or significance rule; not evidence of a between-group difference.","NOT_PERFORMED_AND_NOT_PERMITTED_FROM_THIS_TABLE"
"2020__no_college_degree",2020,"No college degree",2624,"VCF0888--VCF0894","VCF0888","VCF0894","Crime spend -- Welfare",-0.0487194954142884,TRUE,-0.0401257932262004,0.0259659671236733,-0.100651429661635,0.00321243883305811,-0.0921308586553452,0,0.098,0.103863868494693,0.0921308586553452,TRUE,"NEGATIVE","RETAINED_UNDER_EBICGLASSO_REPORT_ESTIMATE_AND_INTERVAL","May describe direction and approximate magnitude within this single network while reporting the bootstrap interval and its width; interval inclusion of zero is audit information, not a second edge-selection or significance rule; not evidence of a between-group difference.","NOT_PERFORMED_AND_NOT_PERMITTED_FROM_THIS_TABLE"
"2020__no_college_degree",2020,"No college degree",2624,"VCF0888--VCF9223","VCF0888","VCF9223","Crime spend -- Immig. jobs",-0.121764467138877,TRUE,-0.118982665985158,0.0282819325628631,-0.178328332264603,-0.0652006020131504,-0.174221137916747,-0.0639917592801338,0,0.113127730251453,0.110229378636613,FALSE,"NEGATIVE","RETAINED_UNDER_EBICGLASSO_REPORT_ESTIMATE_AND_INTERVAL","May describe direction and approximate magnitude within this single network while reporting the bootstrap interval and its width; interval inclusion of zero is audit information, not a second edge-selection or significance rule; not evidence of a between-group difference.","NOT_PERFORMED_AND_NOT_PERMITTED_FROM_THIS_TABLE"
"2020__no_college_degree",2020,"No college degree",2624,"VCF0890--VCF0894","VCF0890","VCF0894","School spend -- Welfare",0.147632924109957,TRUE,0.143389452636347,0.0287137010510371,0.0902055220078833,0.205060326212032,0.0850875740734022,0.197729577302214,0,0.114854804204149,0.112642003228812,FALSE,"POSITIVE","RETAINED_UNDER_EBICGLASSO_REPORT_ESTIMATE_AND_INTERVAL","May describe direction and approximate magnitude within this single network while reporting the bootstrap interval and its width; interval inclusion of zero is audit information, not a second edge-selection or significance rule; not evidence of a between-group difference.","NOT_PERFORMED_AND_NOT_PERMITTED_FROM_THIS_TABLE"
"2020__no_college_degree",2020,"No college degree",2624,"VCF0890--VCF9223","VCF0890","VCF9223","School spend -- Immig. jobs",0.0912963342182523,TRUE,0.0853476700614943,0.0275198333354039,0.0362566675474444,0.14633600088906,0.0327165089054624,0.140667465520569,0.003,0.110079333341616,0.107950956615107,FALSE,"POSITIVE","RETAINED_UNDER_EBICGLASSO_REPORT_ESTIMATE_AND_INTERVAL","May describe direction and approximate magnitude within this single network while reporting the bootstrap interval and its width; interval inclusion of zero is audit information, not a second edge-selection or significance rule; not evidence of a between-group difference.","NOT_PERFORMED_AND_NOT_PERMITTED_FROM_THIS_TABLE"
"2020__no_college_degree",2020,"No college degree",2624,"VCF0894--VCF9223","VCF0894","VCF9223","Welfare -- Immig. jobs",0.00319433093355599,TRUE,0.0124874612297706,0.0172746515261672,-0.0313549721187785,0.0377436339858904,0,0.0543251591139772,0.423,0.0690986061046689,0.0543251591139772,TRUE,"POSITIVE","RETAINED_UNDER_EBICGLASSO_REPORT_ESTIMATE_AND_INTERVAL","May describe direction and approximate magnitude within this single network while reporting the bootstrap interval and its width; interval inclusion of zero is audit information, not a second edge-selection or significance rule; not evidence of a between-group difference.","NOT_PERFORMED_AND_NOT_PERMITTED_FROM_THIS_TABLE"
"2020__college_or_advanced",2020,"College or advanced degree",2691,"VCF0806--VCF0809","VCF0806","VCF0809","Health -- Jobs",0.332967313519531,TRUE,0.332149961248252,0.0238300395798266,0.285307234359878,0.380627392679185,0.284477375805118,0.376527245252189,0,0.095320158319307,0.092049869447071,FALSE,"POSITIVE","RETAINED_UNDER_EBICGLASSO_REPORT_ESTIMATE_AND_INTERVAL","May describe direction and approximate magnitude within this single network while reporting the bootstrap interval and its width; interval inclusion of zero is audit information, not a second edge-selection or significance rule; not evidence of a between-group difference.","NOT_PERFORMED_AND_NOT_PERMITTED_FROM_THIS_TABLE"
"2020__college_or_advanced",2020,"College or advanced degree",2691,"VCF0806--VCF0838","VCF0806","VCF0838","Health -- Abortion",0.194403105963207,TRUE,0.196610467036859,0.0249103397818281,0.144582426399551,0.244223785526864,0.144779794134433,0.242795102491767,0,0.099641359127313,0.098015308357334,FALSE,"POSITIVE","RETAINED_UNDER_EBICGLASSO_REPORT_ESTIMATE_AND_INTERVAL","May describe direction and approximate magnitude within this single network while reporting the bootstrap interval and its width; interval inclusion of zero is audit information, not a second edge-selection or significance rule; not evidence of a between-group difference.","NOT_PERFORMED_AND_NOT_PERMITTED_FROM_THIS_TABLE"
"2020__college_or_advanced",2020,"College or advanced degree",2691,"VCF0806--VCF0839","VCF0806","VCF0839","Health -- Services",0.230260051180307,TRUE,0.230401290864891,0.0252717302736596,0.179716590632988,0.280803511727626,0.181416350900747,0.280311638235861,0,0.101086921094638,0.098895287335114,FALSE,"POSITIVE","RETAINED_UNDER_EBICGLASSO_REPORT_ESTIMATE_AND_INTERVAL","May describe direction and approximate magnitude within this single network while reporting the bootstrap interval and its width; interval inclusion of zero is audit information, not a second edge-selection or significance rule; not evidence of a between-group difference.","NOT_PERFORMED_AND_NOT_PERMITTED_FROM_THIS_TABLE"
"2020__college_or_advanced",2020,"College or advanced degree",2691,"VCF0806--VCF0879a","VCF0806","VCF0879a","Health -- Immig. level",0.068634738755521,TRUE,0.0671032998071678,0.0260305717232281,0.0165735953090648,0.120695882201977,0.0162401719850199,0.11782833109274,0.004,0.104122286892912,0.10158815910772,FALSE,"POSITIVE","RETAINED_UNDER_EBICGLASSO_REPORT_ESTIMATE_AND_INTERVAL","May describe direction and approximate magnitude within this single network while reporting the bootstrap interval and its width; interval inclusion of zero is audit information, not a second edge-selection or significance rule; not evidence of a between-group difference.","NOT_PERFORMED_AND_NOT_PERMITTED_FROM_THIS_TABLE"
"2020__college_or_advanced",2020,"College or advanced degree",2691,"VCF0806--VCF0888","VCF0806","VCF0888","Health -- Crime spend",-0.134551537093589,TRUE,-0.13420861060547,0.0263425842883468,-0.187236705670283,-0.0818663685168959,-0.184514653633712,-0.0834868837254675,0,0.105370337153387,0.101027769908244,FALSE,"NEGATIVE","RETAINED_UNDER_EBICGLASSO_REPORT_ESTIMATE_AND_INTERVAL","May describe direction and approximate magnitude within this single network while reporting the bootstrap interval and its width; interval inclusion of zero is audit information, not a second edge-selection or significance rule; not evidence of a between-group difference.","NOT_PERFORMED_AND_NOT_PERMITTED_FROM_THIS_TABLE"
"2020__college_or_advanced",2020,"College or advanced degree",2691,"VCF0806--VCF0890","VCF0806","VCF0890","Health -- School spend",0.065054199320793,TRUE,0.0645929182102231,0.0294842454918903,0.00608570833701238,0.124022690304574,0.00616958591243097,0.124773549080456,0.011,0.117936981967562,0.118603963168025,FALSE,"POSITIVE","RETAINED_UNDER_EBICGLASSO_REPORT_ESTIMATE_AND_INTERVAL","May describe direction and approximate magnitude within this single network while reporting the bootstrap interval and its width; interval inclusion of zero is audit information, not a second edge-selection or significance rule; not evidence of a between-group difference.","NOT_PERFORMED_AND_NOT_PERMITTED_FROM_THIS_TABLE"
"2020__college_or_advanced",2020,"College or advanced degree",2691,"VCF0806--VCF0894","VCF0806","VCF0894","Health -- Welfare",0.0598326847043004,TRUE,0.0600952628557292,0.0279185382159464,0.00399560827240757,0.115669761136193,0.00420423153274775,0.11813850844089,0.017,0.111674152863785,0.113934276908142,FALSE,"POSITIVE","RETAINED_UNDER_EBICGLASSO_REPORT_ESTIMATE_AND_INTERVAL","May describe direction and approximate magnitude within this single network while reporting the bootstrap interval and its width; interval inclusion of zero is audit information, not a second edge-selection or significance rule; not evidence of a between-group difference.","NOT_PERFORMED_AND_NOT_PERMITTED_FROM_THIS_TABLE"
"2020__college_or_advanced",2020,"College or advanced degree",2691,"VCF0806--VCF9223","VCF0806","VCF9223","Health -- Immig. jobs",0.0522172082501678,TRUE,0.051548533088049,0.0241666246459133,0.0038839589583413,0.100550457541994,0,0.100899367973038,0.027,0.0966664985836527,0.100899367973038,TRUE,"POSITIVE","RETAINED_UNDER_EBICGLASSO_REPORT_ESTIMATE_AND_INTERVAL","May describe direction and approximate magnitude within this single network while reporting the bootstrap interval and its width; interval inclusion of zero is audit information, not a second edge-selection or significance rule; not evidence of a between-group difference.","NOT_PERFORMED_AND_NOT_PERMITTED_FROM_THIS_TABLE"
"2020__college_or_advanced",2020,"College or advanced degree",2691,"VCF0809--VCF0838","VCF0809","VCF0838","Jobs -- Abortion",0.05282704032314,TRUE,0.0510334143703559,0.0268210244120708,-0.000815008501001621,0.106469089147282,0,0.103763357281773,0.042,0.107284097648284,0.103763357281773,TRUE,"POSITIVE","RETAINED_UNDER_EBICGLASSO_REPORT_ESTIMATE_AND_INTERVAL","May describe direction and approximate magnitude within this single network while reporting the bootstrap interval and its width; interval inclusion of zero is audit information, not a second edge-selection or significance rule; not evidence of a between-group difference.","NOT_PERFORMED_AND_NOT_PERMITTED_FROM_THIS_TABLE"
"2020__college_or_advanced",2020,"College or advanced degree",2691,"VCF0809--VCF0839","VCF0809","VCF0839","Jobs -- Services",0.271644723710987,TRUE,0.271486489170321,0.0257323704986392,0.220179982713708,0.323109464708265,0.221205799575949,0.31922996288479,0,0.102929481994557,0.098024163308841,FALSE,"POSITIVE","RETAINED_UNDER_EBICGLASSO_REPORT_ESTIMATE_AND_INTERVAL","May describe direction and approximate magnitude within this single network while reporting the bootstrap interval and its width; interval inclusion of zero is audit information, not a second edge-selection or significance rule; not evidence of a between-group difference.","NOT_PERFORMED_AND_NOT_PERMITTED_FROM_THIS_TABLE"
"2020__college_or_advanced",2020,"College or advanced degree",2691,"VCF0809--VCF0879a","VCF0809","VCF0879a","Jobs -- Immig. level",0.00889375544138231,TRUE,0.0148413170804058,0.0179218226237506,-0.0269498898061189,0.0447374006888836,0,0.0607181630874874,0.366,0.0716872904950025,0.0607181630874874,TRUE,"POSITIVE","RETAINED_UNDER_EBICGLASSO_REPORT_ESTIMATE_AND_INTERVAL","May describe direction and approximate magnitude within this single network while reporting the bootstrap interval and its width; interval inclusion of zero is audit information, not a second edge-selection or significance rule; not evidence of a between-group difference.","NOT_PERFORMED_AND_NOT_PERMITTED_FROM_THIS_TABLE"
"2020__college_or_advanced",2020,"College or advanced degree",2691,"VCF0809--VCF0888","VCF0809","VCF0888","Jobs -- Crime spend",-0.0673313720502104,TRUE,-0.0649253440308519,0.0257504590521396,-0.11883229015449,-0.0158304539459312,-0.115958232556969,-0.0144567272098955,0.007,0.103001836208559,0.101501505347074,FALSE,"NEGATIVE","RETAINED_UNDER_EBICGLASSO_REPORT_ESTIMATE_AND_INTERVAL","May describe direction and approximate magnitude within this single network while reporting the bootstrap interval and its width; interval inclusion of zero is audit information, not a second edge-selection or significance rule; not evidence of a between-group difference.","NOT_PERFORMED_AND_NOT_PERMITTED_FROM_THIS_TABLE"
"2020__college_or_advanced",2020,"College or advanced degree",2691,"VCF0809--VCF0890","VCF0809","VCF0890","Jobs -- School spend",0.0939743061540052,TRUE,0.0939949615166175,0.0296022688026769,0.0347697685486513,0.153178843759359,0.0347654521765924,0.148445292196052,0.001,0.118409075210708,0.11367984001946,FALSE,"POSITIVE","RETAINED_UNDER_EBICGLASSO_REPORT_ESTIMATE_AND_INTERVAL","May describe direction and approximate magnitude within this single network while reporting the bootstrap interval and its width; interval inclusion of zero is audit information, not a second edge-selection or significance rule; not evidence of a between-group difference.","NOT_PERFORMED_AND_NOT_PERMITTED_FROM_THIS_TABLE"
"2020__college_or_advanced",2020,"College or advanced degree",2691,"VCF0809--VCF0894","VCF0809","VCF0894","Jobs -- Welfare",0.162903958882011,TRUE,0.161078432787997,0.0268933603614937,0.109117238159024,0.216690679604998,0.107858149849957,0.214382788646672,0,0.107573441445974,0.106524638796715,FALSE,"POSITIVE","RETAINED_UNDER_EBICGLASSO_REPORT_ESTIMATE_AND_INTERVAL","May describe direction and approximate magnitude within this single network while reporting the bootstrap interval and its width; interval inclusion of zero is audit information, not a second edge-selection or significance rule; not evidence of a between-group difference.","NOT_PERFORMED_AND_NOT_PERMITTED_FROM_THIS_TABLE"
"2020__college_or_advanced",2020,"College or advanced degree",2691,"VCF0809--VCF9223","VCF0809","VCF9223","Jobs -- Immig. jobs",0,FALSE,0.000836777390459789,0.0129142504498633,-0.0258285008997265,0.0258285008997265,-0.0337501219491713,0.028881212087249,0.662,0.051657001799453,0.0626313340364203,TRUE,"ZERO","NOT_RETAINED_UNDER_REGULARISATION_DO_NOT_CALL_ABSENT","State only that the edge was not retained under the frozen regularisation procedure; do not claim absence.","NOT_PERFORMED_AND_NOT_PERMITTED_FROM_THIS_TABLE"
"2020__college_or_advanced",2020,"College or advanced degree",2691,"VCF0838--VCF0839","VCF0838","VCF0839","Abortion -- Services",0.0538031650430044,TRUE,0.0525119764248578,0.027409569586446,-0.00101597412988761,0.108622304215896,0,0.106076255941709,0.03,0.109638278345784,0.106076255941709,TRUE,"POSITIVE","RETAINED_UNDER_EBICGLASSO_REPORT_ESTIMATE_AND_INTERVAL","May describe direction and approximate magnitude within this single network while reporting the bootstrap interval and its width; interval inclusion of zero is audit information, not a second edge-selection or significance rule; not evidence of a between-group difference.","NOT_PERFORMED_AND_NOT_PERMITTED_FROM_THIS_TABLE"
"2020__college_or_advanced",2020,"College or advanced degree",2691,"VCF0838--VCF0879a","VCF0838","VCF0879a","Abortion -- Immig. level",0.00744475377974137,TRUE,0.0153858157542442,0.0225835074552038,-0.0377222611306662,0.0526117686901489,-0.0237087137502389,0.0694538813755707,0.369,0.0903340298208151,0.0931625951258096,TRUE,"POSITIVE","RETAINED_UNDER_EBICGLASSO_REPORT_ESTIMATE_AND_INTERVAL","May describe direction and approximate magnitude within this single network while reporting the bootstrap interval and its width; interval inclusion of zero is audit information, not a second edge-selection or significance rule; not evidence of a between-group difference.","NOT_PERFORMED_AND_NOT_PERMITTED_FROM_THIS_TABLE"
"2020__college_or_advanced",2020,"College or advanced degree",2691,"VCF0838--VCF0888","VCF0838","VCF0888","Abortion -- Crime spend",-0.116716140134773,TRUE,-0.115502111376153,0.0293269759565298,-0.175370092047833,-0.0580621882217138,-0.170418901412913,-0.0569667170650315,0,0.117307903826119,0.113452184347881,FALSE,"NEGATIVE","RETAINED_UNDER_EBICGLASSO_REPORT_ESTIMATE_AND_INTERVAL","May describe direction and approximate magnitude within this single network while reporting the bootstrap interval and its width; interval inclusion of zero is audit information, not a second edge-selection or significance rule; not evidence of a between-group difference.","NOT_PERFORMED_AND_NOT_PERMITTED_FROM_THIS_TABLE"
"2020__college_or_advanced",2020,"College or advanced degree",2691,"VCF0838--VCF0890","VCF0838","VCF0890","Abortion -- School spend",0.0945877983541494,TRUE,0.0940666628183269,0.0294821175896777,0.035623563174794,0.153552033533505,0.0368311506184811,0.151286040257435,0,0.117928470358711,0.114454889638954,FALSE,"POSITIVE","RETAINED_UNDER_EBICGLASSO_REPORT_ESTIMATE_AND_INTERVAL","May describe direction and approximate magnitude within this single network while reporting the bootstrap interval and its width; interval inclusion of zero is audit information, not a second edge-selection or significance rule; not evidence of a between-group difference.","NOT_PERFORMED_AND_NOT_PERMITTED_FROM_THIS_TABLE"
"2020__college_or_advanced",2020,"College or advanced degree",2691,"VCF0838--VCF0894","VCF0838","VCF0894","Abortion -- Welfare",0.110368355926429,TRUE,0.108621770337868,0.0297081074685323,0.0509521409893643,0.169784570863493,0.0500935685621138,0.168602063267088,0.001,0.118832429874129,0.118508494704974,FALSE,"POSITIVE","RETAINED_UNDER_EBICGLASSO_REPORT_ESTIMATE_AND_INTERVAL","May describe direction and approximate magnitude within this single network while reporting the bootstrap interval and its width; interval inclusion of zero is audit information, not a second edge-selection or significance rule; not evidence of a between-group difference.","NOT_PERFORMED_AND_NOT_PERMITTED_FROM_THIS_TABLE"
"2020__college_or_advanced",2020,"College or advanced degree",2691,"VCF0838--VCF9223","VCF0838","VCF9223","Abortion -- Immig. jobs",0.115092465199481,TRUE,0.10976853761178,0.0269104353051751,0.0612715945891303,0.168913335809831,0.0577649032006265,0.163912034323637,0,0.107641741220701,0.10614713112301,FALSE,"POSITIVE","RETAINED_UNDER_EBICGLASSO_REPORT_ESTIMATE_AND_INTERVAL","May describe direction and approximate magnitude within this single network while reporting the bootstrap interval and its width; interval inclusion of zero is audit information, not a second edge-selection or significance rule; not evidence of a between-group difference.","NOT_PERFORMED_AND_NOT_PERMITTED_FROM_THIS_TABLE"
"2020__college_or_advanced",2020,"College or advanced degree",2691,"VCF0839--VCF0879a","VCF0839","VCF0879a","Services -- Immig. level",0,FALSE,-0.00780229271584777,0.0167108950433088,-0.0334217900866176,0.0334217900866176,-0.0524689568673041,0.0134564060364855,0.655,0.0668435801732352,0.0659253629037896,TRUE,"ZERO","NOT_RETAINED_UNDER_REGULARISATION_DO_NOT_CALL_ABSENT","State only that the edge was not retained under the frozen regularisation procedure; do not claim absence.","NOT_PERFORMED_AND_NOT_PERMITTED_FROM_THIS_TABLE"
"2020__college_or_advanced",2020,"College or advanced degree",2691,"VCF0839--VCF0888","VCF0839","VCF0888","Services -- Crime spend",0.0451700609483132,TRUE,0.0402591913056153,0.0251192404334521,-0.00506841991859103,0.0954085418152174,0,0.0918822112542921,0.127,0.100476961733808,0.0918822112542921,TRUE,"POSITIVE","RETAINED_UNDER_EBICGLASSO_REPORT_ESTIMATE_AND_INTERVAL","May describe direction and approximate magnitude within this single network while reporting the bootstrap interval and its width; interval inclusion of zero is audit information, not a second edge-selection or significance rule; not evidence of a between-group difference.","NOT_PERFORMED_AND_NOT_PERMITTED_FROM_THIS_TABLE"
"2020__college_or_advanced",2020,"College or advanced degree",2691,"VCF0839--VCF0890","VCF0839","VCF0890","Services -- School spend",0.239714481301498,TRUE,0.241295138235998,0.0288980284666501,0.181918424368197,0.297510538234798,0.183200830394072,0.297597368982493,0,0.115592113866601,0.114396538588421,FALSE,"POSITIVE","RETAINED_UNDER_EBICGLASSO_REPORT_ESTIMATE_AND_INTERVAL","May describe direction and approximate magnitude within this single network while reporting the bootstrap interval and its width; interval inclusion of zero is audit information, not a second edge-selection or significance rule; not evidence of a between-group difference.","NOT_PERFORMED_AND_NOT_PERMITTED_FROM_THIS_TABLE"
"2020__college_or_advanced",2020,"College or advanced degree",2691,"VCF0839--VCF0894","VCF0839","VCF0894","Services -- Welfare",0.238960597894267,TRUE,0.241008383240858,0.0271489265409812,0.184662744812304,0.293258450976229,0.186028387082356,0.292071226598487,0,0.108595706163925,0.106042839516131,FALSE,"POSITIVE","RETAINED_UNDER_EBICGLASSO_REPORT_ESTIMATE_AND_INTERVAL","May describe direction and approximate magnitude within this single network while reporting the bootstrap interval and its width; interval inclusion of zero is audit information, not a second edge-selection or significance rule; not evidence of a between-group difference.","NOT_PERFORMED_AND_NOT_PERMITTED_FROM_THIS_TABLE"
"2020__college_or_advanced",2020,"College or advanced degree",2691,"VCF0839--VCF9223","VCF0839","VCF9223","Services -- Immig. jobs",0.0276535593116474,TRUE,0.029091562304412,0.0221276048910115,-0.0166016504703755,0.0719087690936704,0,0.0751883361949093,0.153,0.0885104195640459,0.0751883361949093,TRUE,"POSITIVE","RETAINED_UNDER_EBICGLASSO_REPORT_ESTIMATE_AND_INTERVAL","May describe direction and approximate magnitude within this single network while reporting the bootstrap interval and its width; interval inclusion of zero is audit information, not a second edge-selection or significance rule; not evidence of a between-group difference.","NOT_PERFORMED_AND_NOT_PERMITTED_FROM_THIS_TABLE"
"2020__college_or_advanced",2020,"College or advanced degree",2691,"VCF0879a--VCF0888","VCF0879a","VCF0888","Immig. level -- Crime spend",-0.230192201998022,TRUE,-0.230375799007955,0.0286347923908783,-0.287461786779778,-0.172922617216265,-0.28391328259928,-0.17234387752875,0,0.114539169563513,0.11156940507053,FALSE,"NEGATIVE","RETAINED_UNDER_EBICGLASSO_REPORT_ESTIMATE_AND_INTERVAL","May describe direction and approximate magnitude within this single network while reporting the bootstrap interval and its width; interval inclusion of zero is audit information, not a second edge-selection or significance rule; not evidence of a between-group difference.","NOT_PERFORMED_AND_NOT_PERMITTED_FROM_THIS_TABLE"
"2020__college_or_advanced",2020,"College or advanced degree",2691,"VCF0879a--VCF0890","VCF0879a","VCF0890","Immig. level -- School spend",0.0226743472300467,TRUE,0.0289696629992787,0.027590824413541,-0.0325073015970352,0.0778559960571286,0,0.0884788042561562,0.215,0.110363297654164,0.0884788042561562,TRUE,"POSITIVE","RETAINED_UNDER_EBICGLASSO_REPORT_ESTIMATE_AND_INTERVAL","May describe direction and approximate magnitude within this single network while reporting the bootstrap interval and its width; interval inclusion of zero is audit information, not a second edge-selection or significance rule; not evidence of a between-group difference.","NOT_PERFORMED_AND_NOT_PERMITTED_FROM_THIS_TABLE"
"2020__college_or_advanced",2020,"College or advanced degree",2691,"VCF0879a--VCF0894","VCF0879a","VCF0894","Immig. level -- Welfare",0.254954123603248,TRUE,0.251327963757957,0.0257890555465884,0.203376012510071,0.306532234696425,0.19952852190679,0.300316703174173,0,0.103156222186354,0.100788181267383,FALSE,"POSITIVE","RETAINED_UNDER_EBICGLASSO_REPORT_ESTIMATE_AND_INTERVAL","May describe direction and approximate magnitude within this single network while reporting the bootstrap interval and its width; interval inclusion of zero is audit information, not a second edge-selection or significance rule; not evidence of a between-group difference.","NOT_PERFORMED_AND_NOT_PERMITTED_FROM_THIS_TABLE"
"2020__college_or_advanced",2020,"College or advanced degree",2691,"VCF0879a--VCF9223","VCF0879a","VCF9223","Immig. level -- Immig. jobs",0.386559327932715,TRUE,0.382817821564414,0.0248114426388236,0.336936442655068,0.436182213210362,0.334591525021538,0.4312870472069,0,0.099245770555294,0.096695522185362,FALSE,"POSITIVE","RETAINED_UNDER_EBICGLASSO_REPORT_ESTIMATE_AND_INTERVAL","May describe direction and approximate magnitude within this single network while reporting the bootstrap interval and its width; interval inclusion of zero is audit information, not a second edge-selection or significance rule; not evidence of a between-group difference.","NOT_PERFORMED_AND_NOT_PERMITTED_FROM_THIS_TABLE"
"2020__college_or_advanced",2020,"College or advanced degree",2691,"VCF0888--VCF0890","VCF0888","VCF0890","Crime spend -- School spend",0.13021606709857,TRUE,0.12831213832101,0.0317107432736947,0.0667945805511801,0.193637553645959,0.0675518856078747,0.190593575765873,0.001,0.126842973094779,0.123041690157998,FALSE,"POSITIVE","RETAINED_UNDER_EBICGLASSO_REPORT_ESTIMATE_AND_INTERVAL","May describe direction and approximate magnitude within this single network while reporting the bootstrap interval and its width; interval inclusion of zero is audit information, not a second edge-selection or significance rule; not evidence of a between-group difference.","NOT_PERFORMED_AND_NOT_PERMITTED_FROM_THIS_TABLE"
"2020__college_or_advanced",2020,"College or advanced degree",2691,"VCF0888--VCF0894","VCF0888","VCF0894","Crime spend -- Welfare",-0.0780924328201785,TRUE,-0.0763664547531882,0.0293956036448669,-0.136883640109912,-0.0193012255304447,-0.131851723019216,-0.0173141362764396,0.004,0.117582414579467,0.114537586742776,FALSE,"NEGATIVE","RETAINED_UNDER_EBICGLASSO_REPORT_ESTIMATE_AND_INTERVAL","May describe direction and approximate magnitude within this single network while reporting the bootstrap interval and its width; interval inclusion of zero is audit information, not a second edge-selection or significance rule; not evidence of a between-group difference.","NOT_PERFORMED_AND_NOT_PERMITTED_FROM_THIS_TABLE"
"2020__college_or_advanced",2020,"College or advanced degree",2691,"VCF0888--VCF9223","VCF0888","VCF9223","Crime spend -- Immig. jobs",-0.0852777673821497,TRUE,-0.0840691025052,0.028908011189685,-0.14309378976152,-0.0274617450027796,-0.138011318524146,-0.0268943920321767,0.002,0.11563204475874,0.111116926491969,FALSE,"NEGATIVE","RETAINED_UNDER_EBICGLASSO_REPORT_ESTIMATE_AND_INTERVAL","May describe direction and approximate magnitude within this single network while reporting the bootstrap interval and its width; interval inclusion of zero is audit information, not a second edge-selection or significance rule; not evidence of a between-group difference.","NOT_PERFORMED_AND_NOT_PERMITTED_FROM_THIS_TABLE"
"2020__college_or_advanced",2020,"College or advanced degree",2691,"VCF0890--VCF0894","VCF0890","VCF0894","School spend -- Welfare",0.150420483312784,TRUE,0.145822633467258,0.0323218147526339,0.0857768538075166,0.215064112818052,0.0817013943842539,0.209580190726586,0,0.129287259010535,0.127878796342332,FALSE,"POSITIVE","RETAINED_UNDER_EBICGLASSO_REPORT_ESTIMATE_AND_INTERVAL","May describe direction and approximate magnitude within this single network while reporting the bootstrap interval and its width; interval inclusion of zero is audit information, not a second edge-selection or significance rule; not evidence of a between-group difference.","NOT_PERFORMED_AND_NOT_PERMITTED_FROM_THIS_TABLE"
"2020__college_or_advanced",2020,"College or advanced degree",2691,"VCF0890--VCF9223","VCF0890","VCF9223","School spend -- Immig. jobs",0.110409008936551,TRUE,0.106824965676876,0.0288746202609922,0.0526597684145665,0.168158249458535,0.050173596164489,0.16509542516,0,0.115498481043968,0.114921828995511,FALSE,"POSITIVE","RETAINED_UNDER_EBICGLASSO_REPORT_ESTIMATE_AND_INTERVAL","May describe direction and approximate magnitude within this single network while reporting the bootstrap interval and its width; interval inclusion of zero is audit information, not a second edge-selection or significance rule; not evidence of a between-group difference.","NOT_PERFORMED_AND_NOT_PERMITTED_FROM_THIS_TABLE"
"2020__college_or_advanced",2020,"College or advanced degree",2691,"VCF0894--VCF9223","VCF0894","VCF9223","Welfare -- Immig. jobs",0,FALSE,0.00772869620661028,0.018530482237213,-0.037060964474426,0.037060964474426,-0.0292244386682937,0.0533924568722943,0.506,0.074121928948852,0.082616895540588,TRUE,"ZERO","NOT_RETAINED_UNDER_REGULARISATION_DO_NOT_CALL_ABSENT","State only that the edge was not retained under the frozen regularisation procedure; do not claim absence.","NOT_PERFORMED_AND_NOT_PERMITTED_FROM_THIS_TABLE"
"2024__no_college_degree",2024,"No college degree",1729,"VCF0806--VCF0809","VCF0806","VCF0809","Health -- Jobs",0.266853691557512,TRUE,0.266601653745352,0.0304324947486047,0.205988702060302,0.327718681054721,0.209243355345063,0.326006230718783,0,0.121729978994419,0.11676287537372,FALSE,"POSITIVE","RETAINED_UNDER_EBICGLASSO_REPORT_ESTIMATE_AND_INTERVAL","May describe direction and approximate magnitude within this single network while reporting the bootstrap interval and its width; interval inclusion of zero is audit information, not a second edge-selection or significance rule; not evidence of a between-group difference.","NOT_PERFORMED_AND_NOT_PERMITTED_FROM_THIS_TABLE"
"2024__no_college_degree",2024,"No college degree",1729,"VCF0806--VCF0838","VCF0806","VCF0838","Health -- Abortion",0.0792279072757887,TRUE,0.0815154198783399,0.0301873320918326,0.0188532430921236,0.139602571459454,0.0237358318886128,0.139928693458143,0.007,0.12074932836733,0.11619286156953,FALSE,"POSITIVE","RETAINED_UNDER_EBICGLASSO_REPORT_ESTIMATE_AND_INTERVAL","May describe direction and approximate magnitude within this single network while reporting the bootstrap interval and its width; interval inclusion of zero is audit information, not a second edge-selection or significance rule; not evidence of a between-group difference.","NOT_PERFORMED_AND_NOT_PERMITTED_FROM_THIS_TABLE"
"2024__no_college_degree",2024,"No college degree",1729,"VCF0806--VCF0839","VCF0806","VCF0839","Health -- Services",0.14705691449588,TRUE,0.144606421789556,0.0304151378425358,0.0862266388108086,0.207887190180952,0.0833499289116777,0.203734583545303,0,0.121660551370143,0.120384654633625,FALSE,"POSITIVE","RETAINED_UNDER_EBICGLASSO_REPORT_ESTIMATE_AND_INTERVAL","May describe direction and approximate magnitude within this single network while reporting the bootstrap interval and its width; interval inclusion of zero is audit information, not a second edge-selection or significance rule; not evidence of a between-group difference.","NOT_PERFORMED_AND_NOT_PERMITTED_FROM_THIS_TABLE"
"2024__no_college_degree",2024,"No college degree",1729,"VCF0806--VCF0879a","VCF0806","VCF0879a","Health -- Immig. level",0.00982264829355085,TRUE,0.0138941293573268,0.0212395185443197,-0.0326563887950885,0.0523016853821902,-0.0215985423056436,0.0621398177379165,0.43,0.0849580741772787,0.0837383600435601,TRUE,"POSITIVE","RETAINED_UNDER_EBICGLASSO_REPORT_ESTIMATE_AND_INTERVAL","May describe direction and approximate magnitude within this single network while reporting the bootstrap interval and its width; interval inclusion of zero is audit information, not a second edge-selection or significance rule; not evidence of a between-group difference.","NOT_PERFORMED_AND_NOT_PERMITTED_FROM_THIS_TABLE"
"2024__no_college_degree",2024,"No college degree",1729,"VCF0806--VCF0888","VCF0806","VCF0888","Health -- Crime spend",-0.110339774017324,TRUE,-0.105953636023214,0.0327991596611773,-0.175938093339679,-0.0447414546949696,-0.167940080940782,-0.0418275976100679,0.002,0.131196638644709,0.126112483330714,FALSE,"NEGATIVE","RETAINED_UNDER_EBICGLASSO_REPORT_ESTIMATE_AND_INTERVAL","May describe direction and approximate magnitude within this single network while reporting the bootstrap interval and its width; interval inclusion of zero is audit information, not a second edge-selection or significance rule; not evidence of a between-group difference.","NOT_PERFORMED_AND_NOT_PERMITTED_FROM_THIS_TABLE"
"2024__no_college_degree",2024,"No college degree",1729,"VCF0806--VCF0890","VCF0806","VCF0890","Health -- School spend",0.114732332043166,TRUE,0.114135841747296,0.0330038107298206,0.0487247105835251,0.180739953502807,0.0468369143167636,0.172884833907067,0,0.132015242919282,0.126047919590303,FALSE,"POSITIVE","RETAINED_UNDER_EBICGLASSO_REPORT_ESTIMATE_AND_INTERVAL","May describe direction and approximate magnitude within this single network while reporting the bootstrap interval and its width; interval inclusion of zero is audit information, not a second edge-selection or significance rule; not evidence of a between-group difference.","NOT_PERFORMED_AND_NOT_PERMITTED_FROM_THIS_TABLE"
"2024__no_college_degree",2024,"No college degree",1729,"VCF0806--VCF0894","VCF0806","VCF0894","Health -- Welfare",0.14517828900853,TRUE,0.14415311043211,0.03085924824761,0.0834597925133103,0.20689678550375,0.0828661175073522,0.20337981611483,0,0.12343699299044,0.120513698607478,FALSE,"POSITIVE","RETAINED_UNDER_EBICGLASSO_REPORT_ESTIMATE_AND_INTERVAL","May describe direction and approximate magnitude within this single network while reporting the bootstrap interval and its width; interval inclusion of zero is audit information, not a second edge-selection or significance rule; not evidence of a between-group difference.","NOT_PERFORMED_AND_NOT_PERMITTED_FROM_THIS_TABLE"
"2024__no_college_degree",2024,"No college degree",1729,"VCF0806--VCF9223","VCF0806","VCF9223","Health -- Immig. jobs",0.111020846932341,TRUE,0.109200103825277,0.0276056036330553,0.0558096396662304,0.166232054198452,0.0533632281093365,0.162244349443665,0,0.110422414532222,0.108881121334329,FALSE,"POSITIVE","RETAINED_UNDER_EBICGLASSO_REPORT_ESTIMATE_AND_INTERVAL","May describe direction and approximate magnitude within this single network while reporting the bootstrap interval and its width; interval inclusion of zero is audit information, not a second edge-selection or significance rule; not evidence of a between-group difference.","NOT_PERFORMED_AND_NOT_PERMITTED_FROM_THIS_TABLE"
"2024__no_college_degree",2024,"No college degree",1729,"VCF0809--VCF0838","VCF0809","VCF0838","Jobs -- Abortion",0.0844998018663684,TRUE,0.0836902564408418,0.029803519904832,0.0248927620567044,0.144106841676032,0.0252320556850149,0.139480675003484,0.002,0.119214079619328,0.114248619318469,FALSE,"POSITIVE","RETAINED_UNDER_EBICGLASSO_REPORT_ESTIMATE_AND_INTERVAL","May describe direction and approximate magnitude within this single network while reporting the bootstrap interval and its width; interval inclusion of zero is audit information, not a second edge-selection or significance rule; not evidence of a between-group difference.","NOT_PERFORMED_AND_NOT_PERMITTED_FROM_THIS_TABLE"
"2024__no_college_degree",2024,"No college degree",1729,"VCF0809--VCF0839","VCF0809","VCF0839","Jobs -- Services",0.310125561501035,TRUE,0.309288751262453,0.0305084183746123,0.249108724751811,0.37114239825026,0.247103408644713,0.366358099406584,0,0.122033673498449,0.119254690761871,FALSE,"POSITIVE","RETAINED_UNDER_EBICGLASSO_REPORT_ESTIMATE_AND_INTERVAL","May describe direction and approximate magnitude within this single network while reporting the bootstrap interval and its width; interval inclusion of zero is audit information, not a second edge-selection or significance rule; not evidence of a between-group difference.","NOT_PERFORMED_AND_NOT_PERMITTED_FROM_THIS_TABLE"
"2024__no_college_degree",2024,"No college degree",1729,"VCF0809--VCF0879a","VCF0809","VCF0879a","Jobs -- Immig. level",0.00210920878242845,TRUE,0.00902090600907353,0.0188433864813483,-0.0355775641802681,0.039795981745125,-0.0285160465035817,0.0578077745068847,0.483,0.0753735459253931,0.0863238210104664,TRUE,"POSITIVE","RETAINED_UNDER_EBICGLASSO_REPORT_ESTIMATE_AND_INTERVAL","May describe direction and approximate magnitude within this single network while reporting the bootstrap interval and its width; interval inclusion of zero is audit information, not a second edge-selection or significance rule; not evidence of a between-group difference.","NOT_PERFORMED_AND_NOT_PERMITTED_FROM_THIS_TABLE"
"2024__no_college_degree",2024,"No college degree",1729,"VCF0809--VCF0888","VCF0809","VCF0888","Jobs -- Crime spend",-0.042648848781185,TRUE,-0.0395866014552042,0.0314473597860131,-0.105543568353211,0.0202458707908412,-0.10832180383935,0,0.161,0.125789439144052,0.10832180383935,TRUE,"NEGATIVE","RETAINED_UNDER_EBICGLASSO_REPORT_ESTIMATE_AND_INTERVAL","May describe direction and approximate magnitude within this single network while reporting the bootstrap interval and its width; interval inclusion of zero is audit information, not a second edge-selection or significance rule; not evidence of a between-group difference.","NOT_PERFORMED_AND_NOT_PERMITTED_FROM_THIS_TABLE"
"2024__no_college_degree",2024,"No college degree",1729,"VCF0809--VCF0890","VCF0809","VCF0890","Jobs -- School spend",0.0862248873844311,TRUE,0.0873451470223809,0.0332298681920958,0.0197651510002394,0.152684623768623,0.0208541121552017,0.156908352382775,0.005,0.132919472768384,0.136054240227573,FALSE,"POSITIVE","RETAINED_UNDER_EBICGLASSO_REPORT_ESTIMATE_AND_INTERVAL","May describe direction and approximate magnitude within this single network while reporting the bootstrap interval and its width; interval inclusion of zero is audit information, not a second edge-selection or significance rule; not evidence of a between-group difference.","NOT_PERFORMED_AND_NOT_PERMITTED_FROM_THIS_TABLE"
"2024__no_college_degree",2024,"No college degree",1729,"VCF0809--VCF0894","VCF0809","VCF0894","Jobs -- Welfare",0.139332132195131,TRUE,0.137606600854949,0.030704484728894,0.0779231627373429,0.200741101652919,0.0755280093477377,0.19650682449841,0,0.122817938915576,0.120978815150672,FALSE,"POSITIVE","RETAINED_UNDER_EBICGLASSO_REPORT_ESTIMATE_AND_INTERVAL","May describe direction and approximate magnitude within this single network while reporting the bootstrap interval and its width; interval inclusion of zero is audit information, not a second edge-selection or significance rule; not evidence of a between-group difference.","NOT_PERFORMED_AND_NOT_PERMITTED_FROM_THIS_TABLE"
"2024__no_college_degree",2024,"No college degree",1729,"VCF0809--VCF9223","VCF0809","VCF9223","Jobs -- Immig. jobs",0,FALSE,-0.00195664261019544,0.0175638223291653,-0.0351276446583306,0.0351276446583306,-0.0521314101788256,0.0325358912677251,0.68,0.0702552893166612,0.0846673014465507,TRUE,"ZERO","NOT_RETAINED_UNDER_REGULARISATION_DO_NOT_CALL_ABSENT","State only that the edge was not retained under the frozen regularisation procedure; do not claim absence.","NOT_PERFORMED_AND_NOT_PERMITTED_FROM_THIS_TABLE"
"2024__no_college_degree",2024,"No college degree",1729,"VCF0838--VCF0839","VCF0838","VCF0839","Abortion -- Services",0.127697700370257,TRUE,0.124850924017197,0.032064358745309,0.0635689828796396,0.191826417860875,0.0580888276693615,0.189372652912817,0,0.128257434981235,0.131283825243455,FALSE,"POSITIVE","RETAINED_UNDER_EBICGLASSO_REPORT_ESTIMATE_AND_INTERVAL","May describe direction and approximate magnitude within this single network while reporting the bootstrap interval and its width; interval inclusion of zero is audit information, not a second edge-selection or significance rule; not evidence of a between-group difference.","NOT_PERFORMED_AND_NOT_PERMITTED_FROM_THIS_TABLE"
"2024__no_college_degree",2024,"No college degree",1729,"VCF0838--VCF0879a","VCF0838","VCF0879a","Abortion -- Immig. level",0.0137468688878261,TRUE,0.0182403134557886,0.0251482897120438,-0.0365497105362615,0.0640434483119138,-0.0232937395210219,0.0783936255708164,0.361,0.100593158848175,0.101687365091838,TRUE,"POSITIVE","RETAINED_UNDER_EBICGLASSO_REPORT_ESTIMATE_AND_INTERVAL","May describe direction and approximate magnitude within this single network while reporting the bootstrap interval and its width; interval inclusion of zero is audit information, not a second edge-selection or significance rule; not evidence of a between-group difference.","NOT_PERFORMED_AND_NOT_PERMITTED_FROM_THIS_TABLE"
"2024__no_college_degree",2024,"No college degree",1729,"VCF0838--VCF0888","VCF0838","VCF0888","Abortion -- Crime spend",-0.103748643358965,TRUE,-0.102284192519153,0.0366553047210946,-0.177059252801154,-0.0304380339167755,-0.174590988479646,-0.0322276757490567,0.004,0.146621218884379,0.142363312730589,FALSE,"NEGATIVE","RETAINED_UNDER_EBICGLASSO_REPORT_ESTIMATE_AND_INTERVAL","May describe direction and approximate magnitude within this single network while reporting the bootstrap interval and its width; interval inclusion of zero is audit information, not a second edge-selection or significance rule; not evidence of a between-group difference.","NOT_PERFORMED_AND_NOT_PERMITTED_FROM_THIS_TABLE"
"2024__no_college_degree",2024,"No college degree",1729,"VCF0838--VCF0890","VCF0838","VCF0890","Abortion -- School spend",0.0548944735828217,TRUE,0.0568320437432782,0.0334850401648405,-0.0120756067468592,0.121864553912503,0,0.123270523242773,0.064,0.133940160659362,0.123270523242773,TRUE,"POSITIVE","RETAINED_UNDER_EBICGLASSO_REPORT_ESTIMATE_AND_INTERVAL","May describe direction and approximate magnitude within this single network while reporting the bootstrap interval and its width; interval inclusion of zero is audit information, not a second edge-selection or significance rule; not evidence of a between-group difference.","NOT_PERFORMED_AND_NOT_PERMITTED_FROM_THIS_TABLE"
"2024__no_college_degree",2024,"No college degree",1729,"VCF0838--VCF0894","VCF0838","VCF0894","Abortion -- Welfare",0.049577163479253,TRUE,0.0481222422512695,0.0321320812192754,-0.0146869989592978,0.113841325917804,0,0.114106259091377,0.086,0.128528324877102,0.114106259091377,TRUE,"POSITIVE","RETAINED_UNDER_EBICGLASSO_REPORT_ESTIMATE_AND_INTERVAL","May describe direction and approximate magnitude within this single network while reporting the bootstrap interval and its width; interval inclusion of zero is audit information, not a second edge-selection or significance rule; not evidence of a between-group difference.","NOT_PERFORMED_AND_NOT_PERMITTED_FROM_THIS_TABLE"
"2024__no_college_degree",2024,"No college degree",1729,"VCF0838--VCF9223","VCF0838","VCF9223","Abortion -- Immig. jobs",0.247669182195128,TRUE,0.244832726391605,0.0292539368314165,0.189161308532295,0.306177055857961,0.183515736692173,0.302902701090606,0,0.117015747325666,0.119386964398433,FALSE,"POSITIVE","RETAINED_UNDER_EBICGLASSO_REPORT_ESTIMATE_AND_INTERVAL","May describe direction and approximate magnitude within this single network while reporting the bootstrap interval and its width; interval inclusion of zero is audit information, not a second edge-selection or significance rule; not evidence of a between-group difference.","NOT_PERFORMED_AND_NOT_PERMITTED_FROM_THIS_TABLE"
"2024__no_college_degree",2024,"No college degree",1729,"VCF0839--VCF0879a","VCF0839","VCF0879a","Services -- Immig. level",0.019708854043676,TRUE,0.0168668237583568,0.021813136396195,-0.0239174187487139,0.063335126836066,0,0.0695120358568845,0.377,0.0872525455847799,0.0695120358568845,TRUE,"POSITIVE","RETAINED_UNDER_EBICGLASSO_REPORT_ESTIMATE_AND_INTERVAL","May describe direction and approximate magnitude within this single network while reporting the bootstrap interval and its width; interval inclusion of zero is audit information, not a second edge-selection or significance rule; not evidence of a between-group difference.","NOT_PERFORMED_AND_NOT_PERMITTED_FROM_THIS_TABLE"
"2024__no_college_degree",2024,"No college degree",1729,"VCF0839--VCF0888","VCF0839","VCF0888","Services -- Crime spend",-0.0200503580482669,TRUE,-0.0226951479908184,0.0265162912416977,-0.0730829405316623,0.0329822244351285,-0.084700698793837,0,0.369,0.106065164966791,0.084700698793837,TRUE,"NEGATIVE","RETAINED_UNDER_EBICGLASSO_REPORT_ESTIMATE_AND_INTERVAL","May describe direction and approximate magnitude within this single network while reporting the bootstrap interval and its width; interval inclusion of zero is audit information, not a second edge-selection or significance rule; not evidence of a between-group difference.","NOT_PERFORMED_AND_NOT_PERMITTED_FROM_THIS_TABLE"
"2024__no_college_degree",2024,"No college degree",1729,"VCF0839--VCF0890","VCF0839","VCF0890","Services -- School spend",0.256109657274246,TRUE,0.25653263297873,0.0311700076185952,0.193769642037055,0.318449672511436,0.196288017177707,0.317634993481071,0,0.124680030474381,0.121346976303364,FALSE,"POSITIVE","RETAINED_UNDER_EBICGLASSO_REPORT_ESTIMATE_AND_INTERVAL","May describe direction and approximate magnitude within this single network while reporting the bootstrap interval and its width; interval inclusion of zero is audit information, not a second edge-selection or significance rule; not evidence of a between-group difference.","NOT_PERFORMED_AND_NOT_PERMITTED_FROM_THIS_TABLE"
"2024__no_college_degree",2024,"No college degree",1729,"VCF0839--VCF0894","VCF0839","VCF0894","Services -- Welfare",0.170185210833259,TRUE,0.170248838483917,0.0305625349230301,0.109060140987199,0.231310280679319,0.108612055261742,0.227763354465354,0,0.12225013969212,0.119151299203612,FALSE,"POSITIVE","RETAINED_UNDER_EBICGLASSO_REPORT_ESTIMATE_AND_INTERVAL","May describe direction and approximate magnitude within this single network while reporting the bootstrap interval and its width; interval inclusion of zero is audit information, not a second edge-selection or significance rule; not evidence of a between-group difference.","NOT_PERFORMED_AND_NOT_PERMITTED_FROM_THIS_TABLE"
"2024__no_college_degree",2024,"No college degree",1729,"VCF0839--VCF9223","VCF0839","VCF9223","Services -- Immig. jobs",0.0196413430677263,TRUE,0.0227666868452504,0.0223406398865135,-0.0250399367053007,0.0643226228407533,0,0.0740168595807757,0.263,0.089362559546054,0.0740168595807757,TRUE,"POSITIVE","RETAINED_UNDER_EBICGLASSO_REPORT_ESTIMATE_AND_INTERVAL","May describe direction and approximate magnitude within this single network while reporting the bootstrap interval and its width; interval inclusion of zero is audit information, not a second edge-selection or significance rule; not evidence of a between-group difference.","NOT_PERFORMED_AND_NOT_PERMITTED_FROM_THIS_TABLE"
"2024__no_college_degree",2024,"No college degree",1729,"VCF0879a--VCF0888","VCF0879a","VCF0888","Immig. level -- Crime spend",-0.0648930651039733,TRUE,-0.0630033432193682,0.035180190712244,-0.135253446528461,0.00546731632051475,-0.135618542526747,0,0.055,0.140720762848976,0.135618542526747,TRUE,"NEGATIVE","RETAINED_UNDER_EBICGLASSO_REPORT_ESTIMATE_AND_INTERVAL","May describe direction and approximate magnitude within this single network while reporting the bootstrap interval and its width; interval inclusion of zero is audit information, not a second edge-selection or significance rule; not evidence of a between-group difference.","NOT_PERFORMED_AND_NOT_PERMITTED_FROM_THIS_TABLE"
"2024__no_college_degree",2024,"No college degree",1729,"VCF0879a--VCF0890","VCF0879a","VCF0890","Immig. level -- School spend",0.017772367230021,TRUE,0.0214763989905841,0.0298490674636582,-0.0419257676972954,0.0774705021573374,-0.0298174985440245,0.0918107239910793,0.344,0.119396269854633,0.121628222535104,TRUE,"POSITIVE","RETAINED_UNDER_EBICGLASSO_REPORT_ESTIMATE_AND_INTERVAL","May describe direction and approximate magnitude within this single network while reporting the bootstrap interval and its width; interval inclusion of zero is audit information, not a second edge-selection or significance rule; not evidence of a between-group difference.","NOT_PERFORMED_AND_NOT_PERMITTED_FROM_THIS_TABLE"
"2024__no_college_degree",2024,"No college degree",1729,"VCF0879a--VCF0894","VCF0879a","VCF0894","Immig. level -- Welfare",0.0943225598015575,TRUE,0.086365097424345,0.0321189696759494,0.0300846204496586,0.158560499153456,0.0169142003848659,0.140948593142335,0.007,0.128475878703797,0.124034392757469,FALSE,"POSITIVE","RETAINED_UNDER_EBICGLASSO_REPORT_ESTIMATE_AND_INTERVAL","May describe direction and approximate magnitude within this single network while reporting the bootstrap interval and its width; interval inclusion of zero is audit information, not a second edge-selection or significance rule; not evidence of a between-group difference.","NOT_PERFORMED_AND_NOT_PERMITTED_FROM_THIS_TABLE"
"2024__no_college_degree",2024,"No college degree",1729,"VCF0879a--VCF9223","VCF0879a","VCF9223","Immig. level -- Immig. jobs",0.237187649079539,TRUE,0.233071563817281,0.0310394052868087,0.175108838505921,0.299266459653156,0.168932014535491,0.291799581705475,0,0.124157621147235,0.122867567169984,FALSE,"POSITIVE","RETAINED_UNDER_EBICGLASSO_REPORT_ESTIMATE_AND_INTERVAL","May describe direction and approximate magnitude within this single network while reporting the bootstrap interval and its width; interval inclusion of zero is audit information, not a second edge-selection or significance rule; not evidence of a between-group difference.","NOT_PERFORMED_AND_NOT_PERMITTED_FROM_THIS_TABLE"
"2024__no_college_degree",2024,"No college degree",1729,"VCF0888--VCF0890","VCF0888","VCF0890","Crime spend -- School spend",0.189358078232176,TRUE,0.187583933361275,0.0441748266975533,0.101008424837069,0.277707731627282,0.0955808582904266,0.269883706386485,0,0.176699306790213,0.174302848096058,FALSE,"POSITIVE","RETAINED_UNDER_EBICGLASSO_REPORT_ESTIMATE_AND_INTERVAL","May describe direction and approximate magnitude within this single network while reporting the bootstrap interval and its width; interval inclusion of zero is audit information, not a second edge-selection or significance rule; not evidence of a between-group difference.","NOT_PERFORMED_AND_NOT_PERMITTED_FROM_THIS_TABLE"
"2024__no_college_degree",2024,"No college degree",1729,"VCF0888--VCF0894","VCF0888","VCF0894","Crime spend -- Welfare",0,FALSE,-0.0108042416700781,0.0274785995690671,-0.0549571991381341,0.0549571991381341,-0.0770220321894528,0.0405074422364061,0.492,0.109914398276268,0.117529474425859,TRUE,"ZERO","NOT_RETAINED_UNDER_REGULARISATION_DO_NOT_CALL_ABSENT","State only that the edge was not retained under the frozen regularisation procedure; do not claim absence.","NOT_PERFORMED_AND_NOT_PERMITTED_FROM_THIS_TABLE"
"2024__no_college_degree",2024,"No college degree",1729,"VCF0888--VCF9223","VCF0888","VCF9223","Crime spend -- Immig. jobs",-0.146169828195259,TRUE,-0.14381368433283,0.0364711169589827,-0.219112062113225,-0.0732275942772937,-0.215005825262907,-0.072979823333093,0,0.145884467835931,0.142026001929814,FALSE,"NEGATIVE","RETAINED_UNDER_EBICGLASSO_REPORT_ESTIMATE_AND_INTERVAL","May describe direction and approximate magnitude within this single network while reporting the bootstrap interval and its width; interval inclusion of zero is audit information, not a second edge-selection or significance rule; not evidence of a between-group difference.","NOT_PERFORMED_AND_NOT_PERMITTED_FROM_THIS_TABLE"
"2024__no_college_degree",2024,"No college degree",1729,"VCF0890--VCF0894","VCF0890","VCF0894","School spend -- Welfare",0.243982470436602,TRUE,0.243783489662297,0.0373662647813659,0.16924994087387,0.318714999999334,0.168485913225971,0.315167050336982,0,0.149465059125464,0.146681137111011,FALSE,"POSITIVE","RETAINED_UNDER_EBICGLASSO_REPORT_ESTIMATE_AND_INTERVAL","May describe direction and approximate magnitude within this single network while reporting the bootstrap interval and its width; interval inclusion of zero is audit information, not a second edge-selection or significance rule; not evidence of a between-group difference.","NOT_PERFORMED_AND_NOT_PERMITTED_FROM_THIS_TABLE"
"2024__no_college_degree",2024,"No college degree",1729,"VCF0890--VCF9223","VCF0890","VCF9223","School spend -- Immig. jobs",0.0866973480391514,TRUE,0.0831126114364,0.0341359371413169,0.0184254737565176,0.154969222321785,0.0129018395845967,0.147542124267921,0.015,0.136543748565267,0.134640284683324,FALSE,"POSITIVE","RETAINED_UNDER_EBICGLASSO_REPORT_ESTIMATE_AND_INTERVAL","May describe direction and approximate magnitude within this single network while reporting the bootstrap interval and its width; interval inclusion of zero is audit information, not a second edge-selection or significance rule; not evidence of a between-group difference.","NOT_PERFORMED_AND_NOT_PERMITTED_FROM_THIS_TABLE"
"2024__no_college_degree",2024,"No college degree",1729,"VCF0894--VCF9223","VCF0894","VCF9223","Welfare -- Immig. jobs",0.0268376661756475,TRUE,0.0314578013351112,0.0294627412114085,-0.0320878162471695,0.0857631485984645,0,0.0980096500230092,0.217,0.117850964845634,0.0980096500230092,TRUE,"POSITIVE","RETAINED_UNDER_EBICGLASSO_REPORT_ESTIMATE_AND_INTERVAL","May describe direction and approximate magnitude within this single network while reporting the bootstrap interval and its width; interval inclusion of zero is audit information, not a second edge-selection or significance rule; not evidence of a between-group difference.","NOT_PERFORMED_AND_NOT_PERMITTED_FROM_THIS_TABLE"
"2024__college_or_advanced",2024,"College or advanced degree",1781,"VCF0806--VCF0809","VCF0806","VCF0809","Health -- Jobs",0.314446649430684,TRUE,0.315042119941123,0.0290699617344034,0.256306725961877,0.37258657289949,0.257313773425704,0.37115015652161,0,0.116279846937613,0.113836383095906,FALSE,"POSITIVE","RETAINED_UNDER_EBICGLASSO_REPORT_ESTIMATE_AND_INTERVAL","May describe direction and approximate magnitude within this single network while reporting the bootstrap interval and its width; interval inclusion of zero is audit information, not a second edge-selection or significance rule; not evidence of a between-group difference.","NOT_PERFORMED_AND_NOT_PERMITTED_FROM_THIS_TABLE"
"2024__college_or_advanced",2024,"College or advanced degree",1781,"VCF0806--VCF0838","VCF0806","VCF0838","Health -- Abortion",0.138640544597921,TRUE,0.138982000929592,0.0304035288072463,0.0778334869834286,0.199447602212414,0.0758300028571486,0.195323270169164,0,0.121614115228985,0.119493267312015,FALSE,"POSITIVE","RETAINED_UNDER_EBICGLASSO_REPORT_ESTIMATE_AND_INTERVAL","May describe direction and approximate magnitude within this single network while reporting the bootstrap interval and its width; interval inclusion of zero is audit information, not a second edge-selection or significance rule; not evidence of a between-group difference.","NOT_PERFORMED_AND_NOT_PERMITTED_FROM_THIS_TABLE"
"2024__college_or_advanced",2024,"College or advanced degree",1781,"VCF0806--VCF0839","VCF0806","VCF0839","Health -- Services",0.202893958088343,TRUE,0.202002969857789,0.0296453950448442,0.143603167998655,0.262184748178032,0.141889805789445,0.262188010116187,0,0.118581580179377,0.120298204326742,FALSE,"POSITIVE","RETAINED_UNDER_EBICGLASSO_REPORT_ESTIMATE_AND_INTERVAL","May describe direction and approximate magnitude within this single network while reporting the bootstrap interval and its width; interval inclusion of zero is audit information, not a second edge-selection or significance rule; not evidence of a between-group difference.","NOT_PERFORMED_AND_NOT_PERMITTED_FROM_THIS_TABLE"
"2024__college_or_advanced",2024,"College or advanced degree",1781,"VCF0806--VCF0879a","VCF0806","VCF0879a","Health -- Immig. level",0.000723920221838306,TRUE,0.0126377490859662,0.019194035709106,-0.0376641511963736,0.0391119916400503,-0.0165574043866492,0.0561567274140282,0.43,0.0767761428364239,0.0727141318006774,TRUE,"POSITIVE","RETAINED_UNDER_EBICGLASSO_REPORT_ESTIMATE_AND_INTERVAL","May describe direction and approximate magnitude within this single network while reporting the bootstrap interval and its width; interval inclusion of zero is audit information, not a second edge-selection or significance rule; not evidence of a between-group difference.","NOT_PERFORMED_AND_NOT_PERMITTED_FROM_THIS_TABLE"
"2024__college_or_advanced",2024,"College or advanced degree",1781,"VCF0806--VCF0888","VCF0806","VCF0888","Health -- Crime spend",-0.118283694563445,TRUE,-0.11539522116299,0.0318994193999011,-0.182082533363247,-0.0544848557636429,-0.177981075436042,-0.0519894473151285,0.001,0.127597677599604,0.125991628120913,FALSE,"NEGATIVE","RETAINED_UNDER_EBICGLASSO_REPORT_ESTIMATE_AND_INTERVAL","May describe direction and approximate magnitude within this single network while reporting the bootstrap interval and its width; interval inclusion of zero is audit information, not a second edge-selection or significance rule; not evidence of a between-group difference.","NOT_PERFORMED_AND_NOT_PERMITTED_FROM_THIS_TABLE"
"2024__college_or_advanced",2024,"College or advanced degree",1781,"VCF0806--VCF0890","VCF0806","VCF0890","Health -- School spend",0.0583623648756103,TRUE,0.056931117751771,0.0342990802414,-0.0102357956071896,0.12696052535841,0,0.126753443697754,0.056,0.1371963209656,0.126753443697754,TRUE,"POSITIVE","RETAINED_UNDER_EBICGLASSO_REPORT_ESTIMATE_AND_INTERVAL","May describe direction and approximate magnitude within this single network while reporting the bootstrap interval and its width; interval inclusion of zero is audit information, not a second edge-selection or significance rule; not evidence of a between-group difference.","NOT_PERFORMED_AND_NOT_PERMITTED_FROM_THIS_TABLE"
"2024__college_or_advanced",2024,"College or advanced degree",1781,"VCF0806--VCF0894","VCF0806","VCF0894","Health -- Welfare",0.0578775977369953,TRUE,0.0568661598044759,0.0310355464641986,-0.00419349519140192,0.119948690665392,0,0.116428414484359,0.043,0.124142185856794,0.116428414484359,TRUE,"POSITIVE","RETAINED_UNDER_EBICGLASSO_REPORT_ESTIMATE_AND_INTERVAL","May describe direction and approximate magnitude within this single network while reporting the bootstrap interval and its width; interval inclusion of zero is audit information, not a second edge-selection or significance rule; not evidence of a between-group difference.","NOT_PERFORMED_AND_NOT_PERMITTED_FROM_THIS_TABLE"
"2024__college_or_advanced",2024,"College or advanced degree",1781,"VCF0806--VCF9223","VCF0806","VCF9223","Health -- Immig. jobs",0.112388249249192,TRUE,0.112021525700291,0.031545343042834,0.049297563163524,0.17547893533486,0.0515207587468277,0.176399598289498,0,0.126181372171336,0.12487883954267,FALSE,"POSITIVE","RETAINED_UNDER_EBICGLASSO_REPORT_ESTIMATE_AND_INTERVAL","May describe direction and approximate magnitude within this single network while reporting the bootstrap interval and its width; interval inclusion of zero is audit information, not a second edge-selection or significance rule; not evidence of a between-group difference.","NOT_PERFORMED_AND_NOT_PERMITTED_FROM_THIS_TABLE"
"2024__college_or_advanced",2024,"College or advanced degree",1781,"VCF0809--VCF0838","VCF0809","VCF0838","Jobs -- Abortion",0.0966035378202624,TRUE,0.0973448864637037,0.0345180800269152,0.0275673777664319,0.165639697874093,0.0284251220346,0.165572827798568,0.001,0.138072320107661,0.137147705763968,FALSE,"POSITIVE","RETAINED_UNDER_EBICGLASSO_REPORT_ESTIMATE_AND_INTERVAL","May describe direction and approximate magnitude within this single network while reporting the bootstrap interval and its width; interval inclusion of zero is audit information, not a second edge-selection or significance rule; not evidence of a between-group difference.","NOT_PERFORMED_AND_NOT_PERMITTED_FROM_THIS_TABLE"
"2024__college_or_advanced",2024,"College or advanced degree",1781,"VCF0809--VCF0839","VCF0809","VCF0839","Jobs -- Services",0.232238740656613,TRUE,0.230463999123754,0.0324359683962514,0.16736680386411,0.297110677449116,0.16905682218204,0.294158164644501,0,0.129743873585006,0.125101342462461,FALSE,"POSITIVE","RETAINED_UNDER_EBICGLASSO_REPORT_ESTIMATE_AND_INTERVAL","May describe direction and approximate magnitude within this single network while reporting the bootstrap interval and its width; interval inclusion of zero is audit information, not a second edge-selection or significance rule; not evidence of a between-group difference.","NOT_PERFORMED_AND_NOT_PERMITTED_FROM_THIS_TABLE"
"2024__college_or_advanced",2024,"College or advanced degree",1781,"VCF0809--VCF0879a","VCF0809","VCF0879a","Jobs -- Immig. level",0,FALSE,-0.00582567160725441,0.0182803710584368,-0.0365607421168737,0.0365607421168737,-0.052881701215219,0.0265139058972667,0.612,0.0731214842337474,0.0793956071124857,TRUE,"ZERO","NOT_RETAINED_UNDER_REGULARISATION_DO_NOT_CALL_ABSENT","State only that the edge was not retained under the frozen regularisation procedure; do not claim absence.","NOT_PERFORMED_AND_NOT_PERMITTED_FROM_THIS_TABLE"
"2024__college_or_advanced",2024,"College or advanced degree",1781,"VCF0809--VCF0888","VCF0809","VCF0888","Jobs -- Crime spend",-0.0309064568573577,TRUE,-0.0354330594831044,0.0280245561946608,-0.0869555692466792,0.0251426555319638,-0.0969249796078765,0,0.162,0.112098224778643,0.0969249796078765,TRUE,"NEGATIVE","RETAINED_UNDER_EBICGLASSO_REPORT_ESTIMATE_AND_INTERVAL","May describe direction and approximate magnitude within this single network while reporting the bootstrap interval and its width; interval inclusion of zero is audit information, not a second edge-selection or significance rule; not evidence of a between-group difference.","NOT_PERFORMED_AND_NOT_PERMITTED_FROM_THIS_TABLE"
"2024__college_or_advanced",2024,"College or advanced degree",1781,"VCF0809--VCF0890","VCF0809","VCF0890","Jobs -- School spend",0.0572318394494758,TRUE,0.0621267804765844,0.0375253858707635,-0.0178189322920512,0.132282611191003,0,0.136104612365431,0.063,0.150101543483054,0.136104612365431,TRUE,"POSITIVE","RETAINED_UNDER_EBICGLASSO_REPORT_ESTIMATE_AND_INTERVAL","May describe direction and approximate magnitude within this single network while reporting the bootstrap interval and its width; interval inclusion of zero is audit information, not a second edge-selection or significance rule; not evidence of a between-group difference.","NOT_PERFORMED_AND_NOT_PERMITTED_FROM_THIS_TABLE"
"2024__college_or_advanced",2024,"College or advanced degree",1781,"VCF0809--VCF0894","VCF0809","VCF0894","Jobs -- Welfare",0.192746364082277,TRUE,0.194276925776778,0.0319027394768749,0.128940885128527,0.256551843036026,0.128342517810375,0.255491447806399,0,0.127610957907499,0.127148929996024,FALSE,"POSITIVE","RETAINED_UNDER_EBICGLASSO_REPORT_ESTIMATE_AND_INTERVAL","May describe direction and approximate magnitude within this single network while reporting the bootstrap interval and its width; interval inclusion of zero is audit information, not a second edge-selection or significance rule; not evidence of a between-group difference.","NOT_PERFORMED_AND_NOT_PERMITTED_FROM_THIS_TABLE"
"2024__college_or_advanced",2024,"College or advanced degree",1781,"VCF0809--VCF9223","VCF0809","VCF9223","Jobs -- Immig. jobs",0,FALSE,-0.010032872328265,0.0229020706846307,-0.0458041413692615,0.0458041413692615,-0.0713687618394837,0.0211461667354613,0.627,0.091608282738523,0.092514928574945,TRUE,"ZERO","NOT_RETAINED_UNDER_REGULARISATION_DO_NOT_CALL_ABSENT","State only that the edge was not retained under the frozen regularisation procedure; do not claim absence.","NOT_PERFORMED_AND_NOT_PERMITTED_FROM_THIS_TABLE"
"2024__college_or_advanced",2024,"College or advanced degree",1781,"VCF0838--VCF0839","VCF0838","VCF0839","Abortion -- Services",0.0558890543487986,TRUE,0.0572500754460768,0.0322344919827641,-0.00857992961672966,0.120358038314327,0,0.124821940840146,0.053,0.128937967931057,0.124821940840146,TRUE,"POSITIVE","RETAINED_UNDER_EBICGLASSO_REPORT_ESTIMATE_AND_INTERVAL","May describe direction and approximate magnitude within this single network while reporting the bootstrap interval and its width; interval inclusion of zero is audit information, not a second edge-selection or significance rule; not evidence of a between-group difference.","NOT_PERFORMED_AND_NOT_PERMITTED_FROM_THIS_TABLE"
"2024__college_or_advanced",2024,"College or advanced degree",1781,"VCF0838--VCF0879a","VCF0838","VCF0879a","Abortion -- Immig. level",0,FALSE,0.00797446295003506,0.0247073145333304,-0.0494146290666608,0.0494146290666608,-0.0429968455885511,0.0648845044889509,0.482,0.0988292581333216,0.107881350077502,TRUE,"ZERO","NOT_RETAINED_UNDER_REGULARISATION_DO_NOT_CALL_ABSENT","State only that the edge was not retained under the frozen regularisation procedure; do not claim absence.","NOT_PERFORMED_AND_NOT_PERMITTED_FROM_THIS_TABLE"
"2024__college_or_advanced",2024,"College or advanced degree",1781,"VCF0838--VCF0888","VCF0838","VCF0888","Abortion -- Crime spend",-0.11666131469049,TRUE,-0.115338333192402,0.0372128051169396,-0.191086924924369,-0.0422357044566111,-0.187007803490615,-0.0401558058801999,0.002,0.148851220467758,0.146851997610415,FALSE,"NEGATIVE","RETAINED_UNDER_EBICGLASSO_REPORT_ESTIMATE_AND_INTERVAL","May describe direction and approximate magnitude within this single network while reporting the bootstrap interval and its width; interval inclusion of zero is audit information, not a second edge-selection or significance rule; not evidence of a between-group difference.","NOT_PERFORMED_AND_NOT_PERMITTED_FROM_THIS_TABLE"
"2024__college_or_advanced",2024,"College or advanced degree",1781,"VCF0838--VCF0890","VCF0838","VCF0890","Abortion -- School spend",0.152502443541857,TRUE,0.151434808060253,0.0395890886003362,0.0733242663411843,0.231680620742529,0.0714345539640887,0.227232334569623,0,0.158356354401345,0.155797780605534,FALSE,"POSITIVE","RETAINED_UNDER_EBICGLASSO_REPORT_ESTIMATE_AND_INTERVAL","May describe direction and approximate magnitude within this single network while reporting the bootstrap interval and its width; interval inclusion of zero is audit information, not a second edge-selection or significance rule; not evidence of a between-group difference.","NOT_PERFORMED_AND_NOT_PERMITTED_FROM_THIS_TABLE"
"2024__college_or_advanced",2024,"College or advanced degree",1781,"VCF0838--VCF0894","VCF0838","VCF0894","Abortion -- Welfare",0.0847344350616171,TRUE,0.0816375854735344,0.0379867707128337,0.00876089363594976,0.160707976487284,0.00447618947076635,0.154987068364518,0.019,0.151947082851334,0.150510878893752,FALSE,"POSITIVE","RETAINED_UNDER_EBICGLASSO_REPORT_ESTIMATE_AND_INTERVAL","May describe direction and approximate magnitude within this single network while reporting the bootstrap interval and its width; interval inclusion of zero is audit information, not a second edge-selection or significance rule; not evidence of a between-group difference.","NOT_PERFORMED_AND_NOT_PERMITTED_FROM_THIS_TABLE"
"2024__college_or_advanced",2024,"College or advanced degree",1781,"VCF0838--VCF9223","VCF0838","VCF9223","Abortion -- Immig. jobs",0.198920991241782,TRUE,0.198186059314342,0.0321742126832677,0.134572565875247,0.263269416608318,0.134922427287706,0.262837598047235,0,0.128696850733071,0.127915170759529,FALSE,"POSITIVE","RETAINED_UNDER_EBICGLASSO_REPORT_ESTIMATE_AND_INTERVAL","May describe direction and approximate magnitude within this single network while reporting the bootstrap interval and its width; interval inclusion of zero is audit information, not a second edge-selection or significance rule; not evidence of a between-group difference.","NOT_PERFORMED_AND_NOT_PERMITTED_FROM_THIS_TABLE"
"2024__college_or_advanced",2024,"College or advanced degree",1781,"VCF0839--VCF0879a","VCF0839","VCF0879a","Services -- Immig. level",0,FALSE,-0.0158021218958554,0.0244921826271521,-0.0489843652543043,0.0489843652543043,-0.0777081868204573,0.00982975128798983,0.541,0.0979687305086086,0.0875379381084471,TRUE,"ZERO","NOT_RETAINED_UNDER_REGULARISATION_DO_NOT_CALL_ABSENT","State only that the edge was not retained under the frozen regularisation procedure; do not claim absence.","NOT_PERFORMED_AND_NOT_PERMITTED_FROM_THIS_TABLE"
"2024__college_or_advanced",2024,"College or advanced degree",1781,"VCF0839--VCF0888","VCF0839","VCF0888","Services -- Crime spend",-0.0674754684833617,TRUE,-0.0684530776766782,0.0332246350175266,-0.133924738518415,-0.00102619844830849,-0.138302776433533,0,0.034,0.132898540070107,0.138302776433533,TRUE,"NEGATIVE","RETAINED_UNDER_EBICGLASSO_REPORT_ESTIMATE_AND_INTERVAL","May describe direction and approximate magnitude within this single network while reporting the bootstrap interval and its width; interval inclusion of zero is audit information, not a second edge-selection or significance rule; not evidence of a between-group difference.","NOT_PERFORMED_AND_NOT_PERMITTED_FROM_THIS_TABLE"
"2024__college_or_advanced",2024,"College or advanced degree",1781,"VCF0839--VCF0890","VCF0839","VCF0890","Services -- School spend",0.281278681267527,TRUE,0.279319082083557,0.0322735799462549,0.216731521375018,0.345825841160037,0.217561900590606,0.341685223082131,0,0.129094319785019,0.124123322491525,FALSE,"POSITIVE","RETAINED_UNDER_EBICGLASSO_REPORT_ESTIMATE_AND_INTERVAL","May describe direction and approximate magnitude within this single network while reporting the bootstrap interval and its width; interval inclusion of zero is audit information, not a second edge-selection or significance rule; not evidence of a between-group difference.","NOT_PERFORMED_AND_NOT_PERMITTED_FROM_THIS_TABLE"
"2024__college_or_advanced",2024,"College or advanced degree",1781,"VCF0839--VCF0894","VCF0839","VCF0894","Services -- Welfare",0.261165825861004,TRUE,0.261139711542273,0.031291417335728,0.198582991189548,0.32374866053246,0.198579647512855,0.320262663275024,0,0.125165669342912,0.121683015762169,FALSE,"POSITIVE","RETAINED_UNDER_EBICGLASSO_REPORT_ESTIMATE_AND_INTERVAL","May describe direction and approximate magnitude within this single network while reporting the bootstrap interval and its width; interval inclusion of zero is audit information, not a second edge-selection or significance rule; not evidence of a between-group difference.","NOT_PERFORMED_AND_NOT_PERMITTED_FROM_THIS_TABLE"
"2024__college_or_advanced",2024,"College or advanced degree",1781,"VCF0839--VCF9223","VCF0839","VCF9223","Services -- Immig. jobs",0.014483269431701,TRUE,0.0244142626419766,0.0245186759973092,-0.0345540825629174,0.0635206214263194,0,0.0785906765949394,0.272,0.0980747039892368,0.0785906765949394,TRUE,"POSITIVE","RETAINED_UNDER_EBICGLASSO_REPORT_ESTIMATE_AND_INTERVAL","May describe direction and approximate magnitude within this single network while reporting the bootstrap interval and its width; interval inclusion of zero is audit information, not a second edge-selection or significance rule; not evidence of a between-group difference.","NOT_PERFORMED_AND_NOT_PERMITTED_FROM_THIS_TABLE"
"2024__college_or_advanced",2024,"College or advanced degree",1781,"VCF0879a--VCF0888","VCF0879a","VCF0888","Immig. level -- Crime spend",-0.152563346981554,TRUE,-0.150480123995959,0.0319508310426499,-0.216465009066853,-0.0886616848962538,-0.213837273670715,-0.0879858760482173,0,0.127803324170599,0.125851397622498,FALSE,"NEGATIVE","RETAINED_UNDER_EBICGLASSO_REPORT_ESTIMATE_AND_INTERVAL","May describe direction and approximate magnitude within this single network while reporting the bootstrap interval and its width; interval inclusion of zero is audit information, not a second edge-selection or significance rule; not evidence of a between-group difference.","NOT_PERFORMED_AND_NOT_PERMITTED_FROM_THIS_TABLE"
"2024__college_or_advanced",2024,"College or advanced degree",1781,"VCF0879a--VCF0890","VCF0879a","VCF0890","Immig. level -- School spend",0.0146461576113498,TRUE,0.0226930230669593,0.0307810473848532,-0.0469159371583566,0.0762082523810561,-0.0303734787441456,0.0920570117698101,0.347,0.123124189539413,0.122430490513956,TRUE,"POSITIVE","RETAINED_UNDER_EBICGLASSO_REPORT_ESTIMATE_AND_INTERVAL","May describe direction and approximate magnitude within this single network while reporting the bootstrap interval and its width; interval inclusion of zero is audit information, not a second edge-selection or significance rule; not evidence of a between-group difference.","NOT_PERFORMED_AND_NOT_PERMITTED_FROM_THIS_TABLE"
"2024__college_or_advanced",2024,"College or advanced degree",1781,"VCF0879a--VCF0894","VCF0879a","VCF0894","Immig. level -- Welfare",0.121535690539764,TRUE,0.122141654028392,0.0313724916822622,0.0587907071752397,0.184280673904289,0.0613221338306997,0.182626821696556,0,0.125489966729049,0.121304687865856,FALSE,"POSITIVE","RETAINED_UNDER_EBICGLASSO_REPORT_ESTIMATE_AND_INTERVAL","May describe direction and approximate magnitude within this single network while reporting the bootstrap interval and its width; interval inclusion of zero is audit information, not a second edge-selection or significance rule; not evidence of a between-group difference.","NOT_PERFORMED_AND_NOT_PERMITTED_FROM_THIS_TABLE"
"2024__college_or_advanced",2024,"College or advanced degree",1781,"VCF0879a--VCF9223","VCF0879a","VCF9223","Immig. level -- Immig. jobs",0.238454231995103,TRUE,0.236250828744723,0.0320095292766158,0.174435173441871,0.302473290548334,0.175733775110974,0.298276931815883,0,0.128038117106463,0.122543156704909,FALSE,"POSITIVE","RETAINED_UNDER_EBICGLASSO_REPORT_ESTIMATE_AND_INTERVAL","May describe direction and approximate magnitude within this single network while reporting the bootstrap interval and its width; interval inclusion of zero is audit information, not a second edge-selection or significance rule; not evidence of a between-group difference.","NOT_PERFORMED_AND_NOT_PERMITTED_FROM_THIS_TABLE"
"2024__college_or_advanced",2024,"College or advanced degree",1781,"VCF0888--VCF0890","VCF0888","VCF0890","Crime spend -- School spend",0.202919844866077,TRUE,0.204808943930821,0.0451497940595858,0.112620256746905,0.293219432985248,0.112585084816185,0.288061488271417,0,0.180599176238343,0.175476403455232,FALSE,"POSITIVE","RETAINED_UNDER_EBICGLASSO_REPORT_ESTIMATE_AND_INTERVAL","May describe direction and approximate magnitude within this single network while reporting the bootstrap interval and its width; interval inclusion of zero is audit information, not a second edge-selection or significance rule; not evidence of a between-group difference.","NOT_PERFORMED_AND_NOT_PERMITTED_FROM_THIS_TABLE"
"2024__college_or_advanced",2024,"College or advanced degree",1781,"VCF0888--VCF0894","VCF0888","VCF0894","Crime spend -- Welfare",-0.0338904155622428,TRUE,-0.0369529867129746,0.0334775821530331,-0.100845579868309,0.0330647487438235,-0.107152628746241,0,0.217,0.133910328612133,0.107152628746241,TRUE,"NEGATIVE","RETAINED_UNDER_EBICGLASSO_REPORT_ESTIMATE_AND_INTERVAL","May describe direction and approximate magnitude within this single network while reporting the bootstrap interval and its width; interval inclusion of zero is audit information, not a second edge-selection or significance rule; not evidence of a between-group difference.","NOT_PERFORMED_AND_NOT_PERMITTED_FROM_THIS_TABLE"
"2024__college_or_advanced",2024,"College or advanced degree",1781,"VCF0888--VCF9223","VCF0888","VCF9223","Crime spend -- Immig. jobs",-0.11284055101106,TRUE,-0.112803017710338,0.0349859972217061,-0.182812545454472,-0.0428685565676479,-0.182366724923949,-0.0439648421216688,0.001,0.139943988886824,0.13840188280228,FALSE,"NEGATIVE","RETAINED_UNDER_EBICGLASSO_REPORT_ESTIMATE_AND_INTERVAL","May describe direction and approximate magnitude within this single network while reporting the bootstrap interval and its width; interval inclusion of zero is audit information, not a second edge-selection or significance rule; not evidence of a between-group difference.","NOT_PERFORMED_AND_NOT_PERMITTED_FROM_THIS_TABLE"
"2024__college_or_advanced",2024,"College or advanced degree",1781,"VCF0890--VCF0894","VCF0890","VCF0894","School spend -- Welfare",0.217556929742432,TRUE,0.219429220351308,0.0411616344420013,0.13523366085843,0.299880198626435,0.136349646754134,0.301747542683977,0,0.164646537768005,0.165397895929843,FALSE,"POSITIVE","RETAINED_UNDER_EBICGLASSO_REPORT_ESTIMATE_AND_INTERVAL","May describe direction and approximate magnitude within this single network while reporting the bootstrap interval and its width; interval inclusion of zero is audit information, not a second edge-selection or significance rule; not evidence of a between-group difference.","NOT_PERFORMED_AND_NOT_PERMITTED_FROM_THIS_TABLE"
"2024__college_or_advanced",2024,"College or advanced degree",1781,"VCF0890--VCF9223","VCF0890","VCF9223","School spend -- Immig. jobs",0.100584084246226,TRUE,0.0973145790748868,0.0381372353072663,0.0243096136316931,0.176858554860758,0.0167418048974525,0.166865634124222,0.011,0.152548941229065,0.15012382922677,FALSE,"POSITIVE","RETAINED_UNDER_EBICGLASSO_REPORT_ESTIMATE_AND_INTERVAL","May describe direction and approximate magnitude within this single network while reporting the bootstrap interval and its width; interval inclusion of zero is audit information, not a second edge-selection or significance rule; not evidence of a between-group difference.","NOT_PERFORMED_AND_NOT_PERMITTED_FROM_THIS_TABLE"
"2024__college_or_advanced",2024,"College or advanced degree",1781,"VCF0894--VCF9223","VCF0894","VCF9223","Welfare -- Immig. jobs",0.137162504082364,TRUE,0.138331853641385,0.0331428692472497,0.0708767655878642,0.203448242576863,0.0728041826398692,0.203992533117891,0,0.132571476988999,0.131188350478022,FALSE,"POSITIVE","RETAINED_UNDER_EBICGLASSO_REPORT_ESTIMATE_AND_INTERVAL","May describe direction and approximate magnitude within this single network while reporting the bootstrap interval and its width; interval inclusion of zero is audit information, not a second edge-selection or significance rule; not evidence of a between-group difference.","NOT_PERFORMED_AND_NOT_PERMITTED_FROM_THIS_TABLE"
