"Claim_ID","Wave","Node_1","Node_2","Primary_edge_weight","Primary_retained","Module_ID","Variant","Applicable","Sensitivity_edge_weight","Absolute_difference","Robustness_status","Evidence_status"
"EDGE_2004_VCF0806_VCF0809",2004,"VCF0806","VCF0809",0.37199407703599,TRUE,"S09_D11","PAIRWISE_AVAILABLE",TRUE,0.377404837337836,0.00541076030184662,"UNCHANGED","ESTIMABLE_WITH_WARNINGS"
"EDGE_2004_VCF0806_VCF0809",2004,"VCF0806","VCF0809",0.37199407703599,TRUE,"S09_D20A_GAMMA","GAMMA_025",TRUE,0.37199407703599,0,"UNCHANGED","ESTIMABLE_WITH_WARNINGS"
"EDGE_2004_VCF0806_VCF0809",2004,"VCF0806","VCF0809",0.37199407703599,TRUE,"S09_D20A_NO_VCF0839","NO_VCF0839",TRUE,0.418968669917927,0.0469745928819371,"UNCHANGED","ESTIMABLE_WITH_WARNINGS"
"EDGE_2004_VCF0806_VCF0809",2004,"VCF0806","VCF0809",0.37199407703599,TRUE,"S09_D15_WEIGHT","W_CDF",TRUE,0.378391668528793,0.00639759149280339,"UNCHANGED","REUSED_VALIDATED_POINT_NETWORK"
"EDGE_2004_VCF0806_VCF0809",2004,"VCF0806","VCF0809",0.37199407703599,TRUE,"S09_D15_WEIGHT","W_POST_COMPAT",TRUE,0.381864316576955,0.00987023954096511,"UNCHANGED","REUSED_VALIDATED_POINT_NETWORK"
"EDGE_2004_VCF0806_VCF0809",2004,"VCF0806","VCF0809",0.37199407703599,TRUE,"S09_D19_MODE","ALL_INTERNET",FALSE,,,"NOT_APPLICABLE","OUTSIDE_MODULE_SCOPE"
"EDGE_2004_VCF0806_VCF0838",2004,"VCF0806","VCF0838",0,FALSE,"S09_D11","PAIRWISE_AVAILABLE",TRUE,0,0,"UNCHANGED","ESTIMABLE_WITH_WARNINGS"
"EDGE_2004_VCF0806_VCF0838",2004,"VCF0806","VCF0838",0,FALSE,"S09_D20A_GAMMA","GAMMA_025",TRUE,0,0,"UNCHANGED","ESTIMABLE_WITH_WARNINGS"
"EDGE_2004_VCF0806_VCF0838",2004,"VCF0806","VCF0838",0,FALSE,"S09_D20A_NO_VCF0839","NO_VCF0839",TRUE,0,0,"UNCHANGED","ESTIMABLE_WITH_WARNINGS"
"EDGE_2004_VCF0806_VCF0838",2004,"VCF0806","VCF0838",0,FALSE,"S09_D15_WEIGHT","W_CDF",TRUE,0,0,"UNCHANGED","REUSED_VALIDATED_POINT_NETWORK"
"EDGE_2004_VCF0806_VCF0838",2004,"VCF0806","VCF0838",0,FALSE,"S09_D15_WEIGHT","W_POST_COMPAT",TRUE,0,0,"UNCHANGED","REUSED_VALIDATED_POINT_NETWORK"
"EDGE_2004_VCF0806_VCF0838",2004,"VCF0806","VCF0838",0,FALSE,"S09_D19_MODE","ALL_INTERNET",FALSE,,,"NOT_APPLICABLE","OUTSIDE_MODULE_SCOPE"
"EDGE_2004_VCF0806_VCF0839",2004,"VCF0806","VCF0839",0.202102045526152,TRUE,"S09_D11","PAIRWISE_AVAILABLE",TRUE,0.240594850517889,0.0384928049917369,"UNCHANGED","ESTIMABLE_WITH_WARNINGS"
"EDGE_2004_VCF0806_VCF0839",2004,"VCF0806","VCF0839",0.202102045526152,TRUE,"S09_D20A_GAMMA","GAMMA_025",TRUE,0.202102045526152,0,"UNCHANGED","ESTIMABLE_WITH_WARNINGS"
"EDGE_2004_VCF0806_VCF0839",2004,"VCF0806","VCF0839",0.202102045526152,TRUE,"S09_D20A_NO_VCF0839","NO_VCF0839",FALSE,,,"NOT_APPLICABLE","OUTSIDE_MODULE_SCOPE"
"EDGE_2004_VCF0806_VCF0839",2004,"VCF0806","VCF0839",0.202102045526152,TRUE,"S09_D15_WEIGHT","W_CDF",TRUE,0.167436579518275,0.0346654660078776,"UNCHANGED","REUSED_VALIDATED_POINT_NETWORK"
"EDGE_2004_VCF0806_VCF0839",2004,"VCF0806","VCF0839",0.202102045526152,TRUE,"S09_D15_WEIGHT","W_POST_COMPAT",TRUE,0.1681315394684,0.0339705060577528,"UNCHANGED","REUSED_VALIDATED_POINT_NETWORK"
"EDGE_2004_VCF0806_VCF0839",2004,"VCF0806","VCF0839",0.202102045526152,TRUE,"S09_D19_MODE","ALL_INTERNET",FALSE,,,"NOT_APPLICABLE","OUTSIDE_MODULE_SCOPE"
"EDGE_2004_VCF0806_VCF0879a",2004,"VCF0806","VCF0879a",0.0181396986119873,TRUE,"S09_D11","PAIRWISE_AVAILABLE",TRUE,0.0361848959838962,0.0180451973719089,"UNCHANGED","ESTIMABLE_WITH_WARNINGS"
"EDGE_2004_VCF0806_VCF0879a",2004,"VCF0806","VCF0879a",0.0181396986119873,TRUE,"S09_D20A_GAMMA","GAMMA_025",TRUE,0.0181396986119873,0,"UNCHANGED","ESTIMABLE_WITH_WARNINGS"
"EDGE_2004_VCF0806_VCF0879a",2004,"VCF0806","VCF0879a",0.0181396986119873,TRUE,"S09_D20A_NO_VCF0839","NO_VCF0839",TRUE,0.0258112242216587,0.00767152560967136,"UNCHANGED","ESTIMABLE_WITH_WARNINGS"
"EDGE_2004_VCF0806_VCF0879a",2004,"VCF0806","VCF0879a",0.0181396986119873,TRUE,"S09_D15_WEIGHT","W_CDF",TRUE,0.0365951851176204,0.0184554865056331,"UNCHANGED","REUSED_VALIDATED_POINT_NETWORK"
"EDGE_2004_VCF0806_VCF0879a",2004,"VCF0806","VCF0879a",0.0181396986119873,TRUE,"S09_D15_WEIGHT","W_POST_COMPAT",TRUE,0.0372566381104135,0.0191169394984261,"UNCHANGED","REUSED_VALIDATED_POINT_NETWORK"
"EDGE_2004_VCF0806_VCF0879a",2004,"VCF0806","VCF0879a",0.0181396986119873,TRUE,"S09_D19_MODE","ALL_INTERNET",FALSE,,,"NOT_APPLICABLE","OUTSIDE_MODULE_SCOPE"
"EDGE_2004_VCF0806_VCF0888",2004,"VCF0806","VCF0888",-0.0229081218231701,TRUE,"S09_D11","PAIRWISE_AVAILABLE",TRUE,-0.0357063361931486,0.0127982143699785,"UNCHANGED","ESTIMABLE_WITH_WARNINGS"
"EDGE_2004_VCF0806_VCF0888",2004,"VCF0806","VCF0888",-0.0229081218231701,TRUE,"S09_D20A_GAMMA","GAMMA_025",TRUE,-0.0229081218231701,0,"UNCHANGED","ESTIMABLE_WITH_WARNINGS"
"EDGE_2004_VCF0806_VCF0888",2004,"VCF0806","VCF0888",-0.0229081218231701,TRUE,"S09_D20A_NO_VCF0839","NO_VCF0839",TRUE,-0.0340099219943034,0.0111018001711333,"UNCHANGED","ESTIMABLE_WITH_WARNINGS"
"EDGE_2004_VCF0806_VCF0888",2004,"VCF0806","VCF0888",-0.0229081218231701,TRUE,"S09_D15_WEIGHT","W_CDF",TRUE,0,0.0229081218231701,"CHANGED","REUSED_VALIDATED_POINT_NETWORK"
"EDGE_2004_VCF0806_VCF0888",2004,"VCF0806","VCF0888",-0.0229081218231701,TRUE,"S09_D15_WEIGHT","W_POST_COMPAT",TRUE,0,0.0229081218231701,"CHANGED","REUSED_VALIDATED_POINT_NETWORK"
"EDGE_2004_VCF0806_VCF0888",2004,"VCF0806","VCF0888",-0.0229081218231701,TRUE,"S09_D19_MODE","ALL_INTERNET",FALSE,,,"NOT_APPLICABLE","OUTSIDE_MODULE_SCOPE"
"EDGE_2004_VCF0806_VCF0890",2004,"VCF0806","VCF0890",0.112679497729288,TRUE,"S09_D11","PAIRWISE_AVAILABLE",TRUE,0.055084751299356,0.0575947464299319,"UNCHANGED","ESTIMABLE_WITH_WARNINGS"
"EDGE_2004_VCF0806_VCF0890",2004,"VCF0806","VCF0890",0.112679497729288,TRUE,"S09_D20A_GAMMA","GAMMA_025",TRUE,0.112679497729288,0,"UNCHANGED","ESTIMABLE_WITH_WARNINGS"
"EDGE_2004_VCF0806_VCF0890",2004,"VCF0806","VCF0890",0.112679497729288,TRUE,"S09_D20A_NO_VCF0839","NO_VCF0839",TRUE,0.200850636080045,0.0881711383507573,"UNCHANGED","ESTIMABLE_WITH_WARNINGS"
"EDGE_2004_VCF0806_VCF0890",2004,"VCF0806","VCF0890",0.112679497729288,TRUE,"S09_D15_WEIGHT","W_CDF",TRUE,0.112618976730467,6.05209988206457e-05,"UNCHANGED","REUSED_VALIDATED_POINT_NETWORK"
"EDGE_2004_VCF0806_VCF0890",2004,"VCF0806","VCF0890",0.112679497729288,TRUE,"S09_D15_WEIGHT","W_POST_COMPAT",TRUE,0.113066741783868,0.000387244054579947,"UNCHANGED","REUSED_VALIDATED_POINT_NETWORK"
"EDGE_2004_VCF0806_VCF0890",2004,"VCF0806","VCF0890",0.112679497729288,TRUE,"S09_D19_MODE","ALL_INTERNET",FALSE,,,"NOT_APPLICABLE","OUTSIDE_MODULE_SCOPE"
"EDGE_2004_VCF0806_VCF0894",2004,"VCF0806","VCF0894",0,FALSE,"S09_D11","PAIRWISE_AVAILABLE",TRUE,0,0,"UNCHANGED","ESTIMABLE_WITH_WARNINGS"
"EDGE_2004_VCF0806_VCF0894",2004,"VCF0806","VCF0894",0,FALSE,"S09_D20A_GAMMA","GAMMA_025",TRUE,0,0,"UNCHANGED","ESTIMABLE_WITH_WARNINGS"
"EDGE_2004_VCF0806_VCF0894",2004,"VCF0806","VCF0894",0,FALSE,"S09_D20A_NO_VCF0839","NO_VCF0839",TRUE,0,0,"UNCHANGED","ESTIMABLE_WITH_WARNINGS"
"EDGE_2004_VCF0806_VCF0894",2004,"VCF0806","VCF0894",0,FALSE,"S09_D15_WEIGHT","W_CDF",TRUE,0,0,"UNCHANGED","REUSED_VALIDATED_POINT_NETWORK"
"EDGE_2004_VCF0806_VCF0894",2004,"VCF0806","VCF0894",0,FALSE,"S09_D15_WEIGHT","W_POST_COMPAT",TRUE,0,0,"UNCHANGED","REUSED_VALIDATED_POINT_NETWORK"
"EDGE_2004_VCF0806_VCF0894",2004,"VCF0806","VCF0894",0,FALSE,"S09_D19_MODE","ALL_INTERNET",FALSE,,,"NOT_APPLICABLE","OUTSIDE_MODULE_SCOPE"
"EDGE_2004_VCF0806_VCF9223",2004,"VCF0806","VCF9223",0,FALSE,"S09_D11","PAIRWISE_AVAILABLE",TRUE,0,0,"UNCHANGED","ESTIMABLE_WITH_WARNINGS"
"EDGE_2004_VCF0806_VCF9223",2004,"VCF0806","VCF9223",0,FALSE,"S09_D20A_GAMMA","GAMMA_025",TRUE,0,0,"UNCHANGED","ESTIMABLE_WITH_WARNINGS"
"EDGE_2004_VCF0806_VCF9223",2004,"VCF0806","VCF9223",0,FALSE,"S09_D20A_NO_VCF0839","NO_VCF0839",TRUE,-0.0154627808465256,0.0154627808465256,"CHANGED","ESTIMABLE_WITH_WARNINGS"
"EDGE_2004_VCF0806_VCF9223",2004,"VCF0806","VCF9223",0,FALSE,"S09_D15_WEIGHT","W_CDF",TRUE,0,0,"UNCHANGED","REUSED_VALIDATED_POINT_NETWORK"
"EDGE_2004_VCF0806_VCF9223",2004,"VCF0806","VCF9223",0,FALSE,"S09_D15_WEIGHT","W_POST_COMPAT",TRUE,0,0,"UNCHANGED","REUSED_VALIDATED_POINT_NETWORK"
"EDGE_2004_VCF0806_VCF9223",2004,"VCF0806","VCF9223",0,FALSE,"S09_D19_MODE","ALL_INTERNET",FALSE,,,"NOT_APPLICABLE","OUTSIDE_MODULE_SCOPE"
"EDGE_2004_VCF0809_VCF0838",2004,"VCF0809","VCF0838",0.055711694432488,TRUE,"S09_D11","PAIRWISE_AVAILABLE",TRUE,0.0348281343136173,0.0208835601188707,"UNCHANGED","ESTIMABLE_WITH_WARNINGS"
"EDGE_2004_VCF0809_VCF0838",2004,"VCF0809","VCF0838",0.055711694432488,TRUE,"S09_D20A_GAMMA","GAMMA_025",TRUE,0.055711694432488,0,"UNCHANGED","ESTIMABLE_WITH_WARNINGS"
"EDGE_2004_VCF0809_VCF0838",2004,"VCF0809","VCF0838",0.055711694432488,TRUE,"S09_D20A_NO_VCF0839","NO_VCF0839",TRUE,0.0797140354436927,0.0240023410112047,"UNCHANGED","ESTIMABLE_WITH_WARNINGS"
"EDGE_2004_VCF0809_VCF0838",2004,"VCF0809","VCF0838",0.055711694432488,TRUE,"S09_D15_WEIGHT","W_CDF",TRUE,0.0543235686249798,0.00138812580750821,"UNCHANGED","REUSED_VALIDATED_POINT_NETWORK"
"EDGE_2004_VCF0809_VCF0838",2004,"VCF0809","VCF0838",0.055711694432488,TRUE,"S09_D15_WEIGHT","W_POST_COMPAT",TRUE,0.0559018436424103,0.000190149209922351,"UNCHANGED","REUSED_VALIDATED_POINT_NETWORK"
"EDGE_2004_VCF0809_VCF0838",2004,"VCF0809","VCF0838",0.055711694432488,TRUE,"S09_D19_MODE","ALL_INTERNET",FALSE,,,"NOT_APPLICABLE","OUTSIDE_MODULE_SCOPE"
"EDGE_2004_VCF0809_VCF0839",2004,"VCF0809","VCF0839",0.109000188940431,TRUE,"S09_D11","PAIRWISE_AVAILABLE",TRUE,0.123231427842364,0.0142312389019325,"UNCHANGED","ESTIMABLE_WITH_WARNINGS"
"EDGE_2004_VCF0809_VCF0839",2004,"VCF0809","VCF0839",0.109000188940431,TRUE,"S09_D20A_GAMMA","GAMMA_025",TRUE,0.109000188940431,0,"UNCHANGED","ESTIMABLE_WITH_WARNINGS"
"EDGE_2004_VCF0809_VCF0839",2004,"VCF0809","VCF0839",0.109000188940431,TRUE,"S09_D20A_NO_VCF0839","NO_VCF0839",FALSE,,,"NOT_APPLICABLE","OUTSIDE_MODULE_SCOPE"
"EDGE_2004_VCF0809_VCF0839",2004,"VCF0809","VCF0839",0.109000188940431,TRUE,"S09_D15_WEIGHT","W_CDF",TRUE,0.0804751104494008,0.0285250784910303,"UNCHANGED","REUSED_VALIDATED_POINT_NETWORK"
"EDGE_2004_VCF0809_VCF0839",2004,"VCF0809","VCF0839",0.109000188940431,TRUE,"S09_D15_WEIGHT","W_POST_COMPAT",TRUE,0.0791147567409841,0.029885432199447,"UNCHANGED","REUSED_VALIDATED_POINT_NETWORK"
"EDGE_2004_VCF0809_VCF0839",2004,"VCF0809","VCF0839",0.109000188940431,TRUE,"S09_D19_MODE","ALL_INTERNET",FALSE,,,"NOT_APPLICABLE","OUTSIDE_MODULE_SCOPE"
"EDGE_2004_VCF0809_VCF0879a",2004,"VCF0809","VCF0879a",0,FALSE,"S09_D11","PAIRWISE_AVAILABLE",TRUE,0,0,"UNCHANGED","ESTIMABLE_WITH_WARNINGS"
"EDGE_2004_VCF0809_VCF0879a",2004,"VCF0809","VCF0879a",0,FALSE,"S09_D20A_GAMMA","GAMMA_025",TRUE,0,0,"UNCHANGED","ESTIMABLE_WITH_WARNINGS"
"EDGE_2004_VCF0809_VCF0879a",2004,"VCF0809","VCF0879a",0,FALSE,"S09_D20A_NO_VCF0839","NO_VCF0839",TRUE,0,0,"UNCHANGED","ESTIMABLE_WITH_WARNINGS"
"EDGE_2004_VCF0809_VCF0879a",2004,"VCF0809","VCF0879a",0,FALSE,"S09_D15_WEIGHT","W_CDF",TRUE,0,0,"UNCHANGED","REUSED_VALIDATED_POINT_NETWORK"
"EDGE_2004_VCF0809_VCF0879a",2004,"VCF0809","VCF0879a",0,FALSE,"S09_D15_WEIGHT","W_POST_COMPAT",TRUE,0,0,"UNCHANGED","REUSED_VALIDATED_POINT_NETWORK"
"EDGE_2004_VCF0809_VCF0879a",2004,"VCF0809","VCF0879a",0,FALSE,"S09_D19_MODE","ALL_INTERNET",FALSE,,,"NOT_APPLICABLE","OUTSIDE_MODULE_SCOPE"
"EDGE_2004_VCF0809_VCF0888",2004,"VCF0809","VCF0888",-0.0294227504442804,TRUE,"S09_D11","PAIRWISE_AVAILABLE",TRUE,0,0.0294227504442804,"CHANGED","ESTIMABLE_WITH_WARNINGS"
"EDGE_2004_VCF0809_VCF0888",2004,"VCF0809","VCF0888",-0.0294227504442804,TRUE,"S09_D20A_GAMMA","GAMMA_025",TRUE,-0.0294227504442804,0,"UNCHANGED","ESTIMABLE_WITH_WARNINGS"
"EDGE_2004_VCF0809_VCF0888",2004,"VCF0809","VCF0888",-0.0294227504442804,TRUE,"S09_D20A_NO_VCF0839","NO_VCF0839",TRUE,-0.0400773066138536,0.0106545561695731,"UNCHANGED","ESTIMABLE_WITH_WARNINGS"
"EDGE_2004_VCF0809_VCF0888",2004,"VCF0809","VCF0888",-0.0294227504442804,TRUE,"S09_D15_WEIGHT","W_CDF",TRUE,-0.0477242046927813,0.0183014542485009,"UNCHANGED","REUSED_VALIDATED_POINT_NETWORK"
"EDGE_2004_VCF0809_VCF0888",2004,"VCF0809","VCF0888",-0.0294227504442804,TRUE,"S09_D15_WEIGHT","W_POST_COMPAT",TRUE,-0.0471376294239675,0.0177148789796871,"UNCHANGED","REUSED_VALIDATED_POINT_NETWORK"
"EDGE_2004_VCF0809_VCF0888",2004,"VCF0809","VCF0888",-0.0294227504442804,TRUE,"S09_D19_MODE","ALL_INTERNET",FALSE,,,"NOT_APPLICABLE","OUTSIDE_MODULE_SCOPE"
"EDGE_2004_VCF0809_VCF0890",2004,"VCF0809","VCF0890",0.086021602736654,TRUE,"S09_D11","PAIRWISE_AVAILABLE",TRUE,0.10851110508886,0.0224895023522055,"UNCHANGED","ESTIMABLE_WITH_WARNINGS"
"EDGE_2004_VCF0809_VCF0890",2004,"VCF0809","VCF0890",0.086021602736654,TRUE,"S09_D20A_GAMMA","GAMMA_025",TRUE,0.086021602736654,0,"UNCHANGED","ESTIMABLE_WITH_WARNINGS"
"EDGE_2004_VCF0809_VCF0890",2004,"VCF0809","VCF0890",0.086021602736654,TRUE,"S09_D20A_NO_VCF0839","NO_VCF0839",TRUE,0.118868759006315,0.0328471562696611,"UNCHANGED","ESTIMABLE_WITH_WARNINGS"
"EDGE_2004_VCF0809_VCF0890",2004,"VCF0809","VCF0890",0.086021602736654,TRUE,"S09_D15_WEIGHT","W_CDF",TRUE,0.133661807752856,0.0476402050162022,"UNCHANGED","REUSED_VALIDATED_POINT_NETWORK"
"EDGE_2004_VCF0809_VCF0890",2004,"VCF0809","VCF0890",0.086021602736654,TRUE,"S09_D15_WEIGHT","W_POST_COMPAT",TRUE,0.130521165280181,0.0444995625435269,"UNCHANGED","REUSED_VALIDATED_POINT_NETWORK"
"EDGE_2004_VCF0809_VCF0890",2004,"VCF0809","VCF0890",0.086021602736654,TRUE,"S09_D19_MODE","ALL_INTERNET",FALSE,,,"NOT_APPLICABLE","OUTSIDE_MODULE_SCOPE"
"EDGE_2004_VCF0809_VCF0894",2004,"VCF0809","VCF0894",0.253193469933843,TRUE,"S09_D11","PAIRWISE_AVAILABLE",TRUE,0.233768492397161,0.019424977536682,"UNCHANGED","ESTIMABLE_WITH_WARNINGS"
"EDGE_2004_VCF0809_VCF0894",2004,"VCF0809","VCF0894",0.253193469933843,TRUE,"S09_D20A_GAMMA","GAMMA_025",TRUE,0.253193469933843,0,"UNCHANGED","ESTIMABLE_WITH_WARNINGS"
"EDGE_2004_VCF0809_VCF0894",2004,"VCF0809","VCF0894",0.253193469933843,TRUE,"S09_D20A_NO_VCF0839","NO_VCF0839",TRUE,0.298425521021944,0.0452320510881009,"UNCHANGED","ESTIMABLE_WITH_WARNINGS"
"EDGE_2004_VCF0809_VCF0894",2004,"VCF0809","VCF0894",0.253193469933843,TRUE,"S09_D15_WEIGHT","W_CDF",TRUE,0.226620333063218,0.0265731368706256,"UNCHANGED","REUSED_VALIDATED_POINT_NETWORK"
"EDGE_2004_VCF0809_VCF0894",2004,"VCF0809","VCF0894",0.253193469933843,TRUE,"S09_D15_WEIGHT","W_POST_COMPAT",TRUE,0.227243920870231,0.0259495490636127,"UNCHANGED","REUSED_VALIDATED_POINT_NETWORK"
"EDGE_2004_VCF0809_VCF0894",2004,"VCF0809","VCF0894",0.253193469933843,TRUE,"S09_D19_MODE","ALL_INTERNET",FALSE,,,"NOT_APPLICABLE","OUTSIDE_MODULE_SCOPE"
"EDGE_2004_VCF0809_VCF9223",2004,"VCF0809","VCF9223",-0.0428131826413368,TRUE,"S09_D11","PAIRWISE_AVAILABLE",TRUE,-0.0279815990474912,0.0148315835938456,"UNCHANGED","ESTIMABLE_WITH_WARNINGS"
"EDGE_2004_VCF0809_VCF9223",2004,"VCF0809","VCF9223",-0.0428131826413368,TRUE,"S09_D20A_GAMMA","GAMMA_025",TRUE,-0.0428131826413368,0,"UNCHANGED","ESTIMABLE_WITH_WARNINGS"
"EDGE_2004_VCF0809_VCF9223",2004,"VCF0809","VCF9223",-0.0428131826413368,TRUE,"S09_D20A_NO_VCF0839","NO_VCF0839",TRUE,-0.0667202804127009,0.0239070977713641,"UNCHANGED","ESTIMABLE_WITH_WARNINGS"
"EDGE_2004_VCF0809_VCF9223",2004,"VCF0809","VCF9223",-0.0428131826413368,TRUE,"S09_D15_WEIGHT","W_CDF",TRUE,-0.0522648908546349,0.00945170821329815,"UNCHANGED","REUSED_VALIDATED_POINT_NETWORK"
"EDGE_2004_VCF0809_VCF9223",2004,"VCF0809","VCF9223",-0.0428131826413368,TRUE,"S09_D15_WEIGHT","W_POST_COMPAT",TRUE,-0.0545927930808255,0.0117796104394887,"UNCHANGED","REUSED_VALIDATED_POINT_NETWORK"
"EDGE_2004_VCF0809_VCF9223",2004,"VCF0809","VCF9223",-0.0428131826413368,TRUE,"S09_D19_MODE","ALL_INTERNET",FALSE,,,"NOT_APPLICABLE","OUTSIDE_MODULE_SCOPE"
"EDGE_2004_VCF0838_VCF0839",2004,"VCF0838","VCF0839",0.0766442393357764,TRUE,"S09_D11","PAIRWISE_AVAILABLE",TRUE,0.0665823174743279,0.0100619218614485,"UNCHANGED","ESTIMABLE_WITH_WARNINGS"
"EDGE_2004_VCF0838_VCF0839",2004,"VCF0838","VCF0839",0.0766442393357764,TRUE,"S09_D20A_GAMMA","GAMMA_025",TRUE,0.0766442393357764,0,"UNCHANGED","ESTIMABLE_WITH_WARNINGS"
"EDGE_2004_VCF0838_VCF0839",2004,"VCF0838","VCF0839",0.0766442393357764,TRUE,"S09_D20A_NO_VCF0839","NO_VCF0839",FALSE,,,"NOT_APPLICABLE","OUTSIDE_MODULE_SCOPE"
"EDGE_2004_VCF0838_VCF0839",2004,"VCF0838","VCF0839",0.0766442393357764,TRUE,"S09_D15_WEIGHT","W_CDF",TRUE,0.0371780036524478,0.0394662356833287,"UNCHANGED","REUSED_VALIDATED_POINT_NETWORK"
"EDGE_2004_VCF0838_VCF0839",2004,"VCF0838","VCF0839",0.0766442393357764,TRUE,"S09_D15_WEIGHT","W_POST_COMPAT",TRUE,0.0385676560795868,0.0380765832561896,"UNCHANGED","REUSED_VALIDATED_POINT_NETWORK"
"EDGE_2004_VCF0838_VCF0839",2004,"VCF0838","VCF0839",0.0766442393357764,TRUE,"S09_D19_MODE","ALL_INTERNET",FALSE,,,"NOT_APPLICABLE","OUTSIDE_MODULE_SCOPE"
"EDGE_2004_VCF0838_VCF0879a",2004,"VCF0838","VCF0879a",0,FALSE,"S09_D11","PAIRWISE_AVAILABLE",TRUE,0,0,"UNCHANGED","ESTIMABLE_WITH_WARNINGS"
"EDGE_2004_VCF0838_VCF0879a",2004,"VCF0838","VCF0879a",0,FALSE,"S09_D20A_GAMMA","GAMMA_025",TRUE,0,0,"UNCHANGED","ESTIMABLE_WITH_WARNINGS"
"EDGE_2004_VCF0838_VCF0879a",2004,"VCF0838","VCF0879a",0,FALSE,"S09_D20A_NO_VCF0839","NO_VCF0839",TRUE,0,0,"UNCHANGED","ESTIMABLE_WITH_WARNINGS"
"EDGE_2004_VCF0838_VCF0879a",2004,"VCF0838","VCF0879a",0,FALSE,"S09_D15_WEIGHT","W_CDF",TRUE,0,0,"UNCHANGED","REUSED_VALIDATED_POINT_NETWORK"
"EDGE_2004_VCF0838_VCF0879a",2004,"VCF0838","VCF0879a",0,FALSE,"S09_D15_WEIGHT","W_POST_COMPAT",TRUE,0,0,"UNCHANGED","REUSED_VALIDATED_POINT_NETWORK"
"EDGE_2004_VCF0838_VCF0879a",2004,"VCF0838","VCF0879a",0,FALSE,"S09_D19_MODE","ALL_INTERNET",FALSE,,,"NOT_APPLICABLE","OUTSIDE_MODULE_SCOPE"
"EDGE_2004_VCF0838_VCF0888",2004,"VCF0838","VCF0888",-0.0374456271586838,TRUE,"S09_D11","PAIRWISE_AVAILABLE",TRUE,-0.0464946281497913,0.00904900099110751,"UNCHANGED","ESTIMABLE_WITH_WARNINGS"
"EDGE_2004_VCF0838_VCF0888",2004,"VCF0838","VCF0888",-0.0374456271586838,TRUE,"S09_D20A_GAMMA","GAMMA_025",TRUE,-0.0374456271586838,0,"UNCHANGED","ESTIMABLE_WITH_WARNINGS"
"EDGE_2004_VCF0838_VCF0888",2004,"VCF0838","VCF0888",-0.0374456271586838,TRUE,"S09_D20A_NO_VCF0839","NO_VCF0839",TRUE,-0.0487450570782965,0.0112994299196127,"UNCHANGED","ESTIMABLE_WITH_WARNINGS"
"EDGE_2004_VCF0838_VCF0888",2004,"VCF0838","VCF0888",-0.0374456271586838,TRUE,"S09_D15_WEIGHT","W_CDF",TRUE,0,0.0374456271586838,"CHANGED","REUSED_VALIDATED_POINT_NETWORK"
"EDGE_2004_VCF0838_VCF0888",2004,"VCF0838","VCF0888",-0.0374456271586838,TRUE,"S09_D15_WEIGHT","W_POST_COMPAT",TRUE,0,0.0374456271586838,"CHANGED","REUSED_VALIDATED_POINT_NETWORK"
"EDGE_2004_VCF0838_VCF0888",2004,"VCF0838","VCF0888",-0.0374456271586838,TRUE,"S09_D19_MODE","ALL_INTERNET",FALSE,,,"NOT_APPLICABLE","OUTSIDE_MODULE_SCOPE"
"EDGE_2004_VCF0838_VCF0890",2004,"VCF0838","VCF0890",0.0613363217966801,TRUE,"S09_D11","PAIRWISE_AVAILABLE",TRUE,0.048080385733552,0.0132559360631281,"UNCHANGED","ESTIMABLE_WITH_WARNINGS"
"EDGE_2004_VCF0838_VCF0890",2004,"VCF0838","VCF0890",0.0613363217966801,TRUE,"S09_D20A_GAMMA","GAMMA_025",TRUE,0.0613363217966801,0,"UNCHANGED","ESTIMABLE_WITH_WARNINGS"
"EDGE_2004_VCF0838_VCF0890",2004,"VCF0838","VCF0890",0.0613363217966801,TRUE,"S09_D20A_NO_VCF0839","NO_VCF0839",TRUE,0.104408727257715,0.0430724054610345,"UNCHANGED","ESTIMABLE_WITH_WARNINGS"
"EDGE_2004_VCF0838_VCF0890",2004,"VCF0838","VCF0890",0.0613363217966801,TRUE,"S09_D15_WEIGHT","W_CDF",TRUE,0.06910777858305,0.0077714567863699,"UNCHANGED","REUSED_VALIDATED_POINT_NETWORK"
"EDGE_2004_VCF0838_VCF0890",2004,"VCF0838","VCF0890",0.0613363217966801,TRUE,"S09_D15_WEIGHT","W_POST_COMPAT",TRUE,0.0663133212408255,0.00497699944414544,"UNCHANGED","REUSED_VALIDATED_POINT_NETWORK"
"EDGE_2004_VCF0838_VCF0890",2004,"VCF0838","VCF0890",0.0613363217966801,TRUE,"S09_D19_MODE","ALL_INTERNET",FALSE,,,"NOT_APPLICABLE","OUTSIDE_MODULE_SCOPE"
"EDGE_2004_VCF0838_VCF0894",2004,"VCF0838","VCF0894",0,FALSE,"S09_D11","PAIRWISE_AVAILABLE",TRUE,0,0,"UNCHANGED","ESTIMABLE_WITH_WARNINGS"
"EDGE_2004_VCF0838_VCF0894",2004,"VCF0838","VCF0894",0,FALSE,"S09_D20A_GAMMA","GAMMA_025",TRUE,0,0,"UNCHANGED","ESTIMABLE_WITH_WARNINGS"
"EDGE_2004_VCF0838_VCF0894",2004,"VCF0838","VCF0894",0,FALSE,"S09_D20A_NO_VCF0839","NO_VCF0839",TRUE,0,0,"UNCHANGED","ESTIMABLE_WITH_WARNINGS"
"EDGE_2004_VCF0838_VCF0894",2004,"VCF0838","VCF0894",0,FALSE,"S09_D15_WEIGHT","W_CDF",TRUE,0,0,"UNCHANGED","REUSED_VALIDATED_POINT_NETWORK"
"EDGE_2004_VCF0838_VCF0894",2004,"VCF0838","VCF0894",0,FALSE,"S09_D15_WEIGHT","W_POST_COMPAT",TRUE,0,0,"UNCHANGED","REUSED_VALIDATED_POINT_NETWORK"
"EDGE_2004_VCF0838_VCF0894",2004,"VCF0838","VCF0894",0,FALSE,"S09_D19_MODE","ALL_INTERNET",FALSE,,,"NOT_APPLICABLE","OUTSIDE_MODULE_SCOPE"
"EDGE_2004_VCF0838_VCF9223",2004,"VCF0838","VCF9223",0.0742691350936274,TRUE,"S09_D11","PAIRWISE_AVAILABLE",TRUE,0.0805353662173579,0.0062662311237305,"UNCHANGED","ESTIMABLE_WITH_WARNINGS"
"EDGE_2004_VCF0838_VCF9223",2004,"VCF0838","VCF9223",0.0742691350936274,TRUE,"S09_D20A_GAMMA","GAMMA_025",TRUE,0.0742691350936274,0,"UNCHANGED","ESTIMABLE_WITH_WARNINGS"
"EDGE_2004_VCF0838_VCF9223",2004,"VCF0838","VCF9223",0.0742691350936274,TRUE,"S09_D20A_NO_VCF0839","NO_VCF0839",TRUE,0.078230879331555,0.00396174423792758,"UNCHANGED","ESTIMABLE_WITH_WARNINGS"
"EDGE_2004_VCF0838_VCF9223",2004,"VCF0838","VCF9223",0.0742691350936274,TRUE,"S09_D15_WEIGHT","W_CDF",TRUE,0.099265387576597,0.0249962524829696,"UNCHANGED","REUSED_VALIDATED_POINT_NETWORK"
"EDGE_2004_VCF0838_VCF9223",2004,"VCF0838","VCF9223",0.0742691350936274,TRUE,"S09_D15_WEIGHT","W_POST_COMPAT",TRUE,0.0991534256605349,0.0248842905669075,"UNCHANGED","REUSED_VALIDATED_POINT_NETWORK"
"EDGE_2004_VCF0838_VCF9223",2004,"VCF0838","VCF9223",0.0742691350936274,TRUE,"S09_D19_MODE","ALL_INTERNET",FALSE,,,"NOT_APPLICABLE","OUTSIDE_MODULE_SCOPE"
"EDGE_2004_VCF0839_VCF0879a",2004,"VCF0839","VCF0879a",0,FALSE,"S09_D11","PAIRWISE_AVAILABLE",TRUE,0,0,"UNCHANGED","ESTIMABLE_WITH_WARNINGS"
"EDGE_2004_VCF0839_VCF0879a",2004,"VCF0839","VCF0879a",0,FALSE,"S09_D20A_GAMMA","GAMMA_025",TRUE,0,0,"UNCHANGED","ESTIMABLE_WITH_WARNINGS"
"EDGE_2004_VCF0839_VCF0879a",2004,"VCF0839","VCF0879a",0,FALSE,"S09_D20A_NO_VCF0839","NO_VCF0839",FALSE,,,"NOT_APPLICABLE","OUTSIDE_MODULE_SCOPE"
"EDGE_2004_VCF0839_VCF0879a",2004,"VCF0839","VCF0879a",0,FALSE,"S09_D15_WEIGHT","W_CDF",TRUE,0,0,"UNCHANGED","REUSED_VALIDATED_POINT_NETWORK"
"EDGE_2004_VCF0839_VCF0879a",2004,"VCF0839","VCF0879a",0,FALSE,"S09_D15_WEIGHT","W_POST_COMPAT",TRUE,0,0,"UNCHANGED","REUSED_VALIDATED_POINT_NETWORK"
"EDGE_2004_VCF0839_VCF0879a",2004,"VCF0839","VCF0879a",0,FALSE,"S09_D19_MODE","ALL_INTERNET",FALSE,,,"NOT_APPLICABLE","OUTSIDE_MODULE_SCOPE"
"EDGE_2004_VCF0839_VCF0888",2004,"VCF0839","VCF0888",0,FALSE,"S09_D11","PAIRWISE_AVAILABLE",TRUE,0,0,"UNCHANGED","ESTIMABLE_WITH_WARNINGS"
"EDGE_2004_VCF0839_VCF0888",2004,"VCF0839","VCF0888",0,FALSE,"S09_D20A_GAMMA","GAMMA_025",TRUE,0,0,"UNCHANGED","ESTIMABLE_WITH_WARNINGS"
"EDGE_2004_VCF0839_VCF0888",2004,"VCF0839","VCF0888",0,FALSE,"S09_D20A_NO_VCF0839","NO_VCF0839",FALSE,,,"NOT_APPLICABLE","OUTSIDE_MODULE_SCOPE"
"EDGE_2004_VCF0839_VCF0888",2004,"VCF0839","VCF0888",0,FALSE,"S09_D15_WEIGHT","W_CDF",TRUE,0,0,"UNCHANGED","REUSED_VALIDATED_POINT_NETWORK"
"EDGE_2004_VCF0839_VCF0888",2004,"VCF0839","VCF0888",0,FALSE,"S09_D15_WEIGHT","W_POST_COMPAT",TRUE,0,0,"UNCHANGED","REUSED_VALIDATED_POINT_NETWORK"
"EDGE_2004_VCF0839_VCF0888",2004,"VCF0839","VCF0888",0,FALSE,"S09_D19_MODE","ALL_INTERNET",FALSE,,,"NOT_APPLICABLE","OUTSIDE_MODULE_SCOPE"
"EDGE_2004_VCF0839_VCF0890",2004,"VCF0839","VCF0890",0.302310172712598,TRUE,"S09_D11","PAIRWISE_AVAILABLE",TRUE,0.273687033315201,0.0286231393973971,"UNCHANGED","ESTIMABLE_WITH_WARNINGS"
"EDGE_2004_VCF0839_VCF0890",2004,"VCF0839","VCF0890",0.302310172712598,TRUE,"S09_D20A_GAMMA","GAMMA_025",TRUE,0.302310172712598,0,"UNCHANGED","ESTIMABLE_WITH_WARNINGS"
"EDGE_2004_VCF0839_VCF0890",2004,"VCF0839","VCF0890",0.302310172712598,TRUE,"S09_D20A_NO_VCF0839","NO_VCF0839",FALSE,,,"NOT_APPLICABLE","OUTSIDE_MODULE_SCOPE"
"EDGE_2004_VCF0839_VCF0890",2004,"VCF0839","VCF0890",0.302310172712598,TRUE,"S09_D15_WEIGHT","W_CDF",TRUE,0.298137017844355,0.00417315486824232,"UNCHANGED","REUSED_VALIDATED_POINT_NETWORK"
"EDGE_2004_VCF0839_VCF0890",2004,"VCF0839","VCF0890",0.302310172712598,TRUE,"S09_D15_WEIGHT","W_POST_COMPAT",TRUE,0.300770319915866,0.00153985279673219,"UNCHANGED","REUSED_VALIDATED_POINT_NETWORK"
"EDGE_2004_VCF0839_VCF0890",2004,"VCF0839","VCF0890",0.302310172712598,TRUE,"S09_D19_MODE","ALL_INTERNET",FALSE,,,"NOT_APPLICABLE","OUTSIDE_MODULE_SCOPE"
"EDGE_2004_VCF0839_VCF0894",2004,"VCF0839","VCF0894",0.178137225084089,TRUE,"S09_D11","PAIRWISE_AVAILABLE",TRUE,0.163748083728144,0.0143891413559452,"UNCHANGED","ESTIMABLE_WITH_WARNINGS"
"EDGE_2004_VCF0839_VCF0894",2004,"VCF0839","VCF0894",0.178137225084089,TRUE,"S09_D20A_GAMMA","GAMMA_025",TRUE,0.178137225084089,0,"UNCHANGED","ESTIMABLE_WITH_WARNINGS"
"EDGE_2004_VCF0839_VCF0894",2004,"VCF0839","VCF0894",0.178137225084089,TRUE,"S09_D20A_NO_VCF0839","NO_VCF0839",FALSE,,,"NOT_APPLICABLE","OUTSIDE_MODULE_SCOPE"
"EDGE_2004_VCF0839_VCF0894",2004,"VCF0839","VCF0894",0.178137225084089,TRUE,"S09_D15_WEIGHT","W_CDF",TRUE,0.199357395143265,0.0212201700591758,"UNCHANGED","REUSED_VALIDATED_POINT_NETWORK"
"EDGE_2004_VCF0839_VCF0894",2004,"VCF0839","VCF0894",0.178137225084089,TRUE,"S09_D15_WEIGHT","W_POST_COMPAT",TRUE,0.195030411539934,0.0168931864558448,"UNCHANGED","REUSED_VALIDATED_POINT_NETWORK"
"EDGE_2004_VCF0839_VCF0894",2004,"VCF0839","VCF0894",0.178137225084089,TRUE,"S09_D19_MODE","ALL_INTERNET",FALSE,,,"NOT_APPLICABLE","OUTSIDE_MODULE_SCOPE"
"EDGE_2004_VCF0839_VCF9223",2004,"VCF0839","VCF9223",-0.0798569215033069,TRUE,"S09_D11","PAIRWISE_AVAILABLE",TRUE,-0.0708929802026372,0.0089639413006697,"UNCHANGED","ESTIMABLE_WITH_WARNINGS"
"EDGE_2004_VCF0839_VCF9223",2004,"VCF0839","VCF9223",-0.0798569215033069,TRUE,"S09_D20A_GAMMA","GAMMA_025",TRUE,-0.0798569215033069,0,"UNCHANGED","ESTIMABLE_WITH_WARNINGS"
"EDGE_2004_VCF0839_VCF9223",2004,"VCF0839","VCF9223",-0.0798569215033069,TRUE,"S09_D20A_NO_VCF0839","NO_VCF0839",FALSE,,,"NOT_APPLICABLE","OUTSIDE_MODULE_SCOPE"
"EDGE_2004_VCF0839_VCF9223",2004,"VCF0839","VCF9223",-0.0798569215033069,TRUE,"S09_D15_WEIGHT","W_CDF",TRUE,-0.081246993732437,0.00139007222913018,"UNCHANGED","REUSED_VALIDATED_POINT_NETWORK"
"EDGE_2004_VCF0839_VCF9223",2004,"VCF0839","VCF9223",-0.0798569215033069,TRUE,"S09_D15_WEIGHT","W_POST_COMPAT",TRUE,-0.0791193084903994,0.000737613012907465,"UNCHANGED","REUSED_VALIDATED_POINT_NETWORK"
"EDGE_2004_VCF0839_VCF9223",2004,"VCF0839","VCF9223",-0.0798569215033069,TRUE,"S09_D19_MODE","ALL_INTERNET",FALSE,,,"NOT_APPLICABLE","OUTSIDE_MODULE_SCOPE"
"EDGE_2004_VCF0879a_VCF0888",2004,"VCF0879a","VCF0888",-0.0743041345843866,TRUE,"S09_D11","PAIRWISE_AVAILABLE",TRUE,-0.0721778147455374,0.00212631983884923,"UNCHANGED","ESTIMABLE_WITH_WARNINGS"
"EDGE_2004_VCF0879a_VCF0888",2004,"VCF0879a","VCF0888",-0.0743041345843866,TRUE,"S09_D20A_GAMMA","GAMMA_025",TRUE,-0.0743041345843866,0,"UNCHANGED","ESTIMABLE_WITH_WARNINGS"
"EDGE_2004_VCF0879a_VCF0888",2004,"VCF0879a","VCF0888",-0.0743041345843866,TRUE,"S09_D20A_NO_VCF0839","NO_VCF0839",TRUE,-0.0837044309140245,0.00940029632963783,"UNCHANGED","ESTIMABLE_WITH_WARNINGS"
"EDGE_2004_VCF0879a_VCF0888",2004,"VCF0879a","VCF0888",-0.0743041345843866,TRUE,"S09_D15_WEIGHT","W_CDF",TRUE,-0.0956739146889272,0.0213697801045406,"UNCHANGED","REUSED_VALIDATED_POINT_NETWORK"
"EDGE_2004_VCF0879a_VCF0888",2004,"VCF0879a","VCF0888",-0.0743041345843866,TRUE,"S09_D15_WEIGHT","W_POST_COMPAT",TRUE,-0.0977798470169959,0.0234757124326093,"UNCHANGED","REUSED_VALIDATED_POINT_NETWORK"
"EDGE_2004_VCF0879a_VCF0888",2004,"VCF0879a","VCF0888",-0.0743041345843866,TRUE,"S09_D19_MODE","ALL_INTERNET",FALSE,,,"NOT_APPLICABLE","OUTSIDE_MODULE_SCOPE"
"EDGE_2004_VCF0879a_VCF0890",2004,"VCF0879a","VCF0890",0.0499912636732557,TRUE,"S09_D11","PAIRWISE_AVAILABLE",TRUE,0.032293834271121,0.0176974294021347,"UNCHANGED","ESTIMABLE_WITH_WARNINGS"
"EDGE_2004_VCF0879a_VCF0890",2004,"VCF0879a","VCF0890",0.0499912636732557,TRUE,"S09_D20A_GAMMA","GAMMA_025",TRUE,0.0499912636732557,0,"UNCHANGED","ESTIMABLE_WITH_WARNINGS"
"EDGE_2004_VCF0879a_VCF0890",2004,"VCF0879a","VCF0890",0.0499912636732557,TRUE,"S09_D20A_NO_VCF0839","NO_VCF0839",TRUE,0.0658871084901561,0.0158958448169004,"UNCHANGED","ESTIMABLE_WITH_WARNINGS"
"EDGE_2004_VCF0879a_VCF0890",2004,"VCF0879a","VCF0890",0.0499912636732557,TRUE,"S09_D15_WEIGHT","W_CDF",TRUE,0.0460841352243031,0.00390712844895251,"UNCHANGED","REUSED_VALIDATED_POINT_NETWORK"
"EDGE_2004_VCF0879a_VCF0890",2004,"VCF0879a","VCF0890",0.0499912636732557,TRUE,"S09_D15_WEIGHT","W_POST_COMPAT",TRUE,0.0540548651089651,0.00406360143570948,"UNCHANGED","REUSED_VALIDATED_POINT_NETWORK"
"EDGE_2004_VCF0879a_VCF0890",2004,"VCF0879a","VCF0890",0.0499912636732557,TRUE,"S09_D19_MODE","ALL_INTERNET",FALSE,,,"NOT_APPLICABLE","OUTSIDE_MODULE_SCOPE"
"EDGE_2004_VCF0879a_VCF0894",2004,"VCF0879a","VCF0894",0.0872300472315628,TRUE,"S09_D11","PAIRWISE_AVAILABLE",TRUE,0.067635593702494,0.0195944535290687,"UNCHANGED","ESTIMABLE_WITH_WARNINGS"
"EDGE_2004_VCF0879a_VCF0894",2004,"VCF0879a","VCF0894",0.0872300472315628,TRUE,"S09_D20A_GAMMA","GAMMA_025",TRUE,0.0872300472315628,0,"UNCHANGED","ESTIMABLE_WITH_WARNINGS"
"EDGE_2004_VCF0879a_VCF0894",2004,"VCF0879a","VCF0894",0.0872300472315628,TRUE,"S09_D20A_NO_VCF0839","NO_VCF0839",TRUE,0.0882966036984802,0.0010665564669174,"UNCHANGED","ESTIMABLE_WITH_WARNINGS"
"EDGE_2004_VCF0879a_VCF0894",2004,"VCF0879a","VCF0894",0.0872300472315628,TRUE,"S09_D15_WEIGHT","W_CDF",TRUE,0.0908304797550582,0.00360043252349537,"UNCHANGED","REUSED_VALIDATED_POINT_NETWORK"
"EDGE_2004_VCF0879a_VCF0894",2004,"VCF0879a","VCF0894",0.0872300472315628,TRUE,"S09_D15_WEIGHT","W_POST_COMPAT",TRUE,0.0901732041046729,0.00294315687311007,"UNCHANGED","REUSED_VALIDATED_POINT_NETWORK"
"EDGE_2004_VCF0879a_VCF0894",2004,"VCF0879a","VCF0894",0.0872300472315628,TRUE,"S09_D19_MODE","ALL_INTERNET",FALSE,,,"NOT_APPLICABLE","OUTSIDE_MODULE_SCOPE"
"EDGE_2004_VCF0879a_VCF9223",2004,"VCF0879a","VCF9223",0.449956286828701,TRUE,"S09_D11","PAIRWISE_AVAILABLE",TRUE,0.438307322648546,0.0116489641801554,"UNCHANGED","ESTIMABLE_WITH_WARNINGS"
"EDGE_2004_VCF0879a_VCF9223",2004,"VCF0879a","VCF9223",0.449956286828701,TRUE,"S09_D20A_GAMMA","GAMMA_025",TRUE,0.449956286828701,0,"UNCHANGED","ESTIMABLE_WITH_WARNINGS"
"EDGE_2004_VCF0879a_VCF9223",2004,"VCF0879a","VCF9223",0.449956286828701,TRUE,"S09_D20A_NO_VCF0839","NO_VCF0839",TRUE,0.460320195126939,0.0103639082982374,"UNCHANGED","ESTIMABLE_WITH_WARNINGS"
"EDGE_2004_VCF0879a_VCF9223",2004,"VCF0879a","VCF9223",0.449956286828701,TRUE,"S09_D15_WEIGHT","W_CDF",TRUE,0.43608367994855,0.013872606880151,"UNCHANGED","REUSED_VALIDATED_POINT_NETWORK"
"EDGE_2004_VCF0879a_VCF9223",2004,"VCF0879a","VCF9223",0.449956286828701,TRUE,"S09_D15_WEIGHT","W_POST_COMPAT",TRUE,0.438462686587133,0.0114936002415685,"UNCHANGED","REUSED_VALIDATED_POINT_NETWORK"
"EDGE_2004_VCF0879a_VCF9223",2004,"VCF0879a","VCF9223",0.449956286828701,TRUE,"S09_D19_MODE","ALL_INTERNET",FALSE,,,"NOT_APPLICABLE","OUTSIDE_MODULE_SCOPE"
"EDGE_2004_VCF0888_VCF0890",2004,"VCF0888","VCF0890",0.246375316880606,TRUE,"S09_D11","PAIRWISE_AVAILABLE",TRUE,0.243751133606584,0.00262418327402267,"UNCHANGED","ESTIMABLE_WITH_WARNINGS"
"EDGE_2004_VCF0888_VCF0890",2004,"VCF0888","VCF0890",0.246375316880606,TRUE,"S09_D20A_GAMMA","GAMMA_025",TRUE,0.246375316880606,0,"UNCHANGED","ESTIMABLE_WITH_WARNINGS"
"EDGE_2004_VCF0888_VCF0890",2004,"VCF0888","VCF0890",0.246375316880606,TRUE,"S09_D20A_NO_VCF0839","NO_VCF0839",TRUE,0.275894864102996,0.0295195472223902,"UNCHANGED","ESTIMABLE_WITH_WARNINGS"
"EDGE_2004_VCF0888_VCF0890",2004,"VCF0888","VCF0890",0.246375316880606,TRUE,"S09_D15_WEIGHT","W_CDF",TRUE,0.260786748573237,0.0144114316926311,"UNCHANGED","REUSED_VALIDATED_POINT_NETWORK"
"EDGE_2004_VCF0888_VCF0890",2004,"VCF0888","VCF0890",0.246375316880606,TRUE,"S09_D15_WEIGHT","W_POST_COMPAT",TRUE,0.26032674543412,0.0139514285535141,"UNCHANGED","REUSED_VALIDATED_POINT_NETWORK"
"EDGE_2004_VCF0888_VCF0890",2004,"VCF0888","VCF0890",0.246375316880606,TRUE,"S09_D19_MODE","ALL_INTERNET",FALSE,,,"NOT_APPLICABLE","OUTSIDE_MODULE_SCOPE"
"EDGE_2004_VCF0888_VCF0894",2004,"VCF0888","VCF0894",0,FALSE,"S09_D11","PAIRWISE_AVAILABLE",TRUE,0,0,"UNCHANGED","ESTIMABLE_WITH_WARNINGS"
"EDGE_2004_VCF0888_VCF0894",2004,"VCF0888","VCF0894",0,FALSE,"S09_D20A_GAMMA","GAMMA_025",TRUE,0,0,"UNCHANGED","ESTIMABLE_WITH_WARNINGS"
"EDGE_2004_VCF0888_VCF0894",2004,"VCF0888","VCF0894",0,FALSE,"S09_D20A_NO_VCF0839","NO_VCF0839",TRUE,0,0,"UNCHANGED","ESTIMABLE_WITH_WARNINGS"
"EDGE_2004_VCF0888_VCF0894",2004,"VCF0888","VCF0894",0,FALSE,"S09_D15_WEIGHT","W_CDF",TRUE,0,0,"UNCHANGED","REUSED_VALIDATED_POINT_NETWORK"
"EDGE_2004_VCF0888_VCF0894",2004,"VCF0888","VCF0894",0,FALSE,"S09_D15_WEIGHT","W_POST_COMPAT",TRUE,0,0,"UNCHANGED","REUSED_VALIDATED_POINT_NETWORK"
"EDGE_2004_VCF0888_VCF0894",2004,"VCF0888","VCF0894",0,FALSE,"S09_D19_MODE","ALL_INTERNET",FALSE,,,"NOT_APPLICABLE","OUTSIDE_MODULE_SCOPE"
"EDGE_2004_VCF0888_VCF9223",2004,"VCF0888","VCF9223",-0.0883941487208757,TRUE,"S09_D11","PAIRWISE_AVAILABLE",TRUE,-0.100769598210358,0.0123754494894825,"UNCHANGED","ESTIMABLE_WITH_WARNINGS"
"EDGE_2004_VCF0888_VCF9223",2004,"VCF0888","VCF9223",-0.0883941487208757,TRUE,"S09_D20A_GAMMA","GAMMA_025",TRUE,-0.0883941487208757,0,"UNCHANGED","ESTIMABLE_WITH_WARNINGS"
"EDGE_2004_VCF0888_VCF9223",2004,"VCF0888","VCF9223",-0.0883941487208757,TRUE,"S09_D20A_NO_VCF0839","NO_VCF0839",TRUE,-0.0896269683130071,0.00123281959213144,"UNCHANGED","ESTIMABLE_WITH_WARNINGS"
"EDGE_2004_VCF0888_VCF9223",2004,"VCF0888","VCF9223",-0.0883941487208757,TRUE,"S09_D15_WEIGHT","W_CDF",TRUE,-0.0925425384007912,0.00414838967991546,"UNCHANGED","REUSED_VALIDATED_POINT_NETWORK"
"EDGE_2004_VCF0888_VCF9223",2004,"VCF0888","VCF9223",-0.0883941487208757,TRUE,"S09_D15_WEIGHT","W_POST_COMPAT",TRUE,-0.0930528792716115,0.00465873055073585,"UNCHANGED","REUSED_VALIDATED_POINT_NETWORK"
"EDGE_2004_VCF0888_VCF9223",2004,"VCF0888","VCF9223",-0.0883941487208757,TRUE,"S09_D19_MODE","ALL_INTERNET",FALSE,,,"NOT_APPLICABLE","OUTSIDE_MODULE_SCOPE"
"EDGE_2004_VCF0890_VCF0894",2004,"VCF0890","VCF0894",0.163619760585957,TRUE,"S09_D11","PAIRWISE_AVAILABLE",TRUE,0.130391739915782,0.0332280206701745,"UNCHANGED","ESTIMABLE_WITH_WARNINGS"
"EDGE_2004_VCF0890_VCF0894",2004,"VCF0890","VCF0894",0.163619760585957,TRUE,"S09_D20A_GAMMA","GAMMA_025",TRUE,0.163619760585957,0,"UNCHANGED","ESTIMABLE_WITH_WARNINGS"
"EDGE_2004_VCF0890_VCF0894",2004,"VCF0890","VCF0894",0.163619760585957,TRUE,"S09_D20A_NO_VCF0839","NO_VCF0839",TRUE,0.242316336561614,0.0786965759756569,"UNCHANGED","ESTIMABLE_WITH_WARNINGS"
"EDGE_2004_VCF0890_VCF0894",2004,"VCF0890","VCF0894",0.163619760585957,TRUE,"S09_D15_WEIGHT","W_CDF",TRUE,0.163871133410115,0.000251372824158325,"UNCHANGED","REUSED_VALIDATED_POINT_NETWORK"
"EDGE_2004_VCF0890_VCF0894",2004,"VCF0890","VCF0894",0.163619760585957,TRUE,"S09_D15_WEIGHT","W_POST_COMPAT",TRUE,0.165705377711382,0.00208561712542557,"UNCHANGED","REUSED_VALIDATED_POINT_NETWORK"
"EDGE_2004_VCF0890_VCF0894",2004,"VCF0890","VCF0894",0.163619760585957,TRUE,"S09_D19_MODE","ALL_INTERNET",FALSE,,,"NOT_APPLICABLE","OUTSIDE_MODULE_SCOPE"
"EDGE_2004_VCF0890_VCF9223",2004,"VCF0890","VCF9223",0,FALSE,"S09_D11","PAIRWISE_AVAILABLE",TRUE,0,0,"UNCHANGED","ESTIMABLE_WITH_WARNINGS"
"EDGE_2004_VCF0890_VCF9223",2004,"VCF0890","VCF9223",0,FALSE,"S09_D20A_GAMMA","GAMMA_025",TRUE,0,0,"UNCHANGED","ESTIMABLE_WITH_WARNINGS"
"EDGE_2004_VCF0890_VCF9223",2004,"VCF0890","VCF9223",0,FALSE,"S09_D20A_NO_VCF0839","NO_VCF0839",TRUE,-0.0388480312280543,0.0388480312280543,"CHANGED","ESTIMABLE_WITH_WARNINGS"
"EDGE_2004_VCF0890_VCF9223",2004,"VCF0890","VCF9223",0,FALSE,"S09_D15_WEIGHT","W_CDF",TRUE,-0.0121714237225855,0.0121714237225855,"CHANGED","REUSED_VALIDATED_POINT_NETWORK"
"EDGE_2004_VCF0890_VCF9223",2004,"VCF0890","VCF9223",0,FALSE,"S09_D15_WEIGHT","W_POST_COMPAT",TRUE,-0.0157019051777571,0.0157019051777571,"CHANGED","REUSED_VALIDATED_POINT_NETWORK"
"EDGE_2004_VCF0890_VCF9223",2004,"VCF0890","VCF9223",0,FALSE,"S09_D19_MODE","ALL_INTERNET",FALSE,,,"NOT_APPLICABLE","OUTSIDE_MODULE_SCOPE"
"EDGE_2004_VCF0894_VCF9223",2004,"VCF0894","VCF9223",0,FALSE,"S09_D11","PAIRWISE_AVAILABLE",TRUE,0.00436687977581327,0.00436687977581327,"CHANGED","ESTIMABLE_WITH_WARNINGS"
"EDGE_2004_VCF0894_VCF9223",2004,"VCF0894","VCF9223",0,FALSE,"S09_D20A_GAMMA","GAMMA_025",TRUE,0,0,"UNCHANGED","ESTIMABLE_WITH_WARNINGS"
"EDGE_2004_VCF0894_VCF9223",2004,"VCF0894","VCF9223",0,FALSE,"S09_D20A_NO_VCF0839","NO_VCF0839",TRUE,0,0,"UNCHANGED","ESTIMABLE_WITH_WARNINGS"
"EDGE_2004_VCF0894_VCF9223",2004,"VCF0894","VCF9223",0,FALSE,"S09_D15_WEIGHT","W_CDF",TRUE,0,0,"UNCHANGED","REUSED_VALIDATED_POINT_NETWORK"
"EDGE_2004_VCF0894_VCF9223",2004,"VCF0894","VCF9223",0,FALSE,"S09_D15_WEIGHT","W_POST_COMPAT",TRUE,0,0,"UNCHANGED","REUSED_VALIDATED_POINT_NETWORK"
"EDGE_2004_VCF0894_VCF9223",2004,"VCF0894","VCF9223",0,FALSE,"S09_D19_MODE","ALL_INTERNET",FALSE,,,"NOT_APPLICABLE","OUTSIDE_MODULE_SCOPE"
"EDGE_2012_VCF0806_VCF0809",2012,"VCF0806","VCF0809",0.303846021908369,TRUE,"S09_D11","PAIRWISE_AVAILABLE",TRUE,0.330339817605245,0.0264937956968751,"UNCHANGED","ESTIMABLE_WITH_WARNINGS"
"EDGE_2012_VCF0806_VCF0809",2012,"VCF0806","VCF0809",0.303846021908369,TRUE,"S09_D20A_GAMMA","GAMMA_025",TRUE,0.303846021908369,0,"UNCHANGED","ESTIMABLE_WITH_WARNINGS"
"EDGE_2012_VCF0806_VCF0809",2012,"VCF0806","VCF0809",0.303846021908369,TRUE,"S09_D20A_NO_VCF0839","NO_VCF0839",TRUE,0.364198424078158,0.0603524021697884,"UNCHANGED","ESTIMABLE_WITH_WARNINGS"
"EDGE_2012_VCF0806_VCF0809",2012,"VCF0806","VCF0809",0.303846021908369,TRUE,"S09_D15_WEIGHT","W_CDF",TRUE,0.287413240362113,0.0164327815462566,"UNCHANGED","REUSED_VALIDATED_POINT_NETWORK"
"EDGE_2012_VCF0806_VCF0809",2012,"VCF0806","VCF0809",0.303846021908369,TRUE,"S09_D15_WEIGHT","W_POST_COMPAT",TRUE,0.287413240362113,0.0164327815462566,"UNCHANGED","REUSED_VALIDATED_POINT_NETWORK"
"EDGE_2012_VCF0806_VCF0809",2012,"VCF0806","VCF0809",0.303846021908369,TRUE,"S09_D19_MODE","ALL_INTERNET",TRUE,0.311177001873133,0.00733097996476351,"UNCHANGED","ESTIMABLE_WITH_WARNINGS"
"EDGE_2012_VCF0806_VCF0838",2012,"VCF0806","VCF0838",0.163141088733884,TRUE,"S09_D11","PAIRWISE_AVAILABLE",TRUE,0.136543465950126,0.0265976227837577,"UNCHANGED","ESTIMABLE_WITH_WARNINGS"
"EDGE_2012_VCF0806_VCF0838",2012,"VCF0806","VCF0838",0.163141088733884,TRUE,"S09_D20A_GAMMA","GAMMA_025",TRUE,0.163141088733884,0,"UNCHANGED","ESTIMABLE_WITH_WARNINGS"
"EDGE_2012_VCF0806_VCF0838",2012,"VCF0806","VCF0838",0.163141088733884,TRUE,"S09_D20A_NO_VCF0839","NO_VCF0839",TRUE,0.167589862220115,0.00444877348623079,"UNCHANGED","ESTIMABLE_WITH_WARNINGS"
"EDGE_2012_VCF0806_VCF0838",2012,"VCF0806","VCF0838",0.163141088733884,TRUE,"S09_D15_WEIGHT","W_CDF",TRUE,0.16737887802968,0.0042377892957963,"UNCHANGED","REUSED_VALIDATED_POINT_NETWORK"
"EDGE_2012_VCF0806_VCF0838",2012,"VCF0806","VCF0838",0.163141088733884,TRUE,"S09_D15_WEIGHT","W_POST_COMPAT",TRUE,0.16737887802968,0.0042377892957963,"UNCHANGED","REUSED_VALIDATED_POINT_NETWORK"
"EDGE_2012_VCF0806_VCF0838",2012,"VCF0806","VCF0838",0.163141088733884,TRUE,"S09_D19_MODE","ALL_INTERNET",TRUE,0.182393671930996,0.0192525831971115,"UNCHANGED","ESTIMABLE_WITH_WARNINGS"
"EDGE_2012_VCF0806_VCF0839",2012,"VCF0806","VCF0839",0.234328527509928,TRUE,"S09_D11","PAIRWISE_AVAILABLE",TRUE,0.232329745535943,0.00199878197398454,"UNCHANGED","ESTIMABLE_WITH_WARNINGS"
"EDGE_2012_VCF0806_VCF0839",2012,"VCF0806","VCF0839",0.234328527509928,TRUE,"S09_D20A_GAMMA","GAMMA_025",TRUE,0.234328527509928,0,"UNCHANGED","ESTIMABLE_WITH_WARNINGS"
"EDGE_2012_VCF0806_VCF0839",2012,"VCF0806","VCF0839",0.234328527509928,TRUE,"S09_D20A_NO_VCF0839","NO_VCF0839",FALSE,,,"NOT_APPLICABLE","OUTSIDE_MODULE_SCOPE"
"EDGE_2012_VCF0806_VCF0839",2012,"VCF0806","VCF0839",0.234328527509928,TRUE,"S09_D15_WEIGHT","W_CDF",TRUE,0.239050394525523,0.00472186701559513,"UNCHANGED","REUSED_VALIDATED_POINT_NETWORK"
"EDGE_2012_VCF0806_VCF0839",2012,"VCF0806","VCF0839",0.234328527509928,TRUE,"S09_D15_WEIGHT","W_POST_COMPAT",TRUE,0.239050394525523,0.00472186701559513,"UNCHANGED","REUSED_VALIDATED_POINT_NETWORK"
"EDGE_2012_VCF0806_VCF0839",2012,"VCF0806","VCF0839",0.234328527509928,TRUE,"S09_D19_MODE","ALL_INTERNET",TRUE,0.246442780230385,0.0121142527204569,"UNCHANGED","ESTIMABLE_WITH_WARNINGS"
"EDGE_2012_VCF0806_VCF0879a",2012,"VCF0806","VCF0879a",0.0493033840706338,TRUE,"S09_D11","PAIRWISE_AVAILABLE",TRUE,0.047819786572181,0.00148359749845276,"UNCHANGED","ESTIMABLE_WITH_WARNINGS"
"EDGE_2012_VCF0806_VCF0879a",2012,"VCF0806","VCF0879a",0.0493033840706338,TRUE,"S09_D20A_GAMMA","GAMMA_025",TRUE,0.0493033840706338,0,"UNCHANGED","ESTIMABLE_WITH_WARNINGS"
"EDGE_2012_VCF0806_VCF0879a",2012,"VCF0806","VCF0879a",0.0493033840706338,TRUE,"S09_D20A_NO_VCF0839","NO_VCF0839",TRUE,0.0565772806293969,0.00727389655876315,"UNCHANGED","ESTIMABLE_WITH_WARNINGS"
"EDGE_2012_VCF0806_VCF0879a",2012,"VCF0806","VCF0879a",0.0493033840706338,TRUE,"S09_D15_WEIGHT","W_CDF",TRUE,0.074263310379573,0.0249599263089392,"UNCHANGED","REUSED_VALIDATED_POINT_NETWORK"
"EDGE_2012_VCF0806_VCF0879a",2012,"VCF0806","VCF0879a",0.0493033840706338,TRUE,"S09_D15_WEIGHT","W_POST_COMPAT",TRUE,0.074263310379573,0.0249599263089392,"UNCHANGED","REUSED_VALIDATED_POINT_NETWORK"
"EDGE_2012_VCF0806_VCF0879a",2012,"VCF0806","VCF0879a",0.0493033840706338,TRUE,"S09_D19_MODE","ALL_INTERNET",TRUE,0.0245460771433251,0.0247573069273087,"UNCHANGED","ESTIMABLE_WITH_WARNINGS"
"EDGE_2012_VCF0806_VCF0888",2012,"VCF0806","VCF0888",-0.023095672005309,TRUE,"S09_D11","PAIRWISE_AVAILABLE",TRUE,-0.0505462431551692,0.0274505711498602,"UNCHANGED","ESTIMABLE_WITH_WARNINGS"
"EDGE_2012_VCF0806_VCF0888",2012,"VCF0806","VCF0888",-0.023095672005309,TRUE,"S09_D20A_GAMMA","GAMMA_025",TRUE,-0.023095672005309,0,"UNCHANGED","ESTIMABLE_WITH_WARNINGS"
"EDGE_2012_VCF0806_VCF0888",2012,"VCF0806","VCF0888",-0.023095672005309,TRUE,"S09_D20A_NO_VCF0839","NO_VCF0839",TRUE,-0.0137434892409917,0.00935218276431738,"UNCHANGED","ESTIMABLE_WITH_WARNINGS"
"EDGE_2012_VCF0806_VCF0888",2012,"VCF0806","VCF0888",-0.023095672005309,TRUE,"S09_D15_WEIGHT","W_CDF",TRUE,0,0.023095672005309,"CHANGED","REUSED_VALIDATED_POINT_NETWORK"
"EDGE_2012_VCF0806_VCF0888",2012,"VCF0806","VCF0888",-0.023095672005309,TRUE,"S09_D15_WEIGHT","W_POST_COMPAT",TRUE,0,0.023095672005309,"CHANGED","REUSED_VALIDATED_POINT_NETWORK"
"EDGE_2012_VCF0806_VCF0888",2012,"VCF0806","VCF0888",-0.023095672005309,TRUE,"S09_D19_MODE","ALL_INTERNET",TRUE,-0.0309417184302985,0.00784604642498946,"UNCHANGED","ESTIMABLE_WITH_WARNINGS"
"EDGE_2012_VCF0806_VCF0890",2012,"VCF0806","VCF0890",0.0586270926415524,TRUE,"S09_D11","PAIRWISE_AVAILABLE",TRUE,0.0702525316916463,0.0116254390500939,"UNCHANGED","ESTIMABLE_WITH_WARNINGS"
"EDGE_2012_VCF0806_VCF0890",2012,"VCF0806","VCF0890",0.0586270926415524,TRUE,"S09_D20A_GAMMA","GAMMA_025",TRUE,0.0586270926415524,0,"UNCHANGED","ESTIMABLE_WITH_WARNINGS"
"EDGE_2012_VCF0806_VCF0890",2012,"VCF0806","VCF0890",0.0586270926415524,TRUE,"S09_D20A_NO_VCF0839","NO_VCF0839",TRUE,0.127366699493065,0.0687396068515123,"UNCHANGED","ESTIMABLE_WITH_WARNINGS"
"EDGE_2012_VCF0806_VCF0890",2012,"VCF0806","VCF0890",0.0586270926415524,TRUE,"S09_D15_WEIGHT","W_CDF",TRUE,0.0387281139447511,0.0198989786968012,"UNCHANGED","REUSED_VALIDATED_POINT_NETWORK"
"EDGE_2012_VCF0806_VCF0890",2012,"VCF0806","VCF0890",0.0586270926415524,TRUE,"S09_D15_WEIGHT","W_POST_COMPAT",TRUE,0.0387281139447511,0.0198989786968012,"UNCHANGED","REUSED_VALIDATED_POINT_NETWORK"
"EDGE_2012_VCF0806_VCF0890",2012,"VCF0806","VCF0890",0.0586270926415524,TRUE,"S09_D19_MODE","ALL_INTERNET",TRUE,0.0349856977717015,0.0236413948698508,"UNCHANGED","ESTIMABLE_WITH_WARNINGS"
"EDGE_2012_VCF0806_VCF0894",2012,"VCF0806","VCF0894",0.14949343454668,TRUE,"S09_D11","PAIRWISE_AVAILABLE",TRUE,0.131815696347477,0.017677738199203,"UNCHANGED","ESTIMABLE_WITH_WARNINGS"
"EDGE_2012_VCF0806_VCF0894",2012,"VCF0806","VCF0894",0.14949343454668,TRUE,"S09_D20A_GAMMA","GAMMA_025",TRUE,0.14949343454668,0,"UNCHANGED","ESTIMABLE_WITH_WARNINGS"
"EDGE_2012_VCF0806_VCF0894",2012,"VCF0806","VCF0894",0.14949343454668,TRUE,"S09_D20A_NO_VCF0839","NO_VCF0839",TRUE,0.238321808937736,0.0888283743910555,"UNCHANGED","ESTIMABLE_WITH_WARNINGS"
"EDGE_2012_VCF0806_VCF0894",2012,"VCF0806","VCF0894",0.14949343454668,TRUE,"S09_D15_WEIGHT","W_CDF",TRUE,0.155541497453318,0.00604806290663756,"UNCHANGED","REUSED_VALIDATED_POINT_NETWORK"
"EDGE_2012_VCF0806_VCF0894",2012,"VCF0806","VCF0894",0.14949343454668,TRUE,"S09_D15_WEIGHT","W_POST_COMPAT",TRUE,0.155541497453318,0.00604806290663756,"UNCHANGED","REUSED_VALIDATED_POINT_NETWORK"
"EDGE_2012_VCF0806_VCF0894",2012,"VCF0806","VCF0894",0.14949343454668,TRUE,"S09_D19_MODE","ALL_INTERNET",TRUE,0.145803444271743,0.0036899902749373,"UNCHANGED","ESTIMABLE_WITH_WARNINGS"
"EDGE_2012_VCF0806_VCF9223",2012,"VCF0806","VCF9223",0.0150369312245018,TRUE,"S09_D11","PAIRWISE_AVAILABLE",TRUE,0.0147500545478843,0.000286876676617517,"UNCHANGED","ESTIMABLE_WITH_WARNINGS"
"EDGE_2012_VCF0806_VCF9223",2012,"VCF0806","VCF9223",0.0150369312245018,TRUE,"S09_D20A_GAMMA","GAMMA_025",TRUE,0.0150369312245018,0,"UNCHANGED","ESTIMABLE_WITH_WARNINGS"
"EDGE_2012_VCF0806_VCF9223",2012,"VCF0806","VCF9223",0.0150369312245018,TRUE,"S09_D20A_NO_VCF0839","NO_VCF0839",TRUE,0.0216962680104604,0.00665933678595864,"UNCHANGED","ESTIMABLE_WITH_WARNINGS"
"EDGE_2012_VCF0806_VCF9223",2012,"VCF0806","VCF9223",0.0150369312245018,TRUE,"S09_D15_WEIGHT","W_CDF",TRUE,0.0169291548418138,0.001892223617312,"UNCHANGED","REUSED_VALIDATED_POINT_NETWORK"
"EDGE_2012_VCF0806_VCF9223",2012,"VCF0806","VCF9223",0.0150369312245018,TRUE,"S09_D15_WEIGHT","W_POST_COMPAT",TRUE,0.0169291548418138,0.001892223617312,"UNCHANGED","REUSED_VALIDATED_POINT_NETWORK"
"EDGE_2012_VCF0806_VCF9223",2012,"VCF0806","VCF9223",0.0150369312245018,TRUE,"S09_D19_MODE","ALL_INTERNET",TRUE,0.041888921560685,0.0268519903361832,"UNCHANGED","ESTIMABLE_WITH_WARNINGS"
"EDGE_2012_VCF0809_VCF0838",2012,"VCF0809","VCF0838",0,FALSE,"S09_D11","PAIRWISE_AVAILABLE",TRUE,-0.0220054555470494,0.0220054555470494,"CHANGED","ESTIMABLE_WITH_WARNINGS"
"EDGE_2012_VCF0809_VCF0838",2012,"VCF0809","VCF0838",0,FALSE,"S09_D20A_GAMMA","GAMMA_025",TRUE,0,0,"UNCHANGED","ESTIMABLE_WITH_WARNINGS"
"EDGE_2012_VCF0809_VCF0838",2012,"VCF0809","VCF0838",0,FALSE,"S09_D20A_NO_VCF0839","NO_VCF0839",TRUE,0,0,"UNCHANGED","ESTIMABLE_WITH_WARNINGS"
"EDGE_2012_VCF0809_VCF0838",2012,"VCF0809","VCF0838",0,FALSE,"S09_D15_WEIGHT","W_CDF",TRUE,0,0,"UNCHANGED","REUSED_VALIDATED_POINT_NETWORK"
"EDGE_2012_VCF0809_VCF0838",2012,"VCF0809","VCF0838",0,FALSE,"S09_D15_WEIGHT","W_POST_COMPAT",TRUE,0,0,"UNCHANGED","REUSED_VALIDATED_POINT_NETWORK"
"EDGE_2012_VCF0809_VCF0838",2012,"VCF0809","VCF0838",0,FALSE,"S09_D19_MODE","ALL_INTERNET",TRUE,0,0,"UNCHANGED","ESTIMABLE_WITH_WARNINGS"
"EDGE_2012_VCF0809_VCF0839",2012,"VCF0809","VCF0839",0.189210653527643,TRUE,"S09_D11","PAIRWISE_AVAILABLE",TRUE,0.192726123560564,0.00351547003292052,"UNCHANGED","ESTIMABLE_WITH_WARNINGS"
"EDGE_2012_VCF0809_VCF0839",2012,"VCF0809","VCF0839",0.189210653527643,TRUE,"S09_D20A_GAMMA","GAMMA_025",TRUE,0.189210653527643,0,"UNCHANGED","ESTIMABLE_WITH_WARNINGS"
"EDGE_2012_VCF0809_VCF0839",2012,"VCF0809","VCF0839",0.189210653527643,TRUE,"S09_D20A_NO_VCF0839","NO_VCF0839",FALSE,,,"NOT_APPLICABLE","OUTSIDE_MODULE_SCOPE"
"EDGE_2012_VCF0809_VCF0839",2012,"VCF0809","VCF0839",0.189210653527643,TRUE,"S09_D15_WEIGHT","W_CDF",TRUE,0.219598428289407,0.030387774761764,"UNCHANGED","REUSED_VALIDATED_POINT_NETWORK"
"EDGE_2012_VCF0809_VCF0839",2012,"VCF0809","VCF0839",0.189210653527643,TRUE,"S09_D15_WEIGHT","W_POST_COMPAT",TRUE,0.219598428289407,0.030387774761764,"UNCHANGED","REUSED_VALIDATED_POINT_NETWORK"
"EDGE_2012_VCF0809_VCF0839",2012,"VCF0809","VCF0839",0.189210653527643,TRUE,"S09_D19_MODE","ALL_INTERNET",TRUE,0.180756234620534,0.00845441890710916,"UNCHANGED","ESTIMABLE_WITH_WARNINGS"
"EDGE_2012_VCF0809_VCF0879a",2012,"VCF0809","VCF0879a",-0.0194987239175984,TRUE,"S09_D11","PAIRWISE_AVAILABLE",TRUE,-0.00853309836832052,0.0109656255492779,"UNCHANGED","ESTIMABLE_WITH_WARNINGS"
"EDGE_2012_VCF0809_VCF0879a",2012,"VCF0809","VCF0879a",-0.0194987239175984,TRUE,"S09_D20A_GAMMA","GAMMA_025",TRUE,-0.0194987239175984,0,"UNCHANGED","ESTIMABLE_WITH_WARNINGS"
"EDGE_2012_VCF0809_VCF0879a",2012,"VCF0809","VCF0879a",-0.0194987239175984,TRUE,"S09_D20A_NO_VCF0839","NO_VCF0839",TRUE,-0.0142320987749043,0.00526662514269417,"UNCHANGED","ESTIMABLE_WITH_WARNINGS"
"EDGE_2012_VCF0809_VCF0879a",2012,"VCF0809","VCF0879a",-0.0194987239175984,TRUE,"S09_D15_WEIGHT","W_CDF",TRUE,-0.0443073983608467,0.0248086744432483,"UNCHANGED","REUSED_VALIDATED_POINT_NETWORK"
"EDGE_2012_VCF0809_VCF0879a",2012,"VCF0809","VCF0879a",-0.0194987239175984,TRUE,"S09_D15_WEIGHT","W_POST_COMPAT",TRUE,-0.0443073983608467,0.0248086744432483,"UNCHANGED","REUSED_VALIDATED_POINT_NETWORK"
"EDGE_2012_VCF0809_VCF0879a",2012,"VCF0809","VCF0879a",-0.0194987239175984,TRUE,"S09_D19_MODE","ALL_INTERNET",TRUE,0,0.0194987239175984,"CHANGED","ESTIMABLE_WITH_WARNINGS"
"EDGE_2012_VCF0809_VCF0888",2012,"VCF0809","VCF0888",0.0462895145169454,TRUE,"S09_D11","PAIRWISE_AVAILABLE",TRUE,0.063530972962537,0.0172414584455916,"UNCHANGED","ESTIMABLE_WITH_WARNINGS"
"EDGE_2012_VCF0809_VCF0888",2012,"VCF0809","VCF0888",0.0462895145169454,TRUE,"S09_D20A_GAMMA","GAMMA_025",TRUE,0.0462895145169454,0,"UNCHANGED","ESTIMABLE_WITH_WARNINGS"
"EDGE_2012_VCF0809_VCF0888",2012,"VCF0809","VCF0888",0.0462895145169454,TRUE,"S09_D20A_NO_VCF0839","NO_VCF0839",TRUE,0.0539473463393063,0.0076578318223609,"UNCHANGED","ESTIMABLE_WITH_WARNINGS"
"EDGE_2012_VCF0809_VCF0888",2012,"VCF0809","VCF0888",0.0462895145169454,TRUE,"S09_D15_WEIGHT","W_CDF",TRUE,0.0106761060565727,0.0356134084603727,"UNCHANGED","REUSED_VALIDATED_POINT_NETWORK"
"EDGE_2012_VCF0809_VCF0888",2012,"VCF0809","VCF0888",0.0462895145169454,TRUE,"S09_D15_WEIGHT","W_POST_COMPAT",TRUE,0.0106761060565727,0.0356134084603727,"UNCHANGED","REUSED_VALIDATED_POINT_NETWORK"
"EDGE_2012_VCF0809_VCF0888",2012,"VCF0809","VCF0888",0.0462895145169454,TRUE,"S09_D19_MODE","ALL_INTERNET",TRUE,0.0483981554219524,0.00210864090500705,"UNCHANGED","ESTIMABLE_WITH_WARNINGS"
"EDGE_2012_VCF0809_VCF0890",2012,"VCF0809","VCF0890",0.0920263712391898,TRUE,"S09_D11","PAIRWISE_AVAILABLE",TRUE,0.104951931918967,0.012925560679777,"UNCHANGED","ESTIMABLE_WITH_WARNINGS"
"EDGE_2012_VCF0809_VCF0890",2012,"VCF0809","VCF0890",0.0920263712391898,TRUE,"S09_D20A_GAMMA","GAMMA_025",TRUE,0.0920263712391898,0,"UNCHANGED","ESTIMABLE_WITH_WARNINGS"
"EDGE_2012_VCF0809_VCF0890",2012,"VCF0809","VCF0890",0.0920263712391898,TRUE,"S09_D20A_NO_VCF0839","NO_VCF0839",TRUE,0.149146002651824,0.0571196314126343,"UNCHANGED","ESTIMABLE_WITH_WARNINGS"
"EDGE_2012_VCF0809_VCF0890",2012,"VCF0809","VCF0890",0.0920263712391898,TRUE,"S09_D15_WEIGHT","W_CDF",TRUE,0.0609103030864837,0.0311160681527061,"UNCHANGED","REUSED_VALIDATED_POINT_NETWORK"
"EDGE_2012_VCF0809_VCF0890",2012,"VCF0809","VCF0890",0.0920263712391898,TRUE,"S09_D15_WEIGHT","W_POST_COMPAT",TRUE,0.0609103030864837,0.0311160681527061,"UNCHANGED","REUSED_VALIDATED_POINT_NETWORK"
"EDGE_2012_VCF0809_VCF0890",2012,"VCF0809","VCF0890",0.0920263712391898,TRUE,"S09_D19_MODE","ALL_INTERNET",TRUE,0.120496419810798,0.0284700485716079,"UNCHANGED","ESTIMABLE_WITH_WARNINGS"
"EDGE_2012_VCF0809_VCF0894",2012,"VCF0809","VCF0894",0.151618352474529,TRUE,"S09_D11","PAIRWISE_AVAILABLE",TRUE,0.138233583835342,0.0133847686391863,"UNCHANGED","ESTIMABLE_WITH_WARNINGS"
"EDGE_2012_VCF0809_VCF0894",2012,"VCF0809","VCF0894",0.151618352474529,TRUE,"S09_D20A_GAMMA","GAMMA_025",TRUE,0.151618352474529,0,"UNCHANGED","ESTIMABLE_WITH_WARNINGS"
"EDGE_2012_VCF0809_VCF0894",2012,"VCF0809","VCF0894",0.151618352474529,TRUE,"S09_D20A_NO_VCF0839","NO_VCF0839",TRUE,0.223972379270914,0.0723540267963852,"UNCHANGED","ESTIMABLE_WITH_WARNINGS"
"EDGE_2012_VCF0809_VCF0894",2012,"VCF0809","VCF0894",0.151618352474529,TRUE,"S09_D15_WEIGHT","W_CDF",TRUE,0.179669785435169,0.0280514329606408,"UNCHANGED","REUSED_VALIDATED_POINT_NETWORK"
"EDGE_2012_VCF0809_VCF0894",2012,"VCF0809","VCF0894",0.151618352474529,TRUE,"S09_D15_WEIGHT","W_POST_COMPAT",TRUE,0.179669785435169,0.0280514329606408,"UNCHANGED","REUSED_VALIDATED_POINT_NETWORK"
"EDGE_2012_VCF0809_VCF0894",2012,"VCF0809","VCF0894",0.151618352474529,TRUE,"S09_D19_MODE","ALL_INTERNET",TRUE,0.135383995330218,0.0162343571443106,"UNCHANGED","ESTIMABLE_WITH_WARNINGS"
"EDGE_2012_VCF0809_VCF9223",2012,"VCF0809","VCF9223",-0.0228829782209999,TRUE,"S09_D11","PAIRWISE_AVAILABLE",TRUE,-0.0404628090738897,0.0175798308528898,"UNCHANGED","ESTIMABLE_WITH_WARNINGS"
"EDGE_2012_VCF0809_VCF9223",2012,"VCF0809","VCF9223",-0.0228829782209999,TRUE,"S09_D20A_GAMMA","GAMMA_025",TRUE,-0.0228829782209999,0,"UNCHANGED","ESTIMABLE_WITH_WARNINGS"
"EDGE_2012_VCF0809_VCF9223",2012,"VCF0809","VCF9223",-0.0228829782209999,TRUE,"S09_D20A_NO_VCF0839","NO_VCF0839",TRUE,-0.0173635641671834,0.00551941405381651,"UNCHANGED","ESTIMABLE_WITH_WARNINGS"
"EDGE_2012_VCF0809_VCF9223",2012,"VCF0809","VCF9223",-0.0228829782209999,TRUE,"S09_D15_WEIGHT","W_CDF",TRUE,-0.0263012966499221,0.00341831842892219,"UNCHANGED","REUSED_VALIDATED_POINT_NETWORK"
"EDGE_2012_VCF0809_VCF9223",2012,"VCF0809","VCF9223",-0.0228829782209999,TRUE,"S09_D15_WEIGHT","W_POST_COMPAT",TRUE,-0.0263012966499221,0.00341831842892219,"UNCHANGED","REUSED_VALIDATED_POINT_NETWORK"
"EDGE_2012_VCF0809_VCF9223",2012,"VCF0809","VCF9223",-0.0228829782209999,TRUE,"S09_D19_MODE","ALL_INTERNET",TRUE,-0.0251689452921108,0.00228596707111092,"UNCHANGED","ESTIMABLE_WITH_WARNINGS"
"EDGE_2012_VCF0838_VCF0839",2012,"VCF0838","VCF0839",0,FALSE,"S09_D11","PAIRWISE_AVAILABLE",TRUE,0.0156489515087731,0.0156489515087731,"CHANGED","ESTIMABLE_WITH_WARNINGS"
"EDGE_2012_VCF0838_VCF0839",2012,"VCF0838","VCF0839",0,FALSE,"S09_D20A_GAMMA","GAMMA_025",TRUE,0,0,"UNCHANGED","ESTIMABLE_WITH_WARNINGS"
"EDGE_2012_VCF0838_VCF0839",2012,"VCF0838","VCF0839",0,FALSE,"S09_D20A_NO_VCF0839","NO_VCF0839",FALSE,,,"NOT_APPLICABLE","OUTSIDE_MODULE_SCOPE"
"EDGE_2012_VCF0838_VCF0839",2012,"VCF0838","VCF0839",0,FALSE,"S09_D15_WEIGHT","W_CDF",TRUE,0.0241516983368769,0.0241516983368769,"CHANGED","REUSED_VALIDATED_POINT_NETWORK"
"EDGE_2012_VCF0838_VCF0839",2012,"VCF0838","VCF0839",0,FALSE,"S09_D15_WEIGHT","W_POST_COMPAT",TRUE,0.0241516983368769,0.0241516983368769,"CHANGED","REUSED_VALIDATED_POINT_NETWORK"
"EDGE_2012_VCF0838_VCF0839",2012,"VCF0838","VCF0839",0,FALSE,"S09_D19_MODE","ALL_INTERNET",TRUE,0.010459451598905,0.010459451598905,"CHANGED","ESTIMABLE_WITH_WARNINGS"
"EDGE_2012_VCF0838_VCF0879a",2012,"VCF0838","VCF0879a",0,FALSE,"S09_D11","PAIRWISE_AVAILABLE",TRUE,0,0,"UNCHANGED","ESTIMABLE_WITH_WARNINGS"
"EDGE_2012_VCF0838_VCF0879a",2012,"VCF0838","VCF0879a",0,FALSE,"S09_D20A_GAMMA","GAMMA_025",TRUE,0,0,"UNCHANGED","ESTIMABLE_WITH_WARNINGS"
"EDGE_2012_VCF0838_VCF0879a",2012,"VCF0838","VCF0879a",0,FALSE,"S09_D20A_NO_VCF0839","NO_VCF0839",TRUE,0,0,"UNCHANGED","ESTIMABLE_WITH_WARNINGS"
"EDGE_2012_VCF0838_VCF0879a",2012,"VCF0838","VCF0879a",0,FALSE,"S09_D15_WEIGHT","W_CDF",TRUE,0,0,"UNCHANGED","REUSED_VALIDATED_POINT_NETWORK"
"EDGE_2012_VCF0838_VCF0879a",2012,"VCF0838","VCF0879a",0,FALSE,"S09_D15_WEIGHT","W_POST_COMPAT",TRUE,0,0,"UNCHANGED","REUSED_VALIDATED_POINT_NETWORK"
"EDGE_2012_VCF0838_VCF0879a",2012,"VCF0838","VCF0879a",0,FALSE,"S09_D19_MODE","ALL_INTERNET",TRUE,-0.00615264977055309,0.00615264977055309,"CHANGED","ESTIMABLE_WITH_WARNINGS"
"EDGE_2012_VCF0838_VCF0888",2012,"VCF0838","VCF0888",-0.111103873701375,TRUE,"S09_D11","PAIRWISE_AVAILABLE",TRUE,-0.10275705896905,0.00834681473232485,"UNCHANGED","ESTIMABLE_WITH_WARNINGS"
"EDGE_2012_VCF0838_VCF0888",2012,"VCF0838","VCF0888",-0.111103873701375,TRUE,"S09_D20A_GAMMA","GAMMA_025",TRUE,-0.111103873701375,0,"UNCHANGED","ESTIMABLE_WITH_WARNINGS"
"EDGE_2012_VCF0838_VCF0888",2012,"VCF0838","VCF0888",-0.111103873701375,TRUE,"S09_D20A_NO_VCF0839","NO_VCF0839",TRUE,-0.110746978148656,0.000356895552719533,"UNCHANGED","ESTIMABLE_WITH_WARNINGS"
"EDGE_2012_VCF0838_VCF0888",2012,"VCF0838","VCF0888",-0.111103873701375,TRUE,"S09_D15_WEIGHT","W_CDF",TRUE,-0.136172489449408,0.0250686157480328,"UNCHANGED","REUSED_VALIDATED_POINT_NETWORK"
"EDGE_2012_VCF0838_VCF0888",2012,"VCF0838","VCF0888",-0.111103873701375,TRUE,"S09_D15_WEIGHT","W_POST_COMPAT",TRUE,-0.136172489449408,0.0250686157480328,"UNCHANGED","REUSED_VALIDATED_POINT_NETWORK"
"EDGE_2012_VCF0838_VCF0888",2012,"VCF0838","VCF0888",-0.111103873701375,TRUE,"S09_D19_MODE","ALL_INTERNET",TRUE,-0.105238020077858,0.00586585362351726,"UNCHANGED","ESTIMABLE_WITH_WARNINGS"
"EDGE_2012_VCF0838_VCF0890",2012,"VCF0838","VCF0890",0.173712290542379,TRUE,"S09_D11","PAIRWISE_AVAILABLE",TRUE,0.170023099260183,0.00368919128219589,"UNCHANGED","ESTIMABLE_WITH_WARNINGS"
"EDGE_2012_VCF0838_VCF0890",2012,"VCF0838","VCF0890",0.173712290542379,TRUE,"S09_D20A_GAMMA","GAMMA_025",TRUE,0.173712290542379,0,"UNCHANGED","ESTIMABLE_WITH_WARNINGS"
"EDGE_2012_VCF0838_VCF0890",2012,"VCF0838","VCF0890",0.173712290542379,TRUE,"S09_D20A_NO_VCF0839","NO_VCF0839",TRUE,0.179366699799414,0.00565440925703439,"UNCHANGED","ESTIMABLE_WITH_WARNINGS"
"EDGE_2012_VCF0838_VCF0890",2012,"VCF0838","VCF0890",0.173712290542379,TRUE,"S09_D15_WEIGHT","W_CDF",TRUE,0.162612557556851,0.0110997329855286,"UNCHANGED","REUSED_VALIDATED_POINT_NETWORK"
"EDGE_2012_VCF0838_VCF0890",2012,"VCF0838","VCF0890",0.173712290542379,TRUE,"S09_D15_WEIGHT","W_POST_COMPAT",TRUE,0.162612557556851,0.0110997329855286,"UNCHANGED","REUSED_VALIDATED_POINT_NETWORK"
"EDGE_2012_VCF0838_VCF0890",2012,"VCF0838","VCF0890",0.173712290542379,TRUE,"S09_D19_MODE","ALL_INTERNET",TRUE,0.165664185604601,0.00804810493777849,"UNCHANGED","ESTIMABLE_WITH_WARNINGS"
"EDGE_2012_VCF0838_VCF0894",2012,"VCF0838","VCF0894",-0.0427267061442297,TRUE,"S09_D11","PAIRWISE_AVAILABLE",TRUE,-0.0389844356234595,0.00374227052077024,"UNCHANGED","ESTIMABLE_WITH_WARNINGS"
"EDGE_2012_VCF0838_VCF0894",2012,"VCF0838","VCF0894",-0.0427267061442297,TRUE,"S09_D20A_GAMMA","GAMMA_025",TRUE,-0.0427267061442297,0,"UNCHANGED","ESTIMABLE_WITH_WARNINGS"
"EDGE_2012_VCF0838_VCF0894",2012,"VCF0838","VCF0894",-0.0427267061442297,TRUE,"S09_D20A_NO_VCF0839","NO_VCF0839",TRUE,-0.0443755390377185,0.00164883289348875,"UNCHANGED","ESTIMABLE_WITH_WARNINGS"
"EDGE_2012_VCF0838_VCF0894",2012,"VCF0838","VCF0894",-0.0427267061442297,TRUE,"S09_D15_WEIGHT","W_CDF",TRUE,-0.0408300485428648,0.00189665760136497,"UNCHANGED","REUSED_VALIDATED_POINT_NETWORK"
"EDGE_2012_VCF0838_VCF0894",2012,"VCF0838","VCF0894",-0.0427267061442297,TRUE,"S09_D15_WEIGHT","W_POST_COMPAT",TRUE,-0.0408300485428648,0.00189665760136497,"UNCHANGED","REUSED_VALIDATED_POINT_NETWORK"
"EDGE_2012_VCF0838_VCF0894",2012,"VCF0838","VCF0894",-0.0427267061442297,TRUE,"S09_D19_MODE","ALL_INTERNET",TRUE,-0.0140803536050939,0.0286463525391359,"UNCHANGED","ESTIMABLE_WITH_WARNINGS"
"EDGE_2012_VCF0838_VCF9223",2012,"VCF0838","VCF9223",0.11975354377938,TRUE,"S09_D11","PAIRWISE_AVAILABLE",TRUE,0.104707440441273,0.0150461033381065,"UNCHANGED","ESTIMABLE_WITH_WARNINGS"
"EDGE_2012_VCF0838_VCF9223",2012,"VCF0838","VCF9223",0.11975354377938,TRUE,"S09_D20A_GAMMA","GAMMA_025",TRUE,0.11975354377938,0,"UNCHANGED","ESTIMABLE_WITH_WARNINGS"
"EDGE_2012_VCF0838_VCF9223",2012,"VCF0838","VCF9223",0.11975354377938,TRUE,"S09_D20A_NO_VCF0839","NO_VCF0839",TRUE,0.119653848605077,9.96951743031105e-05,"UNCHANGED","ESTIMABLE_WITH_WARNINGS"
"EDGE_2012_VCF0838_VCF9223",2012,"VCF0838","VCF9223",0.11975354377938,TRUE,"S09_D15_WEIGHT","W_CDF",TRUE,0.115892203209812,0.00386134056956744,"UNCHANGED","REUSED_VALIDATED_POINT_NETWORK"
"EDGE_2012_VCF0838_VCF9223",2012,"VCF0838","VCF9223",0.11975354377938,TRUE,"S09_D15_WEIGHT","W_POST_COMPAT",TRUE,0.115892203209812,0.00386134056956744,"UNCHANGED","REUSED_VALIDATED_POINT_NETWORK"
"EDGE_2012_VCF0838_VCF9223",2012,"VCF0838","VCF9223",0.11975354377938,TRUE,"S09_D19_MODE","ALL_INTERNET",TRUE,0.109582937749841,0.0101706060295387,"UNCHANGED","ESTIMABLE_WITH_WARNINGS"
"EDGE_2012_VCF0839_VCF0879a",2012,"VCF0839","VCF0879a",0.0243666958303837,TRUE,"S09_D11","PAIRWISE_AVAILABLE",TRUE,0.0172851816055184,0.00708151422486529,"UNCHANGED","ESTIMABLE_WITH_WARNINGS"
"EDGE_2012_VCF0839_VCF0879a",2012,"VCF0839","VCF0879a",0.0243666958303837,TRUE,"S09_D20A_GAMMA","GAMMA_025",TRUE,0.0243666958303837,0,"UNCHANGED","ESTIMABLE_WITH_WARNINGS"
"EDGE_2012_VCF0839_VCF0879a",2012,"VCF0839","VCF0879a",0.0243666958303837,TRUE,"S09_D20A_NO_VCF0839","NO_VCF0839",FALSE,,,"NOT_APPLICABLE","OUTSIDE_MODULE_SCOPE"
"EDGE_2012_VCF0839_VCF0879a",2012,"VCF0839","VCF0879a",0.0243666958303837,TRUE,"S09_D15_WEIGHT","W_CDF",TRUE,0.00364113221225883,0.0207255636181248,"UNCHANGED","REUSED_VALIDATED_POINT_NETWORK"
"EDGE_2012_VCF0839_VCF0879a",2012,"VCF0839","VCF0879a",0.0243666958303837,TRUE,"S09_D15_WEIGHT","W_POST_COMPAT",TRUE,0.00364113221225883,0.0207255636181248,"UNCHANGED","REUSED_VALIDATED_POINT_NETWORK"
"EDGE_2012_VCF0839_VCF0879a",2012,"VCF0839","VCF0879a",0.0243666958303837,TRUE,"S09_D19_MODE","ALL_INTERNET",TRUE,0.0134801040092938,0.0108865918210899,"UNCHANGED","ESTIMABLE_WITH_WARNINGS"
"EDGE_2012_VCF0839_VCF0888",2012,"VCF0839","VCF0888",0.0279994439971449,TRUE,"S09_D11","PAIRWISE_AVAILABLE",TRUE,0.0302351567180235,0.00223571272087862,"UNCHANGED","ESTIMABLE_WITH_WARNINGS"
"EDGE_2012_VCF0839_VCF0888",2012,"VCF0839","VCF0888",0.0279994439971449,TRUE,"S09_D20A_GAMMA","GAMMA_025",TRUE,0.0279994439971449,0,"UNCHANGED","ESTIMABLE_WITH_WARNINGS"
"EDGE_2012_VCF0839_VCF0888",2012,"VCF0839","VCF0888",0.0279994439971449,TRUE,"S09_D20A_NO_VCF0839","NO_VCF0839",FALSE,,,"NOT_APPLICABLE","OUTSIDE_MODULE_SCOPE"
"EDGE_2012_VCF0839_VCF0888",2012,"VCF0839","VCF0888",0.0279994439971449,TRUE,"S09_D15_WEIGHT","W_CDF",TRUE,0.052308291700694,0.0243088477035491,"UNCHANGED","REUSED_VALIDATED_POINT_NETWORK"
"EDGE_2012_VCF0839_VCF0888",2012,"VCF0839","VCF0888",0.0279994439971449,TRUE,"S09_D15_WEIGHT","W_POST_COMPAT",TRUE,0.052308291700694,0.0243088477035491,"UNCHANGED","REUSED_VALIDATED_POINT_NETWORK"
"EDGE_2012_VCF0839_VCF0888",2012,"VCF0839","VCF0888",0.0279994439971449,TRUE,"S09_D19_MODE","ALL_INTERNET",TRUE,0.0533896793549371,0.0253902353577922,"UNCHANGED","ESTIMABLE_WITH_WARNINGS"
"EDGE_2012_VCF0839_VCF0890",2012,"VCF0839","VCF0890",0.263346205380432,TRUE,"S09_D11","PAIRWISE_AVAILABLE",TRUE,0.240094569412425,0.0232516359680074,"UNCHANGED","ESTIMABLE_WITH_WARNINGS"
"EDGE_2012_VCF0839_VCF0890",2012,"VCF0839","VCF0890",0.263346205380432,TRUE,"S09_D20A_GAMMA","GAMMA_025",TRUE,0.263346205380432,0,"UNCHANGED","ESTIMABLE_WITH_WARNINGS"
"EDGE_2012_VCF0839_VCF0890",2012,"VCF0839","VCF0890",0.263346205380432,TRUE,"S09_D20A_NO_VCF0839","NO_VCF0839",FALSE,,,"NOT_APPLICABLE","OUTSIDE_MODULE_SCOPE"
"EDGE_2012_VCF0839_VCF0890",2012,"VCF0839","VCF0890",0.263346205380432,TRUE,"S09_D15_WEIGHT","W_CDF",TRUE,0.268299827724998,0.00495362234456559,"UNCHANGED","REUSED_VALIDATED_POINT_NETWORK"
"EDGE_2012_VCF0839_VCF0890",2012,"VCF0839","VCF0890",0.263346205380432,TRUE,"S09_D15_WEIGHT","W_POST_COMPAT",TRUE,0.268299827724998,0.00495362234456559,"UNCHANGED","REUSED_VALIDATED_POINT_NETWORK"
"EDGE_2012_VCF0839_VCF0890",2012,"VCF0839","VCF0890",0.263346205380432,TRUE,"S09_D19_MODE","ALL_INTERNET",TRUE,0.235158644407493,0.0281875609729398,"UNCHANGED","ESTIMABLE_WITH_WARNINGS"
"EDGE_2012_VCF0839_VCF0894",2012,"VCF0839","VCF0894",0.304754460215999,TRUE,"S09_D11","PAIRWISE_AVAILABLE",TRUE,0.319357461797795,0.0146030015817961,"UNCHANGED","ESTIMABLE_WITH_WARNINGS"
"EDGE_2012_VCF0839_VCF0894",2012,"VCF0839","VCF0894",0.304754460215999,TRUE,"S09_D20A_GAMMA","GAMMA_025",TRUE,0.304754460215999,0,"UNCHANGED","ESTIMABLE_WITH_WARNINGS"
"EDGE_2012_VCF0839_VCF0894",2012,"VCF0839","VCF0894",0.304754460215999,TRUE,"S09_D20A_NO_VCF0839","NO_VCF0839",FALSE,,,"NOT_APPLICABLE","OUTSIDE_MODULE_SCOPE"
"EDGE_2012_VCF0839_VCF0894",2012,"VCF0839","VCF0894",0.304754460215999,TRUE,"S09_D15_WEIGHT","W_CDF",TRUE,0.29669576994488,0.00805869027111916,"UNCHANGED","REUSED_VALIDATED_POINT_NETWORK"
"EDGE_2012_VCF0839_VCF0894",2012,"VCF0839","VCF0894",0.304754460215999,TRUE,"S09_D15_WEIGHT","W_POST_COMPAT",TRUE,0.29669576994488,0.00805869027111916,"UNCHANGED","REUSED_VALIDATED_POINT_NETWORK"
"EDGE_2012_VCF0839_VCF0894",2012,"VCF0839","VCF0894",0.304754460215999,TRUE,"S09_D19_MODE","ALL_INTERNET",TRUE,0.347101372069572,0.0423469118535727,"UNCHANGED","ESTIMABLE_WITH_WARNINGS"
"EDGE_2012_VCF0839_VCF9223",2012,"VCF0839","VCF9223",0.0271344846048082,TRUE,"S09_D11","PAIRWISE_AVAILABLE",TRUE,0.0522518453951937,0.0251173607903855,"UNCHANGED","ESTIMABLE_WITH_WARNINGS"
"EDGE_2012_VCF0839_VCF9223",2012,"VCF0839","VCF9223",0.0271344846048082,TRUE,"S09_D20A_GAMMA","GAMMA_025",TRUE,0.0271344846048082,0,"UNCHANGED","ESTIMABLE_WITH_WARNINGS"
"EDGE_2012_VCF0839_VCF9223",2012,"VCF0839","VCF9223",0.0271344846048082,TRUE,"S09_D20A_NO_VCF0839","NO_VCF0839",FALSE,,,"NOT_APPLICABLE","OUTSIDE_MODULE_SCOPE"
"EDGE_2012_VCF0839_VCF9223",2012,"VCF0839","VCF9223",0.0271344846048082,TRUE,"S09_D15_WEIGHT","W_CDF",TRUE,0.0476558180642935,0.0205213334594853,"UNCHANGED","REUSED_VALIDATED_POINT_NETWORK"
"EDGE_2012_VCF0839_VCF9223",2012,"VCF0839","VCF9223",0.0271344846048082,TRUE,"S09_D15_WEIGHT","W_POST_COMPAT",TRUE,0.0476558180642935,0.0205213334594853,"UNCHANGED","REUSED_VALIDATED_POINT_NETWORK"
"EDGE_2012_VCF0839_VCF9223",2012,"VCF0839","VCF9223",0.0271344846048082,TRUE,"S09_D19_MODE","ALL_INTERNET",TRUE,0.0412545850517611,0.0141201004469529,"UNCHANGED","ESTIMABLE_WITH_WARNINGS"
"EDGE_2012_VCF0879a_VCF0888",2012,"VCF0879a","VCF0888",-0.122256344533936,TRUE,"S09_D11","PAIRWISE_AVAILABLE",TRUE,-0.127719267003261,0.00546292246932506,"UNCHANGED","ESTIMABLE_WITH_WARNINGS"
"EDGE_2012_VCF0879a_VCF0888",2012,"VCF0879a","VCF0888",-0.122256344533936,TRUE,"S09_D20A_GAMMA","GAMMA_025",TRUE,-0.122256344533936,0,"UNCHANGED","ESTIMABLE_WITH_WARNINGS"
"EDGE_2012_VCF0879a_VCF0888",2012,"VCF0879a","VCF0888",-0.122256344533936,TRUE,"S09_D20A_NO_VCF0839","NO_VCF0839",TRUE,-0.120515126240796,0.00174121829313989,"UNCHANGED","ESTIMABLE_WITH_WARNINGS"
"EDGE_2012_VCF0879a_VCF0888",2012,"VCF0879a","VCF0888",-0.122256344533936,TRUE,"S09_D15_WEIGHT","W_CDF",TRUE,-0.131563717812475,0.00930737327853909,"UNCHANGED","REUSED_VALIDATED_POINT_NETWORK"
"EDGE_2012_VCF0879a_VCF0888",2012,"VCF0879a","VCF0888",-0.122256344533936,TRUE,"S09_D15_WEIGHT","W_POST_COMPAT",TRUE,-0.131563717812475,0.00930737327853909,"UNCHANGED","REUSED_VALIDATED_POINT_NETWORK"
"EDGE_2012_VCF0879a_VCF0888",2012,"VCF0879a","VCF0888",-0.122256344533936,TRUE,"S09_D19_MODE","ALL_INTERNET",TRUE,-0.121268172487221,0.000988172046714933,"UNCHANGED","ESTIMABLE_WITH_WARNINGS"
"EDGE_2012_VCF0879a_VCF0890",2012,"VCF0879a","VCF0890",-0.0328432083530345,TRUE,"S09_D11","PAIRWISE_AVAILABLE",TRUE,-0.0242231362292616,0.00862007212377284,"UNCHANGED","ESTIMABLE_WITH_WARNINGS"
"EDGE_2012_VCF0879a_VCF0890",2012,"VCF0879a","VCF0890",-0.0328432083530345,TRUE,"S09_D20A_GAMMA","GAMMA_025",TRUE,-0.0328432083530345,0,"UNCHANGED","ESTIMABLE_WITH_WARNINGS"
"EDGE_2012_VCF0879a_VCF0890",2012,"VCF0879a","VCF0890",-0.0328432083530345,TRUE,"S09_D20A_NO_VCF0839","NO_VCF0839",TRUE,-0.0258342164758823,0.00700899187715213,"UNCHANGED","ESTIMABLE_WITH_WARNINGS"
"EDGE_2012_VCF0879a_VCF0890",2012,"VCF0879a","VCF0890",-0.0328432083530345,TRUE,"S09_D15_WEIGHT","W_CDF",TRUE,0,0.0328432083530345,"CHANGED","REUSED_VALIDATED_POINT_NETWORK"
"EDGE_2012_VCF0879a_VCF0890",2012,"VCF0879a","VCF0890",-0.0328432083530345,TRUE,"S09_D15_WEIGHT","W_POST_COMPAT",TRUE,0,0.0328432083530345,"CHANGED","REUSED_VALIDATED_POINT_NETWORK"
"EDGE_2012_VCF0879a_VCF0890",2012,"VCF0879a","VCF0890",-0.0328432083530345,TRUE,"S09_D19_MODE","ALL_INTERNET",TRUE,-0.0591336307743522,0.0262904224213177,"UNCHANGED","ESTIMABLE_WITH_WARNINGS"
"EDGE_2012_VCF0879a_VCF0894",2012,"VCF0879a","VCF0894",0.14055343388669,TRUE,"S09_D11","PAIRWISE_AVAILABLE",TRUE,0.143216750356326,0.00266331646963608,"UNCHANGED","ESTIMABLE_WITH_WARNINGS"
"EDGE_2012_VCF0879a_VCF0894",2012,"VCF0879a","VCF0894",0.14055343388669,TRUE,"S09_D20A_GAMMA","GAMMA_025",TRUE,0.14055343388669,0,"UNCHANGED","ESTIMABLE_WITH_WARNINGS"
"EDGE_2012_VCF0879a_VCF0894",2012,"VCF0879a","VCF0894",0.14055343388669,TRUE,"S09_D20A_NO_VCF0839","NO_VCF0839",TRUE,0.152602465503924,0.0120490316172339,"UNCHANGED","ESTIMABLE_WITH_WARNINGS"
"EDGE_2012_VCF0879a_VCF0894",2012,"VCF0879a","VCF0894",0.14055343388669,TRUE,"S09_D15_WEIGHT","W_CDF",TRUE,0.139713320199216,0.000840113687474525,"UNCHANGED","REUSED_VALIDATED_POINT_NETWORK"
"EDGE_2012_VCF0879a_VCF0894",2012,"VCF0879a","VCF0894",0.14055343388669,TRUE,"S09_D15_WEIGHT","W_POST_COMPAT",TRUE,0.139713320199216,0.000840113687474525,"UNCHANGED","REUSED_VALIDATED_POINT_NETWORK"
"EDGE_2012_VCF0879a_VCF0894",2012,"VCF0879a","VCF0894",0.14055343388669,TRUE,"S09_D19_MODE","ALL_INTERNET",TRUE,0.15596046738087,0.0154070334941797,"UNCHANGED","ESTIMABLE_WITH_WARNINGS"
"EDGE_2012_VCF0879a_VCF9223",2012,"VCF0879a","VCF9223",0.469833727138572,TRUE,"S09_D11","PAIRWISE_AVAILABLE",TRUE,0.456140567954829,0.0136931591837426,"UNCHANGED","ESTIMABLE_WITH_WARNINGS"
"EDGE_2012_VCF0879a_VCF9223",2012,"VCF0879a","VCF9223",0.469833727138572,TRUE,"S09_D20A_GAMMA","GAMMA_025",TRUE,0.469833727138572,0,"UNCHANGED","ESTIMABLE_WITH_WARNINGS"
"EDGE_2012_VCF0879a_VCF9223",2012,"VCF0879a","VCF9223",0.469833727138572,TRUE,"S09_D20A_NO_VCF0839","NO_VCF0839",TRUE,0.470344719276589,0.000510992138017863,"UNCHANGED","ESTIMABLE_WITH_WARNINGS"
"EDGE_2012_VCF0879a_VCF9223",2012,"VCF0879a","VCF9223",0.469833727138572,TRUE,"S09_D15_WEIGHT","W_CDF",TRUE,0.481451715334457,0.0116179881958853,"UNCHANGED","REUSED_VALIDATED_POINT_NETWORK"
"EDGE_2012_VCF0879a_VCF9223",2012,"VCF0879a","VCF9223",0.469833727138572,TRUE,"S09_D15_WEIGHT","W_POST_COMPAT",TRUE,0.481451715334457,0.0116179881958853,"UNCHANGED","REUSED_VALIDATED_POINT_NETWORK"
"EDGE_2012_VCF0879a_VCF9223",2012,"VCF0879a","VCF9223",0.469833727138572,TRUE,"S09_D19_MODE","ALL_INTERNET",TRUE,0.50557635352006,0.0357426263814882,"UNCHANGED","ESTIMABLE_WITH_WARNINGS"
"EDGE_2012_VCF0888_VCF0890",2012,"VCF0888","VCF0890",0.305355221016655,TRUE,"S09_D11","PAIRWISE_AVAILABLE",TRUE,0.315811581836676,0.0104563608200215,"UNCHANGED","ESTIMABLE_WITH_WARNINGS"
"EDGE_2012_VCF0888_VCF0890",2012,"VCF0888","VCF0890",0.305355221016655,TRUE,"S09_D20A_GAMMA","GAMMA_025",TRUE,0.305355221016655,0,"UNCHANGED","ESTIMABLE_WITH_WARNINGS"
"EDGE_2012_VCF0888_VCF0890",2012,"VCF0888","VCF0890",0.305355221016655,TRUE,"S09_D20A_NO_VCF0839","NO_VCF0839",TRUE,0.3255289783167,0.0201737573000448,"UNCHANGED","ESTIMABLE_WITH_WARNINGS"
"EDGE_2012_VCF0888_VCF0890",2012,"VCF0888","VCF0890",0.305355221016655,TRUE,"S09_D15_WEIGHT","W_CDF",TRUE,0.289864194887399,0.0154910261292561,"UNCHANGED","REUSED_VALIDATED_POINT_NETWORK"
"EDGE_2012_VCF0888_VCF0890",2012,"VCF0888","VCF0890",0.305355221016655,TRUE,"S09_D15_WEIGHT","W_POST_COMPAT",TRUE,0.289864194887399,0.0154910261292561,"UNCHANGED","REUSED_VALIDATED_POINT_NETWORK"
"EDGE_2012_VCF0888_VCF0890",2012,"VCF0888","VCF0890",0.305355221016655,TRUE,"S09_D19_MODE","ALL_INTERNET",TRUE,0.277160059842199,0.0281951611744559,"UNCHANGED","ESTIMABLE_WITH_WARNINGS"
"EDGE_2012_VCF0888_VCF0894",2012,"VCF0888","VCF0894",0,FALSE,"S09_D11","PAIRWISE_AVAILABLE",TRUE,0.0116276336447024,0.0116276336447024,"CHANGED","ESTIMABLE_WITH_WARNINGS"
"EDGE_2012_VCF0888_VCF0894",2012,"VCF0888","VCF0894",0,FALSE,"S09_D20A_GAMMA","GAMMA_025",TRUE,0,0,"UNCHANGED","ESTIMABLE_WITH_WARNINGS"
"EDGE_2012_VCF0888_VCF0894",2012,"VCF0888","VCF0894",0,FALSE,"S09_D20A_NO_VCF0839","NO_VCF0839",TRUE,0,0,"UNCHANGED","ESTIMABLE_WITH_WARNINGS"
"EDGE_2012_VCF0888_VCF0894",2012,"VCF0888","VCF0894",0,FALSE,"S09_D15_WEIGHT","W_CDF",TRUE,0,0,"UNCHANGED","REUSED_VALIDATED_POINT_NETWORK"
"EDGE_2012_VCF0888_VCF0894",2012,"VCF0888","VCF0894",0,FALSE,"S09_D15_WEIGHT","W_POST_COMPAT",TRUE,0,0,"UNCHANGED","REUSED_VALIDATED_POINT_NETWORK"
"EDGE_2012_VCF0888_VCF0894",2012,"VCF0888","VCF0894",0,FALSE,"S09_D19_MODE","ALL_INTERNET",TRUE,0,0,"UNCHANGED","ESTIMABLE_WITH_WARNINGS"
"EDGE_2012_VCF0888_VCF9223",2012,"VCF0888","VCF9223",-0.0713228146329072,TRUE,"S09_D11","PAIRWISE_AVAILABLE",TRUE,-0.0656908830904844,0.00563193154242278,"UNCHANGED","ESTIMABLE_WITH_WARNINGS"
"EDGE_2012_VCF0888_VCF9223",2012,"VCF0888","VCF9223",-0.0713228146329072,TRUE,"S09_D20A_GAMMA","GAMMA_025",TRUE,-0.0713228146329072,0,"UNCHANGED","ESTIMABLE_WITH_WARNINGS"
"EDGE_2012_VCF0888_VCF9223",2012,"VCF0888","VCF9223",-0.0713228146329072,TRUE,"S09_D20A_NO_VCF0839","NO_VCF0839",TRUE,-0.0700488725982421,0.00127394203466506,"UNCHANGED","ESTIMABLE_WITH_WARNINGS"
"EDGE_2012_VCF0888_VCF9223",2012,"VCF0888","VCF9223",-0.0713228146329072,TRUE,"S09_D15_WEIGHT","W_CDF",TRUE,-0.069013510050291,0.00230930458261623,"UNCHANGED","REUSED_VALIDATED_POINT_NETWORK"
"EDGE_2012_VCF0888_VCF9223",2012,"VCF0888","VCF9223",-0.0713228146329072,TRUE,"S09_D15_WEIGHT","W_POST_COMPAT",TRUE,-0.069013510050291,0.00230930458261623,"UNCHANGED","REUSED_VALIDATED_POINT_NETWORK"
"EDGE_2012_VCF0888_VCF9223",2012,"VCF0888","VCF9223",-0.0713228146329072,TRUE,"S09_D19_MODE","ALL_INTERNET",TRUE,-0.0700260668329026,0.00129674780000466,"UNCHANGED","ESTIMABLE_WITH_WARNINGS"
"EDGE_2012_VCF0890_VCF0894",2012,"VCF0890","VCF0894",0.156670022803228,TRUE,"S09_D11","PAIRWISE_AVAILABLE",TRUE,0.125614824463372,0.0310551983398565,"UNCHANGED","ESTIMABLE_WITH_WARNINGS"
"EDGE_2012_VCF0890_VCF0894",2012,"VCF0890","VCF0894",0.156670022803228,TRUE,"S09_D20A_GAMMA","GAMMA_025",TRUE,0.156670022803228,0,"UNCHANGED","ESTIMABLE_WITH_WARNINGS"
"EDGE_2012_VCF0890_VCF0894",2012,"VCF0890","VCF0894",0.156670022803228,TRUE,"S09_D20A_NO_VCF0839","NO_VCF0839",TRUE,0.259995054535926,0.103325031732698,"UNCHANGED","ESTIMABLE_WITH_WARNINGS"
"EDGE_2012_VCF0890_VCF0894",2012,"VCF0890","VCF0894",0.156670022803228,TRUE,"S09_D15_WEIGHT","W_CDF",TRUE,0.121739596433054,0.0349304263701742,"UNCHANGED","REUSED_VALIDATED_POINT_NETWORK"
"EDGE_2012_VCF0890_VCF0894",2012,"VCF0890","VCF0894",0.156670022803228,TRUE,"S09_D15_WEIGHT","W_POST_COMPAT",TRUE,0.121739596433054,0.0349304263701742,"UNCHANGED","REUSED_VALIDATED_POINT_NETWORK"
"EDGE_2012_VCF0890_VCF0894",2012,"VCF0890","VCF0894",0.156670022803228,TRUE,"S09_D19_MODE","ALL_INTERNET",TRUE,0.16669819306798,0.0100281702647516,"UNCHANGED","ESTIMABLE_WITH_WARNINGS"
"EDGE_2012_VCF0890_VCF9223",2012,"VCF0890","VCF9223",0.0384970135041746,TRUE,"S09_D11","PAIRWISE_AVAILABLE",TRUE,0.0298705847658895,0.00862642873828507,"UNCHANGED","ESTIMABLE_WITH_WARNINGS"
"EDGE_2012_VCF0890_VCF9223",2012,"VCF0890","VCF9223",0.0384970135041746,TRUE,"S09_D20A_GAMMA","GAMMA_025",TRUE,0.0384970135041746,0,"UNCHANGED","ESTIMABLE_WITH_WARNINGS"
"EDGE_2012_VCF0890_VCF9223",2012,"VCF0890","VCF9223",0.0384970135041746,TRUE,"S09_D20A_NO_VCF0839","NO_VCF0839",TRUE,0.0457215872214198,0.00722457371724526,"UNCHANGED","ESTIMABLE_WITH_WARNINGS"
"EDGE_2012_VCF0890_VCF9223",2012,"VCF0890","VCF9223",0.0384970135041746,TRUE,"S09_D15_WEIGHT","W_CDF",TRUE,0.0164792654428244,0.0220177480613502,"UNCHANGED","REUSED_VALIDATED_POINT_NETWORK"
"EDGE_2012_VCF0890_VCF9223",2012,"VCF0890","VCF9223",0.0384970135041746,TRUE,"S09_D15_WEIGHT","W_POST_COMPAT",TRUE,0.0164792654428244,0.0220177480613502,"UNCHANGED","REUSED_VALIDATED_POINT_NETWORK"
"EDGE_2012_VCF0890_VCF9223",2012,"VCF0890","VCF9223",0.0384970135041746,TRUE,"S09_D19_MODE","ALL_INTERNET",TRUE,0.030828925678741,0.00766808782543357,"UNCHANGED","ESTIMABLE_WITH_WARNINGS"
"EDGE_2012_VCF0894_VCF9223",2012,"VCF0894","VCF9223",-0.00920298803560992,TRUE,"S09_D11","PAIRWISE_AVAILABLE",TRUE,-0.0212439209068917,0.0120409328712817,"UNCHANGED","ESTIMABLE_WITH_WARNINGS"
"EDGE_2012_VCF0894_VCF9223",2012,"VCF0894","VCF9223",-0.00920298803560992,TRUE,"S09_D20A_GAMMA","GAMMA_025",TRUE,-0.00920298803560992,0,"UNCHANGED","ESTIMABLE_WITH_WARNINGS"
"EDGE_2012_VCF0894_VCF9223",2012,"VCF0894","VCF9223",-0.00920298803560992,TRUE,"S09_D20A_NO_VCF0839","NO_VCF0839",TRUE,0,0.00920298803560992,"CHANGED","ESTIMABLE_WITH_WARNINGS"
"EDGE_2012_VCF0894_VCF9223",2012,"VCF0894","VCF9223",-0.00920298803560992,TRUE,"S09_D15_WEIGHT","W_CDF",TRUE,-0.0135589279495114,0.00435593991390145,"UNCHANGED","REUSED_VALIDATED_POINT_NETWORK"
"EDGE_2012_VCF0894_VCF9223",2012,"VCF0894","VCF9223",-0.00920298803560992,TRUE,"S09_D15_WEIGHT","W_POST_COMPAT",TRUE,-0.0135589279495114,0.00435593991390145,"UNCHANGED","REUSED_VALIDATED_POINT_NETWORK"
"EDGE_2012_VCF0894_VCF9223",2012,"VCF0894","VCF9223",-0.00920298803560992,TRUE,"S09_D19_MODE","ALL_INTERNET",TRUE,0,0.00920298803560992,"CHANGED","ESTIMABLE_WITH_WARNINGS"
"EDGE_2016_VCF0806_VCF0809",2016,"VCF0806","VCF0809",0.357600675012053,TRUE,"S09_D11","PAIRWISE_AVAILABLE",TRUE,0.355122785657097,0.00247788935495574,"UNCHANGED","ESTIMABLE_WITH_WARNINGS"
"EDGE_2016_VCF0806_VCF0809",2016,"VCF0806","VCF0809",0.357600675012053,TRUE,"S09_D20A_GAMMA","GAMMA_025",TRUE,0.357600675012053,0,"UNCHANGED","ESTIMABLE_WITH_WARNINGS"
"EDGE_2016_VCF0806_VCF0809",2016,"VCF0806","VCF0809",0.357600675012053,TRUE,"S09_D20A_NO_VCF0839","NO_VCF0839",TRUE,0.415897235784675,0.058296560772622,"UNCHANGED","ESTIMABLE_WITH_WARNINGS"
"EDGE_2016_VCF0806_VCF0809",2016,"VCF0806","VCF0809",0.357600675012053,TRUE,"S09_D15_WEIGHT","W_CDF",TRUE,0.353074164445813,0.00452651056623976,"UNCHANGED","REUSED_VALIDATED_POINT_NETWORK"
"EDGE_2016_VCF0806_VCF0809",2016,"VCF0806","VCF0809",0.357600675012053,TRUE,"S09_D15_WEIGHT","W_POST_COMPAT",TRUE,0.3528810135709,0.0047196614411526,"UNCHANGED","REUSED_VALIDATED_POINT_NETWORK"
"EDGE_2016_VCF0806_VCF0809",2016,"VCF0806","VCF0809",0.357600675012053,TRUE,"S09_D19_MODE","ALL_INTERNET",TRUE,0.371368336711,0.0137676616989473,"UNCHANGED","ESTIMABLE_WITH_WARNINGS"
"EDGE_2016_VCF0806_VCF0838",2016,"VCF0806","VCF0838",0.181921384698232,TRUE,"S09_D11","PAIRWISE_AVAILABLE",TRUE,0.185787958700954,0.0038665740027222,"UNCHANGED","ESTIMABLE_WITH_WARNINGS"
"EDGE_2016_VCF0806_VCF0838",2016,"VCF0806","VCF0838",0.181921384698232,TRUE,"S09_D20A_GAMMA","GAMMA_025",TRUE,0.181921384698232,0,"UNCHANGED","ESTIMABLE_WITH_WARNINGS"
"EDGE_2016_VCF0806_VCF0838",2016,"VCF0806","VCF0838",0.181921384698232,TRUE,"S09_D20A_NO_VCF0839","NO_VCF0839",TRUE,0.198267072515641,0.0163456878174093,"UNCHANGED","ESTIMABLE_WITH_WARNINGS"
"EDGE_2016_VCF0806_VCF0838",2016,"VCF0806","VCF0838",0.181921384698232,TRUE,"S09_D15_WEIGHT","W_CDF",TRUE,0.177967466290895,0.00395391840733705,"UNCHANGED","REUSED_VALIDATED_POINT_NETWORK"
"EDGE_2016_VCF0806_VCF0838",2016,"VCF0806","VCF0838",0.181921384698232,TRUE,"S09_D15_WEIGHT","W_POST_COMPAT",TRUE,0.179668078513455,0.00225330618477673,"UNCHANGED","REUSED_VALIDATED_POINT_NETWORK"
"EDGE_2016_VCF0806_VCF0838",2016,"VCF0806","VCF0838",0.181921384698232,TRUE,"S09_D19_MODE","ALL_INTERNET",TRUE,0.177396154716695,0.00452522998153626,"UNCHANGED","ESTIMABLE_WITH_WARNINGS"
"EDGE_2016_VCF0806_VCF0839",2016,"VCF0806","VCF0839",0.190850385470592,TRUE,"S09_D11","PAIRWISE_AVAILABLE",TRUE,0.18892013667599,0.00193024879460224,"UNCHANGED","ESTIMABLE_WITH_WARNINGS"
"EDGE_2016_VCF0806_VCF0839",2016,"VCF0806","VCF0839",0.190850385470592,TRUE,"S09_D20A_GAMMA","GAMMA_025",TRUE,0.190850385470592,0,"UNCHANGED","ESTIMABLE_WITH_WARNINGS"
"EDGE_2016_VCF0806_VCF0839",2016,"VCF0806","VCF0839",0.190850385470592,TRUE,"S09_D20A_NO_VCF0839","NO_VCF0839",FALSE,,,"NOT_APPLICABLE","OUTSIDE_MODULE_SCOPE"
"EDGE_2016_VCF0806_VCF0839",2016,"VCF0806","VCF0839",0.190850385470592,TRUE,"S09_D15_WEIGHT","W_CDF",TRUE,0.167492481714248,0.0233579037563446,"UNCHANGED","REUSED_VALIDATED_POINT_NETWORK"
"EDGE_2016_VCF0806_VCF0839",2016,"VCF0806","VCF0839",0.190850385470592,TRUE,"S09_D15_WEIGHT","W_POST_COMPAT",TRUE,0.164880841484664,0.0259695439859277,"UNCHANGED","REUSED_VALIDATED_POINT_NETWORK"
"EDGE_2016_VCF0806_VCF0839",2016,"VCF0806","VCF0839",0.190850385470592,TRUE,"S09_D19_MODE","ALL_INTERNET",TRUE,0.203417709794859,0.0125673243242665,"UNCHANGED","ESTIMABLE_WITH_WARNINGS"
"EDGE_2016_VCF0806_VCF0879a",2016,"VCF0806","VCF0879a",0.0658181576864972,TRUE,"S09_D11","PAIRWISE_AVAILABLE",TRUE,0.0591439826742592,0.00667417501223802,"UNCHANGED","ESTIMABLE_WITH_WARNINGS"
"EDGE_2016_VCF0806_VCF0879a",2016,"VCF0806","VCF0879a",0.0658181576864972,TRUE,"S09_D20A_GAMMA","GAMMA_025",TRUE,0.0658181576864972,0,"UNCHANGED","ESTIMABLE_WITH_WARNINGS"
"EDGE_2016_VCF0806_VCF0879a",2016,"VCF0806","VCF0879a",0.0658181576864972,TRUE,"S09_D20A_NO_VCF0839","NO_VCF0839",TRUE,0.0670574458575176,0.00123928817102034,"UNCHANGED","ESTIMABLE_WITH_WARNINGS"
"EDGE_2016_VCF0806_VCF0879a",2016,"VCF0806","VCF0879a",0.0658181576864972,TRUE,"S09_D15_WEIGHT","W_CDF",TRUE,0.0537061763965444,0.0121119812899529,"UNCHANGED","REUSED_VALIDATED_POINT_NETWORK"
"EDGE_2016_VCF0806_VCF0879a",2016,"VCF0806","VCF0879a",0.0658181576864972,TRUE,"S09_D15_WEIGHT","W_POST_COMPAT",TRUE,0.0529228948776455,0.0128952628088518,"UNCHANGED","REUSED_VALIDATED_POINT_NETWORK"
"EDGE_2016_VCF0806_VCF0879a",2016,"VCF0806","VCF0879a",0.0658181576864972,TRUE,"S09_D19_MODE","ALL_INTERNET",TRUE,0.0510127673742083,0.014805390312289,"UNCHANGED","ESTIMABLE_WITH_WARNINGS"
"EDGE_2016_VCF0806_VCF0888",2016,"VCF0806","VCF0888",-0.0783115642198743,TRUE,"S09_D11","PAIRWISE_AVAILABLE",TRUE,-0.0804207595614471,0.00210919534157279,"UNCHANGED","ESTIMABLE_WITH_WARNINGS"
"EDGE_2016_VCF0806_VCF0888",2016,"VCF0806","VCF0888",-0.0783115642198743,TRUE,"S09_D20A_GAMMA","GAMMA_025",TRUE,-0.0783115642198743,0,"UNCHANGED","ESTIMABLE_WITH_WARNINGS"
"EDGE_2016_VCF0806_VCF0888",2016,"VCF0806","VCF0888",-0.0783115642198743,TRUE,"S09_D20A_NO_VCF0839","NO_VCF0839",TRUE,-0.0692436169125115,0.00906794730736275,"UNCHANGED","ESTIMABLE_WITH_WARNINGS"
"EDGE_2016_VCF0806_VCF0888",2016,"VCF0806","VCF0888",-0.0783115642198743,TRUE,"S09_D15_WEIGHT","W_CDF",TRUE,-0.0308269976466286,0.0474845665732456,"UNCHANGED","REUSED_VALIDATED_POINT_NETWORK"
"EDGE_2016_VCF0806_VCF0888",2016,"VCF0806","VCF0888",-0.0783115642198743,TRUE,"S09_D15_WEIGHT","W_POST_COMPAT",TRUE,-0.0351262731771433,0.043185291042731,"UNCHANGED","REUSED_VALIDATED_POINT_NETWORK"
"EDGE_2016_VCF0806_VCF0888",2016,"VCF0806","VCF0888",-0.0783115642198743,TRUE,"S09_D19_MODE","ALL_INTERNET",TRUE,-0.0740331866500212,0.00427837756985303,"UNCHANGED","ESTIMABLE_WITH_WARNINGS"
"EDGE_2016_VCF0806_VCF0890",2016,"VCF0806","VCF0890",0.0590306809790036,TRUE,"S09_D11","PAIRWISE_AVAILABLE",TRUE,0.0399969055630025,0.0190337754160011,"UNCHANGED","ESTIMABLE_WITH_WARNINGS"
"EDGE_2016_VCF0806_VCF0890",2016,"VCF0806","VCF0890",0.0590306809790036,TRUE,"S09_D20A_GAMMA","GAMMA_025",TRUE,0.0590306809790036,0,"UNCHANGED","ESTIMABLE_WITH_WARNINGS"
"EDGE_2016_VCF0806_VCF0890",2016,"VCF0806","VCF0890",0.0590306809790036,TRUE,"S09_D20A_NO_VCF0839","NO_VCF0839",TRUE,0.1096896019641,0.0506589209850964,"UNCHANGED","ESTIMABLE_WITH_WARNINGS"
"EDGE_2016_VCF0806_VCF0890",2016,"VCF0806","VCF0890",0.0590306809790036,TRUE,"S09_D15_WEIGHT","W_CDF",TRUE,0.0882603393393681,0.0292296583603645,"UNCHANGED","REUSED_VALIDATED_POINT_NETWORK"
"EDGE_2016_VCF0806_VCF0890",2016,"VCF0806","VCF0890",0.0590306809790036,TRUE,"S09_D15_WEIGHT","W_POST_COMPAT",TRUE,0.0906283414274416,0.0315976604484379,"UNCHANGED","REUSED_VALIDATED_POINT_NETWORK"
"EDGE_2016_VCF0806_VCF0890",2016,"VCF0806","VCF0890",0.0590306809790036,TRUE,"S09_D19_MODE","ALL_INTERNET",TRUE,0.0477936120247014,0.0112370689543022,"UNCHANGED","ESTIMABLE_WITH_WARNINGS"
"EDGE_2016_VCF0806_VCF0894",2016,"VCF0806","VCF0894",0.114332152702858,TRUE,"S09_D11","PAIRWISE_AVAILABLE",TRUE,0.115946303543334,0.001614150840476,"UNCHANGED","ESTIMABLE_WITH_WARNINGS"
"EDGE_2016_VCF0806_VCF0894",2016,"VCF0806","VCF0894",0.114332152702858,TRUE,"S09_D20A_GAMMA","GAMMA_025",TRUE,0.114332152702858,0,"UNCHANGED","ESTIMABLE_WITH_WARNINGS"
"EDGE_2016_VCF0806_VCF0894",2016,"VCF0806","VCF0894",0.114332152702858,TRUE,"S09_D20A_NO_VCF0839","NO_VCF0839",TRUE,0.191505315330828,0.0771731626279703,"UNCHANGED","ESTIMABLE_WITH_WARNINGS"
"EDGE_2016_VCF0806_VCF0894",2016,"VCF0806","VCF0894",0.114332152702858,TRUE,"S09_D15_WEIGHT","W_CDF",TRUE,0.142338359789162,0.0280062070863043,"UNCHANGED","REUSED_VALIDATED_POINT_NETWORK"
"EDGE_2016_VCF0806_VCF0894",2016,"VCF0806","VCF0894",0.114332152702858,TRUE,"S09_D15_WEIGHT","W_POST_COMPAT",TRUE,0.144527337373756,0.0301951846708983,"UNCHANGED","REUSED_VALIDATED_POINT_NETWORK"
"EDGE_2016_VCF0806_VCF0894",2016,"VCF0806","VCF0894",0.114332152702858,TRUE,"S09_D19_MODE","ALL_INTERNET",TRUE,0.107901741716319,0.00643041098653917,"UNCHANGED","ESTIMABLE_WITH_WARNINGS"
"EDGE_2016_VCF0806_VCF9223",2016,"VCF0806","VCF9223",0.0186252735363306,TRUE,"S09_D11","PAIRWISE_AVAILABLE",TRUE,0.0280025622074491,0.00937728867111853,"UNCHANGED","ESTIMABLE_WITH_WARNINGS"
"EDGE_2016_VCF0806_VCF9223",2016,"VCF0806","VCF9223",0.0186252735363306,TRUE,"S09_D20A_GAMMA","GAMMA_025",TRUE,0.0186252735363306,0,"UNCHANGED","ESTIMABLE_WITH_WARNINGS"
"EDGE_2016_VCF0806_VCF9223",2016,"VCF0806","VCF9223",0.0186252735363306,TRUE,"S09_D20A_NO_VCF0839","NO_VCF0839",TRUE,0.0242618204462971,0.00563654690996655,"UNCHANGED","ESTIMABLE_WITH_WARNINGS"
"EDGE_2016_VCF0806_VCF9223",2016,"VCF0806","VCF9223",0.0186252735363306,TRUE,"S09_D15_WEIGHT","W_CDF",TRUE,0,0.0186252735363306,"CHANGED","REUSED_VALIDATED_POINT_NETWORK"
"EDGE_2016_VCF0806_VCF9223",2016,"VCF0806","VCF9223",0.0186252735363306,TRUE,"S09_D15_WEIGHT","W_POST_COMPAT",TRUE,0,0.0186252735363306,"CHANGED","REUSED_VALIDATED_POINT_NETWORK"
"EDGE_2016_VCF0806_VCF9223",2016,"VCF0806","VCF9223",0.0186252735363306,TRUE,"S09_D19_MODE","ALL_INTERNET",TRUE,0.0148974357721735,0.00372783776415708,"UNCHANGED","ESTIMABLE_WITH_WARNINGS"
"EDGE_2016_VCF0809_VCF0838",2016,"VCF0809","VCF0838",-0.0734135665583111,TRUE,"S09_D11","PAIRWISE_AVAILABLE",TRUE,-0.0360032531729909,0.0374103133853202,"UNCHANGED","ESTIMABLE_WITH_WARNINGS"
"EDGE_2016_VCF0809_VCF0838",2016,"VCF0809","VCF0838",-0.0734135665583111,TRUE,"S09_D20A_GAMMA","GAMMA_025",TRUE,-0.0734135665583111,0,"UNCHANGED","ESTIMABLE_WITH_WARNINGS"
"EDGE_2016_VCF0809_VCF0838",2016,"VCF0809","VCF0838",-0.0734135665583111,TRUE,"S09_D20A_NO_VCF0839","NO_VCF0839",TRUE,-0.0615717327428483,0.0118418338154628,"UNCHANGED","ESTIMABLE_WITH_WARNINGS"
"EDGE_2016_VCF0809_VCF0838",2016,"VCF0809","VCF0838",-0.0734135665583111,TRUE,"S09_D15_WEIGHT","W_CDF",TRUE,-0.0396908151904687,0.0337227513678424,"UNCHANGED","REUSED_VALIDATED_POINT_NETWORK"
"EDGE_2016_VCF0809_VCF0838",2016,"VCF0809","VCF0838",-0.0734135665583111,TRUE,"S09_D15_WEIGHT","W_POST_COMPAT",TRUE,-0.0427980881492305,0.0306154784090806,"UNCHANGED","REUSED_VALIDATED_POINT_NETWORK"
"EDGE_2016_VCF0809_VCF0838",2016,"VCF0809","VCF0838",-0.0734135665583111,TRUE,"S09_D19_MODE","ALL_INTERNET",TRUE,-0.0811144788048386,0.0077009122465275,"UNCHANGED","ESTIMABLE_WITH_WARNINGS"
"EDGE_2016_VCF0809_VCF0839",2016,"VCF0809","VCF0839",0.216271398419299,TRUE,"S09_D11","PAIRWISE_AVAILABLE",TRUE,0.221772709446155,0.00550131102685503,"UNCHANGED","ESTIMABLE_WITH_WARNINGS"
"EDGE_2016_VCF0809_VCF0839",2016,"VCF0809","VCF0839",0.216271398419299,TRUE,"S09_D20A_GAMMA","GAMMA_025",TRUE,0.216271398419299,0,"UNCHANGED","ESTIMABLE_WITH_WARNINGS"
"EDGE_2016_VCF0809_VCF0839",2016,"VCF0809","VCF0839",0.216271398419299,TRUE,"S09_D20A_NO_VCF0839","NO_VCF0839",FALSE,,,"NOT_APPLICABLE","OUTSIDE_MODULE_SCOPE"
"EDGE_2016_VCF0809_VCF0839",2016,"VCF0809","VCF0839",0.216271398419299,TRUE,"S09_D15_WEIGHT","W_CDF",TRUE,0.238963771771133,0.0226923733518332,"UNCHANGED","REUSED_VALIDATED_POINT_NETWORK"
"EDGE_2016_VCF0809_VCF0839",2016,"VCF0809","VCF0839",0.216271398419299,TRUE,"S09_D15_WEIGHT","W_POST_COMPAT",TRUE,0.2372159212668,0.0209445228475,"UNCHANGED","REUSED_VALIDATED_POINT_NETWORK"
"EDGE_2016_VCF0809_VCF0839",2016,"VCF0809","VCF0839",0.216271398419299,TRUE,"S09_D19_MODE","ALL_INTERNET",TRUE,0.208162524566632,0.00810887385266731,"UNCHANGED","ESTIMABLE_WITH_WARNINGS"
"EDGE_2016_VCF0809_VCF0879a",2016,"VCF0809","VCF0879a",0,FALSE,"S09_D11","PAIRWISE_AVAILABLE",TRUE,0,0,"UNCHANGED","ESTIMABLE_WITH_WARNINGS"
"EDGE_2016_VCF0809_VCF0879a",2016,"VCF0809","VCF0879a",0,FALSE,"S09_D20A_GAMMA","GAMMA_025",TRUE,0,0,"UNCHANGED","ESTIMABLE_WITH_WARNINGS"
"EDGE_2016_VCF0809_VCF0879a",2016,"VCF0809","VCF0879a",0,FALSE,"S09_D20A_NO_VCF0839","NO_VCF0839",TRUE,0,0,"UNCHANGED","ESTIMABLE_WITH_WARNINGS"
"EDGE_2016_VCF0809_VCF0879a",2016,"VCF0809","VCF0879a",0,FALSE,"S09_D15_WEIGHT","W_CDF",TRUE,0.00733903665738208,0.00733903665738208,"CHANGED","REUSED_VALIDATED_POINT_NETWORK"
"EDGE_2016_VCF0809_VCF0879a",2016,"VCF0809","VCF0879a",0,FALSE,"S09_D15_WEIGHT","W_POST_COMPAT",TRUE,0.00734448744881813,0.00734448744881813,"CHANGED","REUSED_VALIDATED_POINT_NETWORK"
"EDGE_2016_VCF0809_VCF0879a",2016,"VCF0809","VCF0879a",0,FALSE,"S09_D19_MODE","ALL_INTERNET",TRUE,0,0,"UNCHANGED","ESTIMABLE_WITH_WARNINGS"
"EDGE_2016_VCF0809_VCF0888",2016,"VCF0809","VCF0888",0,FALSE,"S09_D11","PAIRWISE_AVAILABLE",TRUE,0,0,"UNCHANGED","ESTIMABLE_WITH_WARNINGS"
"EDGE_2016_VCF0809_VCF0888",2016,"VCF0809","VCF0888",0,FALSE,"S09_D20A_GAMMA","GAMMA_025",TRUE,0,0,"UNCHANGED","ESTIMABLE_WITH_WARNINGS"
"EDGE_2016_VCF0809_VCF0888",2016,"VCF0809","VCF0888",0,FALSE,"S09_D20A_NO_VCF0839","NO_VCF0839",TRUE,0,0,"UNCHANGED","ESTIMABLE_WITH_WARNINGS"
"EDGE_2016_VCF0809_VCF0888",2016,"VCF0809","VCF0888",0,FALSE,"S09_D15_WEIGHT","W_CDF",TRUE,0,0,"UNCHANGED","REUSED_VALIDATED_POINT_NETWORK"
"EDGE_2016_VCF0809_VCF0888",2016,"VCF0809","VCF0888",0,FALSE,"S09_D15_WEIGHT","W_POST_COMPAT",TRUE,0,0,"UNCHANGED","REUSED_VALIDATED_POINT_NETWORK"
"EDGE_2016_VCF0809_VCF0888",2016,"VCF0809","VCF0888",0,FALSE,"S09_D19_MODE","ALL_INTERNET",TRUE,0.0250107897940816,0.0250107897940816,"CHANGED","ESTIMABLE_WITH_WARNINGS"
"EDGE_2016_VCF0809_VCF0890",2016,"VCF0809","VCF0890",0.052471021635499,TRUE,"S09_D11","PAIRWISE_AVAILABLE",TRUE,0.0697824037823123,0.0173113821468134,"UNCHANGED","ESTIMABLE_WITH_WARNINGS"
"EDGE_2016_VCF0809_VCF0890",2016,"VCF0809","VCF0890",0.052471021635499,TRUE,"S09_D20A_GAMMA","GAMMA_025",TRUE,0.052471021635499,0,"UNCHANGED","ESTIMABLE_WITH_WARNINGS"
"EDGE_2016_VCF0809_VCF0890",2016,"VCF0809","VCF0890",0.052471021635499,TRUE,"S09_D20A_NO_VCF0839","NO_VCF0839",TRUE,0.112869350007638,0.0603983283721387,"UNCHANGED","ESTIMABLE_WITH_WARNINGS"
"EDGE_2016_VCF0809_VCF0890",2016,"VCF0809","VCF0890",0.052471021635499,TRUE,"S09_D15_WEIGHT","W_CDF",TRUE,0.0498137881121656,0.00265723352333336,"UNCHANGED","REUSED_VALIDATED_POINT_NETWORK"
"EDGE_2016_VCF0809_VCF0890",2016,"VCF0809","VCF0890",0.052471021635499,TRUE,"S09_D15_WEIGHT","W_POST_COMPAT",TRUE,0.0542991617718429,0.00182814013634389,"UNCHANGED","REUSED_VALIDATED_POINT_NETWORK"
"EDGE_2016_VCF0809_VCF0890",2016,"VCF0809","VCF0890",0.052471021635499,TRUE,"S09_D19_MODE","ALL_INTERNET",TRUE,0.0731499792771705,0.0206789576416716,"UNCHANGED","ESTIMABLE_WITH_WARNINGS"
"EDGE_2016_VCF0809_VCF0894",2016,"VCF0809","VCF0894",0.173766642629694,TRUE,"S09_D11","PAIRWISE_AVAILABLE",TRUE,0.139404133691204,0.0343625089384895,"UNCHANGED","ESTIMABLE_WITH_WARNINGS"
"EDGE_2016_VCF0809_VCF0894",2016,"VCF0809","VCF0894",0.173766642629694,TRUE,"S09_D20A_GAMMA","GAMMA_025",TRUE,0.173766642629694,0,"UNCHANGED","ESTIMABLE_WITH_WARNINGS"
"EDGE_2016_VCF0809_VCF0894",2016,"VCF0809","VCF0894",0.173766642629694,TRUE,"S09_D20A_NO_VCF0839","NO_VCF0839",TRUE,0.26583888305347,0.0920722404237761,"UNCHANGED","ESTIMABLE_WITH_WARNINGS"
"EDGE_2016_VCF0809_VCF0894",2016,"VCF0809","VCF0894",0.173766642629694,TRUE,"S09_D15_WEIGHT","W_CDF",TRUE,0.135719650438856,0.0380469921908382,"UNCHANGED","REUSED_VALIDATED_POINT_NETWORK"
"EDGE_2016_VCF0809_VCF0894",2016,"VCF0809","VCF0894",0.173766642629694,TRUE,"S09_D15_WEIGHT","W_POST_COMPAT",TRUE,0.133957138861567,0.0398095037681269,"UNCHANGED","REUSED_VALIDATED_POINT_NETWORK"
"EDGE_2016_VCF0809_VCF0894",2016,"VCF0809","VCF0894",0.173766642629694,TRUE,"S09_D19_MODE","ALL_INTERNET",TRUE,0.16405504015807,0.00971160247162406,"UNCHANGED","ESTIMABLE_WITH_WARNINGS"
"EDGE_2016_VCF0809_VCF9223",2016,"VCF0809","VCF9223",0,FALSE,"S09_D11","PAIRWISE_AVAILABLE",TRUE,0,0,"UNCHANGED","ESTIMABLE_WITH_WARNINGS"
"EDGE_2016_VCF0809_VCF9223",2016,"VCF0809","VCF9223",0,FALSE,"S09_D20A_GAMMA","GAMMA_025",TRUE,0,0,"UNCHANGED","ESTIMABLE_WITH_WARNINGS"
"EDGE_2016_VCF0809_VCF9223",2016,"VCF0809","VCF9223",0,FALSE,"S09_D20A_NO_VCF0839","NO_VCF0839",TRUE,0,0,"UNCHANGED","ESTIMABLE_WITH_WARNINGS"
"EDGE_2016_VCF0809_VCF9223",2016,"VCF0809","VCF9223",0,FALSE,"S09_D15_WEIGHT","W_CDF",TRUE,0,0,"UNCHANGED","REUSED_VALIDATED_POINT_NETWORK"
"EDGE_2016_VCF0809_VCF9223",2016,"VCF0809","VCF9223",0,FALSE,"S09_D15_WEIGHT","W_POST_COMPAT",TRUE,0,0,"UNCHANGED","REUSED_VALIDATED_POINT_NETWORK"
"EDGE_2016_VCF0809_VCF9223",2016,"VCF0809","VCF9223",0,FALSE,"S09_D19_MODE","ALL_INTERNET",TRUE,-0.0230396702703873,0.0230396702703873,"CHANGED","ESTIMABLE_WITH_WARNINGS"
"EDGE_2016_VCF0838_VCF0839",2016,"VCF0838","VCF0839",0.0636726525169274,TRUE,"S09_D11","PAIRWISE_AVAILABLE",TRUE,0.0525748326047009,0.0110978199122264,"UNCHANGED","ESTIMABLE_WITH_WARNINGS"
"EDGE_2016_VCF0838_VCF0839",2016,"VCF0838","VCF0839",0.0636726525169274,TRUE,"S09_D20A_GAMMA","GAMMA_025",TRUE,0.0636726525169274,0,"UNCHANGED","ESTIMABLE_WITH_WARNINGS"
"EDGE_2016_VCF0838_VCF0839",2016,"VCF0838","VCF0839",0.0636726525169274,TRUE,"S09_D20A_NO_VCF0839","NO_VCF0839",FALSE,,,"NOT_APPLICABLE","OUTSIDE_MODULE_SCOPE"
"EDGE_2016_VCF0838_VCF0839",2016,"VCF0838","VCF0839",0.0636726525169274,TRUE,"S09_D15_WEIGHT","W_CDF",TRUE,0.0525330044028363,0.0111396481140911,"UNCHANGED","REUSED_VALIDATED_POINT_NETWORK"
"EDGE_2016_VCF0838_VCF0839",2016,"VCF0838","VCF0839",0.0636726525169274,TRUE,"S09_D15_WEIGHT","W_POST_COMPAT",TRUE,0.0558219628000054,0.00785068971692202,"UNCHANGED","REUSED_VALIDATED_POINT_NETWORK"
"EDGE_2016_VCF0838_VCF0839",2016,"VCF0838","VCF0839",0.0636726525169274,TRUE,"S09_D19_MODE","ALL_INTERNET",TRUE,0.069243000416133,0.00557034789920563,"UNCHANGED","ESTIMABLE_WITH_WARNINGS"
"EDGE_2016_VCF0838_VCF0879a",2016,"VCF0838","VCF0879a",0.0198466846918451,TRUE,"S09_D11","PAIRWISE_AVAILABLE",TRUE,0.0174018801131084,0.0024448045787367,"UNCHANGED","ESTIMABLE_WITH_WARNINGS"
"EDGE_2016_VCF0838_VCF0879a",2016,"VCF0838","VCF0879a",0.0198466846918451,TRUE,"S09_D20A_GAMMA","GAMMA_025",TRUE,0.0198466846918451,0,"UNCHANGED","ESTIMABLE_WITH_WARNINGS"
"EDGE_2016_VCF0838_VCF0879a",2016,"VCF0838","VCF0879a",0.0198466846918451,TRUE,"S09_D20A_NO_VCF0839","NO_VCF0839",TRUE,0.0198824475394513,3.57628476062091e-05,"UNCHANGED","ESTIMABLE_WITH_WARNINGS"
"EDGE_2016_VCF0838_VCF0879a",2016,"VCF0838","VCF0879a",0.0198466846918451,TRUE,"S09_D15_WEIGHT","W_CDF",TRUE,0.0167674957527471,0.00307918893909797,"UNCHANGED","REUSED_VALIDATED_POINT_NETWORK"
"EDGE_2016_VCF0838_VCF0879a",2016,"VCF0838","VCF0879a",0.0198466846918451,TRUE,"S09_D15_WEIGHT","W_POST_COMPAT",TRUE,0.0174770049106081,0.00236967978123695,"UNCHANGED","REUSED_VALIDATED_POINT_NETWORK"
"EDGE_2016_VCF0838_VCF0879a",2016,"VCF0838","VCF0879a",0.0198466846918451,TRUE,"S09_D19_MODE","ALL_INTERNET",TRUE,0.0130590419358326,0.00678764275601252,"UNCHANGED","ESTIMABLE_WITH_WARNINGS"
"EDGE_2016_VCF0838_VCF0888",2016,"VCF0838","VCF0888",-0.101292565988874,TRUE,"S09_D11","PAIRWISE_AVAILABLE",TRUE,-0.0713668748733707,0.0299256911155031,"UNCHANGED","ESTIMABLE_WITH_WARNINGS"
"EDGE_2016_VCF0838_VCF0888",2016,"VCF0838","VCF0888",-0.101292565988874,TRUE,"S09_D20A_GAMMA","GAMMA_025",TRUE,-0.101292565988874,0,"UNCHANGED","ESTIMABLE_WITH_WARNINGS"
"EDGE_2016_VCF0838_VCF0888",2016,"VCF0838","VCF0888",-0.101292565988874,TRUE,"S09_D20A_NO_VCF0839","NO_VCF0839",TRUE,-0.0997380042471398,0.00155456174173403,"UNCHANGED","ESTIMABLE_WITH_WARNINGS"
"EDGE_2016_VCF0838_VCF0888",2016,"VCF0838","VCF0888",-0.101292565988874,TRUE,"S09_D15_WEIGHT","W_CDF",TRUE,-0.111305808689011,0.0100132427001375,"UNCHANGED","REUSED_VALIDATED_POINT_NETWORK"
"EDGE_2016_VCF0838_VCF0888",2016,"VCF0838","VCF0888",-0.101292565988874,TRUE,"S09_D15_WEIGHT","W_POST_COMPAT",TRUE,-0.110788903825913,0.00949633783703879,"UNCHANGED","REUSED_VALIDATED_POINT_NETWORK"
"EDGE_2016_VCF0838_VCF0888",2016,"VCF0838","VCF0888",-0.101292565988874,TRUE,"S09_D19_MODE","ALL_INTERNET",TRUE,-0.113185323138305,0.0118927571494312,"UNCHANGED","ESTIMABLE_WITH_WARNINGS"
"EDGE_2016_VCF0838_VCF0890",2016,"VCF0838","VCF0890",0.108612599323994,TRUE,"S09_D11","PAIRWISE_AVAILABLE",TRUE,0.0788843200751087,0.0297282792488849,"UNCHANGED","ESTIMABLE_WITH_WARNINGS"
"EDGE_2016_VCF0838_VCF0890",2016,"VCF0838","VCF0890",0.108612599323994,TRUE,"S09_D20A_GAMMA","GAMMA_025",TRUE,0.108612599323994,0,"UNCHANGED","ESTIMABLE_WITH_WARNINGS"
"EDGE_2016_VCF0838_VCF0890",2016,"VCF0838","VCF0890",0.108612599323994,TRUE,"S09_D20A_NO_VCF0839","NO_VCF0839",TRUE,0.128276605924098,0.0196640066001039,"UNCHANGED","ESTIMABLE_WITH_WARNINGS"
"EDGE_2016_VCF0838_VCF0890",2016,"VCF0838","VCF0890",0.108612599323994,TRUE,"S09_D15_WEIGHT","W_CDF",TRUE,0.132023108592792,0.0234105092687981,"UNCHANGED","REUSED_VALIDATED_POINT_NETWORK"
"EDGE_2016_VCF0838_VCF0890",2016,"VCF0838","VCF0890",0.108612599323994,TRUE,"S09_D15_WEIGHT","W_POST_COMPAT",TRUE,0.130845318554729,0.0222327192307355,"UNCHANGED","REUSED_VALIDATED_POINT_NETWORK"
"EDGE_2016_VCF0838_VCF0890",2016,"VCF0838","VCF0890",0.108612599323994,TRUE,"S09_D19_MODE","ALL_INTERNET",TRUE,0.116981689012496,0.00836908968850238,"UNCHANGED","ESTIMABLE_WITH_WARNINGS"
"EDGE_2016_VCF0838_VCF0894",2016,"VCF0838","VCF0894",0.0364902033127705,TRUE,"S09_D11","PAIRWISE_AVAILABLE",TRUE,0,0.0364902033127705,"CHANGED","ESTIMABLE_WITH_WARNINGS"
"EDGE_2016_VCF0838_VCF0894",2016,"VCF0838","VCF0894",0.0364902033127705,TRUE,"S09_D20A_GAMMA","GAMMA_025",TRUE,0.0364902033127705,0,"UNCHANGED","ESTIMABLE_WITH_WARNINGS"
"EDGE_2016_VCF0838_VCF0894",2016,"VCF0838","VCF0894",0.0364902033127705,TRUE,"S09_D20A_NO_VCF0839","NO_VCF0839",TRUE,0.0611035140812883,0.0246133107685178,"UNCHANGED","ESTIMABLE_WITH_WARNINGS"
"EDGE_2016_VCF0838_VCF0894",2016,"VCF0838","VCF0894",0.0364902033127705,TRUE,"S09_D15_WEIGHT","W_CDF",TRUE,0.0139784306586989,0.0225117726540716,"UNCHANGED","REUSED_VALIDATED_POINT_NETWORK"
"EDGE_2016_VCF0838_VCF0894",2016,"VCF0838","VCF0894",0.0364902033127705,TRUE,"S09_D15_WEIGHT","W_POST_COMPAT",TRUE,0.00897626254105149,0.0275139407717191,"UNCHANGED","REUSED_VALIDATED_POINT_NETWORK"
"EDGE_2016_VCF0838_VCF0894",2016,"VCF0838","VCF0894",0.0364902033127705,TRUE,"S09_D19_MODE","ALL_INTERNET",TRUE,0.0263717631897646,0.0101184401230059,"UNCHANGED","ESTIMABLE_WITH_WARNINGS"
"EDGE_2016_VCF0838_VCF9223",2016,"VCF0838","VCF9223",0.143965510367613,TRUE,"S09_D11","PAIRWISE_AVAILABLE",TRUE,0.148807765868241,0.00484225550062789,"UNCHANGED","ESTIMABLE_WITH_WARNINGS"
"EDGE_2016_VCF0838_VCF9223",2016,"VCF0838","VCF9223",0.143965510367613,TRUE,"S09_D20A_GAMMA","GAMMA_025",TRUE,0.143965510367613,0,"UNCHANGED","ESTIMABLE_WITH_WARNINGS"
"EDGE_2016_VCF0838_VCF9223",2016,"VCF0838","VCF9223",0.143965510367613,TRUE,"S09_D20A_NO_VCF0839","NO_VCF0839",TRUE,0.145211399378798,0.00124588901118577,"UNCHANGED","ESTIMABLE_WITH_WARNINGS"
"EDGE_2016_VCF0838_VCF9223",2016,"VCF0838","VCF9223",0.143965510367613,TRUE,"S09_D15_WEIGHT","W_CDF",TRUE,0.147623428087055,0.00365791771944254,"UNCHANGED","REUSED_VALIDATED_POINT_NETWORK"
"EDGE_2016_VCF0838_VCF9223",2016,"VCF0838","VCF9223",0.143965510367613,TRUE,"S09_D15_WEIGHT","W_POST_COMPAT",TRUE,0.147150715085793,0.00318520471818065,"UNCHANGED","REUSED_VALIDATED_POINT_NETWORK"
"EDGE_2016_VCF0838_VCF9223",2016,"VCF0838","VCF9223",0.143965510367613,TRUE,"S09_D19_MODE","ALL_INTERNET",TRUE,0.157001610901826,0.0130361005342136,"UNCHANGED","ESTIMABLE_WITH_WARNINGS"
"EDGE_2016_VCF0839_VCF0879a",2016,"VCF0839","VCF0879a",0,FALSE,"S09_D11","PAIRWISE_AVAILABLE",TRUE,0.029759110831148,0.029759110831148,"CHANGED","ESTIMABLE_WITH_WARNINGS"
"EDGE_2016_VCF0839_VCF0879a",2016,"VCF0839","VCF0879a",0,FALSE,"S09_D20A_GAMMA","GAMMA_025",TRUE,0,0,"UNCHANGED","ESTIMABLE_WITH_WARNINGS"
"EDGE_2016_VCF0839_VCF0879a",2016,"VCF0839","VCF0879a",0,FALSE,"S09_D20A_NO_VCF0839","NO_VCF0839",FALSE,,,"NOT_APPLICABLE","OUTSIDE_MODULE_SCOPE"
"EDGE_2016_VCF0839_VCF0879a",2016,"VCF0839","VCF0879a",0,FALSE,"S09_D15_WEIGHT","W_CDF",TRUE,0,0,"UNCHANGED","REUSED_VALIDATED_POINT_NETWORK"
"EDGE_2016_VCF0839_VCF0879a",2016,"VCF0839","VCF0879a",0,FALSE,"S09_D15_WEIGHT","W_POST_COMPAT",TRUE,0,0,"UNCHANGED","REUSED_VALIDATED_POINT_NETWORK"
"EDGE_2016_VCF0839_VCF0879a",2016,"VCF0839","VCF0879a",0,FALSE,"S09_D19_MODE","ALL_INTERNET",TRUE,0.00133911182343287,0.00133911182343287,"CHANGED","ESTIMABLE_WITH_WARNINGS"
"EDGE_2016_VCF0839_VCF0888",2016,"VCF0839","VCF0888",0.0370470506219009,TRUE,"S09_D11","PAIRWISE_AVAILABLE",TRUE,0,0.0370470506219009,"CHANGED","ESTIMABLE_WITH_WARNINGS"
"EDGE_2016_VCF0839_VCF0888",2016,"VCF0839","VCF0888",0.0370470506219009,TRUE,"S09_D20A_GAMMA","GAMMA_025",TRUE,0.0370470506219009,0,"UNCHANGED","ESTIMABLE_WITH_WARNINGS"
"EDGE_2016_VCF0839_VCF0888",2016,"VCF0839","VCF0888",0.0370470506219009,TRUE,"S09_D20A_NO_VCF0839","NO_VCF0839",FALSE,,,"NOT_APPLICABLE","OUTSIDE_MODULE_SCOPE"
"EDGE_2016_VCF0839_VCF0888",2016,"VCF0839","VCF0888",0.0370470506219009,TRUE,"S09_D15_WEIGHT","W_CDF",TRUE,0,0.0370470506219009,"CHANGED","REUSED_VALIDATED_POINT_NETWORK"
"EDGE_2016_VCF0839_VCF0888",2016,"VCF0839","VCF0888",0.0370470506219009,TRUE,"S09_D15_WEIGHT","W_POST_COMPAT",TRUE,0,0.0370470506219009,"CHANGED","REUSED_VALIDATED_POINT_NETWORK"
"EDGE_2016_VCF0839_VCF0888",2016,"VCF0839","VCF0888",0.0370470506219009,TRUE,"S09_D19_MODE","ALL_INTERNET",TRUE,0.04517528203386,0.00812823141195915,"UNCHANGED","ESTIMABLE_WITH_WARNINGS"
"EDGE_2016_VCF0839_VCF0890",2016,"VCF0839","VCF0890",0.242347657779176,TRUE,"S09_D11","PAIRWISE_AVAILABLE",TRUE,0.261764798175892,0.0194171403967161,"UNCHANGED","ESTIMABLE_WITH_WARNINGS"
"EDGE_2016_VCF0839_VCF0890",2016,"VCF0839","VCF0890",0.242347657779176,TRUE,"S09_D20A_GAMMA","GAMMA_025",TRUE,0.242347657779176,0,"UNCHANGED","ESTIMABLE_WITH_WARNINGS"
"EDGE_2016_VCF0839_VCF0890",2016,"VCF0839","VCF0890",0.242347657779176,TRUE,"S09_D20A_NO_VCF0839","NO_VCF0839",FALSE,,,"NOT_APPLICABLE","OUTSIDE_MODULE_SCOPE"
"EDGE_2016_VCF0839_VCF0890",2016,"VCF0839","VCF0890",0.242347657779176,TRUE,"S09_D15_WEIGHT","W_CDF",TRUE,0.264785466112412,0.0224378083332363,"UNCHANGED","REUSED_VALIDATED_POINT_NETWORK"
"EDGE_2016_VCF0839_VCF0890",2016,"VCF0839","VCF0890",0.242347657779176,TRUE,"S09_D15_WEIGHT","W_POST_COMPAT",TRUE,0.261312983404671,0.0189653256254954,"UNCHANGED","REUSED_VALIDATED_POINT_NETWORK"
"EDGE_2016_VCF0839_VCF0890",2016,"VCF0839","VCF0890",0.242347657779176,TRUE,"S09_D19_MODE","ALL_INTERNET",TRUE,0.221198929608788,0.0211487281703878,"UNCHANGED","ESTIMABLE_WITH_WARNINGS"
"EDGE_2016_VCF0839_VCF0894",2016,"VCF0839","VCF0894",0.329872988221807,TRUE,"S09_D11","PAIRWISE_AVAILABLE",TRUE,0.342082335098518,0.0122093468767115,"UNCHANGED","ESTIMABLE_WITH_WARNINGS"
"EDGE_2016_VCF0839_VCF0894",2016,"VCF0839","VCF0894",0.329872988221807,TRUE,"S09_D20A_GAMMA","GAMMA_025",TRUE,0.329872988221807,0,"UNCHANGED","ESTIMABLE_WITH_WARNINGS"
"EDGE_2016_VCF0839_VCF0894",2016,"VCF0839","VCF0894",0.329872988221807,TRUE,"S09_D20A_NO_VCF0839","NO_VCF0839",FALSE,,,"NOT_APPLICABLE","OUTSIDE_MODULE_SCOPE"
"EDGE_2016_VCF0839_VCF0894",2016,"VCF0839","VCF0894",0.329872988221807,TRUE,"S09_D15_WEIGHT","W_CDF",TRUE,0.339455124983909,0.00958213676210268,"UNCHANGED","REUSED_VALIDATED_POINT_NETWORK"
"EDGE_2016_VCF0839_VCF0894",2016,"VCF0839","VCF0894",0.329872988221807,TRUE,"S09_D15_WEIGHT","W_POST_COMPAT",TRUE,0.342548476557775,0.012675488335968,"UNCHANGED","REUSED_VALIDATED_POINT_NETWORK"
"EDGE_2016_VCF0839_VCF0894",2016,"VCF0839","VCF0894",0.329872988221807,TRUE,"S09_D19_MODE","ALL_INTERNET",TRUE,0.376061273321343,0.0461882850995368,"UNCHANGED","ESTIMABLE_WITH_WARNINGS"
"EDGE_2016_VCF0839_VCF9223",2016,"VCF0839","VCF9223",0.018458574204645,TRUE,"S09_D11","PAIRWISE_AVAILABLE",TRUE,0.0151203033451729,0.00333827085947205,"UNCHANGED","ESTIMABLE_WITH_WARNINGS"
"EDGE_2016_VCF0839_VCF9223",2016,"VCF0839","VCF9223",0.018458574204645,TRUE,"S09_D20A_GAMMA","GAMMA_025",TRUE,0.018458574204645,0,"UNCHANGED","ESTIMABLE_WITH_WARNINGS"
"EDGE_2016_VCF0839_VCF9223",2016,"VCF0839","VCF9223",0.018458574204645,TRUE,"S09_D20A_NO_VCF0839","NO_VCF0839",FALSE,,,"NOT_APPLICABLE","OUTSIDE_MODULE_SCOPE"
"EDGE_2016_VCF0839_VCF9223",2016,"VCF0839","VCF9223",0.018458574204645,TRUE,"S09_D15_WEIGHT","W_CDF",TRUE,0.0215332758810728,0.00307470167642782,"UNCHANGED","REUSED_VALIDATED_POINT_NETWORK"
"EDGE_2016_VCF0839_VCF9223",2016,"VCF0839","VCF9223",0.018458574204645,TRUE,"S09_D15_WEIGHT","W_POST_COMPAT",TRUE,0.021568520843102,0.00310994663845704,"UNCHANGED","REUSED_VALIDATED_POINT_NETWORK"
"EDGE_2016_VCF0839_VCF9223",2016,"VCF0839","VCF9223",0.018458574204645,TRUE,"S09_D19_MODE","ALL_INTERNET",TRUE,0.0378959229847649,0.0194373487801199,"UNCHANGED","ESTIMABLE_WITH_WARNINGS"
"EDGE_2016_VCF0879a_VCF0888",2016,"VCF0879a","VCF0888",-0.090754153248673,TRUE,"S09_D11","PAIRWISE_AVAILABLE",TRUE,-0.10456737120226,0.0138132179535868,"UNCHANGED","ESTIMABLE_WITH_WARNINGS"
"EDGE_2016_VCF0879a_VCF0888",2016,"VCF0879a","VCF0888",-0.090754153248673,TRUE,"S09_D20A_GAMMA","GAMMA_025",TRUE,-0.090754153248673,0,"UNCHANGED","ESTIMABLE_WITH_WARNINGS"
"EDGE_2016_VCF0879a_VCF0888",2016,"VCF0879a","VCF0888",-0.090754153248673,TRUE,"S09_D20A_NO_VCF0839","NO_VCF0839",TRUE,-0.0908303204146121,7.61671659390839e-05,"UNCHANGED","ESTIMABLE_WITH_WARNINGS"
"EDGE_2016_VCF0879a_VCF0888",2016,"VCF0879a","VCF0888",-0.090754153248673,TRUE,"S09_D15_WEIGHT","W_CDF",TRUE,-0.0794196065837025,0.0113345466649706,"UNCHANGED","REUSED_VALIDATED_POINT_NETWORK"
"EDGE_2016_VCF0879a_VCF0888",2016,"VCF0879a","VCF0888",-0.090754153248673,TRUE,"S09_D15_WEIGHT","W_POST_COMPAT",TRUE,-0.0796178333567635,0.0111363198919095,"UNCHANGED","REUSED_VALIDATED_POINT_NETWORK"
"EDGE_2016_VCF0879a_VCF0888",2016,"VCF0879a","VCF0888",-0.090754153248673,TRUE,"S09_D19_MODE","ALL_INTERNET",TRUE,-0.0832598455132027,0.00749430773547032,"UNCHANGED","ESTIMABLE_WITH_WARNINGS"
"EDGE_2016_VCF0879a_VCF0890",2016,"VCF0879a","VCF0890",0.0141694491107246,TRUE,"S09_D11","PAIRWISE_AVAILABLE",TRUE,0.0167027097340921,0.0025332606233675,"UNCHANGED","ESTIMABLE_WITH_WARNINGS"
"EDGE_2016_VCF0879a_VCF0890",2016,"VCF0879a","VCF0890",0.0141694491107246,TRUE,"S09_D20A_GAMMA","GAMMA_025",TRUE,0.0141694491107246,0,"UNCHANGED","ESTIMABLE_WITH_WARNINGS"
"EDGE_2016_VCF0879a_VCF0890",2016,"VCF0879a","VCF0890",0.0141694491107246,TRUE,"S09_D20A_NO_VCF0839","NO_VCF0839",TRUE,0.0146110019466922,0.000441552835967614,"UNCHANGED","ESTIMABLE_WITH_WARNINGS"
"EDGE_2016_VCF0879a_VCF0890",2016,"VCF0879a","VCF0890",0.0141694491107246,TRUE,"S09_D15_WEIGHT","W_CDF",TRUE,0.00159559382469226,0.0125738552860324,"UNCHANGED","REUSED_VALIDATED_POINT_NETWORK"
"EDGE_2016_VCF0879a_VCF0890",2016,"VCF0879a","VCF0890",0.0141694491107246,TRUE,"S09_D15_WEIGHT","W_POST_COMPAT",TRUE,0.00249049358163097,0.0116789555290937,"UNCHANGED","REUSED_VALIDATED_POINT_NETWORK"
"EDGE_2016_VCF0879a_VCF0890",2016,"VCF0879a","VCF0890",0.0141694491107246,TRUE,"S09_D19_MODE","ALL_INTERNET",TRUE,0.0236481363970852,0.00947868728636057,"UNCHANGED","ESTIMABLE_WITH_WARNINGS"
"EDGE_2016_VCF0879a_VCF0894",2016,"VCF0879a","VCF0894",0.227269099451679,TRUE,"S09_D11","PAIRWISE_AVAILABLE",TRUE,0.197442059882199,0.0298270395694802,"UNCHANGED","ESTIMABLE_WITH_WARNINGS"
"EDGE_2016_VCF0879a_VCF0894",2016,"VCF0879a","VCF0894",0.227269099451679,TRUE,"S09_D20A_GAMMA","GAMMA_025",TRUE,0.227269099451679,0,"UNCHANGED","ESTIMABLE_WITH_WARNINGS"
"EDGE_2016_VCF0879a_VCF0894",2016,"VCF0879a","VCF0894",0.227269099451679,TRUE,"S09_D20A_NO_VCF0839","NO_VCF0839",TRUE,0.240745710860957,0.0134766114092786,"UNCHANGED","ESTIMABLE_WITH_WARNINGS"
"EDGE_2016_VCF0879a_VCF0894",2016,"VCF0879a","VCF0894",0.227269099451679,TRUE,"S09_D15_WEIGHT","W_CDF",TRUE,0.243563645726293,0.0162945462746139,"UNCHANGED","REUSED_VALIDATED_POINT_NETWORK"
"EDGE_2016_VCF0879a_VCF0894",2016,"VCF0879a","VCF0894",0.227269099451679,TRUE,"S09_D15_WEIGHT","W_POST_COMPAT",TRUE,0.241204181566873,0.0139350821151939,"UNCHANGED","REUSED_VALIDATED_POINT_NETWORK"
"EDGE_2016_VCF0879a_VCF0894",2016,"VCF0879a","VCF0894",0.227269099451679,TRUE,"S09_D19_MODE","ALL_INTERNET",TRUE,0.227962293181684,0.000693193730005121,"UNCHANGED","ESTIMABLE_WITH_WARNINGS"
"EDGE_2016_VCF0879a_VCF9223",2016,"VCF0879a","VCF9223",0.440934290526284,TRUE,"S09_D11","PAIRWISE_AVAILABLE",TRUE,0.42600628334362,0.0149280071826641,"UNCHANGED","ESTIMABLE_WITH_WARNINGS"
"EDGE_2016_VCF0879a_VCF9223",2016,"VCF0879a","VCF9223",0.440934290526284,TRUE,"S09_D20A_GAMMA","GAMMA_025",TRUE,0.440934290526284,0,"UNCHANGED","ESTIMABLE_WITH_WARNINGS"
"EDGE_2016_VCF0879a_VCF9223",2016,"VCF0879a","VCF9223",0.440934290526284,TRUE,"S09_D20A_NO_VCF0839","NO_VCF0839",TRUE,0.441042562709701,0.000108272183416969,"UNCHANGED","ESTIMABLE_WITH_WARNINGS"
"EDGE_2016_VCF0879a_VCF9223",2016,"VCF0879a","VCF9223",0.440934290526284,TRUE,"S09_D15_WEIGHT","W_CDF",TRUE,0.416502077058721,0.0244322134675631,"UNCHANGED","REUSED_VALIDATED_POINT_NETWORK"
"EDGE_2016_VCF0879a_VCF9223",2016,"VCF0879a","VCF9223",0.440934290526284,TRUE,"S09_D15_WEIGHT","W_POST_COMPAT",TRUE,0.414184648926346,0.0267496415999386,"UNCHANGED","REUSED_VALIDATED_POINT_NETWORK"
"EDGE_2016_VCF0879a_VCF9223",2016,"VCF0879a","VCF9223",0.440934290526284,TRUE,"S09_D19_MODE","ALL_INTERNET",TRUE,0.453492512614277,0.0125582220879924,"UNCHANGED","ESTIMABLE_WITH_WARNINGS"
"EDGE_2016_VCF0888_VCF0890",2016,"VCF0888","VCF0890",0.215890208797959,TRUE,"S09_D11","PAIRWISE_AVAILABLE",TRUE,0.226277581408779,0.0103873726108196,"UNCHANGED","ESTIMABLE_WITH_WARNINGS"
"EDGE_2016_VCF0888_VCF0890",2016,"VCF0888","VCF0890",0.215890208797959,TRUE,"S09_D20A_GAMMA","GAMMA_025",TRUE,0.215890208797959,0,"UNCHANGED","ESTIMABLE_WITH_WARNINGS"
"EDGE_2016_VCF0888_VCF0890",2016,"VCF0888","VCF0890",0.215890208797959,TRUE,"S09_D20A_NO_VCF0839","NO_VCF0839",TRUE,0.232899157616158,0.0170089488181989,"UNCHANGED","ESTIMABLE_WITH_WARNINGS"
"EDGE_2016_VCF0888_VCF0890",2016,"VCF0888","VCF0890",0.215890208797959,TRUE,"S09_D15_WEIGHT","W_CDF",TRUE,0.216335438876788,0.000445230078829295,"UNCHANGED","REUSED_VALIDATED_POINT_NETWORK"
"EDGE_2016_VCF0888_VCF0890",2016,"VCF0888","VCF0890",0.215890208797959,TRUE,"S09_D15_WEIGHT","W_POST_COMPAT",TRUE,0.219806277681836,0.00391606888387672,"UNCHANGED","REUSED_VALIDATED_POINT_NETWORK"
"EDGE_2016_VCF0888_VCF0890",2016,"VCF0888","VCF0890",0.215890208797959,TRUE,"S09_D19_MODE","ALL_INTERNET",TRUE,0.198973364673847,0.0169168441241122,"UNCHANGED","ESTIMABLE_WITH_WARNINGS"
"EDGE_2016_VCF0888_VCF0894",2016,"VCF0888","VCF0894",-0.0630943703683428,TRUE,"S09_D11","PAIRWISE_AVAILABLE",TRUE,-0.0205665951879547,0.0425277751803882,"UNCHANGED","ESTIMABLE_WITH_WARNINGS"
"EDGE_2016_VCF0888_VCF0894",2016,"VCF0888","VCF0894",-0.0630943703683428,TRUE,"S09_D20A_GAMMA","GAMMA_025",TRUE,-0.0630943703683428,0,"UNCHANGED","ESTIMABLE_WITH_WARNINGS"
"EDGE_2016_VCF0888_VCF0894",2016,"VCF0888","VCF0894",-0.0630943703683428,TRUE,"S09_D20A_NO_VCF0839","NO_VCF0839",TRUE,-0.0517798044420026,0.0113145659263403,"UNCHANGED","ESTIMABLE_WITH_WARNINGS"
"EDGE_2016_VCF0888_VCF0894",2016,"VCF0888","VCF0894",-0.0630943703683428,TRUE,"S09_D15_WEIGHT","W_CDF",TRUE,-0.0547266467174618,0.008367723650881,"UNCHANGED","REUSED_VALIDATED_POINT_NETWORK"
"EDGE_2016_VCF0888_VCF0894",2016,"VCF0888","VCF0894",-0.0630943703683428,TRUE,"S09_D15_WEIGHT","W_POST_COMPAT",TRUE,-0.0554866639833915,0.0076077063849513,"UNCHANGED","REUSED_VALIDATED_POINT_NETWORK"
"EDGE_2016_VCF0888_VCF0894",2016,"VCF0888","VCF0894",-0.0630943703683428,TRUE,"S09_D19_MODE","ALL_INTERNET",TRUE,-0.104362685123382,0.0412683147550392,"UNCHANGED","ESTIMABLE_WITH_WARNINGS"
"EDGE_2016_VCF0888_VCF9223",2016,"VCF0888","VCF9223",-0.113633115156834,TRUE,"S09_D11","PAIRWISE_AVAILABLE",TRUE,-0.102082747592813,0.011550367564021,"UNCHANGED","ESTIMABLE_WITH_WARNINGS"
"EDGE_2016_VCF0888_VCF9223",2016,"VCF0888","VCF9223",-0.113633115156834,TRUE,"S09_D20A_GAMMA","GAMMA_025",TRUE,-0.113633115156834,0,"UNCHANGED","ESTIMABLE_WITH_WARNINGS"
"EDGE_2016_VCF0888_VCF9223",2016,"VCF0888","VCF9223",-0.113633115156834,TRUE,"S09_D20A_NO_VCF0839","NO_VCF0839",TRUE,-0.113042771705796,0.000590343451038006,"UNCHANGED","ESTIMABLE_WITH_WARNINGS"
"EDGE_2016_VCF0888_VCF9223",2016,"VCF0888","VCF9223",-0.113633115156834,TRUE,"S09_D15_WEIGHT","W_CDF",TRUE,-0.114595231710905,0.000962116554070219,"UNCHANGED","REUSED_VALIDATED_POINT_NETWORK"
"EDGE_2016_VCF0888_VCF9223",2016,"VCF0888","VCF9223",-0.113633115156834,TRUE,"S09_D15_WEIGHT","W_POST_COMPAT",TRUE,-0.113651906925047,1.87917682131222e-05,"UNCHANGED","REUSED_VALIDATED_POINT_NETWORK"
"EDGE_2016_VCF0888_VCF9223",2016,"VCF0888","VCF9223",-0.113633115156834,TRUE,"S09_D19_MODE","ALL_INTERNET",TRUE,-0.0714627016585274,0.042170413498307,"UNCHANGED","ESTIMABLE_WITH_WARNINGS"
"EDGE_2016_VCF0890_VCF0894",2016,"VCF0890","VCF0894",0.122481274464188,TRUE,"S09_D11","PAIRWISE_AVAILABLE",TRUE,0.0810298327868923,0.0414514416772952,"UNCHANGED","ESTIMABLE_WITH_WARNINGS"
"EDGE_2016_VCF0890_VCF0894",2016,"VCF0890","VCF0894",0.122481274464188,TRUE,"S09_D20A_GAMMA","GAMMA_025",TRUE,0.122481274464188,0,"UNCHANGED","ESTIMABLE_WITH_WARNINGS"
"EDGE_2016_VCF0890_VCF0894",2016,"VCF0890","VCF0894",0.122481274464188,TRUE,"S09_D20A_NO_VCF0839","NO_VCF0839",TRUE,0.220417288344066,0.0979360138798785,"UNCHANGED","ESTIMABLE_WITH_WARNINGS"
"EDGE_2016_VCF0890_VCF0894",2016,"VCF0890","VCF0894",0.122481274464188,TRUE,"S09_D15_WEIGHT","W_CDF",TRUE,0.083415698372868,0.0390655760913196,"UNCHANGED","REUSED_VALIDATED_POINT_NETWORK"
"EDGE_2016_VCF0890_VCF0894",2016,"VCF0890","VCF0894",0.122481274464188,TRUE,"S09_D15_WEIGHT","W_POST_COMPAT",TRUE,0.0838276483470782,0.0386536261171094,"UNCHANGED","REUSED_VALIDATED_POINT_NETWORK"
"EDGE_2016_VCF0890_VCF0894",2016,"VCF0890","VCF0894",0.122481274464188,TRUE,"S09_D19_MODE","ALL_INTERNET",TRUE,0.0850712431797157,0.0374100312844719,"UNCHANGED","ESTIMABLE_WITH_WARNINGS"
"EDGE_2016_VCF0890_VCF9223",2016,"VCF0890","VCF9223",0.0887466384157413,TRUE,"S09_D11","PAIRWISE_AVAILABLE",TRUE,0.0742738608258798,0.0144727775898615,"UNCHANGED","ESTIMABLE_WITH_WARNINGS"
"EDGE_2016_VCF0890_VCF9223",2016,"VCF0890","VCF9223",0.0887466384157413,TRUE,"S09_D20A_GAMMA","GAMMA_025",TRUE,0.0887466384157413,0,"UNCHANGED","ESTIMABLE_WITH_WARNINGS"
"EDGE_2016_VCF0890_VCF9223",2016,"VCF0890","VCF9223",0.0887466384157413,TRUE,"S09_D20A_NO_VCF0839","NO_VCF0839",TRUE,0.0965605858146238,0.00781394739888254,"UNCHANGED","ESTIMABLE_WITH_WARNINGS"
"EDGE_2016_VCF0890_VCF9223",2016,"VCF0890","VCF9223",0.0887466384157413,TRUE,"S09_D15_WEIGHT","W_CDF",TRUE,0.0895389004355064,0.00079226201976508,"UNCHANGED","REUSED_VALIDATED_POINT_NETWORK"
"EDGE_2016_VCF0890_VCF9223",2016,"VCF0890","VCF9223",0.0887466384157413,TRUE,"S09_D15_WEIGHT","W_POST_COMPAT",TRUE,0.0890020393712115,0.000255400955470234,"UNCHANGED","REUSED_VALIDATED_POINT_NETWORK"
"EDGE_2016_VCF0890_VCF9223",2016,"VCF0890","VCF9223",0.0887466384157413,TRUE,"S09_D19_MODE","ALL_INTERNET",TRUE,0.0908177060995907,0.0020710676838494,"UNCHANGED","ESTIMABLE_WITH_WARNINGS"
"EDGE_2016_VCF0894_VCF9223",2016,"VCF0894","VCF9223",0.0127258634156021,TRUE,"S09_D11","PAIRWISE_AVAILABLE",TRUE,0.0105023959705549,0.00222346744504723,"UNCHANGED","ESTIMABLE_WITH_WARNINGS"
"EDGE_2016_VCF0894_VCF9223",2016,"VCF0894","VCF9223",0.0127258634156021,TRUE,"S09_D20A_GAMMA","GAMMA_025",TRUE,0.0127258634156021,0,"UNCHANGED","ESTIMABLE_WITH_WARNINGS"
"EDGE_2016_VCF0894_VCF9223",2016,"VCF0894","VCF9223",0.0127258634156021,TRUE,"S09_D20A_NO_VCF0839","NO_VCF0839",TRUE,0.0210127020094973,0.00828683859389523,"UNCHANGED","ESTIMABLE_WITH_WARNINGS"
"EDGE_2016_VCF0894_VCF9223",2016,"VCF0894","VCF9223",0.0127258634156021,TRUE,"S09_D15_WEIGHT","W_CDF",TRUE,0.00886379840477573,0.00386206501082636,"UNCHANGED","REUSED_VALIDATED_POINT_NETWORK"
"EDGE_2016_VCF0894_VCF9223",2016,"VCF0894","VCF9223",0.0127258634156021,TRUE,"S09_D15_WEIGHT","W_POST_COMPAT",TRUE,0.0109997392954988,0.00172612412010328,"UNCHANGED","REUSED_VALIDATED_POINT_NETWORK"
"EDGE_2016_VCF0894_VCF9223",2016,"VCF0894","VCF9223",0.0127258634156021,TRUE,"S09_D19_MODE","ALL_INTERNET",TRUE,0.0218962123130856,0.00917034889748353,"UNCHANGED","ESTIMABLE_WITH_WARNINGS"
"EDGE_2020_VCF0806_VCF0809",2020,"VCF0806","VCF0809",0.339019965826395,TRUE,"S09_D11","PAIRWISE_AVAILABLE",TRUE,0.322360452476648,0.0166595133497469,"UNCHANGED","ESTIMABLE_WITH_WARNINGS"
"EDGE_2020_VCF0806_VCF0809",2020,"VCF0806","VCF0809",0.339019965826395,TRUE,"S09_D20A_GAMMA","GAMMA_025",TRUE,0.339019965826395,0,"UNCHANGED","ESTIMABLE_WITH_WARNINGS"
"EDGE_2020_VCF0806_VCF0809",2020,"VCF0806","VCF0809",0.339019965826395,TRUE,"S09_D20A_NO_VCF0839","NO_VCF0839",TRUE,0.422542659056918,0.0835226932305231,"UNCHANGED","ESTIMABLE_WITH_WARNINGS"
"EDGE_2020_VCF0806_VCF0809",2020,"VCF0806","VCF0809",0.339019965826395,TRUE,"S09_D15_WEIGHT","W_CDF",TRUE,0.349836513009444,0.0108165471830495,"UNCHANGED","REUSED_VALIDATED_POINT_NETWORK"
"EDGE_2020_VCF0806_VCF0809",2020,"VCF0806","VCF0809",0.339019965826395,TRUE,"S09_D15_WEIGHT","W_POST_COMPAT",TRUE,0.347119016371642,0.00809905054524773,"UNCHANGED","REUSED_VALIDATED_POINT_NETWORK"
"EDGE_2020_VCF0806_VCF0809",2020,"VCF0806","VCF0809",0.339019965826395,TRUE,"S09_D19_MODE","ALL_INTERNET",TRUE,0.336406883978285,0.00261308184810943,"UNCHANGED","ESTIMABLE_WITH_WARNINGS"
"EDGE_2020_VCF0806_VCF0838",2020,"VCF0806","VCF0838",0.194720924461167,TRUE,"S09_D11","PAIRWISE_AVAILABLE",TRUE,0.187204212527634,0.00751671193353301,"UNCHANGED","ESTIMABLE_WITH_WARNINGS"
"EDGE_2020_VCF0806_VCF0838",2020,"VCF0806","VCF0838",0.194720924461167,TRUE,"S09_D20A_GAMMA","GAMMA_025",TRUE,0.194720924461167,0,"UNCHANGED","ESTIMABLE_WITH_WARNINGS"
"EDGE_2020_VCF0806_VCF0838",2020,"VCF0806","VCF0838",0.194720924461167,TRUE,"S09_D20A_NO_VCF0839","NO_VCF0839",TRUE,0.205469270698757,0.0107483462375897,"UNCHANGED","ESTIMABLE_WITH_WARNINGS"
"EDGE_2020_VCF0806_VCF0838",2020,"VCF0806","VCF0838",0.194720924461167,TRUE,"S09_D15_WEIGHT","W_CDF",TRUE,0.180491255876183,0.0142296685849836,"UNCHANGED","REUSED_VALIDATED_POINT_NETWORK"
"EDGE_2020_VCF0806_VCF0838",2020,"VCF0806","VCF0838",0.194720924461167,TRUE,"S09_D15_WEIGHT","W_POST_COMPAT",TRUE,0.170021431734109,0.024699492727058,"UNCHANGED","REUSED_VALIDATED_POINT_NETWORK"
"EDGE_2020_VCF0806_VCF0838",2020,"VCF0806","VCF0838",0.194720924461167,TRUE,"S09_D19_MODE","ALL_INTERNET",TRUE,0.19859960631506,0.00387868185389259,"UNCHANGED","ESTIMABLE_WITH_WARNINGS"
"EDGE_2020_VCF0806_VCF0839",2020,"VCF0806","VCF0839",0.218609064876532,TRUE,"S09_D11","PAIRWISE_AVAILABLE",TRUE,0.236588390164849,0.0179793252883163,"UNCHANGED","ESTIMABLE_WITH_WARNINGS"
"EDGE_2020_VCF0806_VCF0839",2020,"VCF0806","VCF0839",0.218609064876532,TRUE,"S09_D20A_GAMMA","GAMMA_025",TRUE,0.218609064876532,0,"UNCHANGED","ESTIMABLE_WITH_WARNINGS"
"EDGE_2020_VCF0806_VCF0839",2020,"VCF0806","VCF0839",0.218609064876532,TRUE,"S09_D20A_NO_VCF0839","NO_VCF0839",FALSE,,,"NOT_APPLICABLE","OUTSIDE_MODULE_SCOPE"
"EDGE_2020_VCF0806_VCF0839",2020,"VCF0806","VCF0839",0.218609064876532,TRUE,"S09_D15_WEIGHT","W_CDF",TRUE,0.231117940168372,0.0125088752918398,"UNCHANGED","REUSED_VALIDATED_POINT_NETWORK"
"EDGE_2020_VCF0806_VCF0839",2020,"VCF0806","VCF0839",0.218609064876532,TRUE,"S09_D15_WEIGHT","W_POST_COMPAT",TRUE,0.229798277638347,0.0111892127618144,"UNCHANGED","REUSED_VALIDATED_POINT_NETWORK"
"EDGE_2020_VCF0806_VCF0839",2020,"VCF0806","VCF0839",0.218609064876532,TRUE,"S09_D19_MODE","ALL_INTERNET",TRUE,0.223863007707495,0.00525394283096287,"UNCHANGED","ESTIMABLE_WITH_WARNINGS"
"EDGE_2020_VCF0806_VCF0879a",2020,"VCF0806","VCF0879a",0.0493009287160725,TRUE,"S09_D11","PAIRWISE_AVAILABLE",TRUE,0.0481108793243373,0.00119004939173521,"UNCHANGED","ESTIMABLE_WITH_WARNINGS"
"EDGE_2020_VCF0806_VCF0879a",2020,"VCF0806","VCF0879a",0.0493009287160725,TRUE,"S09_D20A_GAMMA","GAMMA_025",TRUE,0.0493009287160725,0,"UNCHANGED","ESTIMABLE_WITH_WARNINGS"
"EDGE_2020_VCF0806_VCF0879a",2020,"VCF0806","VCF0879a",0.0493009287160725,TRUE,"S09_D20A_NO_VCF0839","NO_VCF0839",TRUE,0.0504802280723348,0.00117929935626233,"UNCHANGED","ESTIMABLE_WITH_WARNINGS"
"EDGE_2020_VCF0806_VCF0879a",2020,"VCF0806","VCF0879a",0.0493009287160725,TRUE,"S09_D15_WEIGHT","W_CDF",TRUE,0.045039434405601,0.00426149431047153,"UNCHANGED","REUSED_VALIDATED_POINT_NETWORK"
"EDGE_2020_VCF0806_VCF0879a",2020,"VCF0806","VCF0879a",0.0493009287160725,TRUE,"S09_D15_WEIGHT","W_POST_COMPAT",TRUE,0.0492305681565814,7.03605594910492e-05,"UNCHANGED","REUSED_VALIDATED_POINT_NETWORK"
"EDGE_2020_VCF0806_VCF0879a",2020,"VCF0806","VCF0879a",0.0493009287160725,TRUE,"S09_D19_MODE","ALL_INTERNET",TRUE,0.0476084582850813,0.00169247043099116,"UNCHANGED","ESTIMABLE_WITH_WARNINGS"
"EDGE_2020_VCF0806_VCF0888",2020,"VCF0806","VCF0888",-0.142066445791472,TRUE,"S09_D11","PAIRWISE_AVAILABLE",TRUE,-0.159307442544479,0.0172409967530074,"UNCHANGED","ESTIMABLE_WITH_WARNINGS"
"EDGE_2020_VCF0806_VCF0888",2020,"VCF0806","VCF0888",-0.142066445791472,TRUE,"S09_D20A_GAMMA","GAMMA_025",TRUE,-0.142066445791472,0,"UNCHANGED","ESTIMABLE_WITH_WARNINGS"
"EDGE_2020_VCF0806_VCF0888",2020,"VCF0806","VCF0888",-0.142066445791472,TRUE,"S09_D20A_NO_VCF0839","NO_VCF0839",TRUE,-0.142344161115391,0.000277715323919375,"UNCHANGED","ESTIMABLE_WITH_WARNINGS"
"EDGE_2020_VCF0806_VCF0888",2020,"VCF0806","VCF0888",-0.142066445791472,TRUE,"S09_D15_WEIGHT","W_CDF",TRUE,-0.139545844447014,0.00252060134445789,"UNCHANGED","REUSED_VALIDATED_POINT_NETWORK"
"EDGE_2020_VCF0806_VCF0888",2020,"VCF0806","VCF0888",-0.142066445791472,TRUE,"S09_D15_WEIGHT","W_POST_COMPAT",TRUE,-0.140387694424952,0.00167875136652026,"UNCHANGED","REUSED_VALIDATED_POINT_NETWORK"
"EDGE_2020_VCF0806_VCF0888",2020,"VCF0806","VCF0888",-0.142066445791472,TRUE,"S09_D19_MODE","ALL_INTERNET",TRUE,-0.140225430203582,0.00184101558788977,"UNCHANGED","ESTIMABLE_WITH_WARNINGS"
"EDGE_2020_VCF0806_VCF0890",2020,"VCF0806","VCF0890",0.0572874494519452,TRUE,"S09_D11","PAIRWISE_AVAILABLE",TRUE,0.0737651690372225,0.0164777195852773,"UNCHANGED","ESTIMABLE_WITH_WARNINGS"
"EDGE_2020_VCF0806_VCF0890",2020,"VCF0806","VCF0890",0.0572874494519452,TRUE,"S09_D20A_GAMMA","GAMMA_025",TRUE,0.0572874494519452,0,"UNCHANGED","ESTIMABLE_WITH_WARNINGS"
"EDGE_2020_VCF0806_VCF0890",2020,"VCF0806","VCF0890",0.0572874494519452,TRUE,"S09_D20A_NO_VCF0839","NO_VCF0839",TRUE,0.114778815123266,0.0574913656713211,"UNCHANGED","ESTIMABLE_WITH_WARNINGS"
"EDGE_2020_VCF0806_VCF0890",2020,"VCF0806","VCF0890",0.0572874494519452,TRUE,"S09_D15_WEIGHT","W_CDF",TRUE,0.0356804028285558,0.0216070466233894,"UNCHANGED","REUSED_VALIDATED_POINT_NETWORK"
"EDGE_2020_VCF0806_VCF0890",2020,"VCF0806","VCF0890",0.0572874494519452,TRUE,"S09_D15_WEIGHT","W_POST_COMPAT",TRUE,0.0349388508099188,0.0223485986420265,"UNCHANGED","REUSED_VALIDATED_POINT_NETWORK"
"EDGE_2020_VCF0806_VCF0890",2020,"VCF0806","VCF0890",0.0572874494519452,TRUE,"S09_D19_MODE","ALL_INTERNET",TRUE,0.0651885112012628,0.00790106174931756,"UNCHANGED","ESTIMABLE_WITH_WARNINGS"
"EDGE_2020_VCF0806_VCF0894",2020,"VCF0806","VCF0894",0.0796373739812811,TRUE,"S09_D11","PAIRWISE_AVAILABLE",TRUE,0.0875679150000654,0.00793054101878431,"UNCHANGED","ESTIMABLE_WITH_WARNINGS"
"EDGE_2020_VCF0806_VCF0894",2020,"VCF0806","VCF0894",0.0796373739812811,TRUE,"S09_D20A_GAMMA","GAMMA_025",TRUE,0.0796373739812811,0,"UNCHANGED","ESTIMABLE_WITH_WARNINGS"
"EDGE_2020_VCF0806_VCF0894",2020,"VCF0806","VCF0894",0.0796373739812811,TRUE,"S09_D20A_NO_VCF0839","NO_VCF0839",TRUE,0.140491796936395,0.060854422955114,"UNCHANGED","ESTIMABLE_WITH_WARNINGS"
"EDGE_2020_VCF0806_VCF0894",2020,"VCF0806","VCF0894",0.0796373739812811,TRUE,"S09_D15_WEIGHT","W_CDF",TRUE,0.0743054797966944,0.00533189418458674,"UNCHANGED","REUSED_VALIDATED_POINT_NETWORK"
"EDGE_2020_VCF0806_VCF0894",2020,"VCF0806","VCF0894",0.0796373739812811,TRUE,"S09_D15_WEIGHT","W_POST_COMPAT",TRUE,0.0735479412959631,0.00608943268531804,"UNCHANGED","REUSED_VALIDATED_POINT_NETWORK"
"EDGE_2020_VCF0806_VCF0894",2020,"VCF0806","VCF0894",0.0796373739812811,TRUE,"S09_D19_MODE","ALL_INTERNET",TRUE,0.0686725490470439,0.0109648249342372,"UNCHANGED","ESTIMABLE_WITH_WARNINGS"
"EDGE_2020_VCF0806_VCF9223",2020,"VCF0806","VCF9223",0.0242233695850124,TRUE,"S09_D11","PAIRWISE_AVAILABLE",TRUE,0.034500004618672,0.0102766350336596,"UNCHANGED","ESTIMABLE_WITH_WARNINGS"
"EDGE_2020_VCF0806_VCF9223",2020,"VCF0806","VCF9223",0.0242233695850124,TRUE,"S09_D20A_GAMMA","GAMMA_025",TRUE,0.0242233695850124,0,"UNCHANGED","ESTIMABLE_WITH_WARNINGS"
"EDGE_2020_VCF0806_VCF9223",2020,"VCF0806","VCF9223",0.0242233695850124,TRUE,"S09_D20A_NO_VCF0839","NO_VCF0839",TRUE,0.0246054039954556,0.000382034410443148,"UNCHANGED","ESTIMABLE_WITH_WARNINGS"
"EDGE_2020_VCF0806_VCF9223",2020,"VCF0806","VCF9223",0.0242233695850124,TRUE,"S09_D15_WEIGHT","W_CDF",TRUE,0.0431836841555863,0.0189603145705739,"UNCHANGED","REUSED_VALIDATED_POINT_NETWORK"
"EDGE_2020_VCF0806_VCF9223",2020,"VCF0806","VCF9223",0.0242233695850124,TRUE,"S09_D15_WEIGHT","W_POST_COMPAT",TRUE,0.0460774457091701,0.0218540761241577,"UNCHANGED","REUSED_VALIDATED_POINT_NETWORK"
"EDGE_2020_VCF0806_VCF9223",2020,"VCF0806","VCF9223",0.0242233695850124,TRUE,"S09_D19_MODE","ALL_INTERNET",TRUE,0.0243451708983329,0.000121801313320454,"UNCHANGED","ESTIMABLE_WITH_WARNINGS"
"EDGE_2020_VCF0809_VCF0838",2020,"VCF0809","VCF0838",0.0284272171043005,TRUE,"S09_D11","PAIRWISE_AVAILABLE",TRUE,0.0364309961415839,0.0080037790372834,"UNCHANGED","ESTIMABLE_WITH_WARNINGS"
"EDGE_2020_VCF0809_VCF0838",2020,"VCF0809","VCF0838",0.0284272171043005,TRUE,"S09_D20A_GAMMA","GAMMA_025",TRUE,0.0284272171043005,0,"UNCHANGED","ESTIMABLE_WITH_WARNINGS"
"EDGE_2020_VCF0809_VCF0838",2020,"VCF0809","VCF0838",0.0284272171043005,TRUE,"S09_D20A_NO_VCF0839","NO_VCF0839",TRUE,0.0364174372819558,0.00799022017765535,"UNCHANGED","ESTIMABLE_WITH_WARNINGS"
"EDGE_2020_VCF0809_VCF0838",2020,"VCF0809","VCF0838",0.0284272171043005,TRUE,"S09_D15_WEIGHT","W_CDF",TRUE,0.0317097368457458,0.0032825197414453,"UNCHANGED","REUSED_VALIDATED_POINT_NETWORK"
"EDGE_2020_VCF0809_VCF0838",2020,"VCF0809","VCF0838",0.0284272171043005,TRUE,"S09_D15_WEIGHT","W_POST_COMPAT",TRUE,0.0344384195656565,0.00601120246135608,"UNCHANGED","REUSED_VALIDATED_POINT_NETWORK"
"EDGE_2020_VCF0809_VCF0838",2020,"VCF0809","VCF0838",0.0284272171043005,TRUE,"S09_D19_MODE","ALL_INTERNET",TRUE,0.0343265539239681,0.00589933681966758,"UNCHANGED","ESTIMABLE_WITH_WARNINGS"
"EDGE_2020_VCF0809_VCF0839",2020,"VCF0809","VCF0839",0.266004849180601,TRUE,"S09_D11","PAIRWISE_AVAILABLE",TRUE,0.290805973557059,0.0248011243764583,"UNCHANGED","ESTIMABLE_WITH_WARNINGS"
"EDGE_2020_VCF0809_VCF0839",2020,"VCF0809","VCF0839",0.266004849180601,TRUE,"S09_D20A_GAMMA","GAMMA_025",TRUE,0.266004849180601,0,"UNCHANGED","ESTIMABLE_WITH_WARNINGS"
"EDGE_2020_VCF0809_VCF0839",2020,"VCF0809","VCF0839",0.266004849180601,TRUE,"S09_D20A_NO_VCF0839","NO_VCF0839",FALSE,,,"NOT_APPLICABLE","OUTSIDE_MODULE_SCOPE"
"EDGE_2020_VCF0809_VCF0839",2020,"VCF0809","VCF0839",0.266004849180601,TRUE,"S09_D15_WEIGHT","W_CDF",TRUE,0.274020085560225,0.00801523637962387,"UNCHANGED","REUSED_VALIDATED_POINT_NETWORK"
"EDGE_2020_VCF0809_VCF0839",2020,"VCF0809","VCF0839",0.266004849180601,TRUE,"S09_D15_WEIGHT","W_POST_COMPAT",TRUE,0.28594661094366,0.0199417617630591,"UNCHANGED","REUSED_VALIDATED_POINT_NETWORK"
"EDGE_2020_VCF0809_VCF0839",2020,"VCF0809","VCF0839",0.266004849180601,TRUE,"S09_D19_MODE","ALL_INTERNET",TRUE,0.266634039563391,0.000629190382789691,"UNCHANGED","ESTIMABLE_WITH_WARNINGS"
"EDGE_2020_VCF0809_VCF0879a",2020,"VCF0809","VCF0879a",0.0313461409353886,TRUE,"S09_D11","PAIRWISE_AVAILABLE",TRUE,0.0287434248452242,0.00260271609016446,"UNCHANGED","ESTIMABLE_WITH_WARNINGS"
"EDGE_2020_VCF0809_VCF0879a",2020,"VCF0809","VCF0879a",0.0313461409353886,TRUE,"S09_D20A_GAMMA","GAMMA_025",TRUE,0.0313461409353886,0,"UNCHANGED","ESTIMABLE_WITH_WARNINGS"
"EDGE_2020_VCF0809_VCF0879a",2020,"VCF0809","VCF0879a",0.0313461409353886,TRUE,"S09_D20A_NO_VCF0839","NO_VCF0839",TRUE,0.0323553532190321,0.00100921228364351,"UNCHANGED","ESTIMABLE_WITH_WARNINGS"
"EDGE_2020_VCF0809_VCF0879a",2020,"VCF0809","VCF0879a",0.0313461409353886,TRUE,"S09_D15_WEIGHT","W_CDF",TRUE,0.0303951844773795,0.000950956458009172,"UNCHANGED","REUSED_VALIDATED_POINT_NETWORK"
"EDGE_2020_VCF0809_VCF0879a",2020,"VCF0809","VCF0879a",0.0313461409353886,TRUE,"S09_D15_WEIGHT","W_POST_COMPAT",TRUE,0.0355809497761098,0.00423480884072121,"UNCHANGED","REUSED_VALIDATED_POINT_NETWORK"
"EDGE_2020_VCF0809_VCF0879a",2020,"VCF0809","VCF0879a",0.0313461409353886,TRUE,"S09_D19_MODE","ALL_INTERNET",TRUE,0.0303238741471271,0.00102226678826154,"UNCHANGED","ESTIMABLE_WITH_WARNINGS"
"EDGE_2020_VCF0809_VCF0888",2020,"VCF0809","VCF0888",-0.0260092667248852,TRUE,"S09_D11","PAIRWISE_AVAILABLE",TRUE,-0.0321109419851325,0.00610167526024737,"UNCHANGED","ESTIMABLE_WITH_WARNINGS"
"EDGE_2020_VCF0809_VCF0888",2020,"VCF0809","VCF0888",-0.0260092667248852,TRUE,"S09_D20A_GAMMA","GAMMA_025",TRUE,-0.0260092667248852,0,"UNCHANGED","ESTIMABLE_WITH_WARNINGS"
"EDGE_2020_VCF0809_VCF0888",2020,"VCF0809","VCF0888",-0.0260092667248852,TRUE,"S09_D20A_NO_VCF0839","NO_VCF0839",TRUE,-0.0228826892098289,0.00312657751505623,"UNCHANGED","ESTIMABLE_WITH_WARNINGS"
"EDGE_2020_VCF0809_VCF0888",2020,"VCF0809","VCF0888",-0.0260092667248852,TRUE,"S09_D15_WEIGHT","W_CDF",TRUE,-0.0163947628125431,0.0096145039123421,"UNCHANGED","REUSED_VALIDATED_POINT_NETWORK"
"EDGE_2020_VCF0809_VCF0888",2020,"VCF0809","VCF0888",-0.0260092667248852,TRUE,"S09_D15_WEIGHT","W_POST_COMPAT",TRUE,-0.0270704964392576,0.00106122971437248,"UNCHANGED","REUSED_VALIDATED_POINT_NETWORK"
"EDGE_2020_VCF0809_VCF0888",2020,"VCF0809","VCF0888",-0.0260092667248852,TRUE,"S09_D19_MODE","ALL_INTERNET",TRUE,-0.0190534665248952,0.00695580019998998,"UNCHANGED","ESTIMABLE_WITH_WARNINGS"
"EDGE_2020_VCF0809_VCF0890",2020,"VCF0809","VCF0890",0.0975118954026813,TRUE,"S09_D11","PAIRWISE_AVAILABLE",TRUE,0.0770648687411309,0.0204470266615504,"UNCHANGED","ESTIMABLE_WITH_WARNINGS"
"EDGE_2020_VCF0809_VCF0890",2020,"VCF0809","VCF0890",0.0975118954026813,TRUE,"S09_D20A_GAMMA","GAMMA_025",TRUE,0.0975118954026813,0,"UNCHANGED","ESTIMABLE_WITH_WARNINGS"
"EDGE_2020_VCF0809_VCF0890",2020,"VCF0809","VCF0890",0.0975118954026813,TRUE,"S09_D20A_NO_VCF0839","NO_VCF0839",TRUE,0.170820459224427,0.0733085638217455,"UNCHANGED","ESTIMABLE_WITH_WARNINGS"
"EDGE_2020_VCF0809_VCF0890",2020,"VCF0809","VCF0890",0.0975118954026813,TRUE,"S09_D15_WEIGHT","W_CDF",TRUE,0.0855306509026379,0.0119812445000434,"UNCHANGED","REUSED_VALIDATED_POINT_NETWORK"
"EDGE_2020_VCF0809_VCF0890",2020,"VCF0809","VCF0890",0.0975118954026813,TRUE,"S09_D15_WEIGHT","W_POST_COMPAT",TRUE,0.0690586740324068,0.0284532213702745,"UNCHANGED","REUSED_VALIDATED_POINT_NETWORK"
"EDGE_2020_VCF0809_VCF0890",2020,"VCF0809","VCF0890",0.0975118954026813,TRUE,"S09_D19_MODE","ALL_INTERNET",TRUE,0.097286629020925,0.000225266381756295,"UNCHANGED","ESTIMABLE_WITH_WARNINGS"
"EDGE_2020_VCF0809_VCF0894",2020,"VCF0809","VCF0894",0.167624716218426,TRUE,"S09_D11","PAIRWISE_AVAILABLE",TRUE,0.151992281071731,0.0156324351466944,"UNCHANGED","ESTIMABLE_WITH_WARNINGS"
"EDGE_2020_VCF0809_VCF0894",2020,"VCF0809","VCF0894",0.167624716218426,TRUE,"S09_D20A_GAMMA","GAMMA_025",TRUE,0.167624716218426,0,"UNCHANGED","ESTIMABLE_WITH_WARNINGS"
"EDGE_2020_VCF0809_VCF0894",2020,"VCF0809","VCF0894",0.167624716218426,TRUE,"S09_D20A_NO_VCF0839","NO_VCF0839",TRUE,0.249011454288521,0.0813867380700951,"UNCHANGED","ESTIMABLE_WITH_WARNINGS"
"EDGE_2020_VCF0809_VCF0894",2020,"VCF0809","VCF0894",0.167624716218426,TRUE,"S09_D15_WEIGHT","W_CDF",TRUE,0.181488184460603,0.0138634682421769,"UNCHANGED","REUSED_VALIDATED_POINT_NETWORK"
"EDGE_2020_VCF0809_VCF0894",2020,"VCF0809","VCF0894",0.167624716218426,TRUE,"S09_D15_WEIGHT","W_POST_COMPAT",TRUE,0.179390996533553,0.0117662803151271,"UNCHANGED","REUSED_VALIDATED_POINT_NETWORK"
"EDGE_2020_VCF0809_VCF0894",2020,"VCF0809","VCF0894",0.167624716218426,TRUE,"S09_D19_MODE","ALL_INTERNET",TRUE,0.168284237640848,0.000659521422422288,"UNCHANGED","ESTIMABLE_WITH_WARNINGS"
"EDGE_2020_VCF0809_VCF9223",2020,"VCF0809","VCF9223",0,FALSE,"S09_D11","PAIRWISE_AVAILABLE",TRUE,0.0086952900340487,0.0086952900340487,"CHANGED","ESTIMABLE_WITH_WARNINGS"
"EDGE_2020_VCF0809_VCF9223",2020,"VCF0809","VCF9223",0,FALSE,"S09_D20A_GAMMA","GAMMA_025",TRUE,0,0,"UNCHANGED","ESTIMABLE_WITH_WARNINGS"
"EDGE_2020_VCF0809_VCF9223",2020,"VCF0809","VCF9223",0,FALSE,"S09_D20A_NO_VCF0839","NO_VCF0839",TRUE,0,0,"UNCHANGED","ESTIMABLE_WITH_WARNINGS"
"EDGE_2020_VCF0809_VCF9223",2020,"VCF0809","VCF9223",0,FALSE,"S09_D15_WEIGHT","W_CDF",TRUE,0,0,"UNCHANGED","REUSED_VALIDATED_POINT_NETWORK"
"EDGE_2020_VCF0809_VCF9223",2020,"VCF0809","VCF9223",0,FALSE,"S09_D15_WEIGHT","W_POST_COMPAT",TRUE,0,0,"UNCHANGED","REUSED_VALIDATED_POINT_NETWORK"
"EDGE_2020_VCF0809_VCF9223",2020,"VCF0809","VCF9223",0,FALSE,"S09_D19_MODE","ALL_INTERNET",TRUE,0,0,"UNCHANGED","ESTIMABLE_WITH_WARNINGS"
"EDGE_2020_VCF0838_VCF0839",2020,"VCF0838","VCF0839",0.0258476371914002,TRUE,"S09_D11","PAIRWISE_AVAILABLE",TRUE,0.0420854165757803,0.0162377793843802,"UNCHANGED","ESTIMABLE_WITH_WARNINGS"
"EDGE_2020_VCF0838_VCF0839",2020,"VCF0838","VCF0839",0.0258476371914002,TRUE,"S09_D20A_GAMMA","GAMMA_025",TRUE,0.0258476371914002,0,"UNCHANGED","ESTIMABLE_WITH_WARNINGS"
"EDGE_2020_VCF0838_VCF0839",2020,"VCF0838","VCF0839",0.0258476371914002,TRUE,"S09_D20A_NO_VCF0839","NO_VCF0839",FALSE,,,"NOT_APPLICABLE","OUTSIDE_MODULE_SCOPE"
"EDGE_2020_VCF0838_VCF0839",2020,"VCF0838","VCF0839",0.0258476371914002,TRUE,"S09_D15_WEIGHT","W_CDF",TRUE,0,0.0258476371914002,"CHANGED","REUSED_VALIDATED_POINT_NETWORK"
"EDGE_2020_VCF0838_VCF0839",2020,"VCF0838","VCF0839",0.0258476371914002,TRUE,"S09_D15_WEIGHT","W_POST_COMPAT",TRUE,0,0.0258476371914002,"CHANGED","REUSED_VALIDATED_POINT_NETWORK"
"EDGE_2020_VCF0838_VCF0839",2020,"VCF0838","VCF0839",0.0258476371914002,TRUE,"S09_D19_MODE","ALL_INTERNET",TRUE,0.0199668102250498,0.00588082696635036,"UNCHANGED","ESTIMABLE_WITH_WARNINGS"
"EDGE_2020_VCF0838_VCF0879a",2020,"VCF0838","VCF0879a",0.00382478480854227,TRUE,"S09_D11","PAIRWISE_AVAILABLE",TRUE,0.0221970123632454,0.0183722275547031,"UNCHANGED","ESTIMABLE_WITH_WARNINGS"
"EDGE_2020_VCF0838_VCF0879a",2020,"VCF0838","VCF0879a",0.00382478480854227,TRUE,"S09_D20A_GAMMA","GAMMA_025",TRUE,0.00382478480854227,0,"UNCHANGED","ESTIMABLE_WITH_WARNINGS"
"EDGE_2020_VCF0838_VCF0879a",2020,"VCF0838","VCF0879a",0.00382478480854227,TRUE,"S09_D20A_NO_VCF0839","NO_VCF0839",TRUE,0.00366472197394739,0.000160062834594874,"UNCHANGED","ESTIMABLE_WITH_WARNINGS"
"EDGE_2020_VCF0838_VCF0879a",2020,"VCF0838","VCF0879a",0.00382478480854227,TRUE,"S09_D15_WEIGHT","W_CDF",TRUE,0.0405070762296353,0.036682291421093,"UNCHANGED","REUSED_VALIDATED_POINT_NETWORK"
"EDGE_2020_VCF0838_VCF0879a",2020,"VCF0838","VCF0879a",0.00382478480854227,TRUE,"S09_D15_WEIGHT","W_POST_COMPAT",TRUE,0.0463658359000167,0.0425410510914744,"UNCHANGED","REUSED_VALIDATED_POINT_NETWORK"
"EDGE_2020_VCF0838_VCF0879a",2020,"VCF0838","VCF0879a",0.00382478480854227,TRUE,"S09_D19_MODE","ALL_INTERNET",TRUE,0.00632878889060056,0.0025040040820583,"UNCHANGED","ESTIMABLE_WITH_WARNINGS"
"EDGE_2020_VCF0838_VCF0888",2020,"VCF0838","VCF0888",-0.184835629335573,TRUE,"S09_D11","PAIRWISE_AVAILABLE",TRUE,-0.162706655623632,0.0221289737119415,"UNCHANGED","ESTIMABLE_WITH_WARNINGS"
"EDGE_2020_VCF0838_VCF0888",2020,"VCF0838","VCF0888",-0.184835629335573,TRUE,"S09_D20A_GAMMA","GAMMA_025",TRUE,-0.184835629335573,0,"UNCHANGED","ESTIMABLE_WITH_WARNINGS"
"EDGE_2020_VCF0838_VCF0888",2020,"VCF0838","VCF0888",-0.184835629335573,TRUE,"S09_D20A_NO_VCF0839","NO_VCF0839",TRUE,-0.184993690564904,0.000158061229330458,"UNCHANGED","ESTIMABLE_WITH_WARNINGS"
"EDGE_2020_VCF0838_VCF0888",2020,"VCF0838","VCF0888",-0.184835629335573,TRUE,"S09_D15_WEIGHT","W_CDF",TRUE,-0.202887446769154,0.0180518174335803,"UNCHANGED","REUSED_VALIDATED_POINT_NETWORK"
"EDGE_2020_VCF0838_VCF0888",2020,"VCF0838","VCF0888",-0.184835629335573,TRUE,"S09_D15_WEIGHT","W_POST_COMPAT",TRUE,-0.208833770836369,0.0239981415007957,"UNCHANGED","REUSED_VALIDATED_POINT_NETWORK"
"EDGE_2020_VCF0838_VCF0888",2020,"VCF0838","VCF0888",-0.184835629335573,TRUE,"S09_D19_MODE","ALL_INTERNET",TRUE,-0.187218081287532,0.00238245195195833,"UNCHANGED","ESTIMABLE_WITH_WARNINGS"
"EDGE_2020_VCF0838_VCF0890",2020,"VCF0838","VCF0890",0.139154682441411,TRUE,"S09_D11","PAIRWISE_AVAILABLE",TRUE,0.11212715059232,0.0270275318490909,"UNCHANGED","ESTIMABLE_WITH_WARNINGS"
"EDGE_2020_VCF0838_VCF0890",2020,"VCF0838","VCF0890",0.139154682441411,TRUE,"S09_D20A_GAMMA","GAMMA_025",TRUE,0.139154682441411,0,"UNCHANGED","ESTIMABLE_WITH_WARNINGS"
"EDGE_2020_VCF0838_VCF0890",2020,"VCF0838","VCF0890",0.139154682441411,TRUE,"S09_D20A_NO_VCF0839","NO_VCF0839",TRUE,0.149970202453094,0.0108155200116826,"UNCHANGED","ESTIMABLE_WITH_WARNINGS"
"EDGE_2020_VCF0838_VCF0890",2020,"VCF0838","VCF0890",0.139154682441411,TRUE,"S09_D15_WEIGHT","W_CDF",TRUE,0.155370311540038,0.016215629098627,"UNCHANGED","REUSED_VALIDATED_POINT_NETWORK"
"EDGE_2020_VCF0838_VCF0890",2020,"VCF0838","VCF0890",0.139154682441411,TRUE,"S09_D15_WEIGHT","W_POST_COMPAT",TRUE,0.172129330975318,0.0329746485339074,"UNCHANGED","REUSED_VALIDATED_POINT_NETWORK"
"EDGE_2020_VCF0838_VCF0890",2020,"VCF0838","VCF0890",0.139154682441411,TRUE,"S09_D19_MODE","ALL_INTERNET",TRUE,0.134192888328864,0.00496179411254749,"UNCHANGED","ESTIMABLE_WITH_WARNINGS"
"EDGE_2020_VCF0838_VCF0894",2020,"VCF0838","VCF0894",0.0578781092811031,TRUE,"S09_D11","PAIRWISE_AVAILABLE",TRUE,0.0210873519474125,0.0367907573336906,"UNCHANGED","ESTIMABLE_WITH_WARNINGS"
"EDGE_2020_VCF0838_VCF0894",2020,"VCF0838","VCF0894",0.0578781092811031,TRUE,"S09_D20A_GAMMA","GAMMA_025",TRUE,0.0578781092811031,0,"UNCHANGED","ESTIMABLE_WITH_WARNINGS"
"EDGE_2020_VCF0838_VCF0894",2020,"VCF0838","VCF0894",0.0578781092811031,TRUE,"S09_D20A_NO_VCF0839","NO_VCF0839",TRUE,0.0660610108366092,0.00818290155550618,"UNCHANGED","ESTIMABLE_WITH_WARNINGS"
"EDGE_2020_VCF0838_VCF0894",2020,"VCF0838","VCF0894",0.0578781092811031,TRUE,"S09_D15_WEIGHT","W_CDF",TRUE,0.0404863013843979,0.0173918078967052,"UNCHANGED","REUSED_VALIDATED_POINT_NETWORK"
"EDGE_2020_VCF0838_VCF0894",2020,"VCF0838","VCF0894",0.0578781092811031,TRUE,"S09_D15_WEIGHT","W_POST_COMPAT",TRUE,0.0243772985311962,0.0335008107499068,"UNCHANGED","REUSED_VALIDATED_POINT_NETWORK"
"EDGE_2020_VCF0838_VCF0894",2020,"VCF0838","VCF0894",0.0578781092811031,TRUE,"S09_D19_MODE","ALL_INTERNET",TRUE,0.060815757248601,0.00293764796749792,"UNCHANGED","ESTIMABLE_WITH_WARNINGS"
"EDGE_2020_VCF0838_VCF9223",2020,"VCF0838","VCF9223",0.142161290526218,TRUE,"S09_D11","PAIRWISE_AVAILABLE",TRUE,0.131119532239615,0.0110417582866028,"UNCHANGED","ESTIMABLE_WITH_WARNINGS"
"EDGE_2020_VCF0838_VCF9223",2020,"VCF0838","VCF9223",0.142161290526218,TRUE,"S09_D20A_GAMMA","GAMMA_025",TRUE,0.142161290526218,0,"UNCHANGED","ESTIMABLE_WITH_WARNINGS"
"EDGE_2020_VCF0838_VCF9223",2020,"VCF0838","VCF9223",0.142161290526218,TRUE,"S09_D20A_NO_VCF0839","NO_VCF0839",TRUE,0.142218227306472,5.6936780254202e-05,"UNCHANGED","ESTIMABLE_WITH_WARNINGS"
"EDGE_2020_VCF0838_VCF9223",2020,"VCF0838","VCF9223",0.142161290526218,TRUE,"S09_D15_WEIGHT","W_CDF",TRUE,0.131462743125317,0.0106985474009005,"UNCHANGED","REUSED_VALIDATED_POINT_NETWORK"
"EDGE_2020_VCF0838_VCF9223",2020,"VCF0838","VCF9223",0.142161290526218,TRUE,"S09_D15_WEIGHT","W_POST_COMPAT",TRUE,0.126640635827396,0.015520654698822,"UNCHANGED","REUSED_VALIDATED_POINT_NETWORK"
"EDGE_2020_VCF0838_VCF9223",2020,"VCF0838","VCF9223",0.142161290526218,TRUE,"S09_D19_MODE","ALL_INTERNET",TRUE,0.139416981198528,0.00274430932768996,"UNCHANGED","ESTIMABLE_WITH_WARNINGS"
"EDGE_2020_VCF0839_VCF0879a",2020,"VCF0839","VCF0879a",0,FALSE,"S09_D11","PAIRWISE_AVAILABLE",TRUE,-0.0138505188749492,0.0138505188749492,"CHANGED","ESTIMABLE_WITH_WARNINGS"
"EDGE_2020_VCF0839_VCF0879a",2020,"VCF0839","VCF0879a",0,FALSE,"S09_D20A_GAMMA","GAMMA_025",TRUE,0,0,"UNCHANGED","ESTIMABLE_WITH_WARNINGS"
"EDGE_2020_VCF0839_VCF0879a",2020,"VCF0839","VCF0879a",0,FALSE,"S09_D20A_NO_VCF0839","NO_VCF0839",FALSE,,,"NOT_APPLICABLE","OUTSIDE_MODULE_SCOPE"
"EDGE_2020_VCF0839_VCF0879a",2020,"VCF0839","VCF0879a",0,FALSE,"S09_D15_WEIGHT","W_CDF",TRUE,0,0,"UNCHANGED","REUSED_VALIDATED_POINT_NETWORK"
"EDGE_2020_VCF0839_VCF0879a",2020,"VCF0839","VCF0879a",0,FALSE,"S09_D15_WEIGHT","W_POST_COMPAT",TRUE,-0.0236637523490377,0.0236637523490377,"CHANGED","REUSED_VALIDATED_POINT_NETWORK"
"EDGE_2020_VCF0839_VCF0879a",2020,"VCF0839","VCF0879a",0,FALSE,"S09_D19_MODE","ALL_INTERNET",TRUE,0,0,"UNCHANGED","ESTIMABLE_WITH_WARNINGS"
"EDGE_2020_VCF0839_VCF0888",2020,"VCF0839","VCF0888",0.0159747561285973,TRUE,"S09_D11","PAIRWISE_AVAILABLE",TRUE,0.0293110696489877,0.0133363135203904,"UNCHANGED","ESTIMABLE_WITH_WARNINGS"
"EDGE_2020_VCF0839_VCF0888",2020,"VCF0839","VCF0888",0.0159747561285973,TRUE,"S09_D20A_GAMMA","GAMMA_025",TRUE,0.0159747561285973,0,"UNCHANGED","ESTIMABLE_WITH_WARNINGS"
"EDGE_2020_VCF0839_VCF0888",2020,"VCF0839","VCF0888",0.0159747561285973,TRUE,"S09_D20A_NO_VCF0839","NO_VCF0839",FALSE,,,"NOT_APPLICABLE","OUTSIDE_MODULE_SCOPE"
"EDGE_2020_VCF0839_VCF0888",2020,"VCF0839","VCF0888",0.0159747561285973,TRUE,"S09_D15_WEIGHT","W_CDF",TRUE,0,0.0159747561285973,"CHANGED","REUSED_VALIDATED_POINT_NETWORK"
"EDGE_2020_VCF0839_VCF0888",2020,"VCF0839","VCF0888",0.0159747561285973,TRUE,"S09_D15_WEIGHT","W_POST_COMPAT",TRUE,0.0177084591884236,0.00173370305982639,"UNCHANGED","REUSED_VALIDATED_POINT_NETWORK"
"EDGE_2020_VCF0839_VCF0888",2020,"VCF0839","VCF0888",0.0159747561285973,TRUE,"S09_D19_MODE","ALL_INTERNET",TRUE,0.0145085017893257,0.00146625433927151,"UNCHANGED","ESTIMABLE_WITH_WARNINGS"
"EDGE_2020_VCF0839_VCF0890",2020,"VCF0839","VCF0890",0.234815190156645,TRUE,"S09_D11","PAIRWISE_AVAILABLE",TRUE,0.233621428049033,0.00119376210761196,"UNCHANGED","ESTIMABLE_WITH_WARNINGS"
"EDGE_2020_VCF0839_VCF0890",2020,"VCF0839","VCF0890",0.234815190156645,TRUE,"S09_D20A_GAMMA","GAMMA_025",TRUE,0.234815190156645,0,"UNCHANGED","ESTIMABLE_WITH_WARNINGS"
"EDGE_2020_VCF0839_VCF0890",2020,"VCF0839","VCF0890",0.234815190156645,TRUE,"S09_D20A_NO_VCF0839","NO_VCF0839",FALSE,,,"NOT_APPLICABLE","OUTSIDE_MODULE_SCOPE"
"EDGE_2020_VCF0839_VCF0890",2020,"VCF0839","VCF0890",0.234815190156645,TRUE,"S09_D15_WEIGHT","W_CDF",TRUE,0.231687650857094,0.00312753929955129,"UNCHANGED","REUSED_VALIDATED_POINT_NETWORK"
"EDGE_2020_VCF0839_VCF0890",2020,"VCF0839","VCF0890",0.234815190156645,TRUE,"S09_D15_WEIGHT","W_POST_COMPAT",TRUE,0.230790978149959,0.00402421200668596,"UNCHANGED","REUSED_VALIDATED_POINT_NETWORK"
"EDGE_2020_VCF0839_VCF0890",2020,"VCF0839","VCF0890",0.234815190156645,TRUE,"S09_D19_MODE","ALL_INTERNET",TRUE,0.224642860555133,0.0101723296015118,"UNCHANGED","ESTIMABLE_WITH_WARNINGS"
"EDGE_2020_VCF0839_VCF0894",2020,"VCF0839","VCF0894",0.244511389929148,TRUE,"S09_D11","PAIRWISE_AVAILABLE",TRUE,0.237249253328361,0.00726213660078726,"UNCHANGED","ESTIMABLE_WITH_WARNINGS"
"EDGE_2020_VCF0839_VCF0894",2020,"VCF0839","VCF0894",0.244511389929148,TRUE,"S09_D20A_GAMMA","GAMMA_025",TRUE,0.244511389929148,0,"UNCHANGED","ESTIMABLE_WITH_WARNINGS"
"EDGE_2020_VCF0839_VCF0894",2020,"VCF0839","VCF0894",0.244511389929148,TRUE,"S09_D20A_NO_VCF0839","NO_VCF0839",FALSE,,,"NOT_APPLICABLE","OUTSIDE_MODULE_SCOPE"
"EDGE_2020_VCF0839_VCF0894",2020,"VCF0839","VCF0894",0.244511389929148,TRUE,"S09_D15_WEIGHT","W_CDF",TRUE,0.232610805691538,0.0119005842376099,"UNCHANGED","REUSED_VALIDATED_POINT_NETWORK"
"EDGE_2020_VCF0839_VCF0894",2020,"VCF0839","VCF0894",0.244511389929148,TRUE,"S09_D15_WEIGHT","W_POST_COMPAT",TRUE,0.250855913401401,0.00634452347225276,"UNCHANGED","REUSED_VALIDATED_POINT_NETWORK"
"EDGE_2020_VCF0839_VCF0894",2020,"VCF0839","VCF0894",0.244511389929148,TRUE,"S09_D19_MODE","ALL_INTERNET",TRUE,0.249096738992641,0.00458534906349339,"UNCHANGED","ESTIMABLE_WITH_WARNINGS"
"EDGE_2020_VCF0839_VCF9223",2020,"VCF0839","VCF9223",0,FALSE,"S09_D11","PAIRWISE_AVAILABLE",TRUE,0,0,"UNCHANGED","ESTIMABLE_WITH_WARNINGS"
"EDGE_2020_VCF0839_VCF9223",2020,"VCF0839","VCF9223",0,FALSE,"S09_D20A_GAMMA","GAMMA_025",TRUE,0,0,"UNCHANGED","ESTIMABLE_WITH_WARNINGS"
"EDGE_2020_VCF0839_VCF9223",2020,"VCF0839","VCF9223",0,FALSE,"S09_D20A_NO_VCF0839","NO_VCF0839",FALSE,,,"NOT_APPLICABLE","OUTSIDE_MODULE_SCOPE"
"EDGE_2020_VCF0839_VCF9223",2020,"VCF0839","VCF9223",0,FALSE,"S09_D15_WEIGHT","W_CDF",TRUE,0,0,"UNCHANGED","REUSED_VALIDATED_POINT_NETWORK"
"EDGE_2020_VCF0839_VCF9223",2020,"VCF0839","VCF9223",0,FALSE,"S09_D15_WEIGHT","W_POST_COMPAT",TRUE,0,0,"UNCHANGED","REUSED_VALIDATED_POINT_NETWORK"
"EDGE_2020_VCF0839_VCF9223",2020,"VCF0839","VCF9223",0,FALSE,"S09_D19_MODE","ALL_INTERNET",TRUE,0,0,"UNCHANGED","ESTIMABLE_WITH_WARNINGS"
"EDGE_2020_VCF0879a_VCF0888",2020,"VCF0879a","VCF0888",-0.169847882148041,TRUE,"S09_D11","PAIRWISE_AVAILABLE",TRUE,-0.174359976536847,0.00451209438880623,"UNCHANGED","ESTIMABLE_WITH_WARNINGS"
"EDGE_2020_VCF0879a_VCF0888",2020,"VCF0879a","VCF0888",-0.169847882148041,TRUE,"S09_D20A_GAMMA","GAMMA_025",TRUE,-0.169847882148041,0,"UNCHANGED","ESTIMABLE_WITH_WARNINGS"
"EDGE_2020_VCF0879a_VCF0888",2020,"VCF0879a","VCF0888",-0.169847882148041,TRUE,"S09_D20A_NO_VCF0839","NO_VCF0839",TRUE,-0.170061096630824,0.000213214482783719,"UNCHANGED","ESTIMABLE_WITH_WARNINGS"
"EDGE_2020_VCF0879a_VCF0888",2020,"VCF0879a","VCF0888",-0.169847882148041,TRUE,"S09_D15_WEIGHT","W_CDF",TRUE,-0.143656155624559,0.0261917265234811,"UNCHANGED","REUSED_VALIDATED_POINT_NETWORK"
"EDGE_2020_VCF0879a_VCF0888",2020,"VCF0879a","VCF0888",-0.169847882148041,TRUE,"S09_D15_WEIGHT","W_POST_COMPAT",TRUE,-0.137367512007724,0.0324803701403166,"UNCHANGED","REUSED_VALIDATED_POINT_NETWORK"
"EDGE_2020_VCF0879a_VCF0888",2020,"VCF0879a","VCF0888",-0.169847882148041,TRUE,"S09_D19_MODE","ALL_INTERNET",TRUE,-0.162026566876768,0.00782131527127219,"UNCHANGED","ESTIMABLE_WITH_WARNINGS"
"EDGE_2020_VCF0879a_VCF0890",2020,"VCF0879a","VCF0890",0.0240302065982658,TRUE,"S09_D11","PAIRWISE_AVAILABLE",TRUE,0.03470291586482,0.0106727092665541,"UNCHANGED","ESTIMABLE_WITH_WARNINGS"
"EDGE_2020_VCF0879a_VCF0890",2020,"VCF0879a","VCF0890",0.0240302065982658,TRUE,"S09_D20A_GAMMA","GAMMA_025",TRUE,0.0240302065982658,0,"UNCHANGED","ESTIMABLE_WITH_WARNINGS"
"EDGE_2020_VCF0879a_VCF0890",2020,"VCF0879a","VCF0890",0.0240302065982658,TRUE,"S09_D20A_NO_VCF0839","NO_VCF0839",TRUE,0.0250487027901088,0.00101849619184292,"UNCHANGED","ESTIMABLE_WITH_WARNINGS"
"EDGE_2020_VCF0879a_VCF0890",2020,"VCF0879a","VCF0890",0.0240302065982658,TRUE,"S09_D15_WEIGHT","W_CDF",TRUE,0.0242878926907225,0.000257686092456643,"UNCHANGED","REUSED_VALIDATED_POINT_NETWORK"
"EDGE_2020_VCF0879a_VCF0890",2020,"VCF0879a","VCF0890",0.0240302065982658,TRUE,"S09_D15_WEIGHT","W_POST_COMPAT",TRUE,0.0466922200686522,0.0226620134703863,"UNCHANGED","REUSED_VALIDATED_POINT_NETWORK"
"EDGE_2020_VCF0879a_VCF0890",2020,"VCF0879a","VCF0890",0.0240302065982658,TRUE,"S09_D19_MODE","ALL_INTERNET",TRUE,0.0291783326034313,0.00514812600516549,"UNCHANGED","ESTIMABLE_WITH_WARNINGS"
"EDGE_2020_VCF0879a_VCF0894",2020,"VCF0879a","VCF0894",0.220780809671857,TRUE,"S09_D11","PAIRWISE_AVAILABLE",TRUE,0.219177837425079,0.00160297224677822,"UNCHANGED","ESTIMABLE_WITH_WARNINGS"
"EDGE_2020_VCF0879a_VCF0894",2020,"VCF0879a","VCF0894",0.220780809671857,TRUE,"S09_D20A_GAMMA","GAMMA_025",TRUE,0.220780809671857,0,"UNCHANGED","ESTIMABLE_WITH_WARNINGS"
"EDGE_2020_VCF0879a_VCF0894",2020,"VCF0879a","VCF0894",0.220780809671857,TRUE,"S09_D20A_NO_VCF0839","NO_VCF0839",TRUE,0.227721310635707,0.00694050096384913,"UNCHANGED","ESTIMABLE_WITH_WARNINGS"
"EDGE_2020_VCF0879a_VCF0894",2020,"VCF0879a","VCF0894",0.220780809671857,TRUE,"S09_D15_WEIGHT","W_CDF",TRUE,0.201380658691203,0.0194001509806547,"UNCHANGED","REUSED_VALIDATED_POINT_NETWORK"
"EDGE_2020_VCF0879a_VCF0894",2020,"VCF0879a","VCF0894",0.220780809671857,TRUE,"S09_D15_WEIGHT","W_POST_COMPAT",TRUE,0.191216025797232,0.0295647838746252,"UNCHANGED","REUSED_VALIDATED_POINT_NETWORK"
"EDGE_2020_VCF0879a_VCF0894",2020,"VCF0879a","VCF0894",0.220780809671857,TRUE,"S09_D19_MODE","ALL_INTERNET",TRUE,0.220445556889896,0.000335252781961393,"UNCHANGED","ESTIMABLE_WITH_WARNINGS"
"EDGE_2020_VCF0879a_VCF9223",2020,"VCF0879a","VCF9223",0.436152559373321,TRUE,"S09_D11","PAIRWISE_AVAILABLE",TRUE,0.412898353787807,0.0232542055855141,"UNCHANGED","ESTIMABLE_WITH_WARNINGS"
"EDGE_2020_VCF0879a_VCF9223",2020,"VCF0879a","VCF9223",0.436152559373321,TRUE,"S09_D20A_GAMMA","GAMMA_025",TRUE,0.436152559373321,0,"UNCHANGED","ESTIMABLE_WITH_WARNINGS"
"EDGE_2020_VCF0879a_VCF9223",2020,"VCF0879a","VCF9223",0.436152559373321,TRUE,"S09_D20A_NO_VCF0839","NO_VCF0839",TRUE,0.436449446642546,0.000296887269225721,"UNCHANGED","ESTIMABLE_WITH_WARNINGS"
"EDGE_2020_VCF0879a_VCF9223",2020,"VCF0879a","VCF9223",0.436152559373321,TRUE,"S09_D15_WEIGHT","W_CDF",TRUE,0.401135033613935,0.0350175257593852,"UNCHANGED","REUSED_VALIDATED_POINT_NETWORK"
"EDGE_2020_VCF0879a_VCF9223",2020,"VCF0879a","VCF9223",0.436152559373321,TRUE,"S09_D15_WEIGHT","W_POST_COMPAT",TRUE,0.400977942725529,0.0351746166477918,"UNCHANGED","REUSED_VALIDATED_POINT_NETWORK"
"EDGE_2020_VCF0879a_VCF9223",2020,"VCF0879a","VCF9223",0.436152559373321,TRUE,"S09_D19_MODE","ALL_INTERNET",TRUE,0.433656360607932,0.00249619876538903,"UNCHANGED","ESTIMABLE_WITH_WARNINGS"
"EDGE_2020_VCF0888_VCF0890",2020,"VCF0888","VCF0890",0.152332665756861,TRUE,"S09_D11","PAIRWISE_AVAILABLE",TRUE,0.196329977497977,0.0439973117411155,"UNCHANGED","ESTIMABLE_WITH_WARNINGS"
"EDGE_2020_VCF0888_VCF0890",2020,"VCF0888","VCF0890",0.152332665756861,TRUE,"S09_D20A_GAMMA","GAMMA_025",TRUE,0.152332665756861,0,"UNCHANGED","ESTIMABLE_WITH_WARNINGS"
"EDGE_2020_VCF0888_VCF0890",2020,"VCF0888","VCF0890",0.152332665756861,TRUE,"S09_D20A_NO_VCF0839","NO_VCF0839",TRUE,0.162712781155201,0.0103801153983396,"UNCHANGED","ESTIMABLE_WITH_WARNINGS"
"EDGE_2020_VCF0888_VCF0890",2020,"VCF0888","VCF0890",0.152332665756861,TRUE,"S09_D15_WEIGHT","W_CDF",TRUE,0.155859253745216,0.00352658798835459,"UNCHANGED","REUSED_VALIDATED_POINT_NETWORK"
"EDGE_2020_VCF0888_VCF0890",2020,"VCF0888","VCF0890",0.152332665756861,TRUE,"S09_D15_WEIGHT","W_POST_COMPAT",TRUE,0.161807727845071,0.00947506208821014,"UNCHANGED","REUSED_VALIDATED_POINT_NETWORK"
"EDGE_2020_VCF0888_VCF0890",2020,"VCF0888","VCF0890",0.152332665756861,TRUE,"S09_D19_MODE","ALL_INTERNET",TRUE,0.153415318813274,0.00108265305641259,"UNCHANGED","ESTIMABLE_WITH_WARNINGS"
"EDGE_2020_VCF0888_VCF0894",2020,"VCF0888","VCF0894",-0.068233730564378,TRUE,"S09_D11","PAIRWISE_AVAILABLE",TRUE,-0.0610162793840263,0.00721745118035168,"UNCHANGED","ESTIMABLE_WITH_WARNINGS"
"EDGE_2020_VCF0888_VCF0894",2020,"VCF0888","VCF0894",-0.068233730564378,TRUE,"S09_D20A_GAMMA","GAMMA_025",TRUE,-0.068233730564378,0,"UNCHANGED","ESTIMABLE_WITH_WARNINGS"
"EDGE_2020_VCF0888_VCF0894",2020,"VCF0888","VCF0894",-0.068233730564378,TRUE,"S09_D20A_NO_VCF0839","NO_VCF0839",TRUE,-0.0668099146730232,0.0014238158913548,"UNCHANGED","ESTIMABLE_WITH_WARNINGS"
"EDGE_2020_VCF0888_VCF0894",2020,"VCF0888","VCF0894",-0.068233730564378,TRUE,"S09_D15_WEIGHT","W_CDF",TRUE,-0.0863534184158409,0.0181196878514629,"UNCHANGED","REUSED_VALIDATED_POINT_NETWORK"
"EDGE_2020_VCF0888_VCF0894",2020,"VCF0888","VCF0894",-0.068233730564378,TRUE,"S09_D15_WEIGHT","W_POST_COMPAT",TRUE,-0.10276030684097,0.0345265762765923,"UNCHANGED","REUSED_VALIDATED_POINT_NETWORK"
"EDGE_2020_VCF0888_VCF0894",2020,"VCF0888","VCF0894",-0.068233730564378,TRUE,"S09_D19_MODE","ALL_INTERNET",TRUE,-0.079291542583572,0.011057812019194,"UNCHANGED","ESTIMABLE_WITH_WARNINGS"
"EDGE_2020_VCF0888_VCF9223",2020,"VCF0888","VCF9223",-0.11192935869046,TRUE,"S09_D11","PAIRWISE_AVAILABLE",TRUE,-0.111872336583457,5.70221070034516e-05,"UNCHANGED","ESTIMABLE_WITH_WARNINGS"
"EDGE_2020_VCF0888_VCF9223",2020,"VCF0888","VCF9223",-0.11192935869046,TRUE,"S09_D20A_GAMMA","GAMMA_025",TRUE,-0.11192935869046,0,"UNCHANGED","ESTIMABLE_WITH_WARNINGS"
"EDGE_2020_VCF0888_VCF9223",2020,"VCF0888","VCF9223",-0.11192935869046,TRUE,"S09_D20A_NO_VCF0839","NO_VCF0839",TRUE,-0.11218400515105,0.000254646460589855,"UNCHANGED","ESTIMABLE_WITH_WARNINGS"
"EDGE_2020_VCF0888_VCF9223",2020,"VCF0888","VCF9223",-0.11192935869046,TRUE,"S09_D15_WEIGHT","W_CDF",TRUE,-0.09739525118589,0.01453410750457,"UNCHANGED","REUSED_VALIDATED_POINT_NETWORK"
"EDGE_2020_VCF0888_VCF9223",2020,"VCF0888","VCF9223",-0.11192935869046,TRUE,"S09_D15_WEIGHT","W_POST_COMPAT",TRUE,-0.0910049172843353,0.0209244414061247,"UNCHANGED","REUSED_VALIDATED_POINT_NETWORK"
"EDGE_2020_VCF0888_VCF9223",2020,"VCF0888","VCF9223",-0.11192935869046,TRUE,"S09_D19_MODE","ALL_INTERNET",TRUE,-0.113170904533724,0.0012415458432644,"UNCHANGED","ESTIMABLE_WITH_WARNINGS"
"EDGE_2020_VCF0890_VCF0894",2020,"VCF0890","VCF0894",0.155260312714881,TRUE,"S09_D11","PAIRWISE_AVAILABLE",TRUE,0.148020201924607,0.00724011079027409,"UNCHANGED","ESTIMABLE_WITH_WARNINGS"
"EDGE_2020_VCF0890_VCF0894",2020,"VCF0890","VCF0894",0.155260312714881,TRUE,"S09_D20A_GAMMA","GAMMA_025",TRUE,0.155260312714881,0,"UNCHANGED","ESTIMABLE_WITH_WARNINGS"
"EDGE_2020_VCF0890_VCF0894",2020,"VCF0890","VCF0894",0.155260312714881,TRUE,"S09_D20A_NO_VCF0839","NO_VCF0839",TRUE,0.225909350368293,0.0706490376534121,"UNCHANGED","ESTIMABLE_WITH_WARNINGS"
"EDGE_2020_VCF0890_VCF0894",2020,"VCF0890","VCF0894",0.155260312714881,TRUE,"S09_D15_WEIGHT","W_CDF",TRUE,0.175111736329052,0.0198514236141709,"UNCHANGED","REUSED_VALIDATED_POINT_NETWORK"
"EDGE_2020_VCF0890_VCF0894",2020,"VCF0890","VCF0894",0.155260312714881,TRUE,"S09_D15_WEIGHT","W_POST_COMPAT",TRUE,0.165890148045622,0.0106298353307407,"UNCHANGED","REUSED_VALIDATED_POINT_NETWORK"
"EDGE_2020_VCF0890_VCF0894",2020,"VCF0890","VCF0894",0.155260312714881,TRUE,"S09_D19_MODE","ALL_INTERNET",TRUE,0.160200056237395,0.00493974352251372,"UNCHANGED","ESTIMABLE_WITH_WARNINGS"
"EDGE_2020_VCF0890_VCF9223",2020,"VCF0890","VCF9223",0.101132031781839,TRUE,"S09_D11","PAIRWISE_AVAILABLE",TRUE,0.098362512682279,0.00276951909955989,"UNCHANGED","ESTIMABLE_WITH_WARNINGS"
"EDGE_2020_VCF0890_VCF9223",2020,"VCF0890","VCF9223",0.101132031781839,TRUE,"S09_D20A_GAMMA","GAMMA_025",TRUE,0.101132031781839,0,"UNCHANGED","ESTIMABLE_WITH_WARNINGS"
"EDGE_2020_VCF0890_VCF9223",2020,"VCF0890","VCF9223",0.101132031781839,TRUE,"S09_D20A_NO_VCF0839","NO_VCF0839",TRUE,0.10431016751745,0.00317813573561125,"UNCHANGED","ESTIMABLE_WITH_WARNINGS"
"EDGE_2020_VCF0890_VCF9223",2020,"VCF0890","VCF9223",0.101132031781839,TRUE,"S09_D15_WEIGHT","W_CDF",TRUE,0.097058325477967,0.00407370630387197,"UNCHANGED","REUSED_VALIDATED_POINT_NETWORK"
"EDGE_2020_VCF0890_VCF9223",2020,"VCF0890","VCF9223",0.101132031781839,TRUE,"S09_D15_WEIGHT","W_POST_COMPAT",TRUE,0.0892071567867711,0.0119248749950678,"UNCHANGED","REUSED_VALIDATED_POINT_NETWORK"
"EDGE_2020_VCF0890_VCF9223",2020,"VCF0890","VCF9223",0.101132031781839,TRUE,"S09_D19_MODE","ALL_INTERNET",TRUE,0.103460959290876,0.00232892750903721,"UNCHANGED","ESTIMABLE_WITH_WARNINGS"
"EDGE_2020_VCF0894_VCF9223",2020,"VCF0894","VCF9223",0,FALSE,"S09_D11","PAIRWISE_AVAILABLE",TRUE,0,0,"UNCHANGED","ESTIMABLE_WITH_WARNINGS"
"EDGE_2020_VCF0894_VCF9223",2020,"VCF0894","VCF9223",0,FALSE,"S09_D20A_GAMMA","GAMMA_025",TRUE,0,0,"UNCHANGED","ESTIMABLE_WITH_WARNINGS"
"EDGE_2020_VCF0894_VCF9223",2020,"VCF0894","VCF9223",0,FALSE,"S09_D20A_NO_VCF0839","NO_VCF0839",TRUE,0,0,"UNCHANGED","ESTIMABLE_WITH_WARNINGS"
"EDGE_2020_VCF0894_VCF9223",2020,"VCF0894","VCF9223",0,FALSE,"S09_D15_WEIGHT","W_CDF",TRUE,0,0,"UNCHANGED","REUSED_VALIDATED_POINT_NETWORK"
"EDGE_2020_VCF0894_VCF9223",2020,"VCF0894","VCF9223",0,FALSE,"S09_D15_WEIGHT","W_POST_COMPAT",TRUE,0,0,"UNCHANGED","REUSED_VALIDATED_POINT_NETWORK"
"EDGE_2020_VCF0894_VCF9223",2020,"VCF0894","VCF9223",0,FALSE,"S09_D19_MODE","ALL_INTERNET",TRUE,0.000380783931154642,0.000380783931154642,"CHANGED","ESTIMABLE_WITH_WARNINGS"
"EDGE_2024_VCF0806_VCF0809",2024,"VCF0806","VCF0809",0.286446415679923,TRUE,"S09_D11","PAIRWISE_AVAILABLE",TRUE,0.296181260783619,0.00973484510369604,"UNCHANGED","ESTIMABLE_WITH_WARNINGS"
"EDGE_2024_VCF0806_VCF0809",2024,"VCF0806","VCF0809",0.286446415679923,TRUE,"S09_D20A_GAMMA","GAMMA_025",TRUE,0.286446415679923,0,"UNCHANGED","ESTIMABLE_WITH_WARNINGS"
"EDGE_2024_VCF0806_VCF0809",2024,"VCF0806","VCF0809",0.286446415679923,TRUE,"S09_D20A_NO_VCF0839","NO_VCF0839",TRUE,0.355036968628297,0.0685905529483733,"UNCHANGED","ESTIMABLE_WITH_WARNINGS"
"EDGE_2024_VCF0806_VCF0809",2024,"VCF0806","VCF0809",0.286446415679923,TRUE,"S09_D15_WEIGHT","W_CDF",TRUE,0.258780878458462,0.0276655372214617,"UNCHANGED","REUSED_VALIDATED_POINT_NETWORK"
"EDGE_2024_VCF0806_VCF0809",2024,"VCF0806","VCF0809",0.286446415679923,TRUE,"S09_D15_WEIGHT","W_POST_COMPAT",TRUE,0.251663312575387,0.0347831031045363,"UNCHANGED","REUSED_VALIDATED_POINT_NETWORK"
"EDGE_2024_VCF0806_VCF0809",2024,"VCF0806","VCF0809",0.286446415679923,TRUE,"S09_D19_MODE","ALL_INTERNET",TRUE,0.28224900721808,0.00419740846184308,"UNCHANGED","ESTIMABLE_WITH_WARNINGS"
"EDGE_2024_VCF0806_VCF0838",2024,"VCF0806","VCF0838",0.0969823508352493,TRUE,"S09_D11","PAIRWISE_AVAILABLE",TRUE,0.108266916919349,0.0112845660840993,"UNCHANGED","ESTIMABLE_WITH_WARNINGS"
"EDGE_2024_VCF0806_VCF0838",2024,"VCF0806","VCF0838",0.0969823508352493,TRUE,"S09_D20A_GAMMA","GAMMA_025",TRUE,0.0969823508352493,0,"UNCHANGED","ESTIMABLE_WITH_WARNINGS"
"EDGE_2024_VCF0806_VCF0838",2024,"VCF0806","VCF0838",0.0969823508352493,TRUE,"S09_D20A_NO_VCF0839","NO_VCF0839",TRUE,0.115578952310898,0.0185966014756491,"UNCHANGED","ESTIMABLE_WITH_WARNINGS"
"EDGE_2024_VCF0806_VCF0838",2024,"VCF0806","VCF0838",0.0969823508352493,TRUE,"S09_D15_WEIGHT","W_CDF",TRUE,0.0242658373756992,0.0727165134595501,"UNCHANGED","REUSED_VALIDATED_POINT_NETWORK"
"EDGE_2024_VCF0806_VCF0838",2024,"VCF0806","VCF0838",0.0969823508352493,TRUE,"S09_D15_WEIGHT","W_POST_COMPAT",TRUE,0.0300671089506335,0.0669152418846158,"UNCHANGED","REUSED_VALIDATED_POINT_NETWORK"
"EDGE_2024_VCF0806_VCF0838",2024,"VCF0806","VCF0838",0.0969823508352493,TRUE,"S09_D19_MODE","ALL_INTERNET",TRUE,0.114879969827422,0.0178976189921723,"UNCHANGED","ESTIMABLE_WITH_WARNINGS"
"EDGE_2024_VCF0806_VCF0839",2024,"VCF0806","VCF0839",0.173090954828948,TRUE,"S09_D11","PAIRWISE_AVAILABLE",TRUE,0.187132078468573,0.0140411236396245,"UNCHANGED","ESTIMABLE_WITH_WARNINGS"
"EDGE_2024_VCF0806_VCF0839",2024,"VCF0806","VCF0839",0.173090954828948,TRUE,"S09_D20A_GAMMA","GAMMA_025",TRUE,0.173090954828948,0,"UNCHANGED","ESTIMABLE_WITH_WARNINGS"
"EDGE_2024_VCF0806_VCF0839",2024,"VCF0806","VCF0839",0.173090954828948,TRUE,"S09_D20A_NO_VCF0839","NO_VCF0839",FALSE,,,"NOT_APPLICABLE","OUTSIDE_MODULE_SCOPE"
"EDGE_2024_VCF0806_VCF0839",2024,"VCF0806","VCF0839",0.173090954828948,TRUE,"S09_D15_WEIGHT","W_CDF",TRUE,0.180180238182573,0.00708928335362477,"UNCHANGED","REUSED_VALIDATED_POINT_NETWORK"
"EDGE_2024_VCF0806_VCF0839",2024,"VCF0806","VCF0839",0.173090954828948,TRUE,"S09_D15_WEIGHT","W_POST_COMPAT",TRUE,0.175943893051352,0.00285293822240373,"UNCHANGED","REUSED_VALIDATED_POINT_NETWORK"
"EDGE_2024_VCF0806_VCF0839",2024,"VCF0806","VCF0839",0.173090954828948,TRUE,"S09_D19_MODE","ALL_INTERNET",TRUE,0.175166327561922,0.00207537273297392,"UNCHANGED","ESTIMABLE_WITH_WARNINGS"
"EDGE_2024_VCF0806_VCF0879a",2024,"VCF0806","VCF0879a",0.00263679822443648,TRUE,"S09_D11","PAIRWISE_AVAILABLE",TRUE,0.00469108546417115,0.00205428723973466,"UNCHANGED","ESTIMABLE_WITH_WARNINGS"
"EDGE_2024_VCF0806_VCF0879a",2024,"VCF0806","VCF0879a",0.00263679822443648,TRUE,"S09_D20A_GAMMA","GAMMA_025",TRUE,0.00263679822443648,0,"UNCHANGED","ESTIMABLE_WITH_WARNINGS"
"EDGE_2024_VCF0806_VCF0879a",2024,"VCF0806","VCF0879a",0.00263679822443648,TRUE,"S09_D20A_NO_VCF0839","NO_VCF0839",TRUE,0.00262738433357306,9.41389086341971e-06,"UNCHANGED","ESTIMABLE_WITH_WARNINGS"
"EDGE_2024_VCF0806_VCF0879a",2024,"VCF0806","VCF0879a",0.00263679822443648,TRUE,"S09_D15_WEIGHT","W_CDF",TRUE,0.0235083579134626,0.0208715596890262,"UNCHANGED","REUSED_VALIDATED_POINT_NETWORK"
"EDGE_2024_VCF0806_VCF0879a",2024,"VCF0806","VCF0879a",0.00263679822443648,TRUE,"S09_D15_WEIGHT","W_POST_COMPAT",TRUE,0.0212506373807581,0.0186138391563216,"UNCHANGED","REUSED_VALIDATED_POINT_NETWORK"
"EDGE_2024_VCF0806_VCF0879a",2024,"VCF0806","VCF0879a",0.00263679822443648,TRUE,"S09_D19_MODE","ALL_INTERNET",TRUE,0,0.00263679822443648,"CHANGED","ESTIMABLE_WITH_WARNINGS"
"EDGE_2024_VCF0806_VCF0888",2024,"VCF0806","VCF0888",-0.115991969116665,TRUE,"S09_D11","PAIRWISE_AVAILABLE",TRUE,-0.116761669055229,0.000769699938564086,"UNCHANGED","ESTIMABLE_WITH_WARNINGS"
"EDGE_2024_VCF0806_VCF0888",2024,"VCF0806","VCF0888",-0.115991969116665,TRUE,"S09_D20A_GAMMA","GAMMA_025",TRUE,-0.115991969116665,0,"UNCHANGED","ESTIMABLE_WITH_WARNINGS"
"EDGE_2024_VCF0806_VCF0888",2024,"VCF0806","VCF0888",-0.115991969116665,TRUE,"S09_D20A_NO_VCF0839","NO_VCF0839",TRUE,-0.125381131815754,0.00938916269908982,"UNCHANGED","ESTIMABLE_WITH_WARNINGS"
"EDGE_2024_VCF0806_VCF0888",2024,"VCF0806","VCF0888",-0.115991969116665,TRUE,"S09_D15_WEIGHT","W_CDF",TRUE,-0.133522085008269,0.0175301158916047,"UNCHANGED","REUSED_VALIDATED_POINT_NETWORK"
"EDGE_2024_VCF0806_VCF0888",2024,"VCF0806","VCF0888",-0.115991969116665,TRUE,"S09_D15_WEIGHT","W_POST_COMPAT",TRUE,-0.134465006695255,0.0184730375785904,"UNCHANGED","REUSED_VALIDATED_POINT_NETWORK"
"EDGE_2024_VCF0806_VCF0888",2024,"VCF0806","VCF0888",-0.115991969116665,TRUE,"S09_D19_MODE","ALL_INTERNET",TRUE,-0.12545311963545,0.00946115051878593,"UNCHANGED","ESTIMABLE_WITH_WARNINGS"
"EDGE_2024_VCF0806_VCF0890",2024,"VCF0806","VCF0890",0.0935194910662682,TRUE,"S09_D11","PAIRWISE_AVAILABLE",TRUE,0.0740592967388457,0.0194601943274225,"UNCHANGED","ESTIMABLE_WITH_WARNINGS"
"EDGE_2024_VCF0806_VCF0890",2024,"VCF0806","VCF0890",0.0935194910662682,TRUE,"S09_D20A_GAMMA","GAMMA_025",TRUE,0.0935194910662682,0,"UNCHANGED","ESTIMABLE_WITH_WARNINGS"
"EDGE_2024_VCF0806_VCF0890",2024,"VCF0806","VCF0890",0.0935194910662682,TRUE,"S09_D20A_NO_VCF0839","NO_VCF0839",TRUE,0.147293758091163,0.0537742670248951,"UNCHANGED","ESTIMABLE_WITH_WARNINGS"
"EDGE_2024_VCF0806_VCF0890",2024,"VCF0806","VCF0890",0.0935194910662682,TRUE,"S09_D15_WEIGHT","W_CDF",TRUE,0.113060425429549,0.0195409343632809,"UNCHANGED","REUSED_VALIDATED_POINT_NETWORK"
"EDGE_2024_VCF0806_VCF0890",2024,"VCF0806","VCF0890",0.0935194910662682,TRUE,"S09_D15_WEIGHT","W_POST_COMPAT",TRUE,0.117870267442191,0.0243507763759228,"UNCHANGED","REUSED_VALIDATED_POINT_NETWORK"
"EDGE_2024_VCF0806_VCF0890",2024,"VCF0806","VCF0890",0.0935194910662682,TRUE,"S09_D19_MODE","ALL_INTERNET",TRUE,0.0994731391415025,0.00595364807523431,"UNCHANGED","ESTIMABLE_WITH_WARNINGS"
"EDGE_2024_VCF0806_VCF0894",2024,"VCF0806","VCF0894",0.115925421886945,TRUE,"S09_D11","PAIRWISE_AVAILABLE",TRUE,0.124145533833896,0.00822011194695021,"UNCHANGED","ESTIMABLE_WITH_WARNINGS"
"EDGE_2024_VCF0806_VCF0894",2024,"VCF0806","VCF0894",0.115925421886945,TRUE,"S09_D20A_GAMMA","GAMMA_025",TRUE,0.115925421886945,0,"UNCHANGED","ESTIMABLE_WITH_WARNINGS"
"EDGE_2024_VCF0806_VCF0894",2024,"VCF0806","VCF0894",0.115925421886945,TRUE,"S09_D20A_NO_VCF0839","NO_VCF0839",TRUE,0.157776640905627,0.0418512190186817,"UNCHANGED","ESTIMABLE_WITH_WARNINGS"
"EDGE_2024_VCF0806_VCF0894",2024,"VCF0806","VCF0894",0.115925421886945,TRUE,"S09_D15_WEIGHT","W_CDF",TRUE,0.111113171868729,0.00481225001821632,"UNCHANGED","REUSED_VALIDATED_POINT_NETWORK"
"EDGE_2024_VCF0806_VCF0894",2024,"VCF0806","VCF0894",0.115925421886945,TRUE,"S09_D15_WEIGHT","W_POST_COMPAT",TRUE,0.119893398375038,0.00396797648809302,"UNCHANGED","REUSED_VALIDATED_POINT_NETWORK"
"EDGE_2024_VCF0806_VCF0894",2024,"VCF0806","VCF0894",0.115925421886945,TRUE,"S09_D19_MODE","ALL_INTERNET",TRUE,0.11812545413725,0.00220003225030459,"UNCHANGED","ESTIMABLE_WITH_WARNINGS"
"EDGE_2024_VCF0806_VCF9223",2024,"VCF0806","VCF9223",0.103479021160507,TRUE,"S09_D11","PAIRWISE_AVAILABLE",TRUE,0.0961644390401553,0.00731458212035198,"UNCHANGED","ESTIMABLE_WITH_WARNINGS"
"EDGE_2024_VCF0806_VCF9223",2024,"VCF0806","VCF9223",0.103479021160507,TRUE,"S09_D20A_GAMMA","GAMMA_025",TRUE,0.103479021160507,0,"UNCHANGED","ESTIMABLE_WITH_WARNINGS"
"EDGE_2024_VCF0806_VCF9223",2024,"VCF0806","VCF9223",0.103479021160507,TRUE,"S09_D20A_NO_VCF0839","NO_VCF0839",TRUE,0.106042012340675,0.00256299118016783,"UNCHANGED","ESTIMABLE_WITH_WARNINGS"
"EDGE_2024_VCF0806_VCF9223",2024,"VCF0806","VCF9223",0.103479021160507,TRUE,"S09_D15_WEIGHT","W_CDF",TRUE,0.121487390583514,0.0180083694230067,"UNCHANGED","REUSED_VALIDATED_POINT_NETWORK"
"EDGE_2024_VCF0806_VCF9223",2024,"VCF0806","VCF9223",0.103479021160507,TRUE,"S09_D15_WEIGHT","W_POST_COMPAT",TRUE,0.117865541350692,0.0143865201901843,"UNCHANGED","REUSED_VALIDATED_POINT_NETWORK"
"EDGE_2024_VCF0806_VCF9223",2024,"VCF0806","VCF9223",0.103479021160507,TRUE,"S09_D19_MODE","ALL_INTERNET",TRUE,0.0854614453231227,0.0180175758373846,"UNCHANGED","ESTIMABLE_WITH_WARNINGS"
"EDGE_2024_VCF0809_VCF0838",2024,"VCF0809","VCF0838",0.081819208318309,TRUE,"S09_D11","PAIRWISE_AVAILABLE",TRUE,0.0706223693656406,0.0111968389526683,"UNCHANGED","ESTIMABLE_WITH_WARNINGS"
"EDGE_2024_VCF0809_VCF0838",2024,"VCF0809","VCF0838",0.081819208318309,TRUE,"S09_D20A_GAMMA","GAMMA_025",TRUE,0.081819208318309,0,"UNCHANGED","ESTIMABLE_WITH_WARNINGS"
"EDGE_2024_VCF0809_VCF0838",2024,"VCF0809","VCF0838",0.081819208318309,TRUE,"S09_D20A_NO_VCF0839","NO_VCF0839",TRUE,0.114070157237335,0.0322509489190261,"UNCHANGED","ESTIMABLE_WITH_WARNINGS"
"EDGE_2024_VCF0809_VCF0838",2024,"VCF0809","VCF0838",0.081819208318309,TRUE,"S09_D15_WEIGHT","W_CDF",TRUE,0.120429513898518,0.0386103055802087,"UNCHANGED","REUSED_VALIDATED_POINT_NETWORK"
"EDGE_2024_VCF0809_VCF0838",2024,"VCF0809","VCF0838",0.081819208318309,TRUE,"S09_D15_WEIGHT","W_POST_COMPAT",TRUE,0.113020153643755,0.0312009453254461,"UNCHANGED","REUSED_VALIDATED_POINT_NETWORK"
"EDGE_2024_VCF0809_VCF0838",2024,"VCF0809","VCF0838",0.081819208318309,TRUE,"S09_D19_MODE","ALL_INTERNET",TRUE,0.0748762824825071,0.00694292583580182,"UNCHANGED","ESTIMABLE_WITH_WARNINGS"
"EDGE_2024_VCF0809_VCF0839",2024,"VCF0809","VCF0839",0.282103083965334,TRUE,"S09_D11","PAIRWISE_AVAILABLE",TRUE,0.2825165487272,0.000413464761866267,"UNCHANGED","ESTIMABLE_WITH_WARNINGS"
"EDGE_2024_VCF0809_VCF0839",2024,"VCF0809","VCF0839",0.282103083965334,TRUE,"S09_D20A_GAMMA","GAMMA_025",TRUE,0.282103083965334,0,"UNCHANGED","ESTIMABLE_WITH_WARNINGS"
"EDGE_2024_VCF0809_VCF0839",2024,"VCF0809","VCF0839",0.282103083965334,TRUE,"S09_D20A_NO_VCF0839","NO_VCF0839",FALSE,,,"NOT_APPLICABLE","OUTSIDE_MODULE_SCOPE"
"EDGE_2024_VCF0809_VCF0839",2024,"VCF0809","VCF0839",0.282103083965334,TRUE,"S09_D15_WEIGHT","W_CDF",TRUE,0.270366733942091,0.0117363500232421,"UNCHANGED","REUSED_VALIDATED_POINT_NETWORK"
"EDGE_2024_VCF0809_VCF0839",2024,"VCF0809","VCF0839",0.282103083965334,TRUE,"S09_D15_WEIGHT","W_POST_COMPAT",TRUE,0.274318485795995,0.00778459816933896,"UNCHANGED","REUSED_VALIDATED_POINT_NETWORK"
"EDGE_2024_VCF0809_VCF0839",2024,"VCF0809","VCF0839",0.282103083965334,TRUE,"S09_D19_MODE","ALL_INTERNET",TRUE,0.284690608709463,0.00258752474412921,"UNCHANGED","ESTIMABLE_WITH_WARNINGS"
"EDGE_2024_VCF0809_VCF0879a",2024,"VCF0809","VCF0879a",0,FALSE,"S09_D11","PAIRWISE_AVAILABLE",TRUE,0,0,"UNCHANGED","ESTIMABLE_WITH_WARNINGS"
"EDGE_2024_VCF0809_VCF0879a",2024,"VCF0809","VCF0879a",0,FALSE,"S09_D20A_GAMMA","GAMMA_025",TRUE,0,0,"UNCHANGED","ESTIMABLE_WITH_WARNINGS"
"EDGE_2024_VCF0809_VCF0879a",2024,"VCF0809","VCF0879a",0,FALSE,"S09_D20A_NO_VCF0839","NO_VCF0839",TRUE,0,0,"UNCHANGED","ESTIMABLE_WITH_WARNINGS"
"EDGE_2024_VCF0809_VCF0879a",2024,"VCF0809","VCF0879a",0,FALSE,"S09_D15_WEIGHT","W_CDF",TRUE,0,0,"UNCHANGED","REUSED_VALIDATED_POINT_NETWORK"
"EDGE_2024_VCF0809_VCF0879a",2024,"VCF0809","VCF0879a",0,FALSE,"S09_D15_WEIGHT","W_POST_COMPAT",TRUE,0,0,"UNCHANGED","REUSED_VALIDATED_POINT_NETWORK"
"EDGE_2024_VCF0809_VCF0879a",2024,"VCF0809","VCF0879a",0,FALSE,"S09_D19_MODE","ALL_INTERNET",TRUE,0,0,"UNCHANGED","ESTIMABLE_WITH_WARNINGS"
"EDGE_2024_VCF0809_VCF0888",2024,"VCF0809","VCF0888",-0.0352736970916302,TRUE,"S09_D11","PAIRWISE_AVAILABLE",TRUE,-0.0366633756951286,0.00138967860349836,"UNCHANGED","ESTIMABLE_WITH_WARNINGS"
"EDGE_2024_VCF0809_VCF0888",2024,"VCF0809","VCF0888",-0.0352736970916302,TRUE,"S09_D20A_GAMMA","GAMMA_025",TRUE,-0.0352736970916302,0,"UNCHANGED","ESTIMABLE_WITH_WARNINGS"
"EDGE_2024_VCF0809_VCF0888",2024,"VCF0809","VCF0888",-0.0352736970916302,TRUE,"S09_D20A_NO_VCF0839","NO_VCF0839",TRUE,-0.049516219296161,0.0142425222045308,"UNCHANGED","ESTIMABLE_WITH_WARNINGS"
"EDGE_2024_VCF0809_VCF0888",2024,"VCF0809","VCF0888",-0.0352736970916302,TRUE,"S09_D15_WEIGHT","W_CDF",TRUE,-0.0356808941739059,0.000407197082275677,"UNCHANGED","REUSED_VALIDATED_POINT_NETWORK"
"EDGE_2024_VCF0809_VCF0888",2024,"VCF0809","VCF0888",-0.0352736970916302,TRUE,"S09_D15_WEIGHT","W_POST_COMPAT",TRUE,-0.033175504411184,0.00209819268044622,"UNCHANGED","REUSED_VALIDATED_POINT_NETWORK"
"EDGE_2024_VCF0809_VCF0888",2024,"VCF0809","VCF0888",-0.0352736970916302,TRUE,"S09_D19_MODE","ALL_INTERNET",TRUE,-0.0329328329169883,0.00234086417464188,"UNCHANGED","ESTIMABLE_WITH_WARNINGS"
"EDGE_2024_VCF0809_VCF0890",2024,"VCF0809","VCF0890",0.0707344951564464,TRUE,"S09_D11","PAIRWISE_AVAILABLE",TRUE,0.0979183562260409,0.0271838610695946,"UNCHANGED","ESTIMABLE_WITH_WARNINGS"
"EDGE_2024_VCF0809_VCF0890",2024,"VCF0809","VCF0890",0.0707344951564464,TRUE,"S09_D20A_GAMMA","GAMMA_025",TRUE,0.0707344951564464,0,"UNCHANGED","ESTIMABLE_WITH_WARNINGS"
"EDGE_2024_VCF0809_VCF0890",2024,"VCF0809","VCF0890",0.0707344951564464,TRUE,"S09_D20A_NO_VCF0839","NO_VCF0839",TRUE,0.158135924571958,0.0874014294155117,"UNCHANGED","ESTIMABLE_WITH_WARNINGS"
"EDGE_2024_VCF0809_VCF0890",2024,"VCF0809","VCF0890",0.0707344951564464,TRUE,"S09_D15_WEIGHT","W_CDF",TRUE,0.0843180899024939,0.0135835947460475,"UNCHANGED","REUSED_VALIDATED_POINT_NETWORK"
"EDGE_2024_VCF0809_VCF0890",2024,"VCF0809","VCF0890",0.0707344951564464,TRUE,"S09_D15_WEIGHT","W_POST_COMPAT",TRUE,0.0944763251654645,0.0237418300090182,"UNCHANGED","REUSED_VALIDATED_POINT_NETWORK"
"EDGE_2024_VCF0809_VCF0890",2024,"VCF0809","VCF0890",0.0707344951564464,TRUE,"S09_D19_MODE","ALL_INTERNET",TRUE,0.0645165898300115,0.00621790532643487,"UNCHANGED","ESTIMABLE_WITH_WARNINGS"
"EDGE_2024_VCF0809_VCF0894",2024,"VCF0809","VCF0894",0.158881201459168,TRUE,"S09_D11","PAIRWISE_AVAILABLE",TRUE,0.132691374043335,0.0261898274158329,"UNCHANGED","ESTIMABLE_WITH_WARNINGS"
"EDGE_2024_VCF0809_VCF0894",2024,"VCF0809","VCF0894",0.158881201459168,TRUE,"S09_D20A_GAMMA","GAMMA_025",TRUE,0.158881201459168,0,"UNCHANGED","ESTIMABLE_WITH_WARNINGS"
"EDGE_2024_VCF0809_VCF0894",2024,"VCF0809","VCF0894",0.158881201459168,TRUE,"S09_D20A_NO_VCF0839","NO_VCF0839",TRUE,0.232314726808771,0.0734335253496023,"UNCHANGED","ESTIMABLE_WITH_WARNINGS"
"EDGE_2024_VCF0809_VCF0894",2024,"VCF0809","VCF0894",0.158881201459168,TRUE,"S09_D15_WEIGHT","W_CDF",TRUE,0.180848439427442,0.0219672379682738,"UNCHANGED","REUSED_VALIDATED_POINT_NETWORK"
"EDGE_2024_VCF0809_VCF0894",2024,"VCF0809","VCF0894",0.158881201459168,TRUE,"S09_D15_WEIGHT","W_POST_COMPAT",TRUE,0.174369928925462,0.0154887274662935,"UNCHANGED","REUSED_VALIDATED_POINT_NETWORK"
"EDGE_2024_VCF0809_VCF0894",2024,"VCF0809","VCF0894",0.158881201459168,TRUE,"S09_D19_MODE","ALL_INTERNET",TRUE,0.157490907909215,0.00139029354995274,"UNCHANGED","ESTIMABLE_WITH_WARNINGS"
"EDGE_2024_VCF0809_VCF9223",2024,"VCF0809","VCF9223",0,FALSE,"S09_D11","PAIRWISE_AVAILABLE",TRUE,0,0,"UNCHANGED","ESTIMABLE_WITH_WARNINGS"
"EDGE_2024_VCF0809_VCF9223",2024,"VCF0809","VCF9223",0,FALSE,"S09_D20A_GAMMA","GAMMA_025",TRUE,0,0,"UNCHANGED","ESTIMABLE_WITH_WARNINGS"
"EDGE_2024_VCF0809_VCF9223",2024,"VCF0809","VCF9223",0,FALSE,"S09_D20A_NO_VCF0839","NO_VCF0839",TRUE,0,0,"UNCHANGED","ESTIMABLE_WITH_WARNINGS"
"EDGE_2024_VCF0809_VCF9223",2024,"VCF0809","VCF9223",0,FALSE,"S09_D15_WEIGHT","W_CDF",TRUE,-0.0483081767142818,0.0483081767142818,"CHANGED","REUSED_VALIDATED_POINT_NETWORK"
"EDGE_2024_VCF0809_VCF9223",2024,"VCF0809","VCF9223",0,FALSE,"S09_D15_WEIGHT","W_POST_COMPAT",TRUE,-0.0413058426708468,0.0413058426708468,"CHANGED","REUSED_VALIDATED_POINT_NETWORK"
"EDGE_2024_VCF0809_VCF9223",2024,"VCF0809","VCF9223",0,FALSE,"S09_D19_MODE","ALL_INTERNET",TRUE,0,0,"UNCHANGED","ESTIMABLE_WITH_WARNINGS"
"EDGE_2024_VCF0838_VCF0839",2024,"VCF0838","VCF0839",0.0952675388816836,TRUE,"S09_D11","PAIRWISE_AVAILABLE",TRUE,0.09829555006251,0.00302801118082649,"UNCHANGED","ESTIMABLE_WITH_WARNINGS"
"EDGE_2024_VCF0838_VCF0839",2024,"VCF0838","VCF0839",0.0952675388816836,TRUE,"S09_D20A_GAMMA","GAMMA_025",TRUE,0.0952675388816836,0,"UNCHANGED","ESTIMABLE_WITH_WARNINGS"
"EDGE_2024_VCF0838_VCF0839",2024,"VCF0838","VCF0839",0.0952675388816836,TRUE,"S09_D20A_NO_VCF0839","NO_VCF0839",FALSE,,,"NOT_APPLICABLE","OUTSIDE_MODULE_SCOPE"
"EDGE_2024_VCF0838_VCF0839",2024,"VCF0838","VCF0839",0.0952675388816836,TRUE,"S09_D15_WEIGHT","W_CDF",TRUE,0.10658964951661,0.0113221106349264,"UNCHANGED","REUSED_VALIDATED_POINT_NETWORK"
"EDGE_2024_VCF0838_VCF0839",2024,"VCF0838","VCF0839",0.0952675388816836,TRUE,"S09_D15_WEIGHT","W_POST_COMPAT",TRUE,0.107898327419105,0.0126307885374213,"UNCHANGED","REUSED_VALIDATED_POINT_NETWORK"
"EDGE_2024_VCF0838_VCF0839",2024,"VCF0838","VCF0839",0.0952675388816836,TRUE,"S09_D19_MODE","ALL_INTERNET",TRUE,0.0877411077360596,0.00752643114562399,"UNCHANGED","ESTIMABLE_WITH_WARNINGS"
"EDGE_2024_VCF0838_VCF0879a",2024,"VCF0838","VCF0879a",0.020217806487761,TRUE,"S09_D11","PAIRWISE_AVAILABLE",TRUE,0.0236302998711737,0.00341249338341274,"UNCHANGED","ESTIMABLE_WITH_WARNINGS"
"EDGE_2024_VCF0838_VCF0879a",2024,"VCF0838","VCF0879a",0.020217806487761,TRUE,"S09_D20A_GAMMA","GAMMA_025",TRUE,0.020217806487761,0,"UNCHANGED","ESTIMABLE_WITH_WARNINGS"
"EDGE_2024_VCF0838_VCF0879a",2024,"VCF0838","VCF0879a",0.020217806487761,TRUE,"S09_D20A_NO_VCF0839","NO_VCF0839",TRUE,0.0202708083415264,5.30018537654338e-05,"UNCHANGED","ESTIMABLE_WITH_WARNINGS"
"EDGE_2024_VCF0838_VCF0879a",2024,"VCF0838","VCF0879a",0.020217806487761,TRUE,"S09_D15_WEIGHT","W_CDF",TRUE,0,0.020217806487761,"CHANGED","REUSED_VALIDATED_POINT_NETWORK"
"EDGE_2024_VCF0838_VCF0879a",2024,"VCF0838","VCF0879a",0.020217806487761,TRUE,"S09_D15_WEIGHT","W_POST_COMPAT",TRUE,0,0.020217806487761,"CHANGED","REUSED_VALIDATED_POINT_NETWORK"
"EDGE_2024_VCF0838_VCF0879a",2024,"VCF0838","VCF0879a",0.020217806487761,TRUE,"S09_D19_MODE","ALL_INTERNET",TRUE,0.0552016441494506,0.0349838376616896,"UNCHANGED","ESTIMABLE_WITH_WARNINGS"
"EDGE_2024_VCF0838_VCF0888",2024,"VCF0838","VCF0888",-0.118991017033197,TRUE,"S09_D11","PAIRWISE_AVAILABLE",TRUE,-0.108555093740026,0.0104359232931702,"UNCHANGED","ESTIMABLE_WITH_WARNINGS"
"EDGE_2024_VCF0838_VCF0888",2024,"VCF0838","VCF0888",-0.118991017033197,TRUE,"S09_D20A_GAMMA","GAMMA_025",TRUE,-0.118991017033197,0,"UNCHANGED","ESTIMABLE_WITH_WARNINGS"
"EDGE_2024_VCF0838_VCF0888",2024,"VCF0838","VCF0888",-0.118991017033197,TRUE,"S09_D20A_NO_VCF0839","NO_VCF0839",TRUE,-0.12382263629004,0.00483161925684306,"UNCHANGED","ESTIMABLE_WITH_WARNINGS"
"EDGE_2024_VCF0838_VCF0888",2024,"VCF0838","VCF0888",-0.118991017033197,TRUE,"S09_D15_WEIGHT","W_CDF",TRUE,-0.169928539824085,0.0509375227908878,"UNCHANGED","REUSED_VALIDATED_POINT_NETWORK"
"EDGE_2024_VCF0838_VCF0888",2024,"VCF0838","VCF0888",-0.118991017033197,TRUE,"S09_D15_WEIGHT","W_POST_COMPAT",TRUE,-0.168291575039715,0.0493005580065183,"UNCHANGED","REUSED_VALIDATED_POINT_NETWORK"
"EDGE_2024_VCF0838_VCF0888",2024,"VCF0838","VCF0888",-0.118991017033197,TRUE,"S09_D19_MODE","ALL_INTERNET",TRUE,-0.103414130627388,0.0155768864058089,"UNCHANGED","ESTIMABLE_WITH_WARNINGS"
"EDGE_2024_VCF0838_VCF0890",2024,"VCF0838","VCF0890",0.101584072151753,TRUE,"S09_D11","PAIRWISE_AVAILABLE",TRUE,0.0896202843436605,0.0119637878080922,"UNCHANGED","ESTIMABLE_WITH_WARNINGS"
"EDGE_2024_VCF0838_VCF0890",2024,"VCF0838","VCF0890",0.101584072151753,TRUE,"S09_D20A_GAMMA","GAMMA_025",TRUE,0.101584072151753,0,"UNCHANGED","ESTIMABLE_WITH_WARNINGS"
"EDGE_2024_VCF0838_VCF0890",2024,"VCF0838","VCF0890",0.101584072151753,TRUE,"S09_D20A_NO_VCF0839","NO_VCF0839",TRUE,0.132507247417901,0.0309231752661484,"UNCHANGED","ESTIMABLE_WITH_WARNINGS"
"EDGE_2024_VCF0838_VCF0890",2024,"VCF0838","VCF0890",0.101584072151753,TRUE,"S09_D15_WEIGHT","W_CDF",TRUE,0.0826488089809977,0.018935263170755,"UNCHANGED","REUSED_VALIDATED_POINT_NETWORK"
"EDGE_2024_VCF0838_VCF0890",2024,"VCF0838","VCF0890",0.101584072151753,TRUE,"S09_D15_WEIGHT","W_POST_COMPAT",TRUE,0.0815150102060768,0.0200690619456759,"UNCHANGED","REUSED_VALIDATED_POINT_NETWORK"
"EDGE_2024_VCF0838_VCF0890",2024,"VCF0838","VCF0890",0.101584072151753,TRUE,"S09_D19_MODE","ALL_INTERNET",TRUE,0.11169037986957,0.0101063077178168,"UNCHANGED","ESTIMABLE_WITH_WARNINGS"
"EDGE_2024_VCF0838_VCF0894",2024,"VCF0838","VCF0894",0.0597191234757199,TRUE,"S09_D11","PAIRWISE_AVAILABLE",TRUE,0.0493917929247689,0.010327330550951,"UNCHANGED","ESTIMABLE_WITH_WARNINGS"
"EDGE_2024_VCF0838_VCF0894",2024,"VCF0838","VCF0894",0.0597191234757199,TRUE,"S09_D20A_GAMMA","GAMMA_025",TRUE,0.0597191234757199,0,"UNCHANGED","ESTIMABLE_WITH_WARNINGS"
"EDGE_2024_VCF0838_VCF0894",2024,"VCF0838","VCF0894",0.0597191234757199,TRUE,"S09_D20A_NO_VCF0839","NO_VCF0839",TRUE,0.0816376484374306,0.0219185249617107,"UNCHANGED","ESTIMABLE_WITH_WARNINGS"
"EDGE_2024_VCF0838_VCF0894",2024,"VCF0838","VCF0894",0.0597191234757199,TRUE,"S09_D15_WEIGHT","W_CDF",TRUE,0.0963256074954222,0.0366064840197023,"UNCHANGED","REUSED_VALIDATED_POINT_NETWORK"
"EDGE_2024_VCF0838_VCF0894",2024,"VCF0838","VCF0894",0.0597191234757199,TRUE,"S09_D15_WEIGHT","W_POST_COMPAT",TRUE,0.0888755796191976,0.0291564561434776,"UNCHANGED","REUSED_VALIDATED_POINT_NETWORK"
"EDGE_2024_VCF0838_VCF0894",2024,"VCF0838","VCF0894",0.0597191234757199,TRUE,"S09_D19_MODE","ALL_INTERNET",TRUE,0.048494825662026,0.0112242978136939,"UNCHANGED","ESTIMABLE_WITH_WARNINGS"
"EDGE_2024_VCF0838_VCF9223",2024,"VCF0838","VCF9223",0.255748972788864,TRUE,"S09_D11","PAIRWISE_AVAILABLE",TRUE,0.234616146339146,0.0211328264497175,"UNCHANGED","ESTIMABLE_WITH_WARNINGS"
"EDGE_2024_VCF0838_VCF9223",2024,"VCF0838","VCF9223",0.255748972788864,TRUE,"S09_D20A_GAMMA","GAMMA_025",TRUE,0.255748972788864,0,"UNCHANGED","ESTIMABLE_WITH_WARNINGS"
"EDGE_2024_VCF0838_VCF9223",2024,"VCF0838","VCF9223",0.255748972788864,TRUE,"S09_D20A_NO_VCF0839","NO_VCF0839",TRUE,0.257443235221265,0.00169426243240067,"UNCHANGED","ESTIMABLE_WITH_WARNINGS"
"EDGE_2024_VCF0838_VCF9223",2024,"VCF0838","VCF9223",0.255748972788864,TRUE,"S09_D15_WEIGHT","W_CDF",TRUE,0.230988098744222,0.0247608740446416,"UNCHANGED","REUSED_VALIDATED_POINT_NETWORK"
"EDGE_2024_VCF0838_VCF9223",2024,"VCF0838","VCF9223",0.255748972788864,TRUE,"S09_D15_WEIGHT","W_POST_COMPAT",TRUE,0.235009601806649,0.0207393709822147,"UNCHANGED","REUSED_VALIDATED_POINT_NETWORK"
"EDGE_2024_VCF0838_VCF9223",2024,"VCF0838","VCF9223",0.255748972788864,TRUE,"S09_D19_MODE","ALL_INTERNET",TRUE,0.269226464976949,0.0134774921880851,"UNCHANGED","ESTIMABLE_WITH_WARNINGS"
"EDGE_2024_VCF0839_VCF0879a",2024,"VCF0839","VCF0879a",0,FALSE,"S09_D11","PAIRWISE_AVAILABLE",TRUE,0,0,"UNCHANGED","ESTIMABLE_WITH_WARNINGS"
"EDGE_2024_VCF0839_VCF0879a",2024,"VCF0839","VCF0879a",0,FALSE,"S09_D20A_GAMMA","GAMMA_025",TRUE,0,0,"UNCHANGED","ESTIMABLE_WITH_WARNINGS"
"EDGE_2024_VCF0839_VCF0879a",2024,"VCF0839","VCF0879a",0,FALSE,"S09_D20A_NO_VCF0839","NO_VCF0839",FALSE,,,"NOT_APPLICABLE","OUTSIDE_MODULE_SCOPE"
"EDGE_2024_VCF0839_VCF0879a",2024,"VCF0839","VCF0879a",0,FALSE,"S09_D15_WEIGHT","W_CDF",TRUE,0,0,"UNCHANGED","REUSED_VALIDATED_POINT_NETWORK"
"EDGE_2024_VCF0839_VCF0879a",2024,"VCF0839","VCF0879a",0,FALSE,"S09_D15_WEIGHT","W_POST_COMPAT",TRUE,0,0,"UNCHANGED","REUSED_VALIDATED_POINT_NETWORK"
"EDGE_2024_VCF0839_VCF0879a",2024,"VCF0839","VCF0879a",0,FALSE,"S09_D19_MODE","ALL_INTERNET",TRUE,0,0,"UNCHANGED","ESTIMABLE_WITH_WARNINGS"
"EDGE_2024_VCF0839_VCF0888",2024,"VCF0839","VCF0888",-0.0418929526015918,TRUE,"S09_D11","PAIRWISE_AVAILABLE",TRUE,-0.044492634158729,0.00259968155713717,"UNCHANGED","ESTIMABLE_WITH_WARNINGS"
"EDGE_2024_VCF0839_VCF0888",2024,"VCF0839","VCF0888",-0.0418929526015918,TRUE,"S09_D20A_GAMMA","GAMMA_025",TRUE,-0.0418929526015918,0,"UNCHANGED","ESTIMABLE_WITH_WARNINGS"
"EDGE_2024_VCF0839_VCF0888",2024,"VCF0839","VCF0888",-0.0418929526015918,TRUE,"S09_D20A_NO_VCF0839","NO_VCF0839",FALSE,,,"NOT_APPLICABLE","OUTSIDE_MODULE_SCOPE"
"EDGE_2024_VCF0839_VCF0888",2024,"VCF0839","VCF0888",-0.0418929526015918,TRUE,"S09_D15_WEIGHT","W_CDF",TRUE,-0.044882831849753,0.0029898792481612,"UNCHANGED","REUSED_VALIDATED_POINT_NETWORK"
"EDGE_2024_VCF0839_VCF0888",2024,"VCF0839","VCF0888",-0.0418929526015918,TRUE,"S09_D15_WEIGHT","W_POST_COMPAT",TRUE,-0.0329685395217062,0.00892441307988559,"UNCHANGED","REUSED_VALIDATED_POINT_NETWORK"
"EDGE_2024_VCF0839_VCF0888",2024,"VCF0839","VCF0888",-0.0418929526015918,TRUE,"S09_D19_MODE","ALL_INTERNET",TRUE,-0.0280422402536342,0.0138507123479577,"UNCHANGED","ESTIMABLE_WITH_WARNINGS"
"EDGE_2024_VCF0839_VCF0890",2024,"VCF0839","VCF0890",0.266945440954792,TRUE,"S09_D11","PAIRWISE_AVAILABLE",TRUE,0.253188403245687,0.0137570377091049,"UNCHANGED","ESTIMABLE_WITH_WARNINGS"
"EDGE_2024_VCF0839_VCF0890",2024,"VCF0839","VCF0890",0.266945440954792,TRUE,"S09_D20A_GAMMA","GAMMA_025",TRUE,0.266945440954792,0,"UNCHANGED","ESTIMABLE_WITH_WARNINGS"
"EDGE_2024_VCF0839_VCF0890",2024,"VCF0839","VCF0890",0.266945440954792,TRUE,"S09_D20A_NO_VCF0839","NO_VCF0839",FALSE,,,"NOT_APPLICABLE","OUTSIDE_MODULE_SCOPE"
"EDGE_2024_VCF0839_VCF0890",2024,"VCF0839","VCF0890",0.266945440954792,TRUE,"S09_D15_WEIGHT","W_CDF",TRUE,0.263974320220308,0.00297112073448474,"UNCHANGED","REUSED_VALIDATED_POINT_NETWORK"
"EDGE_2024_VCF0839_VCF0890",2024,"VCF0839","VCF0890",0.266945440954792,TRUE,"S09_D15_WEIGHT","W_POST_COMPAT",TRUE,0.251659096843469,0.0152863441113228,"UNCHANGED","REUSED_VALIDATED_POINT_NETWORK"
"EDGE_2024_VCF0839_VCF0890",2024,"VCF0839","VCF0890",0.266945440954792,TRUE,"S09_D19_MODE","ALL_INTERNET",TRUE,0.274920171128698,0.00797473017390543,"UNCHANGED","ESTIMABLE_WITH_WARNINGS"
"EDGE_2024_VCF0839_VCF0894",2024,"VCF0839","VCF0894",0.20897158234944,TRUE,"S09_D11","PAIRWISE_AVAILABLE",TRUE,0.214661446730574,0.00568986438113375,"UNCHANGED","ESTIMABLE_WITH_WARNINGS"
"EDGE_2024_VCF0839_VCF0894",2024,"VCF0839","VCF0894",0.20897158234944,TRUE,"S09_D20A_GAMMA","GAMMA_025",TRUE,0.20897158234944,0,"UNCHANGED","ESTIMABLE_WITH_WARNINGS"
"EDGE_2024_VCF0839_VCF0894",2024,"VCF0839","VCF0894",0.20897158234944,TRUE,"S09_D20A_NO_VCF0839","NO_VCF0839",FALSE,,,"NOT_APPLICABLE","OUTSIDE_MODULE_SCOPE"
"EDGE_2024_VCF0839_VCF0894",2024,"VCF0839","VCF0894",0.20897158234944,TRUE,"S09_D15_WEIGHT","W_CDF",TRUE,0.18843404207149,0.0205375402779496,"UNCHANGED","REUSED_VALIDATED_POINT_NETWORK"
"EDGE_2024_VCF0839_VCF0894",2024,"VCF0839","VCF0894",0.20897158234944,TRUE,"S09_D15_WEIGHT","W_POST_COMPAT",TRUE,0.201667278238743,0.0073043041106968,"UNCHANGED","REUSED_VALIDATED_POINT_NETWORK"
"EDGE_2024_VCF0839_VCF0894",2024,"VCF0839","VCF0894",0.20897158234944,TRUE,"S09_D19_MODE","ALL_INTERNET",TRUE,0.230336752896127,0.0213651705466868,"UNCHANGED","ESTIMABLE_WITH_WARNINGS"
"EDGE_2024_VCF0839_VCF9223",2024,"VCF0839","VCF9223",0.00373441296582092,TRUE,"S09_D11","PAIRWISE_AVAILABLE",TRUE,0.0231689268281904,0.0194345138623695,"UNCHANGED","ESTIMABLE_WITH_WARNINGS"
"EDGE_2024_VCF0839_VCF9223",2024,"VCF0839","VCF9223",0.00373441296582092,TRUE,"S09_D20A_GAMMA","GAMMA_025",TRUE,0.00373441296582092,0,"UNCHANGED","ESTIMABLE_WITH_WARNINGS"
"EDGE_2024_VCF0839_VCF9223",2024,"VCF0839","VCF9223",0.00373441296582092,TRUE,"S09_D20A_NO_VCF0839","NO_VCF0839",FALSE,,,"NOT_APPLICABLE","OUTSIDE_MODULE_SCOPE"
"EDGE_2024_VCF0839_VCF9223",2024,"VCF0839","VCF9223",0.00373441296582092,TRUE,"S09_D15_WEIGHT","W_CDF",TRUE,0,0.00373441296582092,"CHANGED","REUSED_VALIDATED_POINT_NETWORK"
"EDGE_2024_VCF0839_VCF9223",2024,"VCF0839","VCF9223",0.00373441296582092,TRUE,"S09_D15_WEIGHT","W_POST_COMPAT",TRUE,0,0.00373441296582092,"CHANGED","REUSED_VALIDATED_POINT_NETWORK"
"EDGE_2024_VCF0839_VCF9223",2024,"VCF0839","VCF9223",0.00373441296582092,TRUE,"S09_D19_MODE","ALL_INTERNET",TRUE,0.0077574437654863,0.00402303079966538,"UNCHANGED","ESTIMABLE_WITH_WARNINGS"
"EDGE_2024_VCF0879a_VCF0888",2024,"VCF0879a","VCF0888",-0.121405830251357,TRUE,"S09_D11","PAIRWISE_AVAILABLE",TRUE,-0.131257048879868,0.00985121862851134,"UNCHANGED","ESTIMABLE_WITH_WARNINGS"
"EDGE_2024_VCF0879a_VCF0888",2024,"VCF0879a","VCF0888",-0.121405830251357,TRUE,"S09_D20A_GAMMA","GAMMA_025",TRUE,-0.121405830251357,0,"UNCHANGED","ESTIMABLE_WITH_WARNINGS"
"EDGE_2024_VCF0879a_VCF0888",2024,"VCF0879a","VCF0888",-0.121405830251357,TRUE,"S09_D20A_NO_VCF0839","NO_VCF0839",TRUE,-0.12165591266276,0.000250082411403382,"UNCHANGED","ESTIMABLE_WITH_WARNINGS"
"EDGE_2024_VCF0879a_VCF0888",2024,"VCF0879a","VCF0888",-0.121405830251357,TRUE,"S09_D15_WEIGHT","W_CDF",TRUE,-0.096376119804935,0.0250297104464221,"UNCHANGED","REUSED_VALIDATED_POINT_NETWORK"
"EDGE_2024_VCF0879a_VCF0888",2024,"VCF0879a","VCF0888",-0.121405830251357,TRUE,"S09_D15_WEIGHT","W_POST_COMPAT",TRUE,-0.0947602119244172,0.0266456183269398,"UNCHANGED","REUSED_VALIDATED_POINT_NETWORK"
"EDGE_2024_VCF0879a_VCF0888",2024,"VCF0879a","VCF0888",-0.121405830251357,TRUE,"S09_D19_MODE","ALL_INTERNET",TRUE,-0.125897622185015,0.00449179193365813,"UNCHANGED","ESTIMABLE_WITH_WARNINGS"
"EDGE_2024_VCF0879a_VCF0890",2024,"VCF0879a","VCF0890",0.0186928727184489,TRUE,"S09_D11","PAIRWISE_AVAILABLE",TRUE,0.0229562339070538,0.00426336118860491,"UNCHANGED","ESTIMABLE_WITH_WARNINGS"
"EDGE_2024_VCF0879a_VCF0890",2024,"VCF0879a","VCF0890",0.0186928727184489,TRUE,"S09_D20A_GAMMA","GAMMA_025",TRUE,0.0186928727184489,0,"UNCHANGED","ESTIMABLE_WITH_WARNINGS"
"EDGE_2024_VCF0879a_VCF0890",2024,"VCF0879a","VCF0890",0.0186928727184489,TRUE,"S09_D20A_NO_VCF0839","NO_VCF0839",TRUE,0.0195571136692417,0.000864240950792895,"UNCHANGED","ESTIMABLE_WITH_WARNINGS"
"EDGE_2024_VCF0879a_VCF0890",2024,"VCF0879a","VCF0890",0.0186928727184489,TRUE,"S09_D15_WEIGHT","W_CDF",TRUE,0.053295060032958,0.0346021873145091,"UNCHANGED","REUSED_VALIDATED_POINT_NETWORK"
"EDGE_2024_VCF0879a_VCF0890",2024,"VCF0879a","VCF0890",0.0186928727184489,TRUE,"S09_D15_WEIGHT","W_POST_COMPAT",TRUE,0.0585168691252252,0.0398239964067764,"UNCHANGED","REUSED_VALIDATED_POINT_NETWORK"
"EDGE_2024_VCF0879a_VCF0890",2024,"VCF0879a","VCF0890",0.0186928727184489,TRUE,"S09_D19_MODE","ALL_INTERNET",TRUE,0.00794393150532084,0.010748941213128,"UNCHANGED","ESTIMABLE_WITH_WARNINGS"
"EDGE_2024_VCF0879a_VCF0894",2024,"VCF0879a","VCF0894",0.117685330392291,TRUE,"S09_D11","PAIRWISE_AVAILABLE",TRUE,0.113886393698345,0.00379893669394638,"UNCHANGED","ESTIMABLE_WITH_WARNINGS"
"EDGE_2024_VCF0879a_VCF0894",2024,"VCF0879a","VCF0894",0.117685330392291,TRUE,"S09_D20A_GAMMA","GAMMA_025",TRUE,0.117685330392291,0,"UNCHANGED","ESTIMABLE_WITH_WARNINGS"
"EDGE_2024_VCF0879a_VCF0894",2024,"VCF0879a","VCF0894",0.117685330392291,TRUE,"S09_D20A_NO_VCF0839","NO_VCF0839",TRUE,0.120341905714516,0.00265657532222482,"UNCHANGED","ESTIMABLE_WITH_WARNINGS"
"EDGE_2024_VCF0879a_VCF0894",2024,"VCF0879a","VCF0894",0.117685330392291,TRUE,"S09_D15_WEIGHT","W_CDF",TRUE,0.0827286859069937,0.0349566444852972,"UNCHANGED","REUSED_VALIDATED_POINT_NETWORK"
"EDGE_2024_VCF0879a_VCF0894",2024,"VCF0879a","VCF0894",0.117685330392291,TRUE,"S09_D15_WEIGHT","W_POST_COMPAT",TRUE,0.0850392190815945,0.0326461113106963,"UNCHANGED","REUSED_VALIDATED_POINT_NETWORK"
"EDGE_2024_VCF0879a_VCF0894",2024,"VCF0879a","VCF0894",0.117685330392291,TRUE,"S09_D19_MODE","ALL_INTERNET",TRUE,0.116618987788328,0.00106634260396313,"UNCHANGED","ESTIMABLE_WITH_WARNINGS"
"EDGE_2024_VCF0879a_VCF9223",2024,"VCF0879a","VCF9223",0.256573200491974,TRUE,"S09_D11","PAIRWISE_AVAILABLE",TRUE,0.254782662259753,0.00179053823222058,"UNCHANGED","ESTIMABLE_WITH_WARNINGS"
"EDGE_2024_VCF0879a_VCF9223",2024,"VCF0879a","VCF9223",0.256573200491974,TRUE,"S09_D20A_GAMMA","GAMMA_025",TRUE,0.256573200491974,0,"UNCHANGED","ESTIMABLE_WITH_WARNINGS"
"EDGE_2024_VCF0879a_VCF9223",2024,"VCF0879a","VCF9223",0.256573200491974,TRUE,"S09_D20A_NO_VCF0839","NO_VCF0839",TRUE,0.256681504596511,0.000108304104537105,"UNCHANGED","ESTIMABLE_WITH_WARNINGS"
"EDGE_2024_VCF0879a_VCF9223",2024,"VCF0879a","VCF9223",0.256573200491974,TRUE,"S09_D15_WEIGHT","W_CDF",TRUE,0.245911880773344,0.0106613197186295,"UNCHANGED","REUSED_VALIDATED_POINT_NETWORK"
"EDGE_2024_VCF0879a_VCF9223",2024,"VCF0879a","VCF9223",0.256573200491974,TRUE,"S09_D15_WEIGHT","W_POST_COMPAT",TRUE,0.236587235697986,0.0199859647939872,"UNCHANGED","REUSED_VALIDATED_POINT_NETWORK"
"EDGE_2024_VCF0879a_VCF9223",2024,"VCF0879a","VCF9223",0.256573200491974,TRUE,"S09_D19_MODE","ALL_INTERNET",TRUE,0.248079614339041,0.00849358615293225,"UNCHANGED","ESTIMABLE_WITH_WARNINGS"
"EDGE_2024_VCF0888_VCF0890",2024,"VCF0888","VCF0890",0.202850964978324,TRUE,"S09_D11","PAIRWISE_AVAILABLE",TRUE,0.241699596001673,0.0388486310233497,"UNCHANGED","ESTIMABLE_WITH_WARNINGS"
"EDGE_2024_VCF0888_VCF0890",2024,"VCF0888","VCF0890",0.202850964978324,TRUE,"S09_D20A_GAMMA","GAMMA_025",TRUE,0.202850964978324,0,"UNCHANGED","ESTIMABLE_WITH_WARNINGS"
"EDGE_2024_VCF0888_VCF0890",2024,"VCF0888","VCF0890",0.202850964978324,TRUE,"S09_D20A_NO_VCF0839","NO_VCF0839",TRUE,0.200185225121808,0.00266573985651553,"UNCHANGED","ESTIMABLE_WITH_WARNINGS"
"EDGE_2024_VCF0888_VCF0890",2024,"VCF0888","VCF0890",0.202850964978324,TRUE,"S09_D15_WEIGHT","W_CDF",TRUE,0.201827511821336,0.00102345315698749,"UNCHANGED","REUSED_VALIDATED_POINT_NETWORK"
"EDGE_2024_VCF0888_VCF0890",2024,"VCF0888","VCF0890",0.202850964978324,TRUE,"S09_D15_WEIGHT","W_POST_COMPAT",TRUE,0.190854935744851,0.0119960292334723,"UNCHANGED","REUSED_VALIDATED_POINT_NETWORK"
"EDGE_2024_VCF0888_VCF0890",2024,"VCF0888","VCF0890",0.202850964978324,TRUE,"S09_D19_MODE","ALL_INTERNET",TRUE,0.201998710690873,0.000852254287450172,"UNCHANGED","ESTIMABLE_WITH_WARNINGS"
"EDGE_2024_VCF0888_VCF0894",2024,"VCF0888","VCF0894",-0.0305512817079149,TRUE,"S09_D11","PAIRWISE_AVAILABLE",TRUE,-0.0417303055832298,0.0111790238753149,"UNCHANGED","ESTIMABLE_WITH_WARNINGS"
"EDGE_2024_VCF0888_VCF0894",2024,"VCF0888","VCF0894",-0.0305512817079149,TRUE,"S09_D20A_GAMMA","GAMMA_025",TRUE,-0.0305512817079149,0,"UNCHANGED","ESTIMABLE_WITH_WARNINGS"
"EDGE_2024_VCF0888_VCF0894",2024,"VCF0888","VCF0894",-0.0305512817079149,TRUE,"S09_D20A_NO_VCF0839","NO_VCF0839",TRUE,-0.0405475293380369,0.00999624763012201,"UNCHANGED","ESTIMABLE_WITH_WARNINGS"
"EDGE_2024_VCF0888_VCF0894",2024,"VCF0888","VCF0894",-0.0305512817079149,TRUE,"S09_D15_WEIGHT","W_CDF",TRUE,0,0.0305512817079149,"CHANGED","REUSED_VALIDATED_POINT_NETWORK"
"EDGE_2024_VCF0888_VCF0894",2024,"VCF0888","VCF0894",-0.0305512817079149,TRUE,"S09_D15_WEIGHT","W_POST_COMPAT",TRUE,0,0.0305512817079149,"CHANGED","REUSED_VALIDATED_POINT_NETWORK"
"EDGE_2024_VCF0888_VCF0894",2024,"VCF0888","VCF0894",-0.0305512817079149,TRUE,"S09_D19_MODE","ALL_INTERNET",TRUE,-0.0329326863128738,0.00238140460495897,"UNCHANGED","ESTIMABLE_WITH_WARNINGS"
"EDGE_2024_VCF0888_VCF9223",2024,"VCF0888","VCF9223",-0.145761836891145,TRUE,"S09_D11","PAIRWISE_AVAILABLE",TRUE,-0.129628316246173,0.0161335206449727,"UNCHANGED","ESTIMABLE_WITH_WARNINGS"
"EDGE_2024_VCF0888_VCF9223",2024,"VCF0888","VCF9223",-0.145761836891145,TRUE,"S09_D20A_GAMMA","GAMMA_025",TRUE,-0.145761836891145,0,"UNCHANGED","ESTIMABLE_WITH_WARNINGS"
"EDGE_2024_VCF0888_VCF9223",2024,"VCF0888","VCF9223",-0.145761836891145,TRUE,"S09_D20A_NO_VCF0839","NO_VCF0839",TRUE,-0.146271488383801,0.000509651492655916,"UNCHANGED","ESTIMABLE_WITH_WARNINGS"
"EDGE_2024_VCF0888_VCF9223",2024,"VCF0888","VCF9223",-0.145761836891145,TRUE,"S09_D15_WEIGHT","W_CDF",TRUE,-0.152806264824361,0.00704442793321605,"UNCHANGED","REUSED_VALIDATED_POINT_NETWORK"
"EDGE_2024_VCF0888_VCF9223",2024,"VCF0888","VCF9223",-0.145761836891145,TRUE,"S09_D15_WEIGHT","W_POST_COMPAT",TRUE,-0.157957512402456,0.0121956755113107,"UNCHANGED","REUSED_VALIDATED_POINT_NETWORK"
"EDGE_2024_VCF0888_VCF9223",2024,"VCF0888","VCF9223",-0.145761836891145,TRUE,"S09_D19_MODE","ALL_INTERNET",TRUE,-0.141979460919142,0.00378237597200307,"UNCHANGED","ESTIMABLE_WITH_WARNINGS"
"EDGE_2024_VCF0890_VCF0894",2024,"VCF0890","VCF0894",0.24336732785639,TRUE,"S09_D11","PAIRWISE_AVAILABLE",TRUE,0.221610954775949,0.0217563730804411,"UNCHANGED","ESTIMABLE_WITH_WARNINGS"
"EDGE_2024_VCF0890_VCF0894",2024,"VCF0890","VCF0894",0.24336732785639,TRUE,"S09_D20A_GAMMA","GAMMA_025",TRUE,0.24336732785639,0,"UNCHANGED","ESTIMABLE_WITH_WARNINGS"
"EDGE_2024_VCF0890_VCF0894",2024,"VCF0890","VCF0894",0.24336732785639,TRUE,"S09_D20A_NO_VCF0839","NO_VCF0839",TRUE,0.31753868327705,0.0741713554206601,"UNCHANGED","ESTIMABLE_WITH_WARNINGS"
"EDGE_2024_VCF0890_VCF0894",2024,"VCF0890","VCF0894",0.24336732785639,TRUE,"S09_D15_WEIGHT","W_CDF",TRUE,0.216451374779712,0.0269159530766774,"UNCHANGED","REUSED_VALIDATED_POINT_NETWORK"
"EDGE_2024_VCF0890_VCF0894",2024,"VCF0890","VCF0894",0.24336732785639,TRUE,"S09_D15_WEIGHT","W_POST_COMPAT",TRUE,0.207341343705155,0.0360259841512347,"UNCHANGED","REUSED_VALIDATED_POINT_NETWORK"
"EDGE_2024_VCF0890_VCF0894",2024,"VCF0890","VCF0894",0.24336732785639,TRUE,"S09_D19_MODE","ALL_INTERNET",TRUE,0.214291035152327,0.0290762927040629,"UNCHANGED","ESTIMABLE_WITH_WARNINGS"
"EDGE_2024_VCF0890_VCF9223",2024,"VCF0890","VCF9223",0.0975600014349317,TRUE,"S09_D11","PAIRWISE_AVAILABLE",TRUE,0.0856162369315422,0.0119437645033895,"UNCHANGED","ESTIMABLE_WITH_WARNINGS"
"EDGE_2024_VCF0890_VCF9223",2024,"VCF0890","VCF9223",0.0975600014349317,TRUE,"S09_D20A_GAMMA","GAMMA_025",TRUE,0.0975600014349317,0,"UNCHANGED","ESTIMABLE_WITH_WARNINGS"
"EDGE_2024_VCF0890_VCF9223",2024,"VCF0890","VCF9223",0.0975600014349317,TRUE,"S09_D20A_NO_VCF0839","NO_VCF0839",TRUE,0.102620937377202,0.00506093594227042,"UNCHANGED","ESTIMABLE_WITH_WARNINGS"
"EDGE_2024_VCF0890_VCF9223",2024,"VCF0890","VCF9223",0.0975600014349317,TRUE,"S09_D15_WEIGHT","W_CDF",TRUE,0.0638632587182889,0.0336967427166428,"UNCHANGED","REUSED_VALIDATED_POINT_NETWORK"
"EDGE_2024_VCF0890_VCF9223",2024,"VCF0890","VCF9223",0.0975600014349317,TRUE,"S09_D15_WEIGHT","W_POST_COMPAT",TRUE,0.0629779760721518,0.0345820253627799,"UNCHANGED","REUSED_VALIDATED_POINT_NETWORK"
"EDGE_2024_VCF0890_VCF9223",2024,"VCF0890","VCF9223",0.0975600014349317,TRUE,"S09_D19_MODE","ALL_INTERNET",TRUE,0.116379875700117,0.0188198742651856,"UNCHANGED","ESTIMABLE_WITH_WARNINGS"
"EDGE_2024_VCF0894_VCF9223",2024,"VCF0894","VCF9223",0.0723685538416249,TRUE,"S09_D11","PAIRWISE_AVAILABLE",TRUE,0.0690037392362043,0.00336481460542054,"UNCHANGED","ESTIMABLE_WITH_WARNINGS"
"EDGE_2024_VCF0894_VCF9223",2024,"VCF0894","VCF9223",0.0723685538416249,TRUE,"S09_D20A_GAMMA","GAMMA_025",TRUE,0.0723685538416249,0,"UNCHANGED","ESTIMABLE_WITH_WARNINGS"
"EDGE_2024_VCF0894_VCF9223",2024,"VCF0894","VCF9223",0.0723685538416249,TRUE,"S09_D20A_NO_VCF0839","NO_VCF0839",TRUE,0.074954295662284,0.0025857418206591,"UNCHANGED","ESTIMABLE_WITH_WARNINGS"
"EDGE_2024_VCF0894_VCF9223",2024,"VCF0894","VCF9223",0.0723685538416249,TRUE,"S09_D15_WEIGHT","W_CDF",TRUE,0.146973813259606,0.0746052594179811,"UNCHANGED","REUSED_VALIDATED_POINT_NETWORK"
"EDGE_2024_VCF0894_VCF9223",2024,"VCF0894","VCF9223",0.0723685538416249,TRUE,"S09_D15_WEIGHT","W_POST_COMPAT",TRUE,0.140446119462199,0.0680775656205737,"UNCHANGED","REUSED_VALIDATED_POINT_NETWORK"
"EDGE_2024_VCF0894_VCF9223",2024,"VCF0894","VCF9223",0.0723685538416249,TRUE,"S09_D19_MODE","ALL_INTERNET",TRUE,0.076439959852633,0.0040714060110081,"UNCHANGED","ESTIMABLE_WITH_WARNINGS"
