"Wave","Pair_index","Node_1","Node_2","Level_1","Level_2","Cell_N","Pairwise_N","Zero_cell","Cell_1_to_4"
2012,1,"VCF0806","VCF0809","1","1",214,3062,FALSE,FALSE
2012,1,"VCF0806","VCF0809","2","1",93,3062,FALSE,FALSE
2012,1,"VCF0806","VCF0809","3","1",53,3062,FALSE,FALSE
2012,1,"VCF0806","VCF0809","4","1",23,3062,FALSE,FALSE
2012,1,"VCF0806","VCF0809","5","1",10,3062,FALSE,FALSE
2012,1,"VCF0806","VCF0809","6","1",9,3062,FALSE,FALSE
2012,1,"VCF0806","VCF0809","7","1",14,3062,FALSE,FALSE
2012,1,"VCF0806","VCF0809","1","2",125,3062,FALSE,FALSE
2012,1,"VCF0806","VCF0809","2","2",175,3062,FALSE,FALSE
2012,1,"VCF0806","VCF0809","3","2",91,3062,FALSE,FALSE
2012,1,"VCF0806","VCF0809","4","2",73,3062,FALSE,FALSE
2012,1,"VCF0806","VCF0809","5","2",24,3062,FALSE,FALSE
2012,1,"VCF0806","VCF0809","6","2",22,3062,FALSE,FALSE
2012,1,"VCF0806","VCF0809","7","2",25,3062,FALSE,FALSE
2012,1,"VCF0806","VCF0809","1","3",54,3062,FALSE,FALSE
2012,1,"VCF0806","VCF0809","2","3",91,3062,FALSE,FALSE
2012,1,"VCF0806","VCF0809","3","3",109,3062,FALSE,FALSE
2012,1,"VCF0806","VCF0809","4","3",94,3062,FALSE,FALSE
2012,1,"VCF0806","VCF0809","5","3",53,3062,FALSE,FALSE
2012,1,"VCF0806","VCF0809","6","3",34,3062,FALSE,FALSE
2012,1,"VCF0806","VCF0809","7","3",23,3062,FALSE,FALSE
2012,1,"VCF0806","VCF0809","1","4",26,3062,FALSE,FALSE
2012,1,"VCF0806","VCF0809","2","4",73,3062,FALSE,FALSE
2012,1,"VCF0806","VCF0809","3","4",90,3062,FALSE,FALSE
2012,1,"VCF0806","VCF0809","4","4",250,3062,FALSE,FALSE
2012,1,"VCF0806","VCF0809","5","4",116,3062,FALSE,FALSE
2012,1,"VCF0806","VCF0809","6","4",90,3062,FALSE,FALSE
2012,1,"VCF0806","VCF0809","7","4",77,3062,FALSE,FALSE
2012,1,"VCF0806","VCF0809","1","5",17,3062,FALSE,FALSE
2012,1,"VCF0806","VCF0809","2","5",36,3062,FALSE,FALSE
2012,1,"VCF0806","VCF0809","3","5",38,3062,FALSE,FALSE
2012,1,"VCF0806","VCF0809","4","5",85,3062,FALSE,FALSE
2012,1,"VCF0806","VCF0809","5","5",82,3062,FALSE,FALSE
2012,1,"VCF0806","VCF0809","6","5",85,3062,FALSE,FALSE
2012,1,"VCF0806","VCF0809","7","5",73,3062,FALSE,FALSE
2012,1,"VCF0806","VCF0809","1","6",13,3062,FALSE,FALSE
2012,1,"VCF0806","VCF0809","2","6",19,3062,FALSE,FALSE
2012,1,"VCF0806","VCF0809","3","6",28,3062,FALSE,FALSE
2012,1,"VCF0806","VCF0809","4","6",36,3062,FALSE,FALSE
2012,1,"VCF0806","VCF0809","5","6",44,3062,FALSE,FALSE
2012,1,"VCF0806","VCF0809","6","6",69,3062,FALSE,FALSE
2012,1,"VCF0806","VCF0809","7","6",81,3062,FALSE,FALSE
2012,1,"VCF0806","VCF0809","1","7",20,3062,FALSE,FALSE
2012,1,"VCF0806","VCF0809","2","7",9,3062,FALSE,FALSE
2012,1,"VCF0806","VCF0809","3","7",10,3062,FALSE,FALSE
2012,1,"VCF0806","VCF0809","4","7",27,3062,FALSE,FALSE
2012,1,"VCF0806","VCF0809","5","7",18,3062,FALSE,FALSE
2012,1,"VCF0806","VCF0809","6","7",20,3062,FALSE,FALSE
2012,1,"VCF0806","VCF0809","7","7",121,3062,FALSE,FALSE
2012,2,"VCF0806","VCF0838","1","1",101,3062,FALSE,FALSE
2012,2,"VCF0806","VCF0838","2","1",60,3062,FALSE,FALSE
2012,2,"VCF0806","VCF0838","3","1",40,3062,FALSE,FALSE
2012,2,"VCF0806","VCF0838","4","1",63,3062,FALSE,FALSE
2012,2,"VCF0806","VCF0838","5","1",23,3062,FALSE,FALSE
2012,2,"VCF0806","VCF0838","6","1",14,3062,FALSE,FALSE
2012,2,"VCF0806","VCF0838","7","1",21,3062,FALSE,FALSE
2012,2,"VCF0806","VCF0838","1","2",168,3062,FALSE,FALSE
2012,2,"VCF0806","VCF0838","2","2",184,3062,FALSE,FALSE
2012,2,"VCF0806","VCF0838","3","2",143,3062,FALSE,FALSE
2012,2,"VCF0806","VCF0838","4","2",147,3062,FALSE,FALSE
2012,2,"VCF0806","VCF0838","5","2",72,3062,FALSE,FALSE
2012,2,"VCF0806","VCF0838","6","2",51,3062,FALSE,FALSE
2012,2,"VCF0806","VCF0838","7","2",63,3062,FALSE,FALSE
2012,2,"VCF0806","VCF0838","1","3",62,3062,FALSE,FALSE
2012,2,"VCF0806","VCF0838","2","3",94,3062,FALSE,FALSE
2012,2,"VCF0806","VCF0838","3","3",69,3062,FALSE,FALSE
2012,2,"VCF0806","VCF0838","4","3",85,3062,FALSE,FALSE
2012,2,"VCF0806","VCF0838","5","3",58,3062,FALSE,FALSE
2012,2,"VCF0806","VCF0838","6","3",50,3062,FALSE,FALSE
2012,2,"VCF0806","VCF0838","7","3",46,3062,FALSE,FALSE
2012,2,"VCF0806","VCF0838","1","4",138,3062,FALSE,FALSE
2012,2,"VCF0806","VCF0838","2","4",158,3062,FALSE,FALSE
2012,2,"VCF0806","VCF0838","3","4",167,3062,FALSE,FALSE
2012,2,"VCF0806","VCF0838","4","4",293,3062,FALSE,FALSE
2012,2,"VCF0806","VCF0838","5","4",194,3062,FALSE,FALSE
2012,2,"VCF0806","VCF0838","6","4",214,3062,FALSE,FALSE
2012,2,"VCF0806","VCF0838","7","4",284,3062,FALSE,FALSE
2012,3,"VCF0806","VCF0839","1","1",175,3062,FALSE,FALSE
2012,3,"VCF0806","VCF0839","2","1",72,3062,FALSE,FALSE
2012,3,"VCF0806","VCF0839","3","1",18,3062,FALSE,FALSE
2012,3,"VCF0806","VCF0839","4","1",17,3062,FALSE,FALSE
2012,3,"VCF0806","VCF0839","5","1",6,3062,FALSE,FALSE
2012,3,"VCF0806","VCF0839","6","1",2,3062,FALSE,TRUE
2012,3,"VCF0806","VCF0839","7","1",8,3062,FALSE,FALSE
2012,3,"VCF0806","VCF0839","1","2",157,3062,FALSE,FALSE
2012,3,"VCF0806","VCF0839","2","2",157,3062,FALSE,FALSE
2012,3,"VCF0806","VCF0839","3","2",93,3062,FALSE,FALSE
2012,3,"VCF0806","VCF0839","4","2",52,3062,FALSE,FALSE
2012,3,"VCF0806","VCF0839","5","2",19,3062,FALSE,FALSE
2012,3,"VCF0806","VCF0839","6","2",20,3062,FALSE,FALSE
2012,3,"VCF0806","VCF0839","7","2",16,3062,FALSE,FALSE
2012,3,"VCF0806","VCF0839","1","3",61,3062,FALSE,FALSE
2012,3,"VCF0806","VCF0839","2","3",140,3062,FALSE,FALSE
2012,3,"VCF0806","VCF0839","3","3",116,3062,FALSE,FALSE
2012,3,"VCF0806","VCF0839","4","3",111,3062,FALSE,FALSE
2012,3,"VCF0806","VCF0839","5","3",58,3062,FALSE,FALSE
2012,3,"VCF0806","VCF0839","6","3",28,3062,FALSE,FALSE
2012,3,"VCF0806","VCF0839","7","3",21,3062,FALSE,FALSE
2012,3,"VCF0806","VCF0839","1","4",39,3062,FALSE,FALSE
2012,3,"VCF0806","VCF0839","2","4",64,3062,FALSE,FALSE
2012,3,"VCF0806","VCF0839","3","4",100,3062,FALSE,FALSE
2012,3,"VCF0806","VCF0839","4","4",264,3062,FALSE,FALSE
2012,3,"VCF0806","VCF0839","5","4",120,3062,FALSE,FALSE
2012,3,"VCF0806","VCF0839","6","4",100,3062,FALSE,FALSE
2012,3,"VCF0806","VCF0839","7","4",87,3062,FALSE,FALSE
2012,3,"VCF0806","VCF0839","1","5",8,3062,FALSE,FALSE
2012,3,"VCF0806","VCF0839","2","5",45,3062,FALSE,FALSE
2012,3,"VCF0806","VCF0839","3","5",70,3062,FALSE,FALSE
2012,3,"VCF0806","VCF0839","4","5",85,3062,FALSE,FALSE
2012,3,"VCF0806","VCF0839","5","5",105,3062,FALSE,FALSE
2012,3,"VCF0806","VCF0839","6","5",118,3062,FALSE,FALSE
2012,3,"VCF0806","VCF0839","7","5",114,3062,FALSE,FALSE
2012,3,"VCF0806","VCF0839","1","6",9,3062,FALSE,FALSE
2012,3,"VCF0806","VCF0839","2","6",13,3062,FALSE,FALSE
2012,3,"VCF0806","VCF0839","3","6",15,3062,FALSE,FALSE
2012,3,"VCF0806","VCF0839","4","6",40,3062,FALSE,FALSE
2012,3,"VCF0806","VCF0839","5","6",34,3062,FALSE,FALSE
2012,3,"VCF0806","VCF0839","6","6",46,3062,FALSE,FALSE
2012,3,"VCF0806","VCF0839","7","6",94,3062,FALSE,FALSE
2012,3,"VCF0806","VCF0839","1","7",20,3062,FALSE,FALSE
2012,3,"VCF0806","VCF0839","2","7",5,3062,FALSE,FALSE
2012,3,"VCF0806","VCF0839","3","7",7,3062,FALSE,FALSE
2012,3,"VCF0806","VCF0839","4","7",19,3062,FALSE,FALSE
2012,3,"VCF0806","VCF0839","5","7",5,3062,FALSE,FALSE
2012,3,"VCF0806","VCF0839","6","7",15,3062,FALSE,FALSE
2012,3,"VCF0806","VCF0839","7","7",74,3062,FALSE,FALSE
2012,4,"VCF0806","VCF0879a","1","1",248,3062,FALSE,FALSE
2012,4,"VCF0806","VCF0879a","2","1",252,3062,FALSE,FALSE
2012,4,"VCF0806","VCF0879a","3","1",216,3062,FALSE,FALSE
2012,4,"VCF0806","VCF0879a","4","1",246,3062,FALSE,FALSE
2012,4,"VCF0806","VCF0879a","5","1",134,3062,FALSE,FALSE
2012,4,"VCF0806","VCF0879a","6","1",125,3062,FALSE,FALSE
2012,4,"VCF0806","VCF0879a","7","1",136,3062,FALSE,FALSE
2012,4,"VCF0806","VCF0879a","1","3",167,3062,FALSE,FALSE
2012,4,"VCF0806","VCF0879a","2","3",193,3062,FALSE,FALSE
2012,4,"VCF0806","VCF0879a","3","3",166,3062,FALSE,FALSE
2012,4,"VCF0806","VCF0879a","4","3",266,3062,FALSE,FALSE
2012,4,"VCF0806","VCF0879a","5","3",157,3062,FALSE,FALSE
2012,4,"VCF0806","VCF0879a","6","3",144,3062,FALSE,FALSE
2012,4,"VCF0806","VCF0879a","7","3",153,3062,FALSE,FALSE
2012,4,"VCF0806","VCF0879a","1","5",54,3062,FALSE,FALSE
2012,4,"VCF0806","VCF0879a","2","5",51,3062,FALSE,FALSE
2012,4,"VCF0806","VCF0879a","3","5",37,3062,FALSE,FALSE
2012,4,"VCF0806","VCF0879a","4","5",76,3062,FALSE,FALSE
2012,4,"VCF0806","VCF0879a","5","5",56,3062,FALSE,FALSE
2012,4,"VCF0806","VCF0879a","6","5",60,3062,FALSE,FALSE
2012,4,"VCF0806","VCF0879a","7","5",125,3062,FALSE,FALSE
2012,5,"VCF0806","VCF0888","1","1",74,3062,FALSE,FALSE
2012,5,"VCF0806","VCF0888","2","1",55,3062,FALSE,FALSE
2012,5,"VCF0806","VCF0888","3","1",25,3062,FALSE,FALSE
2012,5,"VCF0806","VCF0888","4","1",34,3062,FALSE,FALSE
2012,5,"VCF0806","VCF0888","5","1",18,3062,FALSE,FALSE
2012,5,"VCF0806","VCF0888","6","1",28,3062,FALSE,FALSE
2012,5,"VCF0806","VCF0888","7","1",54,3062,FALSE,FALSE
2012,5,"VCF0806","VCF0888","1","2",220,3062,FALSE,FALSE
2012,5,"VCF0806","VCF0888","2","2",239,3062,FALSE,FALSE
2012,5,"VCF0806","VCF0888","3","2",198,3062,FALSE,FALSE
2012,5,"VCF0806","VCF0888","4","2",267,3062,FALSE,FALSE
2012,5,"VCF0806","VCF0888","5","2",157,3062,FALSE,FALSE
2012,5,"VCF0806","VCF0888","6","2",140,3062,FALSE,FALSE
2012,5,"VCF0806","VCF0888","7","2",164,3062,FALSE,FALSE
2012,5,"VCF0806","VCF0888","1","3",175,3062,FALSE,FALSE
2012,5,"VCF0806","VCF0888","2","3",202,3062,FALSE,FALSE
2012,5,"VCF0806","VCF0888","3","3",196,3062,FALSE,FALSE
2012,5,"VCF0806","VCF0888","4","3",287,3062,FALSE,FALSE
2012,5,"VCF0806","VCF0888","5","3",172,3062,FALSE,FALSE
2012,5,"VCF0806","VCF0888","6","3",161,3062,FALSE,FALSE
2012,5,"VCF0806","VCF0888","7","3",196,3062,FALSE,FALSE
2012,6,"VCF0806","VCF0890","1","1",174,3062,FALSE,FALSE
2012,6,"VCF0806","VCF0890","2","1",117,3062,FALSE,FALSE
2012,6,"VCF0806","VCF0890","3","1",54,3062,FALSE,FALSE
2012,6,"VCF0806","VCF0890","4","1",34,3062,FALSE,FALSE
2012,6,"VCF0806","VCF0890","5","1",16,3062,FALSE,FALSE
2012,6,"VCF0806","VCF0890","6","1",11,3062,FALSE,FALSE
2012,6,"VCF0806","VCF0890","7","1",21,3062,FALSE,FALSE
2012,6,"VCF0806","VCF0890","1","2",143,3062,FALSE,FALSE
2012,6,"VCF0806","VCF0890","2","2",184,3062,FALSE,FALSE
2012,6,"VCF0806","VCF0890","3","2",162,3062,FALSE,FALSE
2012,6,"VCF0806","VCF0890","4","2",205,3062,FALSE,FALSE
2012,6,"VCF0806","VCF0890","5","2",92,3062,FALSE,FALSE
2012,6,"VCF0806","VCF0890","6","2",66,3062,FALSE,FALSE
2012,6,"VCF0806","VCF0890","7","2",81,3062,FALSE,FALSE
2012,6,"VCF0806","VCF0890","1","3",152,3062,FALSE,FALSE
2012,6,"VCF0806","VCF0890","2","3",195,3062,FALSE,FALSE
2012,6,"VCF0806","VCF0890","3","3",203,3062,FALSE,FALSE
2012,6,"VCF0806","VCF0890","4","3",349,3062,FALSE,FALSE
2012,6,"VCF0806","VCF0890","5","3",239,3062,FALSE,FALSE
2012,6,"VCF0806","VCF0890","6","3",252,3062,FALSE,FALSE
2012,6,"VCF0806","VCF0890","7","3",312,3062,FALSE,FALSE
2012,7,"VCF0806","VCF0894","1","1",386,3062,FALSE,FALSE
2012,7,"VCF0806","VCF0894","2","1",375,3062,FALSE,FALSE
2012,7,"VCF0806","VCF0894","3","1",247,3062,FALSE,FALSE
2012,7,"VCF0806","VCF0894","4","1",230,3062,FALSE,FALSE
2012,7,"VCF0806","VCF0894","5","1",88,3062,FALSE,FALSE
2012,7,"VCF0806","VCF0894","6","1",79,3062,FALSE,FALSE
2012,7,"VCF0806","VCF0894","7","1",76,3062,FALSE,FALSE
2012,7,"VCF0806","VCF0894","1","2",64,3062,FALSE,FALSE
2012,7,"VCF0806","VCF0894","2","2",104,3062,FALSE,FALSE
2012,7,"VCF0806","VCF0894","3","2",150,3062,FALSE,FALSE
2012,7,"VCF0806","VCF0894","4","2",296,3062,FALSE,FALSE
2012,7,"VCF0806","VCF0894","5","2",210,3062,FALSE,FALSE
2012,7,"VCF0806","VCF0894","6","2",193,3062,FALSE,FALSE
2012,7,"VCF0806","VCF0894","7","2",214,3062,FALSE,FALSE
2012,7,"VCF0806","VCF0894","1","3",19,3062,FALSE,FALSE
2012,7,"VCF0806","VCF0894","2","3",17,3062,FALSE,FALSE
2012,7,"VCF0806","VCF0894","3","3",22,3062,FALSE,FALSE
2012,7,"VCF0806","VCF0894","4","3",62,3062,FALSE,FALSE
2012,7,"VCF0806","VCF0894","5","3",49,3062,FALSE,FALSE
2012,7,"VCF0806","VCF0894","6","3",57,3062,FALSE,FALSE
2012,7,"VCF0806","VCF0894","7","3",124,3062,FALSE,FALSE
2012,8,"VCF0806","VCF9223","1","1",135,3062,FALSE,FALSE
2012,8,"VCF0806","VCF9223","2","1",90,3062,FALSE,FALSE
2012,8,"VCF0806","VCF9223","3","1",70,3062,FALSE,FALSE
2012,8,"VCF0806","VCF9223","4","1",96,3062,FALSE,FALSE
2012,8,"VCF0806","VCF9223","5","1",41,3062,FALSE,FALSE
2012,8,"VCF0806","VCF9223","6","1",37,3062,FALSE,FALSE
2012,8,"VCF0806","VCF9223","7","1",71,3062,FALSE,FALSE
2012,8,"VCF0806","VCF9223","1","2",92,3062,FALSE,FALSE
2012,8,"VCF0806","VCF9223","2","2",126,3062,FALSE,FALSE
2012,8,"VCF0806","VCF9223","3","2",85,3062,FALSE,FALSE
2012,8,"VCF0806","VCF9223","4","2",108,3062,FALSE,FALSE
2012,8,"VCF0806","VCF9223","5","2",50,3062,FALSE,FALSE
2012,8,"VCF0806","VCF9223","6","2",73,3062,FALSE,FALSE
2012,8,"VCF0806","VCF9223","7","2",43,3062,FALSE,FALSE
2012,8,"VCF0806","VCF9223","1","3",180,3062,FALSE,FALSE
2012,8,"VCF0806","VCF9223","2","3",216,3062,FALSE,FALSE
2012,8,"VCF0806","VCF9223","3","3",206,3062,FALSE,FALSE
2012,8,"VCF0806","VCF9223","4","3",286,3062,FALSE,FALSE
2012,8,"VCF0806","VCF9223","5","3",173,3062,FALSE,FALSE
2012,8,"VCF0806","VCF9223","6","3",146,3062,FALSE,FALSE
2012,8,"VCF0806","VCF9223","7","3",149,3062,FALSE,FALSE
2012,8,"VCF0806","VCF9223","1","4",62,3062,FALSE,FALSE
2012,8,"VCF0806","VCF9223","2","4",64,3062,FALSE,FALSE
2012,8,"VCF0806","VCF9223","3","4",58,3062,FALSE,FALSE
2012,8,"VCF0806","VCF9223","4","4",98,3062,FALSE,FALSE
2012,8,"VCF0806","VCF9223","5","4",83,3062,FALSE,FALSE
2012,8,"VCF0806","VCF9223","6","4",73,3062,FALSE,FALSE
2012,8,"VCF0806","VCF9223","7","4",151,3062,FALSE,FALSE
2012,9,"VCF0809","VCF0838","1","1",86,3062,FALSE,FALSE
2012,9,"VCF0809","VCF0838","2","1",64,3062,FALSE,FALSE
2012,9,"VCF0809","VCF0838","3","1",41,3062,FALSE,FALSE
2012,9,"VCF0809","VCF0838","4","1",69,3062,FALSE,FALSE
2012,9,"VCF0809","VCF0838","5","1",31,3062,FALSE,FALSE
2012,9,"VCF0809","VCF0838","6","1",14,3062,FALSE,FALSE
2012,9,"VCF0809","VCF0838","7","1",17,3062,FALSE,FALSE
2012,9,"VCF0809","VCF0838","1","2",139,3062,FALSE,FALSE
2012,9,"VCF0809","VCF0838","2","2",187,3062,FALSE,FALSE
2012,9,"VCF0809","VCF0838","3","2",119,3062,FALSE,FALSE
2012,9,"VCF0809","VCF0838","4","2",164,3062,FALSE,FALSE
2012,9,"VCF0809","VCF0838","5","2",89,3062,FALSE,FALSE
2012,9,"VCF0809","VCF0838","6","2",64,3062,FALSE,FALSE
2012,9,"VCF0809","VCF0838","7","2",66,3062,FALSE,FALSE
2012,9,"VCF0809","VCF0838","1","3",54,3062,FALSE,FALSE
2012,9,"VCF0809","VCF0838","2","3",93,3062,FALSE,FALSE
2012,9,"VCF0809","VCF0838","3","3",82,3062,FALSE,FALSE
2012,9,"VCF0809","VCF0838","4","3",101,3062,FALSE,FALSE
2012,9,"VCF0809","VCF0838","5","3",65,3062,FALSE,FALSE
2012,9,"VCF0809","VCF0838","6","3",42,3062,FALSE,FALSE
2012,9,"VCF0809","VCF0838","7","3",27,3062,FALSE,FALSE
2012,9,"VCF0809","VCF0838","1","4",137,3062,FALSE,FALSE
2012,9,"VCF0809","VCF0838","2","4",191,3062,FALSE,FALSE
2012,9,"VCF0809","VCF0838","3","4",216,3062,FALSE,FALSE
2012,9,"VCF0809","VCF0838","4","4",388,3062,FALSE,FALSE
2012,9,"VCF0809","VCF0838","5","4",231,3062,FALSE,FALSE
2012,9,"VCF0809","VCF0838","6","4",170,3062,FALSE,FALSE
2012,9,"VCF0809","VCF0838","7","4",115,3062,FALSE,FALSE
2012,10,"VCF0809","VCF0839","1","1",166,3062,FALSE,FALSE
2012,10,"VCF0809","VCF0839","2","1",58,3062,FALSE,FALSE
2012,10,"VCF0809","VCF0839","3","1",27,3062,FALSE,FALSE
2012,10,"VCF0809","VCF0839","4","1",26,3062,FALSE,FALSE
2012,10,"VCF0809","VCF0839","5","1",8,3062,FALSE,FALSE
2012,10,"VCF0809","VCF0839","6","1",4,3062,FALSE,TRUE
2012,10,"VCF0809","VCF0839","7","1",9,3062,FALSE,FALSE
2012,10,"VCF0809","VCF0839","1","2",119,3062,FALSE,FALSE
2012,10,"VCF0809","VCF0839","2","2",199,3062,FALSE,FALSE
2012,10,"VCF0809","VCF0839","3","2",83,3062,FALSE,FALSE
2012,10,"VCF0809","VCF0839","4","2",61,3062,FALSE,FALSE
2012,10,"VCF0809","VCF0839","5","2",25,3062,FALSE,FALSE
2012,10,"VCF0809","VCF0839","6","2",20,3062,FALSE,FALSE
2012,10,"VCF0809","VCF0839","7","2",7,3062,FALSE,FALSE
2012,10,"VCF0809","VCF0839","1","3",67,3062,FALSE,FALSE
2012,10,"VCF0809","VCF0839","2","3",129,3062,FALSE,FALSE
2012,10,"VCF0809","VCF0839","3","3",134,3062,FALSE,FALSE
2012,10,"VCF0809","VCF0839","4","3",104,3062,FALSE,FALSE
2012,10,"VCF0809","VCF0839","5","3",56,3062,FALSE,FALSE
2012,10,"VCF0809","VCF0839","6","3",35,3062,FALSE,FALSE
2012,10,"VCF0809","VCF0839","7","3",10,3062,FALSE,FALSE
2012,10,"VCF0809","VCF0839","1","4",29,3062,FALSE,FALSE
2012,10,"VCF0809","VCF0839","2","4",86,3062,FALSE,FALSE
2012,10,"VCF0809","VCF0839","3","4",117,3062,FALSE,FALSE
2012,10,"VCF0809","VCF0839","4","4",302,3062,FALSE,FALSE
2012,10,"VCF0809","VCF0839","5","4",129,3062,FALSE,FALSE
2012,10,"VCF0809","VCF0839","6","4",59,3062,FALSE,FALSE
2012,10,"VCF0809","VCF0839","7","4",52,3062,FALSE,FALSE
2012,10,"VCF0809","VCF0839","1","5",18,3062,FALSE,FALSE
2012,10,"VCF0809","VCF0839","2","5",44,3062,FALSE,FALSE
2012,10,"VCF0809","VCF0839","3","5",75,3062,FALSE,FALSE
2012,10,"VCF0809","VCF0839","4","5",137,3062,FALSE,FALSE
2012,10,"VCF0809","VCF0839","5","5",131,3062,FALSE,FALSE
2012,10,"VCF0809","VCF0839","6","5",96,3062,FALSE,FALSE
2012,10,"VCF0809","VCF0839","7","5",44,3062,FALSE,FALSE
2012,10,"VCF0809","VCF0839","1","6",5,3062,FALSE,FALSE
2012,10,"VCF0809","VCF0839","2","6",13,3062,FALSE,FALSE
2012,10,"VCF0809","VCF0839","3","6",13,3062,FALSE,FALSE
2012,10,"VCF0809","VCF0839","4","6",69,3062,FALSE,FALSE
2012,10,"VCF0809","VCF0839","5","6",52,3062,FALSE,FALSE
2012,10,"VCF0809","VCF0839","6","6",55,3062,FALSE,FALSE
2012,10,"VCF0809","VCF0839","7","6",44,3062,FALSE,FALSE
2012,10,"VCF0809","VCF0839","1","7",12,3062,FALSE,FALSE
2012,10,"VCF0809","VCF0839","2","7",6,3062,FALSE,FALSE
2012,10,"VCF0809","VCF0839","3","7",9,3062,FALSE,FALSE
2012,10,"VCF0809","VCF0839","4","7",23,3062,FALSE,FALSE
2012,10,"VCF0809","VCF0839","5","7",15,3062,FALSE,FALSE
2012,10,"VCF0809","VCF0839","6","7",21,3062,FALSE,FALSE
2012,10,"VCF0809","VCF0839","7","7",59,3062,FALSE,FALSE
2012,11,"VCF0809","VCF0879a","1","1",212,3062,FALSE,FALSE
2012,11,"VCF0809","VCF0879a","2","1",268,3062,FALSE,FALSE
2012,11,"VCF0809","VCF0879a","3","1",206,3062,FALSE,FALSE
2012,11,"VCF0809","VCF0879a","4","1",283,3062,FALSE,FALSE
2012,11,"VCF0809","VCF0879a","5","1",169,3062,FALSE,FALSE
2012,11,"VCF0809","VCF0879a","6","1",114,3062,FALSE,FALSE
2012,11,"VCF0809","VCF0879a","7","1",105,3062,FALSE,FALSE
2012,11,"VCF0809","VCF0879a","1","3",158,3062,FALSE,FALSE
2012,11,"VCF0809","VCF0879a","2","3",213,3062,FALSE,FALSE
2012,11,"VCF0809","VCF0879a","3","3",189,3062,FALSE,FALSE
2012,11,"VCF0809","VCF0879a","4","3",335,3062,FALSE,FALSE
2012,11,"VCF0809","VCF0879a","5","3",166,3062,FALSE,FALSE
2012,11,"VCF0809","VCF0879a","6","3",111,3062,FALSE,FALSE
2012,11,"VCF0809","VCF0879a","7","3",74,3062,FALSE,FALSE
2012,11,"VCF0809","VCF0879a","1","5",46,3062,FALSE,FALSE
2012,11,"VCF0809","VCF0879a","2","5",54,3062,FALSE,FALSE
2012,11,"VCF0809","VCF0879a","3","5",63,3062,FALSE,FALSE
2012,11,"VCF0809","VCF0879a","4","5",104,3062,FALSE,FALSE
2012,11,"VCF0809","VCF0879a","5","5",81,3062,FALSE,FALSE
2012,11,"VCF0809","VCF0879a","6","5",65,3062,FALSE,FALSE
2012,11,"VCF0809","VCF0879a","7","5",46,3062,FALSE,FALSE
2012,12,"VCF0809","VCF0888","1","1",77,3062,FALSE,FALSE
2012,12,"VCF0809","VCF0888","2","1",58,3062,FALSE,FALSE
2012,12,"VCF0809","VCF0888","3","1",35,3062,FALSE,FALSE
2012,12,"VCF0809","VCF0888","4","1",47,3062,FALSE,FALSE
2012,12,"VCF0809","VCF0888","5","1",33,3062,FALSE,FALSE
2012,12,"VCF0809","VCF0888","6","1",23,3062,FALSE,FALSE
2012,12,"VCF0809","VCF0888","7","1",15,3062,FALSE,FALSE
2012,12,"VCF0809","VCF0888","1","2",189,3062,FALSE,FALSE
2012,12,"VCF0809","VCF0888","2","2",287,3062,FALSE,FALSE
2012,12,"VCF0809","VCF0888","3","2",212,3062,FALSE,FALSE
2012,12,"VCF0809","VCF0888","4","2",328,3062,FALSE,FALSE
2012,12,"VCF0809","VCF0888","5","2",188,3062,FALSE,FALSE
2012,12,"VCF0809","VCF0888","6","2",119,3062,FALSE,FALSE
2012,12,"VCF0809","VCF0888","7","2",62,3062,FALSE,FALSE
2012,12,"VCF0809","VCF0888","1","3",150,3062,FALSE,FALSE
2012,12,"VCF0809","VCF0888","2","3",190,3062,FALSE,FALSE
2012,12,"VCF0809","VCF0888","3","3",211,3062,FALSE,FALSE
2012,12,"VCF0809","VCF0888","4","3",347,3062,FALSE,FALSE
2012,12,"VCF0809","VCF0888","5","3",195,3062,FALSE,FALSE
2012,12,"VCF0809","VCF0888","6","3",148,3062,FALSE,FALSE
2012,12,"VCF0809","VCF0888","7","3",148,3062,FALSE,FALSE
2012,13,"VCF0809","VCF0890","1","1",174,3062,FALSE,FALSE
2012,13,"VCF0809","VCF0890","2","1",122,3062,FALSE,FALSE
2012,13,"VCF0809","VCF0890","3","1",55,3062,FALSE,FALSE
2012,13,"VCF0809","VCF0890","4","1",33,3062,FALSE,FALSE
2012,13,"VCF0809","VCF0890","5","1",21,3062,FALSE,FALSE
2012,13,"VCF0809","VCF0890","6","1",13,3062,FALSE,FALSE
2012,13,"VCF0809","VCF0890","7","1",9,3062,FALSE,FALSE
2012,13,"VCF0809","VCF0890","1","2",135,3062,FALSE,FALSE
2012,13,"VCF0809","VCF0890","2","2",201,3062,FALSE,FALSE
2012,13,"VCF0809","VCF0890","3","2",160,3062,FALSE,FALSE
2012,13,"VCF0809","VCF0890","4","2",233,3062,FALSE,FALSE
2012,13,"VCF0809","VCF0890","5","2",108,3062,FALSE,FALSE
2012,13,"VCF0809","VCF0890","6","2",70,3062,FALSE,FALSE
2012,13,"VCF0809","VCF0890","7","2",26,3062,FALSE,FALSE
2012,13,"VCF0809","VCF0890","1","3",107,3062,FALSE,FALSE
2012,13,"VCF0809","VCF0890","2","3",212,3062,FALSE,FALSE
2012,13,"VCF0809","VCF0890","3","3",243,3062,FALSE,FALSE
2012,13,"VCF0809","VCF0890","4","3",456,3062,FALSE,FALSE
2012,13,"VCF0809","VCF0890","5","3",287,3062,FALSE,FALSE
2012,13,"VCF0809","VCF0890","6","3",207,3062,FALSE,FALSE
2012,13,"VCF0809","VCF0890","7","3",190,3062,FALSE,FALSE
2012,14,"VCF0809","VCF0894","1","1",352,3062,FALSE,FALSE
2012,14,"VCF0809","VCF0894","2","1",385,3062,FALSE,FALSE
2012,14,"VCF0809","VCF0894","3","1",273,3062,FALSE,FALSE
2012,14,"VCF0809","VCF0894","4","1",219,3062,FALSE,FALSE
2012,14,"VCF0809","VCF0894","5","1",122,3062,FALSE,FALSE
2012,14,"VCF0809","VCF0894","6","1",81,3062,FALSE,FALSE
2012,14,"VCF0809","VCF0894","7","1",49,3062,FALSE,FALSE
2012,14,"VCF0809","VCF0894","1","2",53,3062,FALSE,FALSE
2012,14,"VCF0809","VCF0894","2","2",133,3062,FALSE,FALSE
2012,14,"VCF0809","VCF0894","3","2",159,3062,FALSE,FALSE
2012,14,"VCF0809","VCF0894","4","2",420,3062,FALSE,FALSE
2012,14,"VCF0809","VCF0894","5","2",228,3062,FALSE,FALSE
2012,14,"VCF0809","VCF0894","6","2",147,3062,FALSE,FALSE
2012,14,"VCF0809","VCF0894","7","2",91,3062,FALSE,FALSE
2012,14,"VCF0809","VCF0894","1","3",11,3062,FALSE,FALSE
2012,14,"VCF0809","VCF0894","2","3",17,3062,FALSE,FALSE
2012,14,"VCF0809","VCF0894","3","3",26,3062,FALSE,FALSE
2012,14,"VCF0809","VCF0894","4","3",83,3062,FALSE,FALSE
2012,14,"VCF0809","VCF0894","5","3",66,3062,FALSE,FALSE
2012,14,"VCF0809","VCF0894","6","3",62,3062,FALSE,FALSE
2012,14,"VCF0809","VCF0894","7","3",85,3062,FALSE,FALSE
2012,15,"VCF0809","VCF9223","1","1",116,3062,FALSE,FALSE
2012,15,"VCF0809","VCF9223","2","1",88,3062,FALSE,FALSE
2012,15,"VCF0809","VCF9223","3","1",67,3062,FALSE,FALSE
2012,15,"VCF0809","VCF9223","4","1",104,3062,FALSE,FALSE
2012,15,"VCF0809","VCF9223","5","1",54,3062,FALSE,FALSE
2012,15,"VCF0809","VCF9223","6","1",42,3062,FALSE,FALSE
2012,15,"VCF0809","VCF9223","7","1",69,3062,FALSE,FALSE
2012,15,"VCF0809","VCF9223","1","2",84,3062,FALSE,FALSE
2012,15,"VCF0809","VCF9223","2","2",130,3062,FALSE,FALSE
2012,15,"VCF0809","VCF9223","3","2",90,3062,FALSE,FALSE
2012,15,"VCF0809","VCF9223","4","2",107,3062,FALSE,FALSE
2012,15,"VCF0809","VCF9223","5","2",83,3062,FALSE,FALSE
2012,15,"VCF0809","VCF9223","6","2",51,3062,FALSE,FALSE
2012,15,"VCF0809","VCF9223","7","2",32,3062,FALSE,FALSE
2012,15,"VCF0809","VCF9223","1","3",159,3062,FALSE,FALSE
2012,15,"VCF0809","VCF9223","2","3",245,3062,FALSE,FALSE
2012,15,"VCF0809","VCF9223","3","3",218,3062,FALSE,FALSE
2012,15,"VCF0809","VCF9223","4","3",362,3062,FALSE,FALSE
2012,15,"VCF0809","VCF9223","5","3",176,3062,FALSE,FALSE
2012,15,"VCF0809","VCF9223","6","3",134,3062,FALSE,FALSE
2012,15,"VCF0809","VCF9223","7","3",62,3062,FALSE,FALSE
2012,15,"VCF0809","VCF9223","1","4",57,3062,FALSE,FALSE
2012,15,"VCF0809","VCF9223","2","4",72,3062,FALSE,FALSE
2012,15,"VCF0809","VCF9223","3","4",83,3062,FALSE,FALSE
2012,15,"VCF0809","VCF9223","4","4",149,3062,FALSE,FALSE
2012,15,"VCF0809","VCF9223","5","4",103,3062,FALSE,FALSE
2012,15,"VCF0809","VCF9223","6","4",63,3062,FALSE,FALSE
2012,15,"VCF0809","VCF9223","7","4",62,3062,FALSE,FALSE
2012,16,"VCF0838","VCF0839","1","1",61,3062,FALSE,FALSE
2012,16,"VCF0838","VCF0839","2","1",111,3062,FALSE,FALSE
2012,16,"VCF0838","VCF0839","3","1",38,3062,FALSE,FALSE
2012,16,"VCF0838","VCF0839","4","1",88,3062,FALSE,FALSE
2012,16,"VCF0838","VCF0839","1","2",81,3062,FALSE,FALSE
2012,16,"VCF0838","VCF0839","2","2",183,3062,FALSE,FALSE
2012,16,"VCF0838","VCF0839","3","2",84,3062,FALSE,FALSE
2012,16,"VCF0838","VCF0839","4","2",166,3062,FALSE,FALSE
2012,16,"VCF0838","VCF0839","1","3",48,3062,FALSE,FALSE
2012,16,"VCF0838","VCF0839","2","3",168,3062,FALSE,FALSE
2012,16,"VCF0838","VCF0839","3","3",107,3062,FALSE,FALSE
2012,16,"VCF0838","VCF0839","4","3",212,3062,FALSE,FALSE
2012,16,"VCF0838","VCF0839","1","4",67,3062,FALSE,FALSE
2012,16,"VCF0838","VCF0839","2","4",200,3062,FALSE,FALSE
2012,16,"VCF0838","VCF0839","3","4",97,3062,FALSE,FALSE
2012,16,"VCF0838","VCF0839","4","4",410,3062,FALSE,FALSE
2012,16,"VCF0838","VCF0839","1","5",34,3062,FALSE,FALSE
2012,16,"VCF0838","VCF0839","2","5",98,3062,FALSE,FALSE
2012,16,"VCF0838","VCF0839","3","5",78,3062,FALSE,FALSE
2012,16,"VCF0838","VCF0839","4","5",335,3062,FALSE,FALSE
2012,16,"VCF0838","VCF0839","1","6",13,3062,FALSE,FALSE
2012,16,"VCF0838","VCF0839","2","6",37,3062,FALSE,FALSE
2012,16,"VCF0838","VCF0839","3","6",42,3062,FALSE,FALSE
2012,16,"VCF0838","VCF0839","4","6",159,3062,FALSE,FALSE
2012,16,"VCF0838","VCF0839","1","7",18,3062,FALSE,FALSE
2012,16,"VCF0838","VCF0839","2","7",31,3062,FALSE,FALSE
2012,16,"VCF0838","VCF0839","3","7",18,3062,FALSE,FALSE
2012,16,"VCF0838","VCF0839","4","7",78,3062,FALSE,FALSE
2012,17,"VCF0838","VCF0879a","1","1",157,3062,FALSE,FALSE
2012,17,"VCF0838","VCF0879a","2","1",413,3062,FALSE,FALSE
2012,17,"VCF0838","VCF0879a","3","1",207,3062,FALSE,FALSE
2012,17,"VCF0838","VCF0879a","4","1",580,3062,FALSE,FALSE
2012,17,"VCF0838","VCF0879a","1","3",125,3062,FALSE,FALSE
2012,17,"VCF0838","VCF0879a","2","3",324,3062,FALSE,FALSE
2012,17,"VCF0838","VCF0879a","3","3",186,3062,FALSE,FALSE
2012,17,"VCF0838","VCF0879a","4","3",611,3062,FALSE,FALSE
2012,17,"VCF0838","VCF0879a","1","5",40,3062,FALSE,FALSE
2012,17,"VCF0838","VCF0879a","2","5",91,3062,FALSE,FALSE
2012,17,"VCF0838","VCF0879a","3","5",71,3062,FALSE,FALSE
2012,17,"VCF0838","VCF0879a","4","5",257,3062,FALSE,FALSE
2012,18,"VCF0838","VCF0888","1","1",34,3062,FALSE,FALSE
2012,18,"VCF0838","VCF0888","2","1",86,3062,FALSE,FALSE
2012,18,"VCF0838","VCF0888","3","1",34,3062,FALSE,FALSE
2012,18,"VCF0838","VCF0888","4","1",134,3062,FALSE,FALSE
2012,18,"VCF0838","VCF0888","1","2",139,3062,FALSE,FALSE
2012,18,"VCF0838","VCF0888","2","2",340,3062,FALSE,FALSE
2012,18,"VCF0838","VCF0888","3","2",200,3062,FALSE,FALSE
2012,18,"VCF0838","VCF0888","4","2",706,3062,FALSE,FALSE
2012,18,"VCF0838","VCF0888","1","3",149,3062,FALSE,FALSE
2012,18,"VCF0838","VCF0888","2","3",402,3062,FALSE,FALSE
2012,18,"VCF0838","VCF0888","3","3",230,3062,FALSE,FALSE
2012,18,"VCF0838","VCF0888","4","3",608,3062,FALSE,FALSE
2012,19,"VCF0838","VCF0890","1","1",86,3062,FALSE,FALSE
2012,19,"VCF0838","VCF0890","2","1",161,3062,FALSE,FALSE
2012,19,"VCF0838","VCF0890","3","1",75,3062,FALSE,FALSE
2012,19,"VCF0838","VCF0890","4","1",105,3062,FALSE,FALSE
2012,19,"VCF0838","VCF0890","1","2",106,3062,FALSE,FALSE
2012,19,"VCF0838","VCF0890","2","2",285,3062,FALSE,FALSE
2012,19,"VCF0838","VCF0890","3","2",142,3062,FALSE,FALSE
2012,19,"VCF0838","VCF0890","4","2",400,3062,FALSE,FALSE
2012,19,"VCF0838","VCF0890","1","3",130,3062,FALSE,FALSE
2012,19,"VCF0838","VCF0890","2","3",382,3062,FALSE,FALSE
2012,19,"VCF0838","VCF0890","3","3",247,3062,FALSE,FALSE
2012,19,"VCF0838","VCF0890","4","3",943,3062,FALSE,FALSE
2012,20,"VCF0838","VCF0894","1","1",197,3062,FALSE,FALSE
2012,20,"VCF0838","VCF0894","2","1",477,3062,FALSE,FALSE
2012,20,"VCF0838","VCF0894","3","1",242,3062,FALSE,FALSE
2012,20,"VCF0838","VCF0894","4","1",565,3062,FALSE,FALSE
2012,20,"VCF0838","VCF0894","1","2",88,3062,FALSE,FALSE
2012,20,"VCF0838","VCF0894","2","2",274,3062,FALSE,FALSE
2012,20,"VCF0838","VCF0894","3","2",190,3062,FALSE,FALSE
2012,20,"VCF0838","VCF0894","4","2",679,3062,FALSE,FALSE
2012,20,"VCF0838","VCF0894","1","3",37,3062,FALSE,FALSE
2012,20,"VCF0838","VCF0894","2","3",77,3062,FALSE,FALSE
2012,20,"VCF0838","VCF0894","3","3",32,3062,FALSE,FALSE
2012,20,"VCF0838","VCF0894","4","3",204,3062,FALSE,FALSE
2012,21,"VCF0838","VCF9223","1","1",71,3062,FALSE,FALSE
2012,21,"VCF0838","VCF9223","2","1",185,3062,FALSE,FALSE
2012,21,"VCF0838","VCF9223","3","1",90,3062,FALSE,FALSE
2012,21,"VCF0838","VCF9223","4","1",194,3062,FALSE,FALSE
2012,21,"VCF0838","VCF9223","1","2",68,3062,FALSE,FALSE
2012,21,"VCF0838","VCF9223","2","2",188,3062,FALSE,FALSE
2012,21,"VCF0838","VCF9223","3","2",95,3062,FALSE,FALSE
2012,21,"VCF0838","VCF9223","4","2",226,3062,FALSE,FALSE
2012,21,"VCF0838","VCF9223","1","3",138,3062,FALSE,FALSE
2012,21,"VCF0838","VCF9223","2","3",363,3062,FALSE,FALSE
2012,21,"VCF0838","VCF9223","3","3",206,3062,FALSE,FALSE
2012,21,"VCF0838","VCF9223","4","3",649,3062,FALSE,FALSE
2012,21,"VCF0838","VCF9223","1","4",45,3062,FALSE,FALSE
2012,21,"VCF0838","VCF9223","2","4",92,3062,FALSE,FALSE
2012,21,"VCF0838","VCF9223","3","4",73,3062,FALSE,FALSE
2012,21,"VCF0838","VCF9223","4","4",379,3062,FALSE,FALSE
2012,22,"VCF0839","VCF0879a","1","1",158,3062,FALSE,FALSE
2012,22,"VCF0839","VCF0879a","2","1",273,3062,FALSE,FALSE
2012,22,"VCF0839","VCF0879a","3","1",283,3062,FALSE,FALSE
2012,22,"VCF0839","VCF0879a","4","1",325,3062,FALSE,FALSE
2012,22,"VCF0839","VCF0879a","5","1",185,3062,FALSE,FALSE
2012,22,"VCF0839","VCF0879a","6","1",79,3062,FALSE,FALSE
2012,22,"VCF0839","VCF0879a","7","1",54,3062,FALSE,FALSE
2012,22,"VCF0839","VCF0879a","1","3",99,3062,FALSE,FALSE
2012,22,"VCF0839","VCF0879a","2","3",191,3062,FALSE,FALSE
2012,22,"VCF0839","VCF0879a","3","3",195,3062,FALSE,FALSE
2012,22,"VCF0839","VCF0879a","4","3",354,3062,FALSE,FALSE
2012,22,"VCF0839","VCF0879a","5","3",250,3062,FALSE,FALSE
2012,22,"VCF0839","VCF0879a","6","3",103,3062,FALSE,FALSE
2012,22,"VCF0839","VCF0879a","7","3",54,3062,FALSE,FALSE
2012,22,"VCF0839","VCF0879a","1","5",41,3062,FALSE,FALSE
2012,22,"VCF0839","VCF0879a","2","5",50,3062,FALSE,FALSE
2012,22,"VCF0839","VCF0879a","3","5",57,3062,FALSE,FALSE
2012,22,"VCF0839","VCF0879a","4","5",95,3062,FALSE,FALSE
2012,22,"VCF0839","VCF0879a","5","5",110,3062,FALSE,FALSE
2012,22,"VCF0839","VCF0879a","6","5",69,3062,FALSE,FALSE
2012,22,"VCF0839","VCF0879a","7","5",37,3062,FALSE,FALSE
2012,23,"VCF0839","VCF0888","1","1",67,3062,FALSE,FALSE
2012,23,"VCF0839","VCF0888","2","1",63,3062,FALSE,FALSE
2012,23,"VCF0839","VCF0888","3","1",44,3062,FALSE,FALSE
2012,23,"VCF0839","VCF0888","4","1",46,3062,FALSE,FALSE
2012,23,"VCF0839","VCF0888","5","1",32,3062,FALSE,FALSE
2012,23,"VCF0839","VCF0888","6","1",24,3062,FALSE,FALSE
2012,23,"VCF0839","VCF0888","7","1",12,3062,FALSE,FALSE
2012,23,"VCF0839","VCF0888","1","2",139,3062,FALSE,FALSE
2012,23,"VCF0839","VCF0888","2","2",260,3062,FALSE,FALSE
2012,23,"VCF0839","VCF0888","3","2",268,3062,FALSE,FALSE
2012,23,"VCF0839","VCF0888","4","2",350,3062,FALSE,FALSE
2012,23,"VCF0839","VCF0888","5","2",238,3062,FALSE,FALSE
2012,23,"VCF0839","VCF0888","6","2",97,3062,FALSE,FALSE
2012,23,"VCF0839","VCF0888","7","2",33,3062,FALSE,FALSE
2012,23,"VCF0839","VCF0888","1","3",92,3062,FALSE,FALSE
2012,23,"VCF0839","VCF0888","2","3",191,3062,FALSE,FALSE
2012,23,"VCF0839","VCF0888","3","3",223,3062,FALSE,FALSE
2012,23,"VCF0839","VCF0888","4","3",378,3062,FALSE,FALSE
2012,23,"VCF0839","VCF0888","5","3",275,3062,FALSE,FALSE
2012,23,"VCF0839","VCF0888","6","3",130,3062,FALSE,FALSE
2012,23,"VCF0839","VCF0888","7","3",100,3062,FALSE,FALSE
2012,24,"VCF0839","VCF0890","1","1",141,3062,FALSE,FALSE
2012,24,"VCF0839","VCF0890","2","1",156,3062,FALSE,FALSE
2012,24,"VCF0839","VCF0890","3","1",73,3062,FALSE,FALSE
2012,24,"VCF0839","VCF0890","4","1",36,3062,FALSE,FALSE
2012,24,"VCF0839","VCF0890","5","1",13,3062,FALSE,FALSE
2012,24,"VCF0839","VCF0890","6","1",5,3062,FALSE,FALSE
2012,24,"VCF0839","VCF0890","7","1",3,3062,FALSE,TRUE
2012,24,"VCF0839","VCF0890","1","2",92,3062,FALSE,FALSE
2012,24,"VCF0839","VCF0890","2","2",192,3062,FALSE,FALSE
2012,24,"VCF0839","VCF0890","3","2",231,3062,FALSE,FALSE
2012,24,"VCF0839","VCF0890","4","2",255,3062,FALSE,FALSE
2012,24,"VCF0839","VCF0890","5","2",118,3062,FALSE,FALSE
2012,24,"VCF0839","VCF0890","6","2",37,3062,FALSE,FALSE
2012,24,"VCF0839","VCF0890","7","2",8,3062,FALSE,FALSE
2012,24,"VCF0839","VCF0890","1","3",65,3062,FALSE,FALSE
2012,24,"VCF0839","VCF0890","2","3",166,3062,FALSE,FALSE
2012,24,"VCF0839","VCF0890","3","3",231,3062,FALSE,FALSE
2012,24,"VCF0839","VCF0890","4","3",483,3062,FALSE,FALSE
2012,24,"VCF0839","VCF0890","5","3",414,3062,FALSE,FALSE
2012,24,"VCF0839","VCF0890","6","3",209,3062,FALSE,FALSE
2012,24,"VCF0839","VCF0890","7","3",134,3062,FALSE,FALSE
2012,25,"VCF0839","VCF0894","1","1",267,3062,FALSE,FALSE
2012,25,"VCF0839","VCF0894","2","1",445,3062,FALSE,FALSE
2012,25,"VCF0839","VCF0894","3","1",361,3062,FALSE,FALSE
2012,25,"VCF0839","VCF0894","4","1",240,3062,FALSE,FALSE
2012,25,"VCF0839","VCF0894","5","1",111,3062,FALSE,FALSE
2012,25,"VCF0839","VCF0894","6","1",32,3062,FALSE,FALSE
2012,25,"VCF0839","VCF0894","7","1",25,3062,FALSE,FALSE
2012,25,"VCF0839","VCF0894","1","2",27,3062,FALSE,FALSE
2012,25,"VCF0839","VCF0894","2","2",63,3062,FALSE,FALSE
2012,25,"VCF0839","VCF0894","3","2",160,3062,FALSE,FALSE
2012,25,"VCF0839","VCF0894","4","2",460,3062,FALSE,FALSE
2012,25,"VCF0839","VCF0894","5","2",336,3062,FALSE,FALSE
2012,25,"VCF0839","VCF0894","6","2",134,3062,FALSE,FALSE
2012,25,"VCF0839","VCF0894","7","2",51,3062,FALSE,FALSE
2012,25,"VCF0839","VCF0894","1","3",4,3062,FALSE,TRUE
2012,25,"VCF0839","VCF0894","2","3",6,3062,FALSE,FALSE
2012,25,"VCF0839","VCF0894","3","3",14,3062,FALSE,FALSE
2012,25,"VCF0839","VCF0894","4","3",74,3062,FALSE,FALSE
2012,25,"VCF0839","VCF0894","5","3",98,3062,FALSE,FALSE
2012,25,"VCF0839","VCF0894","6","3",85,3062,FALSE,FALSE
2012,25,"VCF0839","VCF0894","7","3",69,3062,FALSE,FALSE
2012,26,"VCF0839","VCF9223","1","1",95,3062,FALSE,FALSE
2012,26,"VCF0839","VCF9223","2","1",108,3062,FALSE,FALSE
2012,26,"VCF0839","VCF9223","3","1",95,3062,FALSE,FALSE
2012,26,"VCF0839","VCF9223","4","1",113,3062,FALSE,FALSE
2012,26,"VCF0839","VCF9223","5","1",59,3062,FALSE,FALSE
2012,26,"VCF0839","VCF9223","6","1",29,3062,FALSE,FALSE
2012,26,"VCF0839","VCF9223","7","1",41,3062,FALSE,FALSE
2012,26,"VCF0839","VCF9223","1","2",66,3062,FALSE,FALSE
2012,26,"VCF0839","VCF9223","2","2",117,3062,FALSE,FALSE
2012,26,"VCF0839","VCF9223","3","2",117,3062,FALSE,FALSE
2012,26,"VCF0839","VCF9223","4","2",127,3062,FALSE,FALSE
2012,26,"VCF0839","VCF9223","5","2",101,3062,FALSE,FALSE
2012,26,"VCF0839","VCF9223","6","2",32,3062,FALSE,FALSE
2012,26,"VCF0839","VCF9223","7","2",17,3062,FALSE,FALSE
2012,26,"VCF0839","VCF9223","1","3",95,3062,FALSE,FALSE
2012,26,"VCF0839","VCF9223","2","3",236,3062,FALSE,FALSE
2012,26,"VCF0839","VCF9223","3","3",247,3062,FALSE,FALSE
2012,26,"VCF0839","VCF9223","4","3",388,3062,FALSE,FALSE
2012,26,"VCF0839","VCF9223","5","3",238,3062,FALSE,FALSE
2012,26,"VCF0839","VCF9223","6","3",106,3062,FALSE,FALSE
2012,26,"VCF0839","VCF9223","7","3",46,3062,FALSE,FALSE
2012,26,"VCF0839","VCF9223","1","4",42,3062,FALSE,FALSE
2012,26,"VCF0839","VCF9223","2","4",53,3062,FALSE,FALSE
2012,26,"VCF0839","VCF9223","3","4",76,3062,FALSE,FALSE
2012,26,"VCF0839","VCF9223","4","4",146,3062,FALSE,FALSE
2012,26,"VCF0839","VCF9223","5","4",147,3062,FALSE,FALSE
2012,26,"VCF0839","VCF9223","6","4",84,3062,FALSE,FALSE
2012,26,"VCF0839","VCF9223","7","4",41,3062,FALSE,FALSE
2012,27,"VCF0879a","VCF0888","1","1",110,3062,FALSE,FALSE
2012,27,"VCF0879a","VCF0888","3","1",108,3062,FALSE,FALSE
2012,27,"VCF0879a","VCF0888","5","1",70,3062,FALSE,FALSE
2012,27,"VCF0879a","VCF0888","1","2",530,3062,FALSE,FALSE
2012,27,"VCF0879a","VCF0888","3","2",634,3062,FALSE,FALSE
2012,27,"VCF0879a","VCF0888","5","2",221,3062,FALSE,FALSE
2012,27,"VCF0879a","VCF0888","1","3",717,3062,FALSE,FALSE
2012,27,"VCF0879a","VCF0888","3","3",504,3062,FALSE,FALSE
2012,27,"VCF0879a","VCF0888","5","3",168,3062,FALSE,FALSE
2012,28,"VCF0879a","VCF0890","1","1",187,3062,FALSE,FALSE
2012,28,"VCF0879a","VCF0890","3","1",165,3062,FALSE,FALSE
2012,28,"VCF0879a","VCF0890","5","1",75,3062,FALSE,FALSE
2012,28,"VCF0879a","VCF0890","1","2",448,3062,FALSE,FALSE
2012,28,"VCF0879a","VCF0890","3","2",384,3062,FALSE,FALSE
2012,28,"VCF0879a","VCF0890","5","2",101,3062,FALSE,FALSE
2012,28,"VCF0879a","VCF0890","1","3",722,3062,FALSE,FALSE
2012,28,"VCF0879a","VCF0890","3","3",697,3062,FALSE,FALSE
2012,28,"VCF0879a","VCF0890","5","3",283,3062,FALSE,FALSE
2012,29,"VCF0879a","VCF0894","1","1",802,3062,FALSE,FALSE
2012,29,"VCF0879a","VCF0894","3","1",522,3062,FALSE,FALSE
2012,29,"VCF0879a","VCF0894","5","1",157,3062,FALSE,FALSE
2012,29,"VCF0879a","VCF0894","1","2",447,3062,FALSE,FALSE
2012,29,"VCF0879a","VCF0894","3","2",583,3062,FALSE,FALSE
2012,29,"VCF0879a","VCF0894","5","2",201,3062,FALSE,FALSE
2012,29,"VCF0879a","VCF0894","1","3",108,3062,FALSE,FALSE
2012,29,"VCF0879a","VCF0894","3","3",141,3062,FALSE,FALSE
2012,29,"VCF0879a","VCF0894","5","3",101,3062,FALSE,FALSE
2012,30,"VCF0879a","VCF9223","1","1",446,3062,FALSE,FALSE
2012,30,"VCF0879a","VCF9223","3","1",53,3062,FALSE,FALSE
2012,30,"VCF0879a","VCF9223","5","1",41,3062,FALSE,FALSE
2012,30,"VCF0879a","VCF9223","1","2",390,3062,FALSE,FALSE
2012,30,"VCF0879a","VCF9223","3","2",139,3062,FALSE,FALSE
2012,30,"VCF0879a","VCF9223","5","2",48,3062,FALSE,FALSE
2012,30,"VCF0879a","VCF9223","1","3",457,3062,FALSE,FALSE
2012,30,"VCF0879a","VCF9223","3","3",739,3062,FALSE,FALSE
2012,30,"VCF0879a","VCF9223","5","3",160,3062,FALSE,FALSE
2012,30,"VCF0879a","VCF9223","1","4",64,3062,FALSE,FALSE
2012,30,"VCF0879a","VCF9223","3","4",315,3062,FALSE,FALSE
2012,30,"VCF0879a","VCF9223","5","4",210,3062,FALSE,FALSE
2012,31,"VCF0888","VCF0890","1","1",127,3062,FALSE,FALSE
2012,31,"VCF0888","VCF0890","2","1",202,3062,FALSE,FALSE
2012,31,"VCF0888","VCF0890","3","1",98,3062,FALSE,FALSE
2012,31,"VCF0888","VCF0890","1","2",54,3062,FALSE,FALSE
2012,31,"VCF0888","VCF0890","2","2",512,3062,FALSE,FALSE
2012,31,"VCF0888","VCF0890","3","2",367,3062,FALSE,FALSE
2012,31,"VCF0888","VCF0890","1","3",107,3062,FALSE,FALSE
2012,31,"VCF0888","VCF0890","2","3",671,3062,FALSE,FALSE
2012,31,"VCF0888","VCF0890","3","3",924,3062,FALSE,FALSE
2012,32,"VCF0888","VCF0894","1","1",176,3062,FALSE,FALSE
2012,32,"VCF0888","VCF0894","2","1",702,3062,FALSE,FALSE
2012,32,"VCF0888","VCF0894","3","1",603,3062,FALSE,FALSE
2012,32,"VCF0888","VCF0894","1","2",73,3062,FALSE,FALSE
2012,32,"VCF0888","VCF0894","2","2",578,3062,FALSE,FALSE
2012,32,"VCF0888","VCF0894","3","2",580,3062,FALSE,FALSE
2012,32,"VCF0888","VCF0894","1","3",39,3062,FALSE,FALSE
2012,32,"VCF0888","VCF0894","2","3",105,3062,FALSE,FALSE
2012,32,"VCF0888","VCF0894","3","3",206,3062,FALSE,FALSE
2012,33,"VCF0888","VCF9223","1","1",55,3062,FALSE,FALSE
2012,33,"VCF0888","VCF9223","2","1",180,3062,FALSE,FALSE
2012,33,"VCF0888","VCF9223","3","1",305,3062,FALSE,FALSE
2012,33,"VCF0888","VCF9223","1","2",46,3062,FALSE,FALSE
2012,33,"VCF0888","VCF9223","2","2",226,3062,FALSE,FALSE
2012,33,"VCF0888","VCF9223","3","2",305,3062,FALSE,FALSE
2012,33,"VCF0888","VCF9223","1","3",126,3062,FALSE,FALSE
2012,33,"VCF0888","VCF9223","2","3",670,3062,FALSE,FALSE
2012,33,"VCF0888","VCF9223","3","3",560,3062,FALSE,FALSE
2012,33,"VCF0888","VCF9223","1","4",61,3062,FALSE,FALSE
2012,33,"VCF0888","VCF9223","2","4",309,3062,FALSE,FALSE
2012,33,"VCF0888","VCF9223","3","4",219,3062,FALSE,FALSE
2012,34,"VCF0890","VCF0894","1","1",365,3062,FALSE,FALSE
2012,34,"VCF0890","VCF0894","2","1",522,3062,FALSE,FALSE
2012,34,"VCF0890","VCF0894","3","1",594,3062,FALSE,FALSE
2012,34,"VCF0890","VCF0894","1","2",53,3062,FALSE,FALSE
2012,34,"VCF0890","VCF0894","2","2",371,3062,FALSE,FALSE
2012,34,"VCF0890","VCF0894","3","2",807,3062,FALSE,FALSE
2012,34,"VCF0890","VCF0894","1","3",9,3062,FALSE,FALSE
2012,34,"VCF0890","VCF0894","2","3",40,3062,FALSE,FALSE
2012,34,"VCF0890","VCF0894","3","3",301,3062,FALSE,FALSE
2012,35,"VCF0890","VCF9223","1","1",86,3062,FALSE,FALSE
2012,35,"VCF0890","VCF9223","2","1",175,3062,FALSE,FALSE
2012,35,"VCF0890","VCF9223","3","1",279,3062,FALSE,FALSE
2012,35,"VCF0890","VCF9223","1","2",93,3062,FALSE,FALSE
2012,35,"VCF0890","VCF9223","2","2",195,3062,FALSE,FALSE
2012,35,"VCF0890","VCF9223","3","2",289,3062,FALSE,FALSE
2012,35,"VCF0890","VCF9223","1","3",183,3062,FALSE,FALSE
2012,35,"VCF0890","VCF9223","2","3",426,3062,FALSE,FALSE
2012,35,"VCF0890","VCF9223","3","3",747,3062,FALSE,FALSE
2012,35,"VCF0890","VCF9223","1","4",65,3062,FALSE,FALSE
2012,35,"VCF0890","VCF9223","2","4",137,3062,FALSE,FALSE
2012,35,"VCF0890","VCF9223","3","4",387,3062,FALSE,FALSE
2012,36,"VCF0894","VCF9223","1","1",334,3062,FALSE,FALSE
2012,36,"VCF0894","VCF9223","2","1",143,3062,FALSE,FALSE
2012,36,"VCF0894","VCF9223","3","1",63,3062,FALSE,FALSE
2012,36,"VCF0894","VCF9223","1","2",322,3062,FALSE,FALSE
2012,36,"VCF0894","VCF9223","2","2",191,3062,FALSE,FALSE
2012,36,"VCF0894","VCF9223","3","2",64,3062,FALSE,FALSE
2012,36,"VCF0894","VCF9223","1","3",628,3062,FALSE,FALSE
2012,36,"VCF0894","VCF9223","2","3",598,3062,FALSE,FALSE
2012,36,"VCF0894","VCF9223","3","3",130,3062,FALSE,FALSE
2012,36,"VCF0894","VCF9223","1","4",197,3062,FALSE,FALSE
2012,36,"VCF0894","VCF9223","2","4",299,3062,FALSE,FALSE
2012,36,"VCF0894","VCF9223","3","4",93,3062,FALSE,FALSE
2016,1,"VCF0806","VCF0809","1","1",167,1914,FALSE,FALSE
2016,1,"VCF0806","VCF0809","2","1",46,1914,FALSE,FALSE
2016,1,"VCF0806","VCF0809","3","1",26,1914,FALSE,FALSE
2016,1,"VCF0806","VCF0809","4","1",26,1914,FALSE,FALSE
2016,1,"VCF0806","VCF0809","5","1",4,1914,FALSE,TRUE
2016,1,"VCF0806","VCF0809","6","1",4,1914,FALSE,TRUE
2016,1,"VCF0806","VCF0809","7","1",12,1914,FALSE,FALSE
2016,1,"VCF0806","VCF0809","1","2",88,1914,FALSE,FALSE
2016,1,"VCF0806","VCF0809","2","2",101,1914,FALSE,FALSE
2016,1,"VCF0806","VCF0809","3","2",51,1914,FALSE,FALSE
2016,1,"VCF0806","VCF0809","4","2",31,1914,FALSE,FALSE
2016,1,"VCF0806","VCF0809","5","2",15,1914,FALSE,FALSE
2016,1,"VCF0806","VCF0809","6","2",13,1914,FALSE,FALSE
2016,1,"VCF0806","VCF0809","7","2",15,1914,FALSE,FALSE
2016,1,"VCF0806","VCF0809","1","3",42,1914,FALSE,FALSE
2016,1,"VCF0806","VCF0809","2","3",57,1914,FALSE,FALSE
2016,1,"VCF0806","VCF0809","3","3",48,1914,FALSE,FALSE
2016,1,"VCF0806","VCF0809","4","3",52,1914,FALSE,FALSE
2016,1,"VCF0806","VCF0809","5","3",36,1914,FALSE,FALSE
2016,1,"VCF0806","VCF0809","6","3",27,1914,FALSE,FALSE
2016,1,"VCF0806","VCF0809","7","3",30,1914,FALSE,FALSE
2016,1,"VCF0806","VCF0809","1","4",26,1914,FALSE,FALSE
2016,1,"VCF0806","VCF0809","2","4",31,1914,FALSE,FALSE
2016,1,"VCF0806","VCF0809","3","4",49,1914,FALSE,FALSE
2016,1,"VCF0806","VCF0809","4","4",131,1914,FALSE,FALSE
2016,1,"VCF0806","VCF0809","5","4",65,1914,FALSE,FALSE
2016,1,"VCF0806","VCF0809","6","4",46,1914,FALSE,FALSE
2016,1,"VCF0806","VCF0809","7","4",63,1914,FALSE,FALSE
2016,1,"VCF0806","VCF0809","1","5",7,1914,FALSE,FALSE
2016,1,"VCF0806","VCF0809","2","5",18,1914,FALSE,FALSE
2016,1,"VCF0806","VCF0809","3","5",31,1914,FALSE,FALSE
2016,1,"VCF0806","VCF0809","4","5",56,1914,FALSE,FALSE
2016,1,"VCF0806","VCF0809","5","5",46,1914,FALSE,FALSE
2016,1,"VCF0806","VCF0809","6","5",45,1914,FALSE,FALSE
2016,1,"VCF0806","VCF0809","7","5",77,1914,FALSE,FALSE
2016,1,"VCF0806","VCF0809","1","6",3,1914,FALSE,TRUE
2016,1,"VCF0806","VCF0809","2","6",11,1914,FALSE,FALSE
2016,1,"VCF0806","VCF0809","3","6",13,1914,FALSE,FALSE
2016,1,"VCF0806","VCF0809","4","6",21,1914,FALSE,FALSE
2016,1,"VCF0806","VCF0809","5","6",17,1914,FALSE,FALSE
2016,1,"VCF0806","VCF0809","6","6",41,1914,FALSE,FALSE
2016,1,"VCF0806","VCF0809","7","6",63,1914,FALSE,FALSE
2016,1,"VCF0806","VCF0809","1","7",12,1914,FALSE,FALSE
2016,1,"VCF0806","VCF0809","2","7",7,1914,FALSE,FALSE
2016,1,"VCF0806","VCF0809","3","7",5,1914,FALSE,FALSE
2016,1,"VCF0806","VCF0809","4","7",19,1914,FALSE,FALSE
2016,1,"VCF0806","VCF0809","5","7",9,1914,FALSE,FALSE
2016,1,"VCF0806","VCF0809","6","7",18,1914,FALSE,FALSE
2016,1,"VCF0806","VCF0809","7","7",93,1914,FALSE,FALSE
2016,2,"VCF0806","VCF0838","1","1",70,1914,FALSE,FALSE
2016,2,"VCF0806","VCF0838","2","1",41,1914,FALSE,FALSE
2016,2,"VCF0806","VCF0838","3","1",28,1914,FALSE,FALSE
2016,2,"VCF0806","VCF0838","4","1",30,1914,FALSE,FALSE
2016,2,"VCF0806","VCF0838","5","1",10,1914,FALSE,FALSE
2016,2,"VCF0806","VCF0838","6","1",15,1914,FALSE,FALSE
2016,2,"VCF0806","VCF0838","7","1",14,1914,FALSE,FALSE
2016,2,"VCF0806","VCF0838","1","2",117,1914,FALSE,FALSE
2016,2,"VCF0806","VCF0838","2","2",96,1914,FALSE,FALSE
2016,2,"VCF0806","VCF0838","3","2",63,1914,FALSE,FALSE
2016,2,"VCF0806","VCF0838","4","2",73,1914,FALSE,FALSE
2016,2,"VCF0806","VCF0838","5","2",42,1914,FALSE,FALSE
2016,2,"VCF0806","VCF0838","6","2",25,1914,FALSE,FALSE
2016,2,"VCF0806","VCF0838","7","2",48,1914,FALSE,FALSE
2016,2,"VCF0806","VCF0838","1","3",57,1914,FALSE,FALSE
2016,2,"VCF0806","VCF0838","2","3",46,1914,FALSE,FALSE
2016,2,"VCF0806","VCF0838","3","3",40,1914,FALSE,FALSE
2016,2,"VCF0806","VCF0838","4","3",57,1914,FALSE,FALSE
2016,2,"VCF0806","VCF0838","5","3",25,1914,FALSE,FALSE
2016,2,"VCF0806","VCF0838","6","3",29,1914,FALSE,FALSE
2016,2,"VCF0806","VCF0838","7","3",45,1914,FALSE,FALSE
2016,2,"VCF0806","VCF0838","1","4",101,1914,FALSE,FALSE
2016,2,"VCF0806","VCF0838","2","4",88,1914,FALSE,FALSE
2016,2,"VCF0806","VCF0838","3","4",92,1914,FALSE,FALSE
2016,2,"VCF0806","VCF0838","4","4",176,1914,FALSE,FALSE
2016,2,"VCF0806","VCF0838","5","4",115,1914,FALSE,FALSE
2016,2,"VCF0806","VCF0838","6","4",125,1914,FALSE,FALSE
2016,2,"VCF0806","VCF0838","7","4",246,1914,FALSE,FALSE
2016,3,"VCF0806","VCF0839","1","1",140,1914,FALSE,FALSE
2016,3,"VCF0806","VCF0839","2","1",42,1914,FALSE,FALSE
2016,3,"VCF0806","VCF0839","3","1",11,1914,FALSE,FALSE
2016,3,"VCF0806","VCF0839","4","1",31,1914,FALSE,FALSE
2016,3,"VCF0806","VCF0839","5","1",3,1914,FALSE,TRUE
2016,3,"VCF0806","VCF0839","6","1",5,1914,FALSE,FALSE
2016,3,"VCF0806","VCF0839","7","1",13,1914,FALSE,FALSE
2016,3,"VCF0806","VCF0839","1","2",90,1914,FALSE,FALSE
2016,3,"VCF0806","VCF0839","2","2",80,1914,FALSE,FALSE
2016,3,"VCF0806","VCF0839","3","2",37,1914,FALSE,FALSE
2016,3,"VCF0806","VCF0839","4","2",29,1914,FALSE,FALSE
2016,3,"VCF0806","VCF0839","5","2",10,1914,FALSE,FALSE
2016,3,"VCF0806","VCF0839","6","2",15,1914,FALSE,FALSE
2016,3,"VCF0806","VCF0839","7","2",11,1914,FALSE,FALSE
2016,3,"VCF0806","VCF0839","1","3",52,1914,FALSE,FALSE
2016,3,"VCF0806","VCF0839","2","3",60,1914,FALSE,FALSE
2016,3,"VCF0806","VCF0839","3","3",58,1914,FALSE,FALSE
2016,3,"VCF0806","VCF0839","4","3",60,1914,FALSE,FALSE
2016,3,"VCF0806","VCF0839","5","3",33,1914,FALSE,FALSE
2016,3,"VCF0806","VCF0839","6","3",21,1914,FALSE,FALSE
2016,3,"VCF0806","VCF0839","7","3",19,1914,FALSE,FALSE
2016,3,"VCF0806","VCF0839","1","4",34,1914,FALSE,FALSE
2016,3,"VCF0806","VCF0839","2","4",49,1914,FALSE,FALSE
2016,3,"VCF0806","VCF0839","3","4",61,1914,FALSE,FALSE
2016,3,"VCF0806","VCF0839","4","4",127,1914,FALSE,FALSE
2016,3,"VCF0806","VCF0839","5","4",64,1914,FALSE,FALSE
2016,3,"VCF0806","VCF0839","6","4",41,1914,FALSE,FALSE
2016,3,"VCF0806","VCF0839","7","4",56,1914,FALSE,FALSE
2016,3,"VCF0806","VCF0839","1","5",8,1914,FALSE,FALSE
2016,3,"VCF0806","VCF0839","2","5",24,1914,FALSE,FALSE
2016,3,"VCF0806","VCF0839","3","5",39,1914,FALSE,FALSE
2016,3,"VCF0806","VCF0839","4","5",49,1914,FALSE,FALSE
2016,3,"VCF0806","VCF0839","5","5",54,1914,FALSE,FALSE
2016,3,"VCF0806","VCF0839","6","5",61,1914,FALSE,FALSE
2016,3,"VCF0806","VCF0839","7","5",83,1914,FALSE,FALSE
2016,3,"VCF0806","VCF0839","1","6",9,1914,FALSE,FALSE
2016,3,"VCF0806","VCF0839","2","6",11,1914,FALSE,FALSE
2016,3,"VCF0806","VCF0839","3","6",9,1914,FALSE,FALSE
2016,3,"VCF0806","VCF0839","4","6",22,1914,FALSE,FALSE
2016,3,"VCF0806","VCF0839","5","6",23,1914,FALSE,FALSE
2016,3,"VCF0806","VCF0839","6","6",36,1914,FALSE,FALSE
2016,3,"VCF0806","VCF0839","7","6",81,1914,FALSE,FALSE
2016,3,"VCF0806","VCF0839","1","7",12,1914,FALSE,FALSE
2016,3,"VCF0806","VCF0839","2","7",5,1914,FALSE,FALSE
2016,3,"VCF0806","VCF0839","3","7",8,1914,FALSE,FALSE
2016,3,"VCF0806","VCF0839","4","7",18,1914,FALSE,FALSE
2016,3,"VCF0806","VCF0839","5","7",5,1914,FALSE,FALSE
2016,3,"VCF0806","VCF0839","6","7",15,1914,FALSE,FALSE
2016,3,"VCF0806","VCF0839","7","7",90,1914,FALSE,FALSE
2016,4,"VCF0806","VCF0879a","1","1",231,1914,FALSE,FALSE
2016,4,"VCF0806","VCF0879a","2","1",138,1914,FALSE,FALSE
2016,4,"VCF0806","VCF0879a","3","1",118,1914,FALSE,FALSE
2016,4,"VCF0806","VCF0879a","4","1",155,1914,FALSE,FALSE
2016,4,"VCF0806","VCF0879a","5","1",62,1914,FALSE,FALSE
2016,4,"VCF0806","VCF0879a","6","1",52,1914,FALSE,FALSE
2016,4,"VCF0806","VCF0879a","7","1",93,1914,FALSE,FALSE
2016,4,"VCF0806","VCF0879a","1","3",84,1914,FALSE,FALSE
2016,4,"VCF0806","VCF0879a","2","3",106,1914,FALSE,FALSE
2016,4,"VCF0806","VCF0879a","3","3",75,1914,FALSE,FALSE
2016,4,"VCF0806","VCF0879a","4","3",135,1914,FALSE,FALSE
2016,4,"VCF0806","VCF0879a","5","3",93,1914,FALSE,FALSE
2016,4,"VCF0806","VCF0879a","6","3",86,1914,FALSE,FALSE
2016,4,"VCF0806","VCF0879a","7","3",147,1914,FALSE,FALSE
2016,4,"VCF0806","VCF0879a","1","5",30,1914,FALSE,FALSE
2016,4,"VCF0806","VCF0879a","2","5",27,1914,FALSE,FALSE
2016,4,"VCF0806","VCF0879a","3","5",30,1914,FALSE,FALSE
2016,4,"VCF0806","VCF0879a","4","5",46,1914,FALSE,FALSE
2016,4,"VCF0806","VCF0879a","5","5",37,1914,FALSE,FALSE
2016,4,"VCF0806","VCF0879a","6","5",56,1914,FALSE,FALSE
2016,4,"VCF0806","VCF0879a","7","5",113,1914,FALSE,FALSE
2016,5,"VCF0806","VCF0888","1","1",34,1914,FALSE,FALSE
2016,5,"VCF0806","VCF0888","2","1",15,1914,FALSE,FALSE
2016,5,"VCF0806","VCF0888","3","1",12,1914,FALSE,FALSE
2016,5,"VCF0806","VCF0888","4","1",10,1914,FALSE,FALSE
2016,5,"VCF0806","VCF0888","5","1",17,1914,FALSE,FALSE
2016,5,"VCF0806","VCF0888","6","1",27,1914,FALSE,FALSE
2016,5,"VCF0806","VCF0888","7","1",52,1914,FALSE,FALSE
2016,5,"VCF0806","VCF0888","1","2",93,1914,FALSE,FALSE
2016,5,"VCF0806","VCF0888","2","2",85,1914,FALSE,FALSE
2016,5,"VCF0806","VCF0888","3","2",68,1914,FALSE,FALSE
2016,5,"VCF0806","VCF0888","4","2",112,1914,FALSE,FALSE
2016,5,"VCF0806","VCF0888","5","2",73,1914,FALSE,FALSE
2016,5,"VCF0806","VCF0888","6","2",65,1914,FALSE,FALSE
2016,5,"VCF0806","VCF0888","7","2",131,1914,FALSE,FALSE
2016,5,"VCF0806","VCF0888","1","3",218,1914,FALSE,FALSE
2016,5,"VCF0806","VCF0888","2","3",171,1914,FALSE,FALSE
2016,5,"VCF0806","VCF0888","3","3",143,1914,FALSE,FALSE
2016,5,"VCF0806","VCF0888","4","3",214,1914,FALSE,FALSE
2016,5,"VCF0806","VCF0888","5","3",102,1914,FALSE,FALSE
2016,5,"VCF0806","VCF0888","6","3",102,1914,FALSE,FALSE
2016,5,"VCF0806","VCF0888","7","3",170,1914,FALSE,FALSE
2016,6,"VCF0806","VCF0890","1","1",79,1914,FALSE,FALSE
2016,6,"VCF0806","VCF0890","2","1",49,1914,FALSE,FALSE
2016,6,"VCF0806","VCF0890","3","1",19,1914,FALSE,FALSE
2016,6,"VCF0806","VCF0890","4","1",27,1914,FALSE,FALSE
2016,6,"VCF0806","VCF0890","5","1",7,1914,FALSE,FALSE
2016,6,"VCF0806","VCF0890","6","1",3,1914,FALSE,TRUE
2016,6,"VCF0806","VCF0890","7","1",10,1914,FALSE,FALSE
2016,6,"VCF0806","VCF0890","1","2",116,1914,FALSE,FALSE
2016,6,"VCF0806","VCF0890","2","2",66,1914,FALSE,FALSE
2016,6,"VCF0806","VCF0890","3","2",69,1914,FALSE,FALSE
2016,6,"VCF0806","VCF0890","4","2",96,1914,FALSE,FALSE
2016,6,"VCF0806","VCF0890","5","2",35,1914,FALSE,FALSE
2016,6,"VCF0806","VCF0890","6","2",41,1914,FALSE,FALSE
2016,6,"VCF0806","VCF0890","7","2",50,1914,FALSE,FALSE
2016,6,"VCF0806","VCF0890","1","3",150,1914,FALSE,FALSE
2016,6,"VCF0806","VCF0890","2","3",156,1914,FALSE,FALSE
2016,6,"VCF0806","VCF0890","3","3",135,1914,FALSE,FALSE
2016,6,"VCF0806","VCF0890","4","3",213,1914,FALSE,FALSE
2016,6,"VCF0806","VCF0890","5","3",150,1914,FALSE,FALSE
2016,6,"VCF0806","VCF0890","6","3",150,1914,FALSE,FALSE
2016,6,"VCF0806","VCF0890","7","3",293,1914,FALSE,FALSE
2016,7,"VCF0806","VCF0894","1","1",286,1914,FALSE,FALSE
2016,7,"VCF0806","VCF0894","2","1",193,1914,FALSE,FALSE
2016,7,"VCF0806","VCF0894","3","1",125,1914,FALSE,FALSE
2016,7,"VCF0806","VCF0894","4","1",148,1914,FALSE,FALSE
2016,7,"VCF0806","VCF0894","5","1",72,1914,FALSE,FALSE
2016,7,"VCF0806","VCF0894","6","1",47,1914,FALSE,FALSE
2016,7,"VCF0806","VCF0894","7","1",69,1914,FALSE,FALSE
2016,7,"VCF0806","VCF0894","1","2",44,1914,FALSE,FALSE
2016,7,"VCF0806","VCF0894","2","2",64,1914,FALSE,FALSE
2016,7,"VCF0806","VCF0894","3","2",69,1914,FALSE,FALSE
2016,7,"VCF0806","VCF0894","4","2",153,1914,FALSE,FALSE
2016,7,"VCF0806","VCF0894","5","2",87,1914,FALSE,FALSE
2016,7,"VCF0806","VCF0894","6","2",94,1914,FALSE,FALSE
2016,7,"VCF0806","VCF0894","7","2",139,1914,FALSE,FALSE
2016,7,"VCF0806","VCF0894","1","3",15,1914,FALSE,FALSE
2016,7,"VCF0806","VCF0894","2","3",14,1914,FALSE,FALSE
2016,7,"VCF0806","VCF0894","3","3",29,1914,FALSE,FALSE
2016,7,"VCF0806","VCF0894","4","3",35,1914,FALSE,FALSE
2016,7,"VCF0806","VCF0894","5","3",33,1914,FALSE,FALSE
2016,7,"VCF0806","VCF0894","6","3",53,1914,FALSE,FALSE
2016,7,"VCF0806","VCF0894","7","3",145,1914,FALSE,FALSE
2016,8,"VCF0806","VCF9223","1","1",92,1914,FALSE,FALSE
2016,8,"VCF0806","VCF9223","2","1",47,1914,FALSE,FALSE
2016,8,"VCF0806","VCF9223","3","1",26,1914,FALSE,FALSE
2016,8,"VCF0806","VCF9223","4","1",44,1914,FALSE,FALSE
2016,8,"VCF0806","VCF9223","5","1",23,1914,FALSE,FALSE
2016,8,"VCF0806","VCF9223","6","1",14,1914,FALSE,FALSE
2016,8,"VCF0806","VCF9223","7","1",40,1914,FALSE,FALSE
2016,8,"VCF0806","VCF9223","1","2",86,1914,FALSE,FALSE
2016,8,"VCF0806","VCF9223","2","2",68,1914,FALSE,FALSE
2016,8,"VCF0806","VCF9223","3","2",44,1914,FALSE,FALSE
2016,8,"VCF0806","VCF9223","4","2",77,1914,FALSE,FALSE
2016,8,"VCF0806","VCF9223","5","2",31,1914,FALSE,FALSE
2016,8,"VCF0806","VCF9223","6","2",25,1914,FALSE,FALSE
2016,8,"VCF0806","VCF9223","7","2",38,1914,FALSE,FALSE
2016,8,"VCF0806","VCF9223","1","3",118,1914,FALSE,FALSE
2016,8,"VCF0806","VCF9223","2","3",123,1914,FALSE,FALSE
2016,8,"VCF0806","VCF9223","3","3",116,1914,FALSE,FALSE
2016,8,"VCF0806","VCF9223","4","3",142,1914,FALSE,FALSE
2016,8,"VCF0806","VCF9223","5","3",79,1914,FALSE,FALSE
2016,8,"VCF0806","VCF9223","6","3",85,1914,FALSE,FALSE
2016,8,"VCF0806","VCF9223","7","3",123,1914,FALSE,FALSE
2016,8,"VCF0806","VCF9223","1","4",49,1914,FALSE,FALSE
2016,8,"VCF0806","VCF9223","2","4",33,1914,FALSE,FALSE
2016,8,"VCF0806","VCF9223","3","4",37,1914,FALSE,FALSE
2016,8,"VCF0806","VCF9223","4","4",73,1914,FALSE,FALSE
2016,8,"VCF0806","VCF9223","5","4",59,1914,FALSE,FALSE
2016,8,"VCF0806","VCF9223","6","4",70,1914,FALSE,FALSE
2016,8,"VCF0806","VCF9223","7","4",152,1914,FALSE,FALSE
2016,9,"VCF0809","VCF0838","1","1",44,1914,FALSE,FALSE
2016,9,"VCF0809","VCF0838","2","1",47,1914,FALSE,FALSE
2016,9,"VCF0809","VCF0838","3","1",25,1914,FALSE,FALSE
2016,9,"VCF0809","VCF0838","4","1",42,1914,FALSE,FALSE
2016,9,"VCF0809","VCF0838","5","1",20,1914,FALSE,FALSE
2016,9,"VCF0809","VCF0838","6","1",11,1914,FALSE,FALSE
2016,9,"VCF0809","VCF0838","7","1",19,1914,FALSE,FALSE
2016,9,"VCF0809","VCF0838","1","2",99,1914,FALSE,FALSE
2016,9,"VCF0809","VCF0838","2","2",95,1914,FALSE,FALSE
2016,9,"VCF0809","VCF0838","3","2",75,1914,FALSE,FALSE
2016,9,"VCF0809","VCF0838","4","2",76,1914,FALSE,FALSE
2016,9,"VCF0809","VCF0838","5","2",53,1914,FALSE,FALSE
2016,9,"VCF0809","VCF0838","6","2",33,1914,FALSE,FALSE
2016,9,"VCF0809","VCF0838","7","2",33,1914,FALSE,FALSE
2016,9,"VCF0809","VCF0838","1","3",47,1914,FALSE,FALSE
2016,9,"VCF0809","VCF0838","2","3",55,1914,FALSE,FALSE
2016,9,"VCF0809","VCF0838","3","3",48,1914,FALSE,FALSE
2016,9,"VCF0809","VCF0838","4","3",67,1914,FALSE,FALSE
2016,9,"VCF0809","VCF0838","5","3",46,1914,FALSE,FALSE
2016,9,"VCF0809","VCF0838","6","3",18,1914,FALSE,FALSE
2016,9,"VCF0809","VCF0838","7","3",18,1914,FALSE,FALSE
2016,9,"VCF0809","VCF0838","1","4",95,1914,FALSE,FALSE
2016,9,"VCF0809","VCF0838","2","4",117,1914,FALSE,FALSE
2016,9,"VCF0809","VCF0838","3","4",144,1914,FALSE,FALSE
2016,9,"VCF0809","VCF0838","4","4",226,1914,FALSE,FALSE
2016,9,"VCF0809","VCF0838","5","4",161,1914,FALSE,FALSE
2016,9,"VCF0809","VCF0838","6","4",107,1914,FALSE,FALSE
2016,9,"VCF0809","VCF0838","7","4",93,1914,FALSE,FALSE
2016,10,"VCF0809","VCF0839","1","1",123,1914,FALSE,FALSE
2016,10,"VCF0809","VCF0839","2","1",51,1914,FALSE,FALSE
2016,10,"VCF0809","VCF0839","3","1",19,1914,FALSE,FALSE
2016,10,"VCF0809","VCF0839","4","1",22,1914,FALSE,FALSE
2016,10,"VCF0809","VCF0839","5","1",10,1914,FALSE,FALSE
2016,10,"VCF0809","VCF0839","6","1",3,1914,FALSE,TRUE
2016,10,"VCF0809","VCF0839","7","1",17,1914,FALSE,FALSE
2016,10,"VCF0809","VCF0839","1","2",71,1914,FALSE,FALSE
2016,10,"VCF0809","VCF0839","2","2",106,1914,FALSE,FALSE
2016,10,"VCF0809","VCF0839","3","2",46,1914,FALSE,FALSE
2016,10,"VCF0809","VCF0839","4","2",24,1914,FALSE,FALSE
2016,10,"VCF0809","VCF0839","5","2",14,1914,FALSE,FALSE
2016,10,"VCF0809","VCF0839","6","2",9,1914,FALSE,FALSE
2016,10,"VCF0809","VCF0839","7","2",2,1914,FALSE,TRUE
2016,10,"VCF0809","VCF0839","1","3",42,1914,FALSE,FALSE
2016,10,"VCF0809","VCF0839","2","3",78,1914,FALSE,FALSE
2016,10,"VCF0809","VCF0839","3","3",69,1914,FALSE,FALSE
2016,10,"VCF0809","VCF0839","4","3",58,1914,FALSE,FALSE
2016,10,"VCF0809","VCF0839","5","3",33,1914,FALSE,FALSE
2016,10,"VCF0809","VCF0839","6","3",15,1914,FALSE,FALSE
2016,10,"VCF0809","VCF0839","7","3",8,1914,FALSE,FALSE
2016,10,"VCF0809","VCF0839","1","4",28,1914,FALSE,FALSE
2016,10,"VCF0809","VCF0839","2","4",41,1914,FALSE,FALSE
2016,10,"VCF0809","VCF0839","3","4",79,1914,FALSE,FALSE
2016,10,"VCF0809","VCF0839","4","4",161,1914,FALSE,FALSE
2016,10,"VCF0809","VCF0839","5","4",79,1914,FALSE,FALSE
2016,10,"VCF0809","VCF0839","6","4",28,1914,FALSE,FALSE
2016,10,"VCF0809","VCF0839","7","4",16,1914,FALSE,FALSE
2016,10,"VCF0809","VCF0839","1","5",10,1914,FALSE,FALSE
2016,10,"VCF0809","VCF0839","2","5",19,1914,FALSE,FALSE
2016,10,"VCF0809","VCF0839","3","5",51,1914,FALSE,FALSE
2016,10,"VCF0809","VCF0839","4","5",81,1914,FALSE,FALSE
2016,10,"VCF0809","VCF0839","5","5",90,1914,FALSE,FALSE
2016,10,"VCF0809","VCF0839","6","5",44,1914,FALSE,FALSE
2016,10,"VCF0809","VCF0839","7","5",23,1914,FALSE,FALSE
2016,10,"VCF0809","VCF0839","1","6",7,1914,FALSE,FALSE
2016,10,"VCF0809","VCF0839","2","6",14,1914,FALSE,FALSE
2016,10,"VCF0809","VCF0839","3","6",21,1914,FALSE,FALSE
2016,10,"VCF0809","VCF0839","4","6",36,1914,FALSE,FALSE
2016,10,"VCF0809","VCF0839","5","6",37,1914,FALSE,FALSE
2016,10,"VCF0809","VCF0839","6","6",44,1914,FALSE,FALSE
2016,10,"VCF0809","VCF0839","7","6",32,1914,FALSE,FALSE
2016,10,"VCF0809","VCF0839","1","7",4,1914,FALSE,TRUE
2016,10,"VCF0809","VCF0839","2","7",5,1914,FALSE,FALSE
2016,10,"VCF0809","VCF0839","3","7",7,1914,FALSE,FALSE
2016,10,"VCF0809","VCF0839","4","7",29,1914,FALSE,FALSE
2016,10,"VCF0809","VCF0839","5","7",17,1914,FALSE,FALSE
2016,10,"VCF0809","VCF0839","6","7",26,1914,FALSE,FALSE
2016,10,"VCF0809","VCF0839","7","7",65,1914,FALSE,FALSE
2016,11,"VCF0809","VCF0879a","1","1",190,1914,FALSE,FALSE
2016,11,"VCF0809","VCF0879a","2","1",168,1914,FALSE,FALSE
2016,11,"VCF0809","VCF0879a","3","1",125,1914,FALSE,FALSE
2016,11,"VCF0809","VCF0879a","4","1",171,1914,FALSE,FALSE
2016,11,"VCF0809","VCF0879a","5","1",92,1914,FALSE,FALSE
2016,11,"VCF0809","VCF0879a","6","1",43,1914,FALSE,FALSE
2016,11,"VCF0809","VCF0879a","7","1",60,1914,FALSE,FALSE
2016,11,"VCF0809","VCF0879a","1","3",76,1914,FALSE,FALSE
2016,11,"VCF0809","VCF0879a","2","3",108,1914,FALSE,FALSE
2016,11,"VCF0809","VCF0879a","3","3",129,1914,FALSE,FALSE
2016,11,"VCF0809","VCF0879a","4","3",155,1914,FALSE,FALSE
2016,11,"VCF0809","VCF0879a","5","3",123,1914,FALSE,FALSE
2016,11,"VCF0809","VCF0879a","6","3",72,1914,FALSE,FALSE
2016,11,"VCF0809","VCF0879a","7","3",63,1914,FALSE,FALSE
2016,11,"VCF0809","VCF0879a","1","5",19,1914,FALSE,FALSE
2016,11,"VCF0809","VCF0879a","2","5",38,1914,FALSE,FALSE
2016,11,"VCF0809","VCF0879a","3","5",38,1914,FALSE,FALSE
2016,11,"VCF0809","VCF0879a","4","5",85,1914,FALSE,FALSE
2016,11,"VCF0809","VCF0879a","5","5",65,1914,FALSE,FALSE
2016,11,"VCF0809","VCF0879a","6","5",54,1914,FALSE,FALSE
2016,11,"VCF0809","VCF0879a","7","5",40,1914,FALSE,FALSE
2016,12,"VCF0809","VCF0888","1","1",24,1914,FALSE,FALSE
2016,12,"VCF0809","VCF0888","2","1",22,1914,FALSE,FALSE
2016,12,"VCF0809","VCF0888","3","1",23,1914,FALSE,FALSE
2016,12,"VCF0809","VCF0888","4","1",29,1914,FALSE,FALSE
2016,12,"VCF0809","VCF0888","5","1",23,1914,FALSE,FALSE
2016,12,"VCF0809","VCF0888","6","1",19,1914,FALSE,FALSE
2016,12,"VCF0809","VCF0888","7","1",27,1914,FALSE,FALSE
2016,12,"VCF0809","VCF0888","1","2",86,1914,FALSE,FALSE
2016,12,"VCF0809","VCF0888","2","2",100,1914,FALSE,FALSE
2016,12,"VCF0809","VCF0888","3","2",104,1914,FALSE,FALSE
2016,12,"VCF0809","VCF0888","4","2",141,1914,FALSE,FALSE
2016,12,"VCF0809","VCF0888","5","2",106,1914,FALSE,FALSE
2016,12,"VCF0809","VCF0888","6","2",55,1914,FALSE,FALSE
2016,12,"VCF0809","VCF0888","7","2",35,1914,FALSE,FALSE
2016,12,"VCF0809","VCF0888","1","3",175,1914,FALSE,FALSE
2016,12,"VCF0809","VCF0888","2","3",192,1914,FALSE,FALSE
2016,12,"VCF0809","VCF0888","3","3",165,1914,FALSE,FALSE
2016,12,"VCF0809","VCF0888","4","3",241,1914,FALSE,FALSE
2016,12,"VCF0809","VCF0888","5","3",151,1914,FALSE,FALSE
2016,12,"VCF0809","VCF0888","6","3",95,1914,FALSE,FALSE
2016,12,"VCF0809","VCF0888","7","3",101,1914,FALSE,FALSE
2016,13,"VCF0809","VCF0890","1","1",72,1914,FALSE,FALSE
2016,13,"VCF0809","VCF0890","2","1",56,1914,FALSE,FALSE
2016,13,"VCF0809","VCF0890","3","1",26,1914,FALSE,FALSE
2016,13,"VCF0809","VCF0890","4","1",18,1914,FALSE,FALSE
2016,13,"VCF0809","VCF0890","5","1",12,1914,FALSE,FALSE
2016,13,"VCF0809","VCF0890","6","1",3,1914,FALSE,TRUE
2016,13,"VCF0809","VCF0890","7","1",7,1914,FALSE,FALSE
2016,13,"VCF0809","VCF0890","1","2",96,1914,FALSE,FALSE
2016,13,"VCF0809","VCF0890","2","2",94,1914,FALSE,FALSE
2016,13,"VCF0809","VCF0890","3","2",83,1914,FALSE,FALSE
2016,13,"VCF0809","VCF0890","4","2",94,1914,FALSE,FALSE
2016,13,"VCF0809","VCF0890","5","2",56,1914,FALSE,FALSE
2016,13,"VCF0809","VCF0890","6","2",30,1914,FALSE,FALSE
2016,13,"VCF0809","VCF0890","7","2",20,1914,FALSE,FALSE
2016,13,"VCF0809","VCF0890","1","3",117,1914,FALSE,FALSE
2016,13,"VCF0809","VCF0890","2","3",164,1914,FALSE,FALSE
2016,13,"VCF0809","VCF0890","3","3",183,1914,FALSE,FALSE
2016,13,"VCF0809","VCF0890","4","3",299,1914,FALSE,FALSE
2016,13,"VCF0809","VCF0890","5","3",212,1914,FALSE,FALSE
2016,13,"VCF0809","VCF0890","6","3",136,1914,FALSE,FALSE
2016,13,"VCF0809","VCF0890","7","3",136,1914,FALSE,FALSE
2016,14,"VCF0809","VCF0894","1","1",239,1914,FALSE,FALSE
2016,14,"VCF0809","VCF0894","2","1",245,1914,FALSE,FALSE
2016,14,"VCF0809","VCF0894","3","1",147,1914,FALSE,FALSE
2016,14,"VCF0809","VCF0894","4","1",152,1914,FALSE,FALSE
2016,14,"VCF0809","VCF0894","5","1",76,1914,FALSE,FALSE
2016,14,"VCF0809","VCF0894","6","1",43,1914,FALSE,FALSE
2016,14,"VCF0809","VCF0894","7","1",38,1914,FALSE,FALSE
2016,14,"VCF0809","VCF0894","1","2",38,1914,FALSE,FALSE
2016,14,"VCF0809","VCF0894","2","2",54,1914,FALSE,FALSE
2016,14,"VCF0809","VCF0894","3","2",113,1914,FALSE,FALSE
2016,14,"VCF0809","VCF0894","4","2",200,1914,FALSE,FALSE
2016,14,"VCF0809","VCF0894","5","2",133,1914,FALSE,FALSE
2016,14,"VCF0809","VCF0894","6","2",67,1914,FALSE,FALSE
2016,14,"VCF0809","VCF0894","7","2",45,1914,FALSE,FALSE
2016,14,"VCF0809","VCF0894","1","3",8,1914,FALSE,FALSE
2016,14,"VCF0809","VCF0894","2","3",15,1914,FALSE,FALSE
2016,14,"VCF0809","VCF0894","3","3",32,1914,FALSE,FALSE
2016,14,"VCF0809","VCF0894","4","3",59,1914,FALSE,FALSE
2016,14,"VCF0809","VCF0894","5","3",71,1914,FALSE,FALSE
2016,14,"VCF0809","VCF0894","6","3",59,1914,FALSE,FALSE
2016,14,"VCF0809","VCF0894","7","3",80,1914,FALSE,FALSE
2016,15,"VCF0809","VCF9223","1","1",78,1914,FALSE,FALSE
2016,15,"VCF0809","VCF9223","2","1",51,1914,FALSE,FALSE
2016,15,"VCF0809","VCF9223","3","1",27,1914,FALSE,FALSE
2016,15,"VCF0809","VCF9223","4","1",51,1914,FALSE,FALSE
2016,15,"VCF0809","VCF9223","5","1",30,1914,FALSE,FALSE
2016,15,"VCF0809","VCF9223","6","1",13,1914,FALSE,FALSE
2016,15,"VCF0809","VCF9223","7","1",36,1914,FALSE,FALSE
2016,15,"VCF0809","VCF9223","1","2",68,1914,FALSE,FALSE
2016,15,"VCF0809","VCF9223","2","2",77,1914,FALSE,FALSE
2016,15,"VCF0809","VCF9223","3","2",63,1914,FALSE,FALSE
2016,15,"VCF0809","VCF9223","4","2",77,1914,FALSE,FALSE
2016,15,"VCF0809","VCF9223","5","2",37,1914,FALSE,FALSE
2016,15,"VCF0809","VCF9223","6","2",20,1914,FALSE,FALSE
2016,15,"VCF0809","VCF9223","7","2",27,1914,FALSE,FALSE
2016,15,"VCF0809","VCF9223","1","3",107,1914,FALSE,FALSE
2016,15,"VCF0809","VCF9223","2","3",141,1914,FALSE,FALSE
2016,15,"VCF0809","VCF9223","3","3",131,1914,FALSE,FALSE
2016,15,"VCF0809","VCF9223","4","3",177,1914,FALSE,FALSE
2016,15,"VCF0809","VCF9223","5","3",124,1914,FALSE,FALSE
2016,15,"VCF0809","VCF9223","6","3",60,1914,FALSE,FALSE
2016,15,"VCF0809","VCF9223","7","3",46,1914,FALSE,FALSE
2016,15,"VCF0809","VCF9223","1","4",32,1914,FALSE,FALSE
2016,15,"VCF0809","VCF9223","2","4",45,1914,FALSE,FALSE
2016,15,"VCF0809","VCF9223","3","4",71,1914,FALSE,FALSE
2016,15,"VCF0809","VCF9223","4","4",106,1914,FALSE,FALSE
2016,15,"VCF0809","VCF9223","5","4",89,1914,FALSE,FALSE
2016,15,"VCF0809","VCF9223","6","4",76,1914,FALSE,FALSE
2016,15,"VCF0809","VCF9223","7","4",54,1914,FALSE,FALSE
2016,16,"VCF0838","VCF0839","1","1",45,1914,FALSE,FALSE
2016,16,"VCF0838","VCF0839","2","1",86,1914,FALSE,FALSE
2016,16,"VCF0838","VCF0839","3","1",43,1914,FALSE,FALSE
2016,16,"VCF0838","VCF0839","4","1",71,1914,FALSE,FALSE
2016,16,"VCF0838","VCF0839","1","2",36,1914,FALSE,FALSE
2016,16,"VCF0838","VCF0839","2","2",99,1914,FALSE,FALSE
2016,16,"VCF0838","VCF0839","3","2",53,1914,FALSE,FALSE
2016,16,"VCF0838","VCF0839","4","2",84,1914,FALSE,FALSE
2016,16,"VCF0838","VCF0839","1","3",45,1914,FALSE,FALSE
2016,16,"VCF0838","VCF0839","2","3",87,1914,FALSE,FALSE
2016,16,"VCF0838","VCF0839","3","3",50,1914,FALSE,FALSE
2016,16,"VCF0838","VCF0839","4","3",121,1914,FALSE,FALSE
2016,16,"VCF0838","VCF0839","1","4",34,1914,FALSE,FALSE
2016,16,"VCF0838","VCF0839","2","4",105,1914,FALSE,FALSE
2016,16,"VCF0838","VCF0839","3","4",72,1914,FALSE,FALSE
2016,16,"VCF0838","VCF0839","4","4",221,1914,FALSE,FALSE
2016,16,"VCF0838","VCF0839","1","5",22,1914,FALSE,FALSE
2016,16,"VCF0838","VCF0839","2","5",47,1914,FALSE,FALSE
2016,16,"VCF0838","VCF0839","3","5",49,1914,FALSE,FALSE
2016,16,"VCF0838","VCF0839","4","5",200,1914,FALSE,FALSE
2016,16,"VCF0838","VCF0839","1","6",14,1914,FALSE,FALSE
2016,16,"VCF0838","VCF0839","2","6",22,1914,FALSE,FALSE
2016,16,"VCF0838","VCF0839","3","6",23,1914,FALSE,FALSE
2016,16,"VCF0838","VCF0839","4","6",132,1914,FALSE,FALSE
2016,16,"VCF0838","VCF0839","1","7",12,1914,FALSE,FALSE
2016,16,"VCF0838","VCF0839","2","7",18,1914,FALSE,FALSE
2016,16,"VCF0838","VCF0839","3","7",9,1914,FALSE,FALSE
2016,16,"VCF0838","VCF0839","4","7",114,1914,FALSE,FALSE
2016,17,"VCF0838","VCF0879a","1","1",118,1914,FALSE,FALSE
2016,17,"VCF0838","VCF0879a","2","1",272,1914,FALSE,FALSE
2016,17,"VCF0838","VCF0879a","3","1",139,1914,FALSE,FALSE
2016,17,"VCF0838","VCF0879a","4","1",320,1914,FALSE,FALSE
2016,17,"VCF0838","VCF0879a","1","3",66,1914,FALSE,FALSE
2016,17,"VCF0838","VCF0879a","2","3",146,1914,FALSE,FALSE
2016,17,"VCF0838","VCF0879a","3","3",115,1914,FALSE,FALSE
2016,17,"VCF0838","VCF0879a","4","3",399,1914,FALSE,FALSE
2016,17,"VCF0838","VCF0879a","1","5",24,1914,FALSE,FALSE
2016,17,"VCF0838","VCF0879a","2","5",46,1914,FALSE,FALSE
2016,17,"VCF0838","VCF0879a","3","5",45,1914,FALSE,FALSE
2016,17,"VCF0838","VCF0879a","4","5",224,1914,FALSE,FALSE
2016,18,"VCF0838","VCF0888","1","1",16,1914,FALSE,FALSE
2016,18,"VCF0838","VCF0888","2","1",25,1914,FALSE,FALSE
2016,18,"VCF0838","VCF0888","3","1",26,1914,FALSE,FALSE
2016,18,"VCF0838","VCF0888","4","1",100,1914,FALSE,FALSE
2016,18,"VCF0838","VCF0888","1","2",61,1914,FALSE,FALSE
2016,18,"VCF0838","VCF0888","2","2",122,1914,FALSE,FALSE
2016,18,"VCF0838","VCF0888","3","2",82,1914,FALSE,FALSE
2016,18,"VCF0838","VCF0888","4","2",362,1914,FALSE,FALSE
2016,18,"VCF0838","VCF0888","1","3",131,1914,FALSE,FALSE
2016,18,"VCF0838","VCF0888","2","3",317,1914,FALSE,FALSE
2016,18,"VCF0838","VCF0888","3","3",191,1914,FALSE,FALSE
2016,18,"VCF0838","VCF0888","4","3",481,1914,FALSE,FALSE
2016,19,"VCF0838","VCF0890","1","1",35,1914,FALSE,FALSE
2016,19,"VCF0838","VCF0890","2","1",79,1914,FALSE,FALSE
2016,19,"VCF0838","VCF0890","3","1",34,1914,FALSE,FALSE
2016,19,"VCF0838","VCF0890","4","1",46,1914,FALSE,FALSE
2016,19,"VCF0838","VCF0890","1","2",72,1914,FALSE,FALSE
2016,19,"VCF0838","VCF0890","2","2",123,1914,FALSE,FALSE
2016,19,"VCF0838","VCF0890","3","2",79,1914,FALSE,FALSE
2016,19,"VCF0838","VCF0890","4","2",199,1914,FALSE,FALSE
2016,19,"VCF0838","VCF0890","1","3",101,1914,FALSE,FALSE
2016,19,"VCF0838","VCF0890","2","3",262,1914,FALSE,FALSE
2016,19,"VCF0838","VCF0890","3","3",186,1914,FALSE,FALSE
2016,19,"VCF0838","VCF0890","4","3",698,1914,FALSE,FALSE
2016,20,"VCF0838","VCF0894","1","1",128,1914,FALSE,FALSE
2016,20,"VCF0838","VCF0894","2","1",308,1914,FALSE,FALSE
2016,20,"VCF0838","VCF0894","3","1",157,1914,FALSE,FALSE
2016,20,"VCF0838","VCF0894","4","1",347,1914,FALSE,FALSE
2016,20,"VCF0838","VCF0894","1","2",55,1914,FALSE,FALSE
2016,20,"VCF0838","VCF0894","2","2",121,1914,FALSE,FALSE
2016,20,"VCF0838","VCF0894","3","2",101,1914,FALSE,FALSE
2016,20,"VCF0838","VCF0894","4","2",373,1914,FALSE,FALSE
2016,20,"VCF0838","VCF0894","1","3",25,1914,FALSE,FALSE
2016,20,"VCF0838","VCF0894","2","3",35,1914,FALSE,FALSE
2016,20,"VCF0838","VCF0894","3","3",41,1914,FALSE,FALSE
2016,20,"VCF0838","VCF0894","4","3",223,1914,FALSE,FALSE
2016,21,"VCF0838","VCF9223","1","1",42,1914,FALSE,FALSE
2016,21,"VCF0838","VCF9223","2","1",112,1914,FALSE,FALSE
2016,21,"VCF0838","VCF9223","3","1",43,1914,FALSE,FALSE
2016,21,"VCF0838","VCF9223","4","1",89,1914,FALSE,FALSE
2016,21,"VCF0838","VCF9223","1","2",59,1914,FALSE,FALSE
2016,21,"VCF0838","VCF9223","2","2",111,1914,FALSE,FALSE
2016,21,"VCF0838","VCF9223","3","2",76,1914,FALSE,FALSE
2016,21,"VCF0838","VCF9223","4","2",123,1914,FALSE,FALSE
2016,21,"VCF0838","VCF9223","1","3",82,1914,FALSE,FALSE
2016,21,"VCF0838","VCF9223","2","3",181,1914,FALSE,FALSE
2016,21,"VCF0838","VCF9223","3","3",126,1914,FALSE,FALSE
2016,21,"VCF0838","VCF9223","4","3",397,1914,FALSE,FALSE
2016,21,"VCF0838","VCF9223","1","4",25,1914,FALSE,FALSE
2016,21,"VCF0838","VCF9223","2","4",60,1914,FALSE,FALSE
2016,21,"VCF0838","VCF9223","3","4",54,1914,FALSE,FALSE
2016,21,"VCF0838","VCF9223","4","4",334,1914,FALSE,FALSE
2016,22,"VCF0839","VCF0879a","1","1",170,1914,FALSE,FALSE
2016,22,"VCF0839","VCF0879a","2","1",165,1914,FALSE,FALSE
2016,22,"VCF0839","VCF0879a","3","1",156,1914,FALSE,FALSE
2016,22,"VCF0839","VCF0879a","4","1",186,1914,FALSE,FALSE
2016,22,"VCF0839","VCF0879a","5","1",81,1914,FALSE,FALSE
2016,22,"VCF0839","VCF0879a","6","1",45,1914,FALSE,FALSE
2016,22,"VCF0839","VCF0879a","7","1",46,1914,FALSE,FALSE
2016,22,"VCF0839","VCF0879a","1","3",61,1914,FALSE,FALSE
2016,22,"VCF0839","VCF0879a","2","3",82,1914,FALSE,FALSE
2016,22,"VCF0839","VCF0879a","3","3",112,1914,FALSE,FALSE
2016,22,"VCF0839","VCF0879a","4","3",177,1914,FALSE,FALSE
2016,22,"VCF0839","VCF0879a","5","3",153,1914,FALSE,FALSE
2016,22,"VCF0839","VCF0879a","6","3",87,1914,FALSE,FALSE
2016,22,"VCF0839","VCF0879a","7","3",54,1914,FALSE,FALSE
2016,22,"VCF0839","VCF0879a","1","5",14,1914,FALSE,FALSE
2016,22,"VCF0839","VCF0879a","2","5",25,1914,FALSE,FALSE
2016,22,"VCF0839","VCF0879a","3","5",35,1914,FALSE,FALSE
2016,22,"VCF0839","VCF0879a","4","5",69,1914,FALSE,FALSE
2016,22,"VCF0839","VCF0879a","5","5",84,1914,FALSE,FALSE
2016,22,"VCF0839","VCF0879a","6","5",59,1914,FALSE,FALSE
2016,22,"VCF0839","VCF0879a","7","5",53,1914,FALSE,FALSE
2016,23,"VCF0839","VCF0888","1","1",31,1914,FALSE,FALSE
2016,23,"VCF0839","VCF0888","2","1",13,1914,FALSE,FALSE
2016,23,"VCF0839","VCF0888","3","1",17,1914,FALSE,FALSE
2016,23,"VCF0839","VCF0888","4","1",30,1914,FALSE,FALSE
2016,23,"VCF0839","VCF0888","5","1",30,1914,FALSE,FALSE
2016,23,"VCF0839","VCF0888","6","1",25,1914,FALSE,FALSE
2016,23,"VCF0839","VCF0888","7","1",21,1914,FALSE,FALSE
2016,23,"VCF0839","VCF0888","1","2",70,1914,FALSE,FALSE
2016,23,"VCF0839","VCF0888","2","2",85,1914,FALSE,FALSE
2016,23,"VCF0839","VCF0888","3","2",101,1914,FALSE,FALSE
2016,23,"VCF0839","VCF0888","4","2",153,1914,FALSE,FALSE
2016,23,"VCF0839","VCF0888","5","2",115,1914,FALSE,FALSE
2016,23,"VCF0839","VCF0888","6","2",57,1914,FALSE,FALSE
2016,23,"VCF0839","VCF0888","7","2",46,1914,FALSE,FALSE
2016,23,"VCF0839","VCF0888","1","3",144,1914,FALSE,FALSE
2016,23,"VCF0839","VCF0888","2","3",174,1914,FALSE,FALSE
2016,23,"VCF0839","VCF0888","3","3",185,1914,FALSE,FALSE
2016,23,"VCF0839","VCF0888","4","3",249,1914,FALSE,FALSE
2016,23,"VCF0839","VCF0888","5","3",173,1914,FALSE,FALSE
2016,23,"VCF0839","VCF0888","6","3",109,1914,FALSE,FALSE
2016,23,"VCF0839","VCF0888","7","3",86,1914,FALSE,FALSE
2016,24,"VCF0839","VCF0890","1","1",85,1914,FALSE,FALSE
2016,24,"VCF0839","VCF0890","2","1",52,1914,FALSE,FALSE
2016,24,"VCF0839","VCF0890","3","1",29,1914,FALSE,FALSE
2016,24,"VCF0839","VCF0890","4","1",17,1914,FALSE,FALSE
2016,24,"VCF0839","VCF0890","5","1",6,1914,FALSE,FALSE
2016,24,"VCF0839","VCF0890","6","1",3,1914,FALSE,TRUE
2016,24,"VCF0839","VCF0890","7","1",2,1914,FALSE,TRUE
2016,24,"VCF0839","VCF0890","1","2",65,1914,FALSE,FALSE
2016,24,"VCF0839","VCF0890","2","2",103,1914,FALSE,FALSE
2016,24,"VCF0839","VCF0890","3","2",101,1914,FALSE,FALSE
2016,24,"VCF0839","VCF0890","4","2",110,1914,FALSE,FALSE
2016,24,"VCF0839","VCF0890","5","2",59,1914,FALSE,FALSE
2016,24,"VCF0839","VCF0890","6","2",21,1914,FALSE,FALSE
2016,24,"VCF0839","VCF0890","7","2",14,1914,FALSE,FALSE
2016,24,"VCF0839","VCF0890","1","3",95,1914,FALSE,FALSE
2016,24,"VCF0839","VCF0890","2","3",117,1914,FALSE,FALSE
2016,24,"VCF0839","VCF0890","3","3",173,1914,FALSE,FALSE
2016,24,"VCF0839","VCF0890","4","3",305,1914,FALSE,FALSE
2016,24,"VCF0839","VCF0890","5","3",253,1914,FALSE,FALSE
2016,24,"VCF0839","VCF0890","6","3",167,1914,FALSE,FALSE
2016,24,"VCF0839","VCF0890","7","3",137,1914,FALSE,FALSE
2016,25,"VCF0839","VCF0894","1","1",215,1914,FALSE,FALSE
2016,25,"VCF0839","VCF0894","2","1",223,1914,FALSE,FALSE
2016,25,"VCF0839","VCF0894","3","1",211,1914,FALSE,FALSE
2016,25,"VCF0839","VCF0894","4","1",175,1914,FALSE,FALSE
2016,25,"VCF0839","VCF0894","5","1",68,1914,FALSE,FALSE
2016,25,"VCF0839","VCF0894","6","1",27,1914,FALSE,FALSE
2016,25,"VCF0839","VCF0894","7","1",21,1914,FALSE,FALSE
2016,25,"VCF0839","VCF0894","1","2",28,1914,FALSE,FALSE
2016,25,"VCF0839","VCF0894","2","2",43,1914,FALSE,FALSE
2016,25,"VCF0839","VCF0894","3","2",82,1914,FALSE,FALSE
2016,25,"VCF0839","VCF0894","4","2",208,1914,FALSE,FALSE
2016,25,"VCF0839","VCF0894","5","2",167,1914,FALSE,FALSE
2016,25,"VCF0839","VCF0894","6","2",80,1914,FALSE,FALSE
2016,25,"VCF0839","VCF0894","7","2",42,1914,FALSE,FALSE
2016,25,"VCF0839","VCF0894","1","3",2,1914,FALSE,TRUE
2016,25,"VCF0839","VCF0894","2","3",6,1914,FALSE,FALSE
2016,25,"VCF0839","VCF0894","3","3",10,1914,FALSE,FALSE
2016,25,"VCF0839","VCF0894","4","3",49,1914,FALSE,FALSE
2016,25,"VCF0839","VCF0894","5","3",83,1914,FALSE,FALSE
2016,25,"VCF0839","VCF0894","6","3",84,1914,FALSE,FALSE
2016,25,"VCF0839","VCF0894","7","3",90,1914,FALSE,FALSE
2016,26,"VCF0839","VCF9223","1","1",84,1914,FALSE,FALSE
2016,26,"VCF0839","VCF9223","2","1",59,1914,FALSE,FALSE
2016,26,"VCF0839","VCF9223","3","1",27,1914,FALSE,FALSE
2016,26,"VCF0839","VCF9223","4","1",53,1914,FALSE,FALSE
2016,26,"VCF0839","VCF9223","5","1",28,1914,FALSE,FALSE
2016,26,"VCF0839","VCF9223","6","1",15,1914,FALSE,FALSE
2016,26,"VCF0839","VCF9223","7","1",20,1914,FALSE,FALSE
2016,26,"VCF0839","VCF9223","1","2",50,1914,FALSE,FALSE
2016,26,"VCF0839","VCF9223","2","2",69,1914,FALSE,FALSE
2016,26,"VCF0839","VCF9223","3","2",82,1914,FALSE,FALSE
2016,26,"VCF0839","VCF9223","4","2",86,1914,FALSE,FALSE
2016,26,"VCF0839","VCF9223","5","2",44,1914,FALSE,FALSE
2016,26,"VCF0839","VCF9223","6","2",14,1914,FALSE,FALSE
2016,26,"VCF0839","VCF9223","7","2",24,1914,FALSE,FALSE
2016,26,"VCF0839","VCF9223","1","3",89,1914,FALSE,FALSE
2016,26,"VCF0839","VCF9223","2","3",108,1914,FALSE,FALSE
2016,26,"VCF0839","VCF9223","3","3",145,1914,FALSE,FALSE
2016,26,"VCF0839","VCF9223","4","3",182,1914,FALSE,FALSE
2016,26,"VCF0839","VCF9223","5","3",140,1914,FALSE,FALSE
2016,26,"VCF0839","VCF9223","6","3",85,1914,FALSE,FALSE
2016,26,"VCF0839","VCF9223","7","3",37,1914,FALSE,FALSE
2016,26,"VCF0839","VCF9223","1","4",22,1914,FALSE,FALSE
2016,26,"VCF0839","VCF9223","2","4",36,1914,FALSE,FALSE
2016,26,"VCF0839","VCF9223","3","4",49,1914,FALSE,FALSE
2016,26,"VCF0839","VCF9223","4","4",111,1914,FALSE,FALSE
2016,26,"VCF0839","VCF9223","5","4",106,1914,FALSE,FALSE
2016,26,"VCF0839","VCF9223","6","4",77,1914,FALSE,FALSE
2016,26,"VCF0839","VCF9223","7","4",72,1914,FALSE,FALSE
2016,27,"VCF0879a","VCF0888","1","1",60,1914,FALSE,FALSE
2016,27,"VCF0879a","VCF0888","3","1",54,1914,FALSE,FALSE
2016,27,"VCF0879a","VCF0888","5","1",53,1914,FALSE,FALSE
2016,27,"VCF0879a","VCF0888","1","2",233,1914,FALSE,FALSE
2016,27,"VCF0879a","VCF0888","3","2",264,1914,FALSE,FALSE
2016,27,"VCF0879a","VCF0888","5","2",130,1914,FALSE,FALSE
2016,27,"VCF0879a","VCF0888","1","3",556,1914,FALSE,FALSE
2016,27,"VCF0879a","VCF0888","3","3",408,1914,FALSE,FALSE
2016,27,"VCF0879a","VCF0888","5","3",156,1914,FALSE,FALSE
2016,28,"VCF0879a","VCF0890","1","1",124,1914,FALSE,FALSE
2016,28,"VCF0879a","VCF0890","3","1",50,1914,FALSE,FALSE
2016,28,"VCF0879a","VCF0890","5","1",20,1914,FALSE,FALSE
2016,28,"VCF0879a","VCF0890","1","2",257,1914,FALSE,FALSE
2016,28,"VCF0879a","VCF0890","3","2",164,1914,FALSE,FALSE
2016,28,"VCF0879a","VCF0890","5","2",52,1914,FALSE,FALSE
2016,28,"VCF0879a","VCF0890","1","3",468,1914,FALSE,FALSE
2016,28,"VCF0879a","VCF0890","3","3",512,1914,FALSE,FALSE
2016,28,"VCF0879a","VCF0890","5","3",267,1914,FALSE,FALSE
2016,29,"VCF0879a","VCF0894","1","1",567,1914,FALSE,FALSE
2016,29,"VCF0879a","VCF0894","3","1",292,1914,FALSE,FALSE
2016,29,"VCF0879a","VCF0894","5","1",81,1914,FALSE,FALSE
2016,29,"VCF0879a","VCF0894","1","2",227,1914,FALSE,FALSE
2016,29,"VCF0879a","VCF0894","3","2",304,1914,FALSE,FALSE
2016,29,"VCF0879a","VCF0894","5","2",119,1914,FALSE,FALSE
2016,29,"VCF0879a","VCF0894","1","3",55,1914,FALSE,FALSE
2016,29,"VCF0879a","VCF0894","3","3",130,1914,FALSE,FALSE
2016,29,"VCF0879a","VCF0894","5","3",139,1914,FALSE,FALSE
2016,30,"VCF0879a","VCF9223","1","1",239,1914,FALSE,FALSE
2016,30,"VCF0879a","VCF9223","3","1",29,1914,FALSE,FALSE
2016,30,"VCF0879a","VCF9223","5","1",18,1914,FALSE,FALSE
2016,30,"VCF0879a","VCF9223","1","2",245,1914,FALSE,FALSE
2016,30,"VCF0879a","VCF9223","3","2",101,1914,FALSE,FALSE
2016,30,"VCF0879a","VCF9223","5","2",23,1914,FALSE,FALSE
2016,30,"VCF0879a","VCF9223","1","3",305,1914,FALSE,FALSE
2016,30,"VCF0879a","VCF9223","3","3",365,1914,FALSE,FALSE
2016,30,"VCF0879a","VCF9223","5","3",116,1914,FALSE,FALSE
2016,30,"VCF0879a","VCF9223","1","4",60,1914,FALSE,FALSE
2016,30,"VCF0879a","VCF9223","3","4",231,1914,FALSE,FALSE
2016,30,"VCF0879a","VCF9223","5","4",182,1914,FALSE,FALSE
2016,31,"VCF0888","VCF0890","1","1",33,1914,FALSE,FALSE
2016,31,"VCF0888","VCF0890","2","1",58,1914,FALSE,FALSE
2016,31,"VCF0888","VCF0890","3","1",103,1914,FALSE,FALSE
2016,31,"VCF0888","VCF0890","1","2",24,1914,FALSE,FALSE
2016,31,"VCF0888","VCF0890","2","2",192,1914,FALSE,FALSE
2016,31,"VCF0888","VCF0890","3","2",257,1914,FALSE,FALSE
2016,31,"VCF0888","VCF0890","1","3",110,1914,FALSE,FALSE
2016,31,"VCF0888","VCF0890","2","3",377,1914,FALSE,FALSE
2016,31,"VCF0888","VCF0890","3","3",760,1914,FALSE,FALSE
2016,32,"VCF0888","VCF0894","1","1",70,1914,FALSE,FALSE
2016,32,"VCF0888","VCF0894","2","1",264,1914,FALSE,FALSE
2016,32,"VCF0888","VCF0894","3","1",606,1914,FALSE,FALSE
2016,32,"VCF0888","VCF0894","1","2",45,1914,FALSE,FALSE
2016,32,"VCF0888","VCF0894","2","2",257,1914,FALSE,FALSE
2016,32,"VCF0888","VCF0894","3","2",348,1914,FALSE,FALSE
2016,32,"VCF0888","VCF0894","1","3",52,1914,FALSE,FALSE
2016,32,"VCF0888","VCF0894","2","3",106,1914,FALSE,FALSE
2016,32,"VCF0888","VCF0894","3","3",166,1914,FALSE,FALSE
2016,33,"VCF0888","VCF9223","1","1",20,1914,FALSE,FALSE
2016,33,"VCF0888","VCF9223","2","1",65,1914,FALSE,FALSE
2016,33,"VCF0888","VCF9223","3","1",201,1914,FALSE,FALSE
2016,33,"VCF0888","VCF9223","1","2",25,1914,FALSE,FALSE
2016,33,"VCF0888","VCF9223","2","2",105,1914,FALSE,FALSE
2016,33,"VCF0888","VCF9223","3","2",239,1914,FALSE,FALSE
2016,33,"VCF0888","VCF9223","1","3",68,1914,FALSE,FALSE
2016,33,"VCF0888","VCF9223","2","3",266,1914,FALSE,FALSE
2016,33,"VCF0888","VCF9223","3","3",452,1914,FALSE,FALSE
2016,33,"VCF0888","VCF9223","1","4",54,1914,FALSE,FALSE
2016,33,"VCF0888","VCF9223","2","4",191,1914,FALSE,FALSE
2016,33,"VCF0888","VCF9223","3","4",228,1914,FALSE,FALSE
2016,34,"VCF0890","VCF0894","1","1",165,1914,FALSE,FALSE
2016,34,"VCF0890","VCF0894","2","1",266,1914,FALSE,FALSE
2016,34,"VCF0890","VCF0894","3","1",509,1914,FALSE,FALSE
2016,34,"VCF0890","VCF0894","1","2",22,1914,FALSE,FALSE
2016,34,"VCF0890","VCF0894","2","2",176,1914,FALSE,FALSE
2016,34,"VCF0890","VCF0894","3","2",452,1914,FALSE,FALSE
2016,34,"VCF0890","VCF0894","1","3",7,1914,FALSE,FALSE
2016,34,"VCF0890","VCF0894","2","3",31,1914,FALSE,FALSE
2016,34,"VCF0890","VCF0894","3","3",286,1914,FALSE,FALSE
2016,35,"VCF0890","VCF9223","1","1",59,1914,FALSE,FALSE
2016,35,"VCF0890","VCF9223","2","1",82,1914,FALSE,FALSE
2016,35,"VCF0890","VCF9223","3","1",145,1914,FALSE,FALSE
2016,35,"VCF0890","VCF9223","1","2",40,1914,FALSE,FALSE
2016,35,"VCF0890","VCF9223","2","2",107,1914,FALSE,FALSE
2016,35,"VCF0890","VCF9223","3","2",222,1914,FALSE,FALSE
2016,35,"VCF0890","VCF9223","1","3",76,1914,FALSE,FALSE
2016,35,"VCF0890","VCF9223","2","3",214,1914,FALSE,FALSE
2016,35,"VCF0890","VCF9223","3","3",496,1914,FALSE,FALSE
2016,35,"VCF0890","VCF9223","1","4",19,1914,FALSE,FALSE
2016,35,"VCF0890","VCF9223","2","4",70,1914,FALSE,FALSE
2016,35,"VCF0890","VCF9223","3","4",384,1914,FALSE,FALSE
2016,36,"VCF0894","VCF9223","1","1",200,1914,FALSE,FALSE
2016,36,"VCF0894","VCF9223","2","1",63,1914,FALSE,FALSE
2016,36,"VCF0894","VCF9223","3","1",23,1914,FALSE,FALSE
2016,36,"VCF0894","VCF9223","1","2",224,1914,FALSE,FALSE
2016,36,"VCF0894","VCF9223","2","2",101,1914,FALSE,FALSE
2016,36,"VCF0894","VCF9223","3","2",44,1914,FALSE,FALSE
2016,36,"VCF0894","VCF9223","1","3",396,1914,FALSE,FALSE
2016,36,"VCF0894","VCF9223","2","3",281,1914,FALSE,FALSE
2016,36,"VCF0894","VCF9223","3","3",109,1914,FALSE,FALSE
2016,36,"VCF0894","VCF9223","1","4",120,1914,FALSE,FALSE
2016,36,"VCF0894","VCF9223","2","4",205,1914,FALSE,FALSE
2016,36,"VCF0894","VCF9223","3","4",148,1914,FALSE,FALSE
2020,1,"VCF0806","VCF0809","1","1",490,5094,FALSE,FALSE
2020,1,"VCF0806","VCF0809","2","1",124,5094,FALSE,FALSE
2020,1,"VCF0806","VCF0809","3","1",75,5094,FALSE,FALSE
2020,1,"VCF0806","VCF0809","4","1",63,5094,FALSE,FALSE
2020,1,"VCF0806","VCF0809","5","1",27,5094,FALSE,FALSE
2020,1,"VCF0806","VCF0809","6","1",17,5094,FALSE,FALSE
2020,1,"VCF0806","VCF0809","7","1",42,5094,FALSE,FALSE
2020,1,"VCF0806","VCF0809","1","2",159,5094,FALSE,FALSE
2020,1,"VCF0806","VCF0809","2","2",173,5094,FALSE,FALSE
2020,1,"VCF0806","VCF0809","3","2",136,5094,FALSE,FALSE
2020,1,"VCF0806","VCF0809","4","2",90,5094,FALSE,FALSE
2020,1,"VCF0806","VCF0809","5","2",60,5094,FALSE,FALSE
2020,1,"VCF0806","VCF0809","6","2",35,5094,FALSE,FALSE
2020,1,"VCF0806","VCF0809","7","2",30,5094,FALSE,FALSE
2020,1,"VCF0806","VCF0809","1","3",80,5094,FALSE,FALSE
2020,1,"VCF0806","VCF0809","2","3",86,5094,FALSE,FALSE
2020,1,"VCF0806","VCF0809","3","3",146,5094,FALSE,FALSE
2020,1,"VCF0806","VCF0809","4","3",165,5094,FALSE,FALSE
2020,1,"VCF0806","VCF0809","5","3",72,5094,FALSE,FALSE
2020,1,"VCF0806","VCF0809","6","3",53,5094,FALSE,FALSE
2020,1,"VCF0806","VCF0809","7","3",51,5094,FALSE,FALSE
2020,1,"VCF0806","VCF0809","1","4",47,5094,FALSE,FALSE
2020,1,"VCF0806","VCF0809","2","4",64,5094,FALSE,FALSE
2020,1,"VCF0806","VCF0809","3","4",116,5094,FALSE,FALSE
2020,1,"VCF0806","VCF0809","4","4",301,5094,FALSE,FALSE
2020,1,"VCF0806","VCF0809","5","4",162,5094,FALSE,FALSE
2020,1,"VCF0806","VCF0809","6","4",128,5094,FALSE,FALSE
2020,1,"VCF0806","VCF0809","7","4",161,5094,FALSE,FALSE
2020,1,"VCF0806","VCF0809","1","5",14,5094,FALSE,FALSE
2020,1,"VCF0806","VCF0809","2","5",26,5094,FALSE,FALSE
2020,1,"VCF0806","VCF0809","3","5",56,5094,FALSE,FALSE
2020,1,"VCF0806","VCF0809","4","5",100,5094,FALSE,FALSE
2020,1,"VCF0806","VCF0809","5","5",142,5094,FALSE,FALSE
2020,1,"VCF0806","VCF0809","6","5",182,5094,FALSE,FALSE
2020,1,"VCF0806","VCF0809","7","5",225,5094,FALSE,FALSE
2020,1,"VCF0806","VCF0809","1","6",10,5094,FALSE,FALSE
2020,1,"VCF0806","VCF0809","2","6",13,5094,FALSE,FALSE
2020,1,"VCF0806","VCF0809","3","6",30,5094,FALSE,FALSE
2020,1,"VCF0806","VCF0809","4","6",48,5094,FALSE,FALSE
2020,1,"VCF0806","VCF0809","5","6",66,5094,FALSE,FALSE
2020,1,"VCF0806","VCF0809","6","6",161,5094,FALSE,FALSE
2020,1,"VCF0806","VCF0809","7","6",246,5094,FALSE,FALSE
2020,1,"VCF0806","VCF0809","1","7",33,5094,FALSE,FALSE
2020,1,"VCF0806","VCF0809","2","7",11,5094,FALSE,FALSE
2020,1,"VCF0806","VCF0809","3","7",13,5094,FALSE,FALSE
2020,1,"VCF0806","VCF0809","4","7",47,5094,FALSE,FALSE
2020,1,"VCF0806","VCF0809","5","7",43,5094,FALSE,FALSE
2020,1,"VCF0806","VCF0809","6","7",57,5094,FALSE,FALSE
2020,1,"VCF0806","VCF0809","7","7",418,5094,FALSE,FALSE
2020,2,"VCF0806","VCF0838","1","1",212,5094,FALSE,FALSE
2020,2,"VCF0806","VCF0838","2","1",68,5094,FALSE,FALSE
2020,2,"VCF0806","VCF0838","3","1",68,5094,FALSE,FALSE
2020,2,"VCF0806","VCF0838","4","1",78,5094,FALSE,FALSE
2020,2,"VCF0806","VCF0838","5","1",27,5094,FALSE,FALSE
2020,2,"VCF0806","VCF0838","6","1",18,5094,FALSE,FALSE
2020,2,"VCF0806","VCF0838","7","1",37,5094,FALSE,FALSE
2020,2,"VCF0806","VCF0838","1","2",358,5094,FALSE,FALSE
2020,2,"VCF0806","VCF0838","2","2",212,5094,FALSE,FALSE
2020,2,"VCF0806","VCF0838","3","2",180,5094,FALSE,FALSE
2020,2,"VCF0806","VCF0838","4","2",188,5094,FALSE,FALSE
2020,2,"VCF0806","VCF0838","5","2",76,5094,FALSE,FALSE
2020,2,"VCF0806","VCF0838","6","2",65,5094,FALSE,FALSE
2020,2,"VCF0806","VCF0838","7","2",110,5094,FALSE,FALSE
2020,2,"VCF0806","VCF0838","1","3",114,5094,FALSE,FALSE
2020,2,"VCF0806","VCF0838","2","3",81,5094,FALSE,FALSE
2020,2,"VCF0806","VCF0838","3","3",122,5094,FALSE,FALSE
2020,2,"VCF0806","VCF0838","4","3",147,5094,FALSE,FALSE
2020,2,"VCF0806","VCF0838","5","3",82,5094,FALSE,FALSE
2020,2,"VCF0806","VCF0838","6","3",72,5094,FALSE,FALSE
2020,2,"VCF0806","VCF0838","7","3",114,5094,FALSE,FALSE
2020,2,"VCF0806","VCF0838","1","4",149,5094,FALSE,FALSE
2020,2,"VCF0806","VCF0838","2","4",136,5094,FALSE,FALSE
2020,2,"VCF0806","VCF0838","3","4",202,5094,FALSE,FALSE
2020,2,"VCF0806","VCF0838","4","4",401,5094,FALSE,FALSE
2020,2,"VCF0806","VCF0838","5","4",387,5094,FALSE,FALSE
2020,2,"VCF0806","VCF0838","6","4",478,5094,FALSE,FALSE
2020,2,"VCF0806","VCF0838","7","4",912,5094,FALSE,FALSE
2020,3,"VCF0806","VCF0839","1","1",240,5094,FALSE,FALSE
2020,3,"VCF0806","VCF0839","2","1",48,5094,FALSE,FALSE
2020,3,"VCF0806","VCF0839","3","1",31,5094,FALSE,FALSE
2020,3,"VCF0806","VCF0839","4","1",27,5094,FALSE,FALSE
2020,3,"VCF0806","VCF0839","5","1",5,5094,FALSE,FALSE
2020,3,"VCF0806","VCF0839","6","1",4,5094,FALSE,TRUE
2020,3,"VCF0806","VCF0839","7","1",13,5094,FALSE,FALSE
2020,3,"VCF0806","VCF0839","1","2",179,5094,FALSE,FALSE
2020,3,"VCF0806","VCF0839","2","2",98,5094,FALSE,FALSE
2020,3,"VCF0806","VCF0839","3","2",56,5094,FALSE,FALSE
2020,3,"VCF0806","VCF0839","4","2",35,5094,FALSE,FALSE
2020,3,"VCF0806","VCF0839","5","2",12,5094,FALSE,FALSE
2020,3,"VCF0806","VCF0839","6","2",17,5094,FALSE,FALSE
2020,3,"VCF0806","VCF0839","7","2",6,5094,FALSE,FALSE
2020,3,"VCF0806","VCF0839","1","3",163,5094,FALSE,FALSE
2020,3,"VCF0806","VCF0839","2","3",121,5094,FALSE,FALSE
2020,3,"VCF0806","VCF0839","3","3",128,5094,FALSE,FALSE
2020,3,"VCF0806","VCF0839","4","3",100,5094,FALSE,FALSE
2020,3,"VCF0806","VCF0839","5","3",69,5094,FALSE,FALSE
2020,3,"VCF0806","VCF0839","6","3",33,5094,FALSE,FALSE
2020,3,"VCF0806","VCF0839","7","3",29,5094,FALSE,FALSE
2020,3,"VCF0806","VCF0839","1","4",123,5094,FALSE,FALSE
2020,3,"VCF0806","VCF0839","2","4",129,5094,FALSE,FALSE
2020,3,"VCF0806","VCF0839","3","4",142,5094,FALSE,FALSE
2020,3,"VCF0806","VCF0839","4","4",313,5094,FALSE,FALSE
2020,3,"VCF0806","VCF0839","5","4",150,5094,FALSE,FALSE
2020,3,"VCF0806","VCF0839","6","4",103,5094,FALSE,FALSE
2020,3,"VCF0806","VCF0839","7","4",101,5094,FALSE,FALSE
2020,3,"VCF0806","VCF0839","1","5",49,5094,FALSE,FALSE
2020,3,"VCF0806","VCF0839","2","5",47,5094,FALSE,FALSE
2020,3,"VCF0806","VCF0839","3","5",133,5094,FALSE,FALSE
2020,3,"VCF0806","VCF0839","4","5",166,5094,FALSE,FALSE
2020,3,"VCF0806","VCF0839","5","5",175,5094,FALSE,FALSE
2020,3,"VCF0806","VCF0839","6","5",204,5094,FALSE,FALSE
2020,3,"VCF0806","VCF0839","7","5",197,5094,FALSE,FALSE
2020,3,"VCF0806","VCF0839","1","6",20,5094,FALSE,FALSE
2020,3,"VCF0806","VCF0839","2","6",26,5094,FALSE,FALSE
2020,3,"VCF0806","VCF0839","3","6",40,5094,FALSE,FALSE
2020,3,"VCF0806","VCF0839","4","6",77,5094,FALSE,FALSE
2020,3,"VCF0806","VCF0839","5","6",103,5094,FALSE,FALSE
2020,3,"VCF0806","VCF0839","6","6",195,5094,FALSE,FALSE
2020,3,"VCF0806","VCF0839","7","6",252,5094,FALSE,FALSE
2020,3,"VCF0806","VCF0839","1","7",59,5094,FALSE,FALSE
2020,3,"VCF0806","VCF0839","2","7",28,5094,FALSE,FALSE
2020,3,"VCF0806","VCF0839","3","7",42,5094,FALSE,FALSE
2020,3,"VCF0806","VCF0839","4","7",96,5094,FALSE,FALSE
2020,3,"VCF0806","VCF0839","5","7",58,5094,FALSE,FALSE
2020,3,"VCF0806","VCF0839","6","7",77,5094,FALSE,FALSE
2020,3,"VCF0806","VCF0839","7","7",575,5094,FALSE,FALSE
2020,4,"VCF0806","VCF0879a","1","1",385,5094,FALSE,FALSE
2020,4,"VCF0806","VCF0879a","2","1",194,5094,FALSE,FALSE
2020,4,"VCF0806","VCF0879a","3","1",208,5094,FALSE,FALSE
2020,4,"VCF0806","VCF0879a","4","1",250,5094,FALSE,FALSE
2020,4,"VCF0806","VCF0879a","5","1",102,5094,FALSE,FALSE
2020,4,"VCF0806","VCF0879a","6","1",81,5094,FALSE,FALSE
2020,4,"VCF0806","VCF0879a","7","1",158,5094,FALSE,FALSE
2020,4,"VCF0806","VCF0879a","1","3",381,5094,FALSE,FALSE
2020,4,"VCF0806","VCF0879a","2","3",234,5094,FALSE,FALSE
2020,4,"VCF0806","VCF0879a","3","3",263,5094,FALSE,FALSE
2020,4,"VCF0806","VCF0879a","4","3",358,5094,FALSE,FALSE
2020,4,"VCF0806","VCF0879a","5","3",236,5094,FALSE,FALSE
2020,4,"VCF0806","VCF0879a","6","3",206,5094,FALSE,FALSE
2020,4,"VCF0806","VCF0879a","7","3",351,5094,FALSE,FALSE
2020,4,"VCF0806","VCF0879a","1","5",67,5094,FALSE,FALSE
2020,4,"VCF0806","VCF0879a","2","5",69,5094,FALSE,FALSE
2020,4,"VCF0806","VCF0879a","3","5",101,5094,FALSE,FALSE
2020,4,"VCF0806","VCF0879a","4","5",206,5094,FALSE,FALSE
2020,4,"VCF0806","VCF0879a","5","5",234,5094,FALSE,FALSE
2020,4,"VCF0806","VCF0879a","6","5",346,5094,FALSE,FALSE
2020,4,"VCF0806","VCF0879a","7","5",664,5094,FALSE,FALSE
2020,5,"VCF0806","VCF0888","1","1",29,5094,FALSE,FALSE
2020,5,"VCF0806","VCF0888","2","1",13,5094,FALSE,FALSE
2020,5,"VCF0806","VCF0888","3","1",28,5094,FALSE,FALSE
2020,5,"VCF0806","VCF0888","4","1",70,5094,FALSE,FALSE
2020,5,"VCF0806","VCF0888","5","1",75,5094,FALSE,FALSE
2020,5,"VCF0806","VCF0888","6","1",120,5094,FALSE,FALSE
2020,5,"VCF0806","VCF0888","7","1",342,5094,FALSE,FALSE
2020,5,"VCF0806","VCF0888","1","2",184,5094,FALSE,FALSE
2020,5,"VCF0806","VCF0888","2","2",141,5094,FALSE,FALSE
2020,5,"VCF0806","VCF0888","3","2",191,5094,FALSE,FALSE
2020,5,"VCF0806","VCF0888","4","2",304,5094,FALSE,FALSE
2020,5,"VCF0806","VCF0888","5","2",257,5094,FALSE,FALSE
2020,5,"VCF0806","VCF0888","6","2",295,5094,FALSE,FALSE
2020,5,"VCF0806","VCF0888","7","2",405,5094,FALSE,FALSE
2020,5,"VCF0806","VCF0888","1","3",620,5094,FALSE,FALSE
2020,5,"VCF0806","VCF0888","2","3",343,5094,FALSE,FALSE
2020,5,"VCF0806","VCF0888","3","3",353,5094,FALSE,FALSE
2020,5,"VCF0806","VCF0888","4","3",440,5094,FALSE,FALSE
2020,5,"VCF0806","VCF0888","5","3",240,5094,FALSE,FALSE
2020,5,"VCF0806","VCF0888","6","3",218,5094,FALSE,FALSE
2020,5,"VCF0806","VCF0888","7","3",426,5094,FALSE,FALSE
2020,6,"VCF0806","VCF0890","1","1",180,5094,FALSE,FALSE
2020,6,"VCF0806","VCF0890","2","1",74,5094,FALSE,FALSE
2020,6,"VCF0806","VCF0890","3","1",42,5094,FALSE,FALSE
2020,6,"VCF0806","VCF0890","4","1",45,5094,FALSE,FALSE
2020,6,"VCF0806","VCF0890","5","1",14,5094,FALSE,FALSE
2020,6,"VCF0806","VCF0890","6","1",5,5094,FALSE,FALSE
2020,6,"VCF0806","VCF0890","7","1",18,5094,FALSE,FALSE
2020,6,"VCF0806","VCF0890","1","2",336,5094,FALSE,FALSE
2020,6,"VCF0806","VCF0890","2","2",193,5094,FALSE,FALSE
2020,6,"VCF0806","VCF0890","3","2",193,5094,FALSE,FALSE
2020,6,"VCF0806","VCF0890","4","2",235,5094,FALSE,FALSE
2020,6,"VCF0806","VCF0890","5","2",119,5094,FALSE,FALSE
2020,6,"VCF0806","VCF0890","6","2",98,5094,FALSE,FALSE
2020,6,"VCF0806","VCF0890","7","2",128,5094,FALSE,FALSE
2020,6,"VCF0806","VCF0890","1","3",317,5094,FALSE,FALSE
2020,6,"VCF0806","VCF0890","2","3",230,5094,FALSE,FALSE
2020,6,"VCF0806","VCF0890","3","3",337,5094,FALSE,FALSE
2020,6,"VCF0806","VCF0890","4","3",534,5094,FALSE,FALSE
2020,6,"VCF0806","VCF0890","5","3",439,5094,FALSE,FALSE
2020,6,"VCF0806","VCF0890","6","3",530,5094,FALSE,FALSE
2020,6,"VCF0806","VCF0890","7","3",1027,5094,FALSE,FALSE
2020,7,"VCF0806","VCF0894","1","1",529,5094,FALSE,FALSE
2020,7,"VCF0806","VCF0894","2","1",244,5094,FALSE,FALSE
2020,7,"VCF0806","VCF0894","3","1",235,5094,FALSE,FALSE
2020,7,"VCF0806","VCF0894","4","1",203,5094,FALSE,FALSE
2020,7,"VCF0806","VCF0894","5","1",105,5094,FALSE,FALSE
2020,7,"VCF0806","VCF0894","6","1",67,5094,FALSE,FALSE
2020,7,"VCF0806","VCF0894","7","1",101,5094,FALSE,FALSE
2020,7,"VCF0806","VCF0894","1","2",256,5094,FALSE,FALSE
2020,7,"VCF0806","VCF0894","2","2",209,5094,FALSE,FALSE
2020,7,"VCF0806","VCF0894","3","2",251,5094,FALSE,FALSE
2020,7,"VCF0806","VCF0894","4","2",441,5094,FALSE,FALSE
2020,7,"VCF0806","VCF0894","5","2",292,5094,FALSE,FALSE
2020,7,"VCF0806","VCF0894","6","2",268,5094,FALSE,FALSE
2020,7,"VCF0806","VCF0894","7","2",372,5094,FALSE,FALSE
2020,7,"VCF0806","VCF0894","1","3",48,5094,FALSE,FALSE
2020,7,"VCF0806","VCF0894","2","3",44,5094,FALSE,FALSE
2020,7,"VCF0806","VCF0894","3","3",86,5094,FALSE,FALSE
2020,7,"VCF0806","VCF0894","4","3",170,5094,FALSE,FALSE
2020,7,"VCF0806","VCF0894","5","3",175,5094,FALSE,FALSE
2020,7,"VCF0806","VCF0894","6","3",298,5094,FALSE,FALSE
2020,7,"VCF0806","VCF0894","7","3",700,5094,FALSE,FALSE
2020,8,"VCF0806","VCF9223","1","1",143,5094,FALSE,FALSE
2020,8,"VCF0806","VCF9223","2","1",49,5094,FALSE,FALSE
2020,8,"VCF0806","VCF9223","3","1",45,5094,FALSE,FALSE
2020,8,"VCF0806","VCF9223","4","1",63,5094,FALSE,FALSE
2020,8,"VCF0806","VCF9223","5","1",18,5094,FALSE,FALSE
2020,8,"VCF0806","VCF9223","6","1",17,5094,FALSE,FALSE
2020,8,"VCF0806","VCF9223","7","1",49,5094,FALSE,FALSE
2020,8,"VCF0806","VCF9223","1","2",211,5094,FALSE,FALSE
2020,8,"VCF0806","VCF9223","2","2",107,5094,FALSE,FALSE
2020,8,"VCF0806","VCF9223","3","2",98,5094,FALSE,FALSE
2020,8,"VCF0806","VCF9223","4","2",139,5094,FALSE,FALSE
2020,8,"VCF0806","VCF9223","5","2",71,5094,FALSE,FALSE
2020,8,"VCF0806","VCF9223","6","2",48,5094,FALSE,FALSE
2020,8,"VCF0806","VCF9223","7","2",97,5094,FALSE,FALSE
2020,8,"VCF0806","VCF9223","1","3",360,5094,FALSE,FALSE
2020,8,"VCF0806","VCF9223","2","3",247,5094,FALSE,FALSE
2020,8,"VCF0806","VCF9223","3","3",283,5094,FALSE,FALSE
2020,8,"VCF0806","VCF9223","4","3",337,5094,FALSE,FALSE
2020,8,"VCF0806","VCF9223","5","3",209,5094,FALSE,FALSE
2020,8,"VCF0806","VCF9223","6","3",207,5094,FALSE,FALSE
2020,8,"VCF0806","VCF9223","7","3",335,5094,FALSE,FALSE
2020,8,"VCF0806","VCF9223","1","4",119,5094,FALSE,FALSE
2020,8,"VCF0806","VCF9223","2","4",94,5094,FALSE,FALSE
2020,8,"VCF0806","VCF9223","3","4",146,5094,FALSE,FALSE
2020,8,"VCF0806","VCF9223","4","4",275,5094,FALSE,FALSE
2020,8,"VCF0806","VCF9223","5","4",274,5094,FALSE,FALSE
2020,8,"VCF0806","VCF9223","6","4",361,5094,FALSE,FALSE
2020,8,"VCF0806","VCF9223","7","4",692,5094,FALSE,FALSE
2020,9,"VCF0809","VCF0838","1","1",194,5094,FALSE,FALSE
2020,9,"VCF0809","VCF0838","2","1",100,5094,FALSE,FALSE
2020,9,"VCF0809","VCF0838","3","1",59,5094,FALSE,FALSE
2020,9,"VCF0809","VCF0838","4","1",81,5094,FALSE,FALSE
2020,9,"VCF0809","VCF0838","5","1",26,5094,FALSE,FALSE
2020,9,"VCF0809","VCF0838","6","1",16,5094,FALSE,FALSE
2020,9,"VCF0809","VCF0838","7","1",32,5094,FALSE,FALSE
2020,9,"VCF0809","VCF0838","1","2",344,5094,FALSE,FALSE
2020,9,"VCF0809","VCF0838","2","2",246,5094,FALSE,FALSE
2020,9,"VCF0809","VCF0838","3","2",194,5094,FALSE,FALSE
2020,9,"VCF0809","VCF0838","4","2",175,5094,FALSE,FALSE
2020,9,"VCF0809","VCF0838","5","2",98,5094,FALSE,FALSE
2020,9,"VCF0809","VCF0838","6","2",47,5094,FALSE,FALSE
2020,9,"VCF0809","VCF0838","7","2",85,5094,FALSE,FALSE
2020,9,"VCF0809","VCF0838","1","3",121,5094,FALSE,FALSE
2020,9,"VCF0809","VCF0838","2","3",124,5094,FALSE,FALSE
2020,9,"VCF0809","VCF0838","3","3",120,5094,FALSE,FALSE
2020,9,"VCF0809","VCF0838","4","3",163,5094,FALSE,FALSE
2020,9,"VCF0809","VCF0838","5","3",99,5094,FALSE,FALSE
2020,9,"VCF0809","VCF0838","6","3",53,5094,FALSE,FALSE
2020,9,"VCF0809","VCF0838","7","3",52,5094,FALSE,FALSE
2020,9,"VCF0809","VCF0838","1","4",179,5094,FALSE,FALSE
2020,9,"VCF0809","VCF0838","2","4",213,5094,FALSE,FALSE
2020,9,"VCF0809","VCF0838","3","4",280,5094,FALSE,FALSE
2020,9,"VCF0809","VCF0838","4","4",560,5094,FALSE,FALSE
2020,9,"VCF0809","VCF0838","5","4",522,5094,FALSE,FALSE
2020,9,"VCF0809","VCF0838","6","4",458,5094,FALSE,FALSE
2020,9,"VCF0809","VCF0838","7","4",453,5094,FALSE,FALSE
2020,10,"VCF0809","VCF0839","1","1",252,5094,FALSE,FALSE
2020,10,"VCF0809","VCF0839","2","1",68,5094,FALSE,FALSE
2020,10,"VCF0809","VCF0839","3","1",23,5094,FALSE,FALSE
2020,10,"VCF0809","VCF0839","4","1",16,5094,FALSE,FALSE
2020,10,"VCF0809","VCF0839","5","1",2,5094,FALSE,TRUE
2020,10,"VCF0809","VCF0839","6","1",1,5094,FALSE,TRUE
2020,10,"VCF0809","VCF0839","7","1",6,5094,FALSE,FALSE
2020,10,"VCF0809","VCF0839","1","2",174,5094,FALSE,FALSE
2020,10,"VCF0809","VCF0839","2","2",114,5094,FALSE,FALSE
2020,10,"VCF0809","VCF0839","3","2",62,5094,FALSE,FALSE
2020,10,"VCF0809","VCF0839","4","2",27,5094,FALSE,FALSE
2020,10,"VCF0809","VCF0839","5","2",10,5094,FALSE,FALSE
2020,10,"VCF0809","VCF0839","6","2",11,5094,FALSE,FALSE
2020,10,"VCF0809","VCF0839","7","2",5,5094,FALSE,FALSE
2020,10,"VCF0809","VCF0839","1","3",152,5094,FALSE,FALSE
2020,10,"VCF0809","VCF0839","2","3",171,5094,FALSE,FALSE
2020,10,"VCF0809","VCF0839","3","3",146,5094,FALSE,FALSE
2020,10,"VCF0809","VCF0839","4","3",95,5094,FALSE,FALSE
2020,10,"VCF0809","VCF0839","5","3",48,5094,FALSE,FALSE
2020,10,"VCF0809","VCF0839","6","3",19,5094,FALSE,FALSE
2020,10,"VCF0809","VCF0839","7","3",12,5094,FALSE,FALSE
2020,10,"VCF0809","VCF0839","1","4",145,5094,FALSE,FALSE
2020,10,"VCF0809","VCF0839","2","4",178,5094,FALSE,FALSE
2020,10,"VCF0809","VCF0839","3","4",180,5094,FALSE,FALSE
2020,10,"VCF0809","VCF0839","4","4",338,5094,FALSE,FALSE
2020,10,"VCF0809","VCF0839","5","4",121,5094,FALSE,FALSE
2020,10,"VCF0809","VCF0839","6","4",64,5094,FALSE,FALSE
2020,10,"VCF0809","VCF0839","7","4",35,5094,FALSE,FALSE
2020,10,"VCF0809","VCF0839","1","5",47,5094,FALSE,FALSE
2020,10,"VCF0809","VCF0839","2","5",81,5094,FALSE,FALSE
2020,10,"VCF0809","VCF0839","3","5",138,5094,FALSE,FALSE
2020,10,"VCF0809","VCF0839","4","5",258,5094,FALSE,FALSE
2020,10,"VCF0809","VCF0839","5","5",259,5094,FALSE,FALSE
2020,10,"VCF0809","VCF0839","6","5",132,5094,FALSE,FALSE
2020,10,"VCF0809","VCF0839","7","5",56,5094,FALSE,FALSE
2020,10,"VCF0809","VCF0839","1","6",15,5094,FALSE,FALSE
2020,10,"VCF0809","VCF0839","2","6",44,5094,FALSE,FALSE
2020,10,"VCF0809","VCF0839","3","6",52,5094,FALSE,FALSE
2020,10,"VCF0809","VCF0839","4","6",122,5094,FALSE,FALSE
2020,10,"VCF0809","VCF0839","5","6",189,5094,FALSE,FALSE
2020,10,"VCF0809","VCF0839","6","6",193,5094,FALSE,FALSE
2020,10,"VCF0809","VCF0839","7","6",98,5094,FALSE,FALSE
2020,10,"VCF0809","VCF0839","1","7",53,5094,FALSE,FALSE
2020,10,"VCF0809","VCF0839","2","7",27,5094,FALSE,FALSE
2020,10,"VCF0809","VCF0839","3","7",52,5094,FALSE,FALSE
2020,10,"VCF0809","VCF0839","4","7",123,5094,FALSE,FALSE
2020,10,"VCF0809","VCF0839","5","7",116,5094,FALSE,FALSE
2020,10,"VCF0809","VCF0839","6","7",154,5094,FALSE,FALSE
2020,10,"VCF0809","VCF0839","7","7",410,5094,FALSE,FALSE
2020,11,"VCF0809","VCF0879a","1","1",390,5094,FALSE,FALSE
2020,11,"VCF0809","VCF0879a","2","1",271,5094,FALSE,FALSE
2020,11,"VCF0809","VCF0879a","3","1",224,5094,FALSE,FALSE
2020,11,"VCF0809","VCF0879a","4","1",218,5094,FALSE,FALSE
2020,11,"VCF0809","VCF0879a","5","1",99,5094,FALSE,FALSE
2020,11,"VCF0809","VCF0879a","6","1",70,5094,FALSE,FALSE
2020,11,"VCF0809","VCF0879a","7","1",106,5094,FALSE,FALSE
2020,11,"VCF0809","VCF0879a","1","3",374,5094,FALSE,FALSE
2020,11,"VCF0809","VCF0879a","2","3",319,5094,FALSE,FALSE
2020,11,"VCF0809","VCF0879a","3","3",288,5094,FALSE,FALSE
2020,11,"VCF0809","VCF0879a","4","3",449,5094,FALSE,FALSE
2020,11,"VCF0809","VCF0879a","5","3",270,5094,FALSE,FALSE
2020,11,"VCF0809","VCF0879a","6","3",147,5094,FALSE,FALSE
2020,11,"VCF0809","VCF0879a","7","3",182,5094,FALSE,FALSE
2020,11,"VCF0809","VCF0879a","1","5",74,5094,FALSE,FALSE
2020,11,"VCF0809","VCF0879a","2","5",93,5094,FALSE,FALSE
2020,11,"VCF0809","VCF0879a","3","5",141,5094,FALSE,FALSE
2020,11,"VCF0809","VCF0879a","4","5",312,5094,FALSE,FALSE
2020,11,"VCF0809","VCF0879a","5","5",376,5094,FALSE,FALSE
2020,11,"VCF0809","VCF0879a","6","5",357,5094,FALSE,FALSE
2020,11,"VCF0809","VCF0879a","7","5",334,5094,FALSE,FALSE
2020,12,"VCF0809","VCF0888","1","1",38,5094,FALSE,FALSE
2020,12,"VCF0809","VCF0888","2","1",30,5094,FALSE,FALSE
2020,12,"VCF0809","VCF0888","3","1",36,5094,FALSE,FALSE
2020,12,"VCF0809","VCF0888","4","1",107,5094,FALSE,FALSE
2020,12,"VCF0809","VCF0888","5","1",142,5094,FALSE,FALSE
2020,12,"VCF0809","VCF0888","6","1",134,5094,FALSE,FALSE
2020,12,"VCF0809","VCF0888","7","1",190,5094,FALSE,FALSE
2020,12,"VCF0809","VCF0888","1","2",214,5094,FALSE,FALSE
2020,12,"VCF0809","VCF0888","2","2",201,5094,FALSE,FALSE
2020,12,"VCF0809","VCF0888","3","2",229,5094,FALSE,FALSE
2020,12,"VCF0809","VCF0888","4","2",405,5094,FALSE,FALSE
2020,12,"VCF0809","VCF0888","5","2",342,5094,FALSE,FALSE
2020,12,"VCF0809","VCF0888","6","2",232,5094,FALSE,FALSE
2020,12,"VCF0809","VCF0888","7","2",154,5094,FALSE,FALSE
2020,12,"VCF0809","VCF0888","1","3",586,5094,FALSE,FALSE
2020,12,"VCF0809","VCF0888","2","3",452,5094,FALSE,FALSE
2020,12,"VCF0809","VCF0888","3","3",388,5094,FALSE,FALSE
2020,12,"VCF0809","VCF0888","4","3",467,5094,FALSE,FALSE
2020,12,"VCF0809","VCF0888","5","3",261,5094,FALSE,FALSE
2020,12,"VCF0809","VCF0888","6","3",208,5094,FALSE,FALSE
2020,12,"VCF0809","VCF0888","7","3",278,5094,FALSE,FALSE
2020,13,"VCF0809","VCF0890","1","1",185,5094,FALSE,FALSE
2020,13,"VCF0809","VCF0890","2","1",91,5094,FALSE,FALSE
2020,13,"VCF0809","VCF0890","3","1",49,5094,FALSE,FALSE
2020,13,"VCF0809","VCF0890","4","1",32,5094,FALSE,FALSE
2020,13,"VCF0809","VCF0890","5","1",8,5094,FALSE,FALSE
2020,13,"VCF0809","VCF0890","6","1",5,5094,FALSE,FALSE
2020,13,"VCF0809","VCF0890","7","1",8,5094,FALSE,FALSE
2020,13,"VCF0809","VCF0890","1","2",339,5094,FALSE,FALSE
2020,13,"VCF0809","VCF0890","2","2",273,5094,FALSE,FALSE
2020,13,"VCF0809","VCF0890","3","2",199,5094,FALSE,FALSE
2020,13,"VCF0809","VCF0890","4","2",258,5094,FALSE,FALSE
2020,13,"VCF0809","VCF0890","5","2",118,5094,FALSE,FALSE
2020,13,"VCF0809","VCF0890","6","2",64,5094,FALSE,FALSE
2020,13,"VCF0809","VCF0890","7","2",51,5094,FALSE,FALSE
2020,13,"VCF0809","VCF0890","1","3",314,5094,FALSE,FALSE
2020,13,"VCF0809","VCF0890","2","3",319,5094,FALSE,FALSE
2020,13,"VCF0809","VCF0890","3","3",405,5094,FALSE,FALSE
2020,13,"VCF0809","VCF0890","4","3",689,5094,FALSE,FALSE
2020,13,"VCF0809","VCF0890","5","3",619,5094,FALSE,FALSE
2020,13,"VCF0809","VCF0890","6","3",505,5094,FALSE,FALSE
2020,13,"VCF0809","VCF0890","7","3",563,5094,FALSE,FALSE
2020,14,"VCF0809","VCF0894","1","1",546,5094,FALSE,FALSE
2020,14,"VCF0809","VCF0894","2","1",339,5094,FALSE,FALSE
2020,14,"VCF0809","VCF0894","3","1",231,5094,FALSE,FALSE
2020,14,"VCF0809","VCF0894","4","1",202,5094,FALSE,FALSE
2020,14,"VCF0809","VCF0894","5","1",79,5094,FALSE,FALSE
2020,14,"VCF0809","VCF0894","6","1",44,5094,FALSE,FALSE
2020,14,"VCF0809","VCF0894","7","1",43,5094,FALSE,FALSE
2020,14,"VCF0809","VCF0894","1","2",253,5094,FALSE,FALSE
2020,14,"VCF0809","VCF0894","2","2",292,5094,FALSE,FALSE
2020,14,"VCF0809","VCF0894","3","2",325,5094,FALSE,FALSE
2020,14,"VCF0809","VCF0894","4","2",519,5094,FALSE,FALSE
2020,14,"VCF0809","VCF0894","5","2",342,5094,FALSE,FALSE
2020,14,"VCF0809","VCF0894","6","2",190,5094,FALSE,FALSE
2020,14,"VCF0809","VCF0894","7","2",168,5094,FALSE,FALSE
2020,14,"VCF0809","VCF0894","1","3",39,5094,FALSE,FALSE
2020,14,"VCF0809","VCF0894","2","3",52,5094,FALSE,FALSE
2020,14,"VCF0809","VCF0894","3","3",97,5094,FALSE,FALSE
2020,14,"VCF0809","VCF0894","4","3",258,5094,FALSE,FALSE
2020,14,"VCF0809","VCF0894","5","3",324,5094,FALSE,FALSE
2020,14,"VCF0809","VCF0894","6","3",340,5094,FALSE,FALSE
2020,14,"VCF0809","VCF0894","7","3",411,5094,FALSE,FALSE
2020,15,"VCF0809","VCF9223","1","1",139,5094,FALSE,FALSE
2020,15,"VCF0809","VCF9223","2","1",63,5094,FALSE,FALSE
2020,15,"VCF0809","VCF9223","3","1",40,5094,FALSE,FALSE
2020,15,"VCF0809","VCF9223","4","1",57,5094,FALSE,FALSE
2020,15,"VCF0809","VCF9223","5","1",20,5094,FALSE,FALSE
2020,15,"VCF0809","VCF9223","6","1",15,5094,FALSE,FALSE
2020,15,"VCF0809","VCF9223","7","1",50,5094,FALSE,FALSE
2020,15,"VCF0809","VCF9223","1","2",212,5094,FALSE,FALSE
2020,15,"VCF0809","VCF9223","2","2",154,5094,FALSE,FALSE
2020,15,"VCF0809","VCF9223","3","2",120,5094,FALSE,FALSE
2020,15,"VCF0809","VCF9223","4","2",126,5094,FALSE,FALSE
2020,15,"VCF0809","VCF9223","5","2",61,5094,FALSE,FALSE
2020,15,"VCF0809","VCF9223","6","2",38,5094,FALSE,FALSE
2020,15,"VCF0809","VCF9223","7","2",60,5094,FALSE,FALSE
2020,15,"VCF0809","VCF9223","1","3",351,5094,FALSE,FALSE
2020,15,"VCF0809","VCF9223","2","3",313,5094,FALSE,FALSE
2020,15,"VCF0809","VCF9223","3","3",313,5094,FALSE,FALSE
2020,15,"VCF0809","VCF9223","4","3",403,5094,FALSE,FALSE
2020,15,"VCF0809","VCF9223","5","3",262,5094,FALSE,FALSE
2020,15,"VCF0809","VCF9223","6","3",173,5094,FALSE,FALSE
2020,15,"VCF0809","VCF9223","7","3",163,5094,FALSE,FALSE
2020,15,"VCF0809","VCF9223","1","4",136,5094,FALSE,FALSE
2020,15,"VCF0809","VCF9223","2","4",153,5094,FALSE,FALSE
2020,15,"VCF0809","VCF9223","3","4",180,5094,FALSE,FALSE
2020,15,"VCF0809","VCF9223","4","4",393,5094,FALSE,FALSE
2020,15,"VCF0809","VCF9223","5","4",402,5094,FALSE,FALSE
2020,15,"VCF0809","VCF9223","6","4",348,5094,FALSE,FALSE
2020,15,"VCF0809","VCF9223","7","4",349,5094,FALSE,FALSE
2020,16,"VCF0838","VCF0839","1","1",91,5094,FALSE,FALSE
2020,16,"VCF0838","VCF0839","2","1",157,5094,FALSE,FALSE
2020,16,"VCF0838","VCF0839","3","1",52,5094,FALSE,FALSE
2020,16,"VCF0838","VCF0839","4","1",68,5094,FALSE,FALSE
2020,16,"VCF0838","VCF0839","1","2",82,5094,FALSE,FALSE
2020,16,"VCF0838","VCF0839","2","2",175,5094,FALSE,FALSE
2020,16,"VCF0838","VCF0839","3","2",70,5094,FALSE,FALSE
2020,16,"VCF0838","VCF0839","4","2",76,5094,FALSE,FALSE
2020,16,"VCF0838","VCF0839","1","3",103,5094,FALSE,FALSE
2020,16,"VCF0838","VCF0839","2","3",224,5094,FALSE,FALSE
2020,16,"VCF0838","VCF0839","3","3",132,5094,FALSE,FALSE
2020,16,"VCF0838","VCF0839","4","3",184,5094,FALSE,FALSE
2020,16,"VCF0838","VCF0839","1","4",106,5094,FALSE,FALSE
2020,16,"VCF0838","VCF0839","2","4",280,5094,FALSE,FALSE
2020,16,"VCF0838","VCF0839","3","4",179,5094,FALSE,FALSE
2020,16,"VCF0838","VCF0839","4","4",496,5094,FALSE,FALSE
2020,16,"VCF0838","VCF0839","1","5",49,5094,FALSE,FALSE
2020,16,"VCF0838","VCF0839","2","5",156,5094,FALSE,FALSE
2020,16,"VCF0838","VCF0839","3","5",144,5094,FALSE,FALSE
2020,16,"VCF0838","VCF0839","4","5",622,5094,FALSE,FALSE
2020,16,"VCF0838","VCF0839","1","6",19,5094,FALSE,FALSE
2020,16,"VCF0838","VCF0839","2","6",79,5094,FALSE,FALSE
2020,16,"VCF0838","VCF0839","3","6",65,5094,FALSE,FALSE
2020,16,"VCF0838","VCF0839","4","6",550,5094,FALSE,FALSE
2020,16,"VCF0838","VCF0839","1","7",58,5094,FALSE,FALSE
2020,16,"VCF0838","VCF0839","2","7",118,5094,FALSE,FALSE
2020,16,"VCF0838","VCF0839","3","7",90,5094,FALSE,FALSE
2020,16,"VCF0838","VCF0839","4","7",669,5094,FALSE,FALSE
2020,17,"VCF0838","VCF0879a","1","1",194,5094,FALSE,FALSE
2020,17,"VCF0838","VCF0879a","2","1",495,5094,FALSE,FALSE
2020,17,"VCF0838","VCF0879a","3","1",232,5094,FALSE,FALSE
2020,17,"VCF0838","VCF0879a","4","1",457,5094,FALSE,FALSE
2020,17,"VCF0838","VCF0879a","1","3",238,5094,FALSE,FALSE
2020,17,"VCF0838","VCF0879a","2","3",523,5094,FALSE,FALSE
2020,17,"VCF0838","VCF0879a","3","3",333,5094,FALSE,FALSE
2020,17,"VCF0838","VCF0879a","4","3",935,5094,FALSE,FALSE
2020,17,"VCF0838","VCF0879a","1","5",76,5094,FALSE,FALSE
2020,17,"VCF0838","VCF0879a","2","5",171,5094,FALSE,FALSE
2020,17,"VCF0838","VCF0879a","3","5",167,5094,FALSE,FALSE
2020,17,"VCF0838","VCF0879a","4","5",1273,5094,FALSE,FALSE
2020,18,"VCF0838","VCF0888","1","1",22,5094,FALSE,FALSE
2020,18,"VCF0838","VCF0888","2","1",36,5094,FALSE,FALSE
2020,18,"VCF0838","VCF0888","3","1",62,5094,FALSE,FALSE
2020,18,"VCF0838","VCF0888","4","1",557,5094,FALSE,FALSE
2020,18,"VCF0838","VCF0888","1","2",128,5094,FALSE,FALSE
2020,18,"VCF0838","VCF0888","2","2",316,5094,FALSE,FALSE
2020,18,"VCF0838","VCF0888","3","2",253,5094,FALSE,FALSE
2020,18,"VCF0838","VCF0888","4","2",1080,5094,FALSE,FALSE
2020,18,"VCF0838","VCF0888","1","3",358,5094,FALSE,FALSE
2020,18,"VCF0838","VCF0888","2","3",837,5094,FALSE,FALSE
2020,18,"VCF0838","VCF0888","3","3",417,5094,FALSE,FALSE
2020,18,"VCF0838","VCF0888","4","3",1028,5094,FALSE,FALSE
2020,19,"VCF0838","VCF0890","1","1",85,5094,FALSE,FALSE
2020,19,"VCF0838","VCF0890","2","1",161,5094,FALSE,FALSE
2020,19,"VCF0838","VCF0890","3","1",64,5094,FALSE,FALSE
2020,19,"VCF0838","VCF0890","4","1",68,5094,FALSE,FALSE
2020,19,"VCF0838","VCF0890","1","2",210,5094,FALSE,FALSE
2020,19,"VCF0838","VCF0890","2","2",424,5094,FALSE,FALSE
2020,19,"VCF0838","VCF0890","3","2",210,5094,FALSE,FALSE
2020,19,"VCF0838","VCF0890","4","2",458,5094,FALSE,FALSE
2020,19,"VCF0838","VCF0890","1","3",213,5094,FALSE,FALSE
2020,19,"VCF0838","VCF0890","2","3",604,5094,FALSE,FALSE
2020,19,"VCF0838","VCF0890","3","3",458,5094,FALSE,FALSE
2020,19,"VCF0838","VCF0890","4","3",2139,5094,FALSE,FALSE
2020,20,"VCF0838","VCF0894","1","1",266,5094,FALSE,FALSE
2020,20,"VCF0838","VCF0894","2","1",556,5094,FALSE,FALSE
2020,20,"VCF0838","VCF0894","3","1",248,5094,FALSE,FALSE
2020,20,"VCF0838","VCF0894","4","1",414,5094,FALSE,FALSE
2020,20,"VCF0838","VCF0894","1","2",177,5094,FALSE,FALSE
2020,20,"VCF0838","VCF0894","2","2",481,5094,FALSE,FALSE
2020,20,"VCF0838","VCF0894","3","2",335,5094,FALSE,FALSE
2020,20,"VCF0838","VCF0894","4","2",1096,5094,FALSE,FALSE
2020,20,"VCF0838","VCF0894","1","3",65,5094,FALSE,FALSE
2020,20,"VCF0838","VCF0894","2","3",152,5094,FALSE,FALSE
2020,20,"VCF0838","VCF0894","3","3",149,5094,FALSE,FALSE
2020,20,"VCF0838","VCF0894","4","3",1155,5094,FALSE,FALSE
2020,21,"VCF0838","VCF9223","1","1",74,5094,FALSE,FALSE
2020,21,"VCF0838","VCF9223","2","1",139,5094,FALSE,FALSE
2020,21,"VCF0838","VCF9223","3","1",63,5094,FALSE,FALSE
2020,21,"VCF0838","VCF9223","4","1",108,5094,FALSE,FALSE
2020,21,"VCF0838","VCF9223","1","2",130,5094,FALSE,FALSE
2020,21,"VCF0838","VCF9223","2","2",289,5094,FALSE,FALSE
2020,21,"VCF0838","VCF9223","3","2",121,5094,FALSE,FALSE
2020,21,"VCF0838","VCF9223","4","2",231,5094,FALSE,FALSE
2020,21,"VCF0838","VCF9223","1","3",218,5094,FALSE,FALSE
2020,21,"VCF0838","VCF9223","2","3",548,5094,FALSE,FALSE
2020,21,"VCF0838","VCF9223","3","3",322,5094,FALSE,FALSE
2020,21,"VCF0838","VCF9223","4","3",890,5094,FALSE,FALSE
2020,21,"VCF0838","VCF9223","1","4",86,5094,FALSE,FALSE
2020,21,"VCF0838","VCF9223","2","4",213,5094,FALSE,FALSE
2020,21,"VCF0838","VCF9223","3","4",226,5094,FALSE,FALSE
2020,21,"VCF0838","VCF9223","4","4",1436,5094,FALSE,FALSE
2020,22,"VCF0839","VCF0879a","1","1",189,5094,FALSE,FALSE
2020,22,"VCF0839","VCF0879a","2","1",184,5094,FALSE,FALSE
2020,22,"VCF0839","VCF0879a","3","1",241,5094,FALSE,FALSE
2020,22,"VCF0839","VCF0879a","4","1",329,5094,FALSE,FALSE
2020,22,"VCF0839","VCF0879a","5","1",179,5094,FALSE,FALSE
2020,22,"VCF0839","VCF0879a","6","1",92,5094,FALSE,FALSE
2020,22,"VCF0839","VCF0879a","7","1",164,5094,FALSE,FALSE
2020,22,"VCF0839","VCF0879a","1","3",143,5094,FALSE,FALSE
2020,22,"VCF0839","VCF0879a","2","3",178,5094,FALSE,FALSE
2020,22,"VCF0839","VCF0879a","3","3",314,5094,FALSE,FALSE
2020,22,"VCF0839","VCF0879a","4","3",495,5094,FALSE,FALSE
2020,22,"VCF0839","VCF0879a","5","3",387,5094,FALSE,FALSE
2020,22,"VCF0839","VCF0879a","6","3",223,5094,FALSE,FALSE
2020,22,"VCF0839","VCF0879a","7","3",289,5094,FALSE,FALSE
2020,22,"VCF0839","VCF0879a","1","5",36,5094,FALSE,FALSE
2020,22,"VCF0839","VCF0879a","2","5",41,5094,FALSE,FALSE
2020,22,"VCF0839","VCF0879a","3","5",88,5094,FALSE,FALSE
2020,22,"VCF0839","VCF0879a","4","5",237,5094,FALSE,FALSE
2020,22,"VCF0839","VCF0879a","5","5",405,5094,FALSE,FALSE
2020,22,"VCF0839","VCF0879a","6","5",398,5094,FALSE,FALSE
2020,22,"VCF0839","VCF0879a","7","5",482,5094,FALSE,FALSE
2020,23,"VCF0839","VCF0888","1","1",30,5094,FALSE,FALSE
2020,23,"VCF0839","VCF0888","2","1",14,5094,FALSE,FALSE
2020,23,"VCF0839","VCF0888","3","1",37,5094,FALSE,FALSE
2020,23,"VCF0839","VCF0888","4","1",65,5094,FALSE,FALSE
2020,23,"VCF0839","VCF0888","5","1",131,5094,FALSE,FALSE
2020,23,"VCF0839","VCF0888","6","1",148,5094,FALSE,FALSE
2020,23,"VCF0839","VCF0888","7","1",252,5094,FALSE,FALSE
2020,23,"VCF0839","VCF0888","1","2",91,5094,FALSE,FALSE
2020,23,"VCF0839","VCF0888","2","2",107,5094,FALSE,FALSE
2020,23,"VCF0839","VCF0888","3","2",200,5094,FALSE,FALSE
2020,23,"VCF0839","VCF0888","4","2",393,5094,FALSE,FALSE
2020,23,"VCF0839","VCF0888","5","2",424,5094,FALSE,FALSE
2020,23,"VCF0839","VCF0888","6","2",297,5094,FALSE,FALSE
2020,23,"VCF0839","VCF0888","7","2",265,5094,FALSE,FALSE
2020,23,"VCF0839","VCF0888","1","3",247,5094,FALSE,FALSE
2020,23,"VCF0839","VCF0888","2","3",282,5094,FALSE,FALSE
2020,23,"VCF0839","VCF0888","3","3",406,5094,FALSE,FALSE
2020,23,"VCF0839","VCF0888","4","3",603,5094,FALSE,FALSE
2020,23,"VCF0839","VCF0888","5","3",416,5094,FALSE,FALSE
2020,23,"VCF0839","VCF0888","6","3",268,5094,FALSE,FALSE
2020,23,"VCF0839","VCF0888","7","3",418,5094,FALSE,FALSE
2020,24,"VCF0839","VCF0890","1","1",131,5094,FALSE,FALSE
2020,24,"VCF0839","VCF0890","2","1",83,5094,FALSE,FALSE
2020,24,"VCF0839","VCF0890","3","1",81,5094,FALSE,FALSE
2020,24,"VCF0839","VCF0890","4","1",54,5094,FALSE,FALSE
2020,24,"VCF0839","VCF0890","5","1",8,5094,FALSE,FALSE
2020,24,"VCF0839","VCF0890","6","1",5,5094,FALSE,FALSE
2020,24,"VCF0839","VCF0890","7","1",16,5094,FALSE,FALSE
2020,24,"VCF0839","VCF0890","1","2",127,5094,FALSE,FALSE
2020,24,"VCF0839","VCF0890","2","2",190,5094,FALSE,FALSE
2020,24,"VCF0839","VCF0890","3","2",277,5094,FALSE,FALSE
2020,24,"VCF0839","VCF0890","4","2",376,5094,FALSE,FALSE
2020,24,"VCF0839","VCF0890","5","2",167,5094,FALSE,FALSE
2020,24,"VCF0839","VCF0890","6","2",82,5094,FALSE,FALSE
2020,24,"VCF0839","VCF0890","7","2",83,5094,FALSE,FALSE
2020,24,"VCF0839","VCF0890","1","3",110,5094,FALSE,FALSE
2020,24,"VCF0839","VCF0890","2","3",130,5094,FALSE,FALSE
2020,24,"VCF0839","VCF0890","3","3",285,5094,FALSE,FALSE
2020,24,"VCF0839","VCF0890","4","3",631,5094,FALSE,FALSE
2020,24,"VCF0839","VCF0890","5","3",796,5094,FALSE,FALSE
2020,24,"VCF0839","VCF0890","6","3",626,5094,FALSE,FALSE
2020,24,"VCF0839","VCF0890","7","3",836,5094,FALSE,FALSE
2020,25,"VCF0839","VCF0894","1","1",294,5094,FALSE,FALSE
2020,25,"VCF0839","VCF0894","2","1",253,5094,FALSE,FALSE
2020,25,"VCF0839","VCF0894","3","1",344,5094,FALSE,FALSE
2020,25,"VCF0839","VCF0894","4","1",316,5094,FALSE,FALSE
2020,25,"VCF0839","VCF0894","5","1",133,5094,FALSE,FALSE
2020,25,"VCF0839","VCF0894","6","1",62,5094,FALSE,FALSE
2020,25,"VCF0839","VCF0894","7","1",82,5094,FALSE,FALSE
2020,25,"VCF0839","VCF0894","1","2",66,5094,FALSE,FALSE
2020,25,"VCF0839","VCF0894","2","2",138,5094,FALSE,FALSE
2020,25,"VCF0839","VCF0894","3","2",268,5094,FALSE,FALSE
2020,25,"VCF0839","VCF0894","4","2",594,5094,FALSE,FALSE
2020,25,"VCF0839","VCF0894","5","2",489,5094,FALSE,FALSE
2020,25,"VCF0839","VCF0894","6","2",259,5094,FALSE,FALSE
2020,25,"VCF0839","VCF0894","7","2",275,5094,FALSE,FALSE
2020,25,"VCF0839","VCF0894","1","3",8,5094,FALSE,FALSE
2020,25,"VCF0839","VCF0894","2","3",12,5094,FALSE,FALSE
2020,25,"VCF0839","VCF0894","3","3",31,5094,FALSE,FALSE
2020,25,"VCF0839","VCF0894","4","3",151,5094,FALSE,FALSE
2020,25,"VCF0839","VCF0894","5","3",349,5094,FALSE,FALSE
2020,25,"VCF0839","VCF0894","6","3",392,5094,FALSE,FALSE
2020,25,"VCF0839","VCF0894","7","3",578,5094,FALSE,FALSE
2020,26,"VCF0839","VCF9223","1","1",78,5094,FALSE,FALSE
2020,26,"VCF0839","VCF9223","2","1",44,5094,FALSE,FALSE
2020,26,"VCF0839","VCF9223","3","1",59,5094,FALSE,FALSE
2020,26,"VCF0839","VCF9223","4","1",80,5094,FALSE,FALSE
2020,26,"VCF0839","VCF9223","5","1",46,5094,FALSE,FALSE
2020,26,"VCF0839","VCF9223","6","1",18,5094,FALSE,FALSE
2020,26,"VCF0839","VCF9223","7","1",59,5094,FALSE,FALSE
2020,26,"VCF0839","VCF9223","1","2",92,5094,FALSE,FALSE
2020,26,"VCF0839","VCF9223","2","2",103,5094,FALSE,FALSE
2020,26,"VCF0839","VCF9223","3","2",148,5094,FALSE,FALSE
2020,26,"VCF0839","VCF9223","4","2",196,5094,FALSE,FALSE
2020,26,"VCF0839","VCF9223","5","2",88,5094,FALSE,FALSE
2020,26,"VCF0839","VCF9223","6","2",52,5094,FALSE,FALSE
2020,26,"VCF0839","VCF9223","7","2",92,5094,FALSE,FALSE
2020,26,"VCF0839","VCF9223","1","3",143,5094,FALSE,FALSE
2020,26,"VCF0839","VCF9223","2","3",201,5094,FALSE,FALSE
2020,26,"VCF0839","VCF9223","3","3",293,5094,FALSE,FALSE
2020,26,"VCF0839","VCF9223","4","3",470,5094,FALSE,FALSE
2020,26,"VCF0839","VCF9223","5","3",387,5094,FALSE,FALSE
2020,26,"VCF0839","VCF9223","6","3",218,5094,FALSE,FALSE
2020,26,"VCF0839","VCF9223","7","3",266,5094,FALSE,FALSE
2020,26,"VCF0839","VCF9223","1","4",55,5094,FALSE,FALSE
2020,26,"VCF0839","VCF9223","2","4",55,5094,FALSE,FALSE
2020,26,"VCF0839","VCF9223","3","4",143,5094,FALSE,FALSE
2020,26,"VCF0839","VCF9223","4","4",315,5094,FALSE,FALSE
2020,26,"VCF0839","VCF9223","5","4",450,5094,FALSE,FALSE
2020,26,"VCF0839","VCF9223","6","4",425,5094,FALSE,FALSE
2020,26,"VCF0839","VCF9223","7","4",518,5094,FALSE,FALSE
2020,27,"VCF0879a","VCF0888","1","1",65,5094,FALSE,FALSE
2020,27,"VCF0879a","VCF0888","3","1",154,5094,FALSE,FALSE
2020,27,"VCF0879a","VCF0888","5","1",458,5094,FALSE,FALSE
2020,27,"VCF0879a","VCF0888","1","2",363,5094,FALSE,FALSE
2020,27,"VCF0879a","VCF0888","3","2",716,5094,FALSE,FALSE
2020,27,"VCF0879a","VCF0888","5","2",698,5094,FALSE,FALSE
2020,27,"VCF0879a","VCF0888","1","3",950,5094,FALSE,FALSE
2020,27,"VCF0879a","VCF0888","3","3",1159,5094,FALSE,FALSE
2020,27,"VCF0879a","VCF0888","5","3",531,5094,FALSE,FALSE
2020,28,"VCF0879a","VCF0890","1","1",192,5094,FALSE,FALSE
2020,28,"VCF0879a","VCF0890","3","1",138,5094,FALSE,FALSE
2020,28,"VCF0879a","VCF0890","5","1",48,5094,FALSE,FALSE
2020,28,"VCF0879a","VCF0890","1","2",489,5094,FALSE,FALSE
2020,28,"VCF0879a","VCF0890","3","2",582,5094,FALSE,FALSE
2020,28,"VCF0879a","VCF0890","5","2",231,5094,FALSE,FALSE
2020,28,"VCF0879a","VCF0890","1","3",697,5094,FALSE,FALSE
2020,28,"VCF0879a","VCF0890","3","3",1309,5094,FALSE,FALSE
2020,28,"VCF0879a","VCF0890","5","3",1408,5094,FALSE,FALSE
2020,29,"VCF0879a","VCF0894","1","1",711,5094,FALSE,FALSE
2020,29,"VCF0879a","VCF0894","3","1",606,5094,FALSE,FALSE
2020,29,"VCF0879a","VCF0894","5","1",167,5094,FALSE,FALSE
2020,29,"VCF0879a","VCF0894","1","2",508,5094,FALSE,FALSE
2020,29,"VCF0879a","VCF0894","3","2",991,5094,FALSE,FALSE
2020,29,"VCF0879a","VCF0894","5","2",590,5094,FALSE,FALSE
2020,29,"VCF0879a","VCF0894","1","3",159,5094,FALSE,FALSE
2020,29,"VCF0879a","VCF0894","3","3",432,5094,FALSE,FALSE
2020,29,"VCF0879a","VCF0894","5","3",930,5094,FALSE,FALSE
2020,30,"VCF0879a","VCF9223","1","1",293,5094,FALSE,FALSE
2020,30,"VCF0879a","VCF9223","3","1",58,5094,FALSE,FALSE
2020,30,"VCF0879a","VCF9223","5","1",33,5094,FALSE,FALSE
2020,30,"VCF0879a","VCF9223","1","2",419,5094,FALSE,FALSE
2020,30,"VCF0879a","VCF9223","3","2",281,5094,FALSE,FALSE
2020,30,"VCF0879a","VCF9223","5","2",71,5094,FALSE,FALSE
2020,30,"VCF0879a","VCF9223","1","3",535,5094,FALSE,FALSE
2020,30,"VCF0879a","VCF9223","3","3",979,5094,FALSE,FALSE
2020,30,"VCF0879a","VCF9223","5","3",464,5094,FALSE,FALSE
2020,30,"VCF0879a","VCF9223","1","4",131,5094,FALSE,FALSE
2020,30,"VCF0879a","VCF9223","3","4",711,5094,FALSE,FALSE
2020,30,"VCF0879a","VCF9223","5","4",1119,5094,FALSE,FALSE
2020,31,"VCF0888","VCF0890","1","1",40,5094,FALSE,FALSE
2020,31,"VCF0888","VCF0890","2","1",102,5094,FALSE,FALSE
2020,31,"VCF0888","VCF0890","3","1",236,5094,FALSE,FALSE
2020,31,"VCF0888","VCF0890","1","2",61,5094,FALSE,FALSE
2020,31,"VCF0888","VCF0890","2","2",526,5094,FALSE,FALSE
2020,31,"VCF0888","VCF0890","3","2",715,5094,FALSE,FALSE
2020,31,"VCF0888","VCF0890","1","3",576,5094,FALSE,FALSE
2020,31,"VCF0888","VCF0890","2","3",1149,5094,FALSE,FALSE
2020,31,"VCF0888","VCF0890","3","3",1689,5094,FALSE,FALSE
2020,32,"VCF0888","VCF0894","1","1",90,5094,FALSE,FALSE
2020,32,"VCF0888","VCF0894","2","1",390,5094,FALSE,FALSE
2020,32,"VCF0888","VCF0894","3","1",1004,5094,FALSE,FALSE
2020,32,"VCF0888","VCF0894","1","2",150,5094,FALSE,FALSE
2020,32,"VCF0888","VCF0894","2","2",879,5094,FALSE,FALSE
2020,32,"VCF0888","VCF0894","3","2",1060,5094,FALSE,FALSE
2020,32,"VCF0888","VCF0894","1","3",437,5094,FALSE,FALSE
2020,32,"VCF0888","VCF0894","2","3",508,5094,FALSE,FALSE
2020,32,"VCF0888","VCF0894","3","3",576,5094,FALSE,FALSE
2020,33,"VCF0888","VCF9223","1","1",20,5094,FALSE,FALSE
2020,33,"VCF0888","VCF9223","2","1",76,5094,FALSE,FALSE
2020,33,"VCF0888","VCF9223","3","1",288,5094,FALSE,FALSE
2020,33,"VCF0888","VCF9223","1","2",38,5094,FALSE,FALSE
2020,33,"VCF0888","VCF9223","2","2",208,5094,FALSE,FALSE
2020,33,"VCF0888","VCF9223","3","2",525,5094,FALSE,FALSE
2020,33,"VCF0888","VCF9223","1","3",165,5094,FALSE,FALSE
2020,33,"VCF0888","VCF9223","2","3",671,5094,FALSE,FALSE
2020,33,"VCF0888","VCF9223","3","3",1142,5094,FALSE,FALSE
2020,33,"VCF0888","VCF9223","1","4",454,5094,FALSE,FALSE
2020,33,"VCF0888","VCF9223","2","4",822,5094,FALSE,FALSE
2020,33,"VCF0888","VCF9223","3","4",685,5094,FALSE,FALSE
2020,34,"VCF0890","VCF0894","1","1",270,5094,FALSE,FALSE
2020,34,"VCF0890","VCF0894","2","1",530,5094,FALSE,FALSE
2020,34,"VCF0890","VCF0894","3","1",684,5094,FALSE,FALSE
2020,34,"VCF0890","VCF0894","1","2",93,5094,FALSE,FALSE
2020,34,"VCF0890","VCF0894","2","2",654,5094,FALSE,FALSE
2020,34,"VCF0890","VCF0894","3","2",1342,5094,FALSE,FALSE
2020,34,"VCF0890","VCF0894","1","3",15,5094,FALSE,FALSE
2020,34,"VCF0890","VCF0894","2","3",118,5094,FALSE,FALSE
2020,34,"VCF0890","VCF0894","3","3",1388,5094,FALSE,FALSE
2020,35,"VCF0890","VCF9223","1","1",66,5094,FALSE,FALSE
2020,35,"VCF0890","VCF9223","2","1",135,5094,FALSE,FALSE
2020,35,"VCF0890","VCF9223","3","1",183,5094,FALSE,FALSE
2020,35,"VCF0890","VCF9223","1","2",102,5094,FALSE,FALSE
2020,35,"VCF0890","VCF9223","2","2",277,5094,FALSE,FALSE
2020,35,"VCF0890","VCF9223","3","2",392,5094,FALSE,FALSE
2020,35,"VCF0890","VCF9223","1","3",161,5094,FALSE,FALSE
2020,35,"VCF0890","VCF9223","2","3",592,5094,FALSE,FALSE
2020,35,"VCF0890","VCF9223","3","3",1225,5094,FALSE,FALSE
2020,35,"VCF0890","VCF9223","1","4",49,5094,FALSE,FALSE
2020,35,"VCF0890","VCF9223","2","4",298,5094,FALSE,FALSE
2020,35,"VCF0890","VCF9223","3","4",1614,5094,FALSE,FALSE
2020,36,"VCF0894","VCF9223","1","1",211,5094,FALSE,FALSE
2020,36,"VCF0894","VCF9223","2","1",123,5094,FALSE,FALSE
2020,36,"VCF0894","VCF9223","3","1",50,5094,FALSE,FALSE
2020,36,"VCF0894","VCF9223","1","2",355,5094,FALSE,FALSE
2020,36,"VCF0894","VCF9223","2","2",306,5094,FALSE,FALSE
2020,36,"VCF0894","VCF9223","3","2",110,5094,FALSE,FALSE
2020,36,"VCF0894","VCF9223","1","3",652,5094,FALSE,FALSE
2020,36,"VCF0894","VCF9223","2","3",865,5094,FALSE,FALSE
2020,36,"VCF0894","VCF9223","3","3",461,5094,FALSE,FALSE
2020,36,"VCF0894","VCF9223","1","4",266,5094,FALSE,FALSE
2020,36,"VCF0894","VCF9223","2","4",795,5094,FALSE,FALSE
2020,36,"VCF0894","VCF9223","3","4",900,5094,FALSE,FALSE
2024,1,"VCF0806","VCF0809","1","1",224,2823,FALSE,FALSE
2024,1,"VCF0806","VCF0809","2","1",53,2823,FALSE,FALSE
2024,1,"VCF0806","VCF0809","3","1",55,2823,FALSE,FALSE
2024,1,"VCF0806","VCF0809","4","1",35,2823,FALSE,FALSE
2024,1,"VCF0806","VCF0809","5","1",24,2823,FALSE,FALSE
2024,1,"VCF0806","VCF0809","6","1",9,2823,FALSE,FALSE
2024,1,"VCF0806","VCF0809","7","1",25,2823,FALSE,FALSE
2024,1,"VCF0806","VCF0809","1","2",64,2823,FALSE,FALSE
2024,1,"VCF0806","VCF0809","2","2",94,2823,FALSE,FALSE
2024,1,"VCF0806","VCF0809","3","2",74,2823,FALSE,FALSE
2024,1,"VCF0806","VCF0809","4","2",69,2823,FALSE,FALSE
2024,1,"VCF0806","VCF0809","5","2",26,2823,FALSE,FALSE
2024,1,"VCF0806","VCF0809","6","2",16,2823,FALSE,FALSE
2024,1,"VCF0806","VCF0809","7","2",14,2823,FALSE,FALSE
2024,1,"VCF0806","VCF0809","1","3",51,2823,FALSE,FALSE
2024,1,"VCF0806","VCF0809","2","3",46,2823,FALSE,FALSE
2024,1,"VCF0806","VCF0809","3","3",80,2823,FALSE,FALSE
2024,1,"VCF0806","VCF0809","4","3",74,2823,FALSE,FALSE
2024,1,"VCF0806","VCF0809","5","3",53,2823,FALSE,FALSE
2024,1,"VCF0806","VCF0809","6","3",37,2823,FALSE,FALSE
2024,1,"VCF0806","VCF0809","7","3",38,2823,FALSE,FALSE
2024,1,"VCF0806","VCF0809","1","4",38,2823,FALSE,FALSE
2024,1,"VCF0806","VCF0809","2","4",28,2823,FALSE,FALSE
2024,1,"VCF0806","VCF0809","3","4",49,2823,FALSE,FALSE
2024,1,"VCF0806","VCF0809","4","4",156,2823,FALSE,FALSE
2024,1,"VCF0806","VCF0809","5","4",100,2823,FALSE,FALSE
2024,1,"VCF0806","VCF0809","6","4",72,2823,FALSE,FALSE
2024,1,"VCF0806","VCF0809","7","4",108,2823,FALSE,FALSE
2024,1,"VCF0806","VCF0809","1","5",7,2823,FALSE,FALSE
2024,1,"VCF0806","VCF0809","2","5",11,2823,FALSE,FALSE
2024,1,"VCF0806","VCF0809","3","5",32,2823,FALSE,FALSE
2024,1,"VCF0806","VCF0809","4","5",78,2823,FALSE,FALSE
2024,1,"VCF0806","VCF0809","5","5",107,2823,FALSE,FALSE
2024,1,"VCF0806","VCF0809","6","5",97,2823,FALSE,FALSE
2024,1,"VCF0806","VCF0809","7","5",115,2823,FALSE,FALSE
2024,1,"VCF0806","VCF0809","1","6",7,2823,FALSE,FALSE
2024,1,"VCF0806","VCF0809","2","6",8,2823,FALSE,FALSE
2024,1,"VCF0806","VCF0809","3","6",15,2823,FALSE,FALSE
2024,1,"VCF0806","VCF0809","4","6",31,2823,FALSE,FALSE
2024,1,"VCF0806","VCF0809","5","6",44,2823,FALSE,FALSE
2024,1,"VCF0806","VCF0809","6","6",63,2823,FALSE,FALSE
2024,1,"VCF0806","VCF0809","7","6",115,2823,FALSE,FALSE
2024,1,"VCF0806","VCF0809","1","7",23,2823,FALSE,FALSE
2024,1,"VCF0806","VCF0809","2","7",7,2823,FALSE,FALSE
2024,1,"VCF0806","VCF0809","3","7",11,2823,FALSE,FALSE
2024,1,"VCF0806","VCF0809","4","7",32,2823,FALSE,FALSE
2024,1,"VCF0806","VCF0809","5","7",24,2823,FALSE,FALSE
2024,1,"VCF0806","VCF0809","6","7",35,2823,FALSE,FALSE
2024,1,"VCF0806","VCF0809","7","7",249,2823,FALSE,FALSE
2024,2,"VCF0806","VCF0838","1","1",45,2823,FALSE,FALSE
2024,2,"VCF0806","VCF0838","2","1",20,2823,FALSE,FALSE
2024,2,"VCF0806","VCF0838","3","1",22,2823,FALSE,FALSE
2024,2,"VCF0806","VCF0838","4","1",23,2823,FALSE,FALSE
2024,2,"VCF0806","VCF0838","5","1",11,2823,FALSE,FALSE
2024,2,"VCF0806","VCF0838","6","1",4,2823,FALSE,TRUE
2024,2,"VCF0806","VCF0838","7","1",18,2823,FALSE,FALSE
2024,2,"VCF0806","VCF0838","1","2",199,2823,FALSE,FALSE
2024,2,"VCF0806","VCF0838","2","2",102,2823,FALSE,FALSE
2024,2,"VCF0806","VCF0838","3","2",99,2823,FALSE,FALSE
2024,2,"VCF0806","VCF0838","4","2",91,2823,FALSE,FALSE
2024,2,"VCF0806","VCF0838","5","2",58,2823,FALSE,FALSE
2024,2,"VCF0806","VCF0838","6","2",29,2823,FALSE,FALSE
2024,2,"VCF0806","VCF0838","7","2",50,2823,FALSE,FALSE
2024,2,"VCF0806","VCF0838","1","3",99,2823,FALSE,FALSE
2024,2,"VCF0806","VCF0838","2","3",57,2823,FALSE,FALSE
2024,2,"VCF0806","VCF0838","3","3",84,2823,FALSE,FALSE
2024,2,"VCF0806","VCF0838","4","3",118,2823,FALSE,FALSE
2024,2,"VCF0806","VCF0838","5","3",90,2823,FALSE,FALSE
2024,2,"VCF0806","VCF0838","6","3",65,2823,FALSE,FALSE
2024,2,"VCF0806","VCF0838","7","3",72,2823,FALSE,FALSE
2024,2,"VCF0806","VCF0838","1","4",71,2823,FALSE,FALSE
2024,2,"VCF0806","VCF0838","2","4",68,2823,FALSE,FALSE
2024,2,"VCF0806","VCF0838","3","4",111,2823,FALSE,FALSE
2024,2,"VCF0806","VCF0838","4","4",243,2823,FALSE,FALSE
2024,2,"VCF0806","VCF0838","5","4",219,2823,FALSE,FALSE
2024,2,"VCF0806","VCF0838","6","4",231,2823,FALSE,FALSE
2024,2,"VCF0806","VCF0838","7","4",524,2823,FALSE,FALSE
2024,3,"VCF0806","VCF0839","1","1",127,2823,FALSE,FALSE
2024,3,"VCF0806","VCF0839","2","1",20,2823,FALSE,FALSE
2024,3,"VCF0806","VCF0839","3","1",25,2823,FALSE,FALSE
2024,3,"VCF0806","VCF0839","4","1",19,2823,FALSE,FALSE
2024,3,"VCF0806","VCF0839","5","1",9,2823,FALSE,FALSE
2024,3,"VCF0806","VCF0839","6","1",2,2823,FALSE,TRUE
2024,3,"VCF0806","VCF0839","7","1",19,2823,FALSE,FALSE
2024,3,"VCF0806","VCF0839","1","2",72,2823,FALSE,FALSE
2024,3,"VCF0806","VCF0839","2","2",48,2823,FALSE,FALSE
2024,3,"VCF0806","VCF0839","3","2",34,2823,FALSE,FALSE
2024,3,"VCF0806","VCF0839","4","2",27,2823,FALSE,FALSE
2024,3,"VCF0806","VCF0839","5","2",12,2823,FALSE,FALSE
2024,3,"VCF0806","VCF0839","6","2",8,2823,FALSE,FALSE
2024,3,"VCF0806","VCF0839","7","2",7,2823,FALSE,FALSE
2024,3,"VCF0806","VCF0839","1","3",83,2823,FALSE,FALSE
2024,3,"VCF0806","VCF0839","2","3",73,2823,FALSE,FALSE
2024,3,"VCF0806","VCF0839","3","3",78,2823,FALSE,FALSE
2024,3,"VCF0806","VCF0839","4","3",55,2823,FALSE,FALSE
2024,3,"VCF0806","VCF0839","5","3",41,2823,FALSE,FALSE
2024,3,"VCF0806","VCF0839","6","3",20,2823,FALSE,FALSE
2024,3,"VCF0806","VCF0839","7","3",24,2823,FALSE,FALSE
2024,3,"VCF0806","VCF0839","1","4",70,2823,FALSE,FALSE
2024,3,"VCF0806","VCF0839","2","4",60,2823,FALSE,FALSE
2024,3,"VCF0806","VCF0839","3","4",86,2823,FALSE,FALSE
2024,3,"VCF0806","VCF0839","4","4",168,2823,FALSE,FALSE
2024,3,"VCF0806","VCF0839","5","4",96,2823,FALSE,FALSE
2024,3,"VCF0806","VCF0839","6","4",49,2823,FALSE,FALSE
2024,3,"VCF0806","VCF0839","7","4",51,2823,FALSE,FALSE
2024,3,"VCF0806","VCF0839","1","5",26,2823,FALSE,FALSE
2024,3,"VCF0806","VCF0839","2","5",24,2823,FALSE,FALSE
2024,3,"VCF0806","VCF0839","3","5",60,2823,FALSE,FALSE
2024,3,"VCF0806","VCF0839","4","5",98,2823,FALSE,FALSE
2024,3,"VCF0806","VCF0839","5","5",110,2823,FALSE,FALSE
2024,3,"VCF0806","VCF0839","6","5",113,2823,FALSE,FALSE
2024,3,"VCF0806","VCF0839","7","5",106,2823,FALSE,FALSE
2024,3,"VCF0806","VCF0839","1","6",8,2823,FALSE,FALSE
2024,3,"VCF0806","VCF0839","2","6",13,2823,FALSE,FALSE
2024,3,"VCF0806","VCF0839","3","6",18,2823,FALSE,FALSE
2024,3,"VCF0806","VCF0839","4","6",41,2823,FALSE,FALSE
2024,3,"VCF0806","VCF0839","5","6",60,2823,FALSE,FALSE
2024,3,"VCF0806","VCF0839","6","6",74,2823,FALSE,FALSE
2024,3,"VCF0806","VCF0839","7","6",114,2823,FALSE,FALSE
2024,3,"VCF0806","VCF0839","1","7",28,2823,FALSE,FALSE
2024,3,"VCF0806","VCF0839","2","7",9,2823,FALSE,FALSE
2024,3,"VCF0806","VCF0839","3","7",15,2823,FALSE,FALSE
2024,3,"VCF0806","VCF0839","4","7",67,2823,FALSE,FALSE
2024,3,"VCF0806","VCF0839","5","7",50,2823,FALSE,FALSE
2024,3,"VCF0806","VCF0839","6","7",63,2823,FALSE,FALSE
2024,3,"VCF0806","VCF0839","7","7",343,2823,FALSE,FALSE
2024,4,"VCF0806","VCF0879a","1","1",271,2823,FALSE,FALSE
2024,4,"VCF0806","VCF0879a","2","1",151,2823,FALSE,FALSE
2024,4,"VCF0806","VCF0879a","3","1",162,2823,FALSE,FALSE
2024,4,"VCF0806","VCF0879a","4","1",226,2823,FALSE,FALSE
2024,4,"VCF0806","VCF0879a","5","1",158,2823,FALSE,FALSE
2024,4,"VCF0806","VCF0879a","6","1",118,2823,FALSE,FALSE
2024,4,"VCF0806","VCF0879a","7","1",192,2823,FALSE,FALSE
2024,4,"VCF0806","VCF0879a","1","3",97,2823,FALSE,FALSE
2024,4,"VCF0806","VCF0879a","2","3",64,2823,FALSE,FALSE
2024,4,"VCF0806","VCF0879a","3","3",107,2823,FALSE,FALSE
2024,4,"VCF0806","VCF0879a","4","3",187,2823,FALSE,FALSE
2024,4,"VCF0806","VCF0879a","5","3",148,2823,FALSE,FALSE
2024,4,"VCF0806","VCF0879a","6","3",138,2823,FALSE,FALSE
2024,4,"VCF0806","VCF0879a","7","3",299,2823,FALSE,FALSE
2024,4,"VCF0806","VCF0879a","1","5",46,2823,FALSE,FALSE
2024,4,"VCF0806","VCF0879a","2","5",32,2823,FALSE,FALSE
2024,4,"VCF0806","VCF0879a","3","5",47,2823,FALSE,FALSE
2024,4,"VCF0806","VCF0879a","4","5",62,2823,FALSE,FALSE
2024,4,"VCF0806","VCF0879a","5","5",72,2823,FALSE,FALSE
2024,4,"VCF0806","VCF0879a","6","5",73,2823,FALSE,FALSE
2024,4,"VCF0806","VCF0879a","7","5",173,2823,FALSE,FALSE
2024,5,"VCF0806","VCF0888","1","1",14,2823,FALSE,FALSE
2024,5,"VCF0806","VCF0888","2","1",8,2823,FALSE,FALSE
2024,5,"VCF0806","VCF0888","3","1",11,2823,FALSE,FALSE
2024,5,"VCF0806","VCF0888","4","1",15,2823,FALSE,FALSE
2024,5,"VCF0806","VCF0888","5","1",21,2823,FALSE,FALSE
2024,5,"VCF0806","VCF0888","6","1",22,2823,FALSE,FALSE
2024,5,"VCF0806","VCF0888","7","1",75,2823,FALSE,FALSE
2024,5,"VCF0806","VCF0888","1","2",78,2823,FALSE,FALSE
2024,5,"VCF0806","VCF0888","2","2",45,2823,FALSE,FALSE
2024,5,"VCF0806","VCF0888","3","2",69,2823,FALSE,FALSE
2024,5,"VCF0806","VCF0888","4","2",141,2823,FALSE,FALSE
2024,5,"VCF0806","VCF0888","5","2",141,2823,FALSE,FALSE
2024,5,"VCF0806","VCF0888","6","2",140,2823,FALSE,FALSE
2024,5,"VCF0806","VCF0888","7","2",249,2823,FALSE,FALSE
2024,5,"VCF0806","VCF0888","1","3",322,2823,FALSE,FALSE
2024,5,"VCF0806","VCF0888","2","3",194,2823,FALSE,FALSE
2024,5,"VCF0806","VCF0888","3","3",236,2823,FALSE,FALSE
2024,5,"VCF0806","VCF0888","4","3",319,2823,FALSE,FALSE
2024,5,"VCF0806","VCF0888","5","3",216,2823,FALSE,FALSE
2024,5,"VCF0806","VCF0888","6","3",167,2823,FALSE,FALSE
2024,5,"VCF0806","VCF0888","7","3",340,2823,FALSE,FALSE
2024,6,"VCF0806","VCF0890","1","1",133,2823,FALSE,FALSE
2024,6,"VCF0806","VCF0890","2","1",50,2823,FALSE,FALSE
2024,6,"VCF0806","VCF0890","3","1",38,2823,FALSE,FALSE
2024,6,"VCF0806","VCF0890","4","1",33,2823,FALSE,FALSE
2024,6,"VCF0806","VCF0890","5","1",8,2823,FALSE,FALSE
2024,6,"VCF0806","VCF0890","6","1",17,2823,FALSE,FALSE
2024,6,"VCF0806","VCF0890","7","1",10,2823,FALSE,FALSE
2024,6,"VCF0806","VCF0890","1","2",140,2823,FALSE,FALSE
2024,6,"VCF0806","VCF0890","2","2",86,2823,FALSE,FALSE
2024,6,"VCF0806","VCF0890","3","2",109,2823,FALSE,FALSE
2024,6,"VCF0806","VCF0890","4","2",127,2823,FALSE,FALSE
2024,6,"VCF0806","VCF0890","5","2",91,2823,FALSE,FALSE
2024,6,"VCF0806","VCF0890","6","2",50,2823,FALSE,FALSE
2024,6,"VCF0806","VCF0890","7","2",68,2823,FALSE,FALSE
2024,6,"VCF0806","VCF0890","1","3",141,2823,FALSE,FALSE
2024,6,"VCF0806","VCF0890","2","3",111,2823,FALSE,FALSE
2024,6,"VCF0806","VCF0890","3","3",169,2823,FALSE,FALSE
2024,6,"VCF0806","VCF0890","4","3",315,2823,FALSE,FALSE
2024,6,"VCF0806","VCF0890","5","3",279,2823,FALSE,FALSE
2024,6,"VCF0806","VCF0890","6","3",262,2823,FALSE,FALSE
2024,6,"VCF0806","VCF0890","7","3",586,2823,FALSE,FALSE
2024,7,"VCF0806","VCF0894","1","1",273,2823,FALSE,FALSE
2024,7,"VCF0806","VCF0894","2","1",128,2823,FALSE,FALSE
2024,7,"VCF0806","VCF0894","3","1",129,2823,FALSE,FALSE
2024,7,"VCF0806","VCF0894","4","1",152,2823,FALSE,FALSE
2024,7,"VCF0806","VCF0894","5","1",69,2823,FALSE,FALSE
2024,7,"VCF0806","VCF0894","6","1",58,2823,FALSE,FALSE
2024,7,"VCF0806","VCF0894","7","1",59,2823,FALSE,FALSE
2024,7,"VCF0806","VCF0894","1","2",116,2823,FALSE,FALSE
2024,7,"VCF0806","VCF0894","2","2",97,2823,FALSE,FALSE
2024,7,"VCF0806","VCF0894","3","2",144,2823,FALSE,FALSE
2024,7,"VCF0806","VCF0894","4","2",216,2823,FALSE,FALSE
2024,7,"VCF0806","VCF0894","5","2",194,2823,FALSE,FALSE
2024,7,"VCF0806","VCF0894","6","2",126,2823,FALSE,FALSE
2024,7,"VCF0806","VCF0894","7","2",194,2823,FALSE,FALSE
2024,7,"VCF0806","VCF0894","1","3",25,2823,FALSE,FALSE
2024,7,"VCF0806","VCF0894","2","3",22,2823,FALSE,FALSE
2024,7,"VCF0806","VCF0894","3","3",43,2823,FALSE,FALSE
2024,7,"VCF0806","VCF0894","4","3",107,2823,FALSE,FALSE
2024,7,"VCF0806","VCF0894","5","3",115,2823,FALSE,FALSE
2024,7,"VCF0806","VCF0894","6","3",145,2823,FALSE,FALSE
2024,7,"VCF0806","VCF0894","7","3",411,2823,FALSE,FALSE
2024,8,"VCF0806","VCF9223","1","1",131,2823,FALSE,FALSE
2024,8,"VCF0806","VCF9223","2","1",55,2823,FALSE,FALSE
2024,8,"VCF0806","VCF9223","3","1",40,2823,FALSE,FALSE
2024,8,"VCF0806","VCF9223","4","1",57,2823,FALSE,FALSE
2024,8,"VCF0806","VCF9223","5","1",35,2823,FALSE,FALSE
2024,8,"VCF0806","VCF9223","6","1",26,2823,FALSE,FALSE
2024,8,"VCF0806","VCF9223","7","1",51,2823,FALSE,FALSE
2024,8,"VCF0806","VCF9223","1","2",121,2823,FALSE,FALSE
2024,8,"VCF0806","VCF9223","2","2",73,2823,FALSE,FALSE
2024,8,"VCF0806","VCF9223","3","2",83,2823,FALSE,FALSE
2024,8,"VCF0806","VCF9223","4","2",75,2823,FALSE,FALSE
2024,8,"VCF0806","VCF9223","5","2",29,2823,FALSE,FALSE
2024,8,"VCF0806","VCF9223","6","2",30,2823,FALSE,FALSE
2024,8,"VCF0806","VCF9223","7","2",57,2823,FALSE,FALSE
2024,8,"VCF0806","VCF9223","1","3",118,2823,FALSE,FALSE
2024,8,"VCF0806","VCF9223","2","3",85,2823,FALSE,FALSE
2024,8,"VCF0806","VCF9223","3","3",114,2823,FALSE,FALSE
2024,8,"VCF0806","VCF9223","4","3",186,2823,FALSE,FALSE
2024,8,"VCF0806","VCF9223","5","3",149,2823,FALSE,FALSE
2024,8,"VCF0806","VCF9223","6","3",94,2823,FALSE,FALSE
2024,8,"VCF0806","VCF9223","7","3",151,2823,FALSE,FALSE
2024,8,"VCF0806","VCF9223","1","4",44,2823,FALSE,FALSE
2024,8,"VCF0806","VCF9223","2","4",34,2823,FALSE,FALSE
2024,8,"VCF0806","VCF9223","3","4",79,2823,FALSE,FALSE
2024,8,"VCF0806","VCF9223","4","4",157,2823,FALSE,FALSE
2024,8,"VCF0806","VCF9223","5","4",165,2823,FALSE,FALSE
2024,8,"VCF0806","VCF9223","6","4",179,2823,FALSE,FALSE
2024,8,"VCF0806","VCF9223","7","4",405,2823,FALSE,FALSE
2024,9,"VCF0809","VCF0838","1","1",56,2823,FALSE,FALSE
2024,9,"VCF0809","VCF0838","2","1",24,2823,FALSE,FALSE
2024,9,"VCF0809","VCF0838","3","1",17,2823,FALSE,FALSE
2024,9,"VCF0809","VCF0838","4","1",19,2823,FALSE,FALSE
2024,9,"VCF0809","VCF0838","5","1",12,2823,FALSE,FALSE
2024,9,"VCF0809","VCF0838","6","1",1,2823,FALSE,TRUE
2024,9,"VCF0809","VCF0838","7","1",14,2823,FALSE,FALSE
2024,9,"VCF0809","VCF0838","1","2",191,2823,FALSE,FALSE
2024,9,"VCF0809","VCF0838","2","2",136,2823,FALSE,FALSE
2024,9,"VCF0809","VCF0838","3","2",105,2823,FALSE,FALSE
2024,9,"VCF0809","VCF0838","4","2",85,2823,FALSE,FALSE
2024,9,"VCF0809","VCF0838","5","2",42,2823,FALSE,FALSE
2024,9,"VCF0809","VCF0838","6","2",27,2823,FALSE,FALSE
2024,9,"VCF0809","VCF0838","7","2",42,2823,FALSE,FALSE
2024,9,"VCF0809","VCF0838","1","3",109,2823,FALSE,FALSE
2024,9,"VCF0809","VCF0838","2","3",92,2823,FALSE,FALSE
2024,9,"VCF0809","VCF0838","3","3",101,2823,FALSE,FALSE
2024,9,"VCF0809","VCF0838","4","3",119,2823,FALSE,FALSE
2024,9,"VCF0809","VCF0838","5","3",91,2823,FALSE,FALSE
2024,9,"VCF0809","VCF0838","6","3",34,2823,FALSE,FALSE
2024,9,"VCF0809","VCF0838","7","3",39,2823,FALSE,FALSE
2024,9,"VCF0809","VCF0838","1","4",69,2823,FALSE,FALSE
2024,9,"VCF0809","VCF0838","2","4",105,2823,FALSE,FALSE
2024,9,"VCF0809","VCF0838","3","4",156,2823,FALSE,FALSE
2024,9,"VCF0809","VCF0838","4","4",328,2823,FALSE,FALSE
2024,9,"VCF0809","VCF0838","5","4",302,2823,FALSE,FALSE
2024,9,"VCF0809","VCF0838","6","4",221,2823,FALSE,FALSE
2024,9,"VCF0809","VCF0838","7","4",286,2823,FALSE,FALSE
2024,10,"VCF0809","VCF0839","1","1",130,2823,FALSE,FALSE
2024,10,"VCF0809","VCF0839","2","1",45,2823,FALSE,FALSE
2024,10,"VCF0809","VCF0839","3","1",14,2823,FALSE,FALSE
2024,10,"VCF0809","VCF0839","4","1",12,2823,FALSE,FALSE
2024,10,"VCF0809","VCF0839","5","1",3,2823,FALSE,TRUE
2024,10,"VCF0809","VCF0839","6","1",3,2823,FALSE,TRUE
2024,10,"VCF0809","VCF0839","7","1",14,2823,FALSE,FALSE
2024,10,"VCF0809","VCF0839","1","2",93,2823,FALSE,FALSE
2024,10,"VCF0809","VCF0839","2","2",60,2823,FALSE,FALSE
2024,10,"VCF0809","VCF0839","3","2",20,2823,FALSE,FALSE
2024,10,"VCF0809","VCF0839","4","2",20,2823,FALSE,FALSE
2024,10,"VCF0809","VCF0839","5","2",7,2823,FALSE,FALSE
2024,10,"VCF0809","VCF0839","6","2",4,2823,FALSE,TRUE
2024,10,"VCF0809","VCF0839","7","2",4,2823,FALSE,TRUE
2024,10,"VCF0809","VCF0839","1","3",88,2823,FALSE,FALSE
2024,10,"VCF0809","VCF0839","2","3",108,2823,FALSE,FALSE
2024,10,"VCF0809","VCF0839","3","3",84,2823,FALSE,FALSE
2024,10,"VCF0809","VCF0839","4","3",53,2823,FALSE,FALSE
2024,10,"VCF0809","VCF0839","5","3",25,2823,FALSE,FALSE
2024,10,"VCF0809","VCF0839","6","3",11,2823,FALSE,FALSE
2024,10,"VCF0809","VCF0839","7","3",5,2823,FALSE,FALSE
2024,10,"VCF0809","VCF0839","1","4",61,2823,FALSE,FALSE
2024,10,"VCF0809","VCF0839","2","4",83,2823,FALSE,FALSE
2024,10,"VCF0809","VCF0839","3","4",117,2823,FALSE,FALSE
2024,10,"VCF0809","VCF0839","4","4",176,2823,FALSE,FALSE
2024,10,"VCF0809","VCF0839","5","4",90,2823,FALSE,FALSE
2024,10,"VCF0809","VCF0839","6","4",30,2823,FALSE,FALSE
2024,10,"VCF0809","VCF0839","7","4",23,2823,FALSE,FALSE
2024,10,"VCF0809","VCF0839","1","5",23,2823,FALSE,FALSE
2024,10,"VCF0809","VCF0839","2","5",41,2823,FALSE,FALSE
2024,10,"VCF0809","VCF0839","3","5",91,2823,FALSE,FALSE
2024,10,"VCF0809","VCF0839","4","5",140,2823,FALSE,FALSE
2024,10,"VCF0809","VCF0839","5","5",144,2823,FALSE,FALSE
2024,10,"VCF0809","VCF0839","6","5",58,2823,FALSE,FALSE
2024,10,"VCF0809","VCF0839","7","5",40,2823,FALSE,FALSE
2024,10,"VCF0809","VCF0839","1","6",3,2823,FALSE,TRUE
2024,10,"VCF0809","VCF0839","2","6",11,2823,FALSE,FALSE
2024,10,"VCF0809","VCF0839","3","6",27,2823,FALSE,FALSE
2024,10,"VCF0809","VCF0839","4","6",70,2823,FALSE,FALSE
2024,10,"VCF0809","VCF0839","5","6",84,2823,FALSE,FALSE
2024,10,"VCF0809","VCF0839","6","6",85,2823,FALSE,FALSE
2024,10,"VCF0809","VCF0839","7","6",48,2823,FALSE,FALSE
2024,10,"VCF0809","VCF0839","1","7",27,2823,FALSE,FALSE
2024,10,"VCF0809","VCF0839","2","7",9,2823,FALSE,FALSE
2024,10,"VCF0809","VCF0839","3","7",26,2823,FALSE,FALSE
2024,10,"VCF0809","VCF0839","4","7",80,2823,FALSE,FALSE
2024,10,"VCF0809","VCF0839","5","7",94,2823,FALSE,FALSE
2024,10,"VCF0809","VCF0839","6","7",92,2823,FALSE,FALSE
2024,10,"VCF0809","VCF0839","7","7",247,2823,FALSE,FALSE
2024,11,"VCF0809","VCF0879a","1","1",273,2823,FALSE,FALSE
2024,11,"VCF0809","VCF0879a","2","1",203,2823,FALSE,FALSE
2024,11,"VCF0809","VCF0879a","3","1",192,2823,FALSE,FALSE
2024,11,"VCF0809","VCF0879a","4","1",242,2823,FALSE,FALSE
2024,11,"VCF0809","VCF0879a","5","1",164,2823,FALSE,FALSE
2024,11,"VCF0809","VCF0879a","6","1",82,2823,FALSE,FALSE
2024,11,"VCF0809","VCF0879a","7","1",122,2823,FALSE,FALSE
2024,11,"VCF0809","VCF0879a","1","3",113,2823,FALSE,FALSE
2024,11,"VCF0809","VCF0879a","2","3",91,2823,FALSE,FALSE
2024,11,"VCF0809","VCF0879a","3","3",134,2823,FALSE,FALSE
2024,11,"VCF0809","VCF0879a","4","3",219,2823,FALSE,FALSE
2024,11,"VCF0809","VCF0879a","5","3",201,2823,FALSE,FALSE
2024,11,"VCF0809","VCF0879a","6","3",131,2823,FALSE,FALSE
2024,11,"VCF0809","VCF0879a","7","3",151,2823,FALSE,FALSE
2024,11,"VCF0809","VCF0879a","1","5",39,2823,FALSE,FALSE
2024,11,"VCF0809","VCF0879a","2","5",63,2823,FALSE,FALSE
2024,11,"VCF0809","VCF0879a","3","5",53,2823,FALSE,FALSE
2024,11,"VCF0809","VCF0879a","4","5",90,2823,FALSE,FALSE
2024,11,"VCF0809","VCF0879a","5","5",82,2823,FALSE,FALSE
2024,11,"VCF0809","VCF0879a","6","5",70,2823,FALSE,FALSE
2024,11,"VCF0809","VCF0879a","7","5",108,2823,FALSE,FALSE
2024,12,"VCF0809","VCF0888","1","1",14,2823,FALSE,FALSE
2024,12,"VCF0809","VCF0888","2","1",12,2823,FALSE,FALSE
2024,12,"VCF0809","VCF0888","3","1",13,2823,FALSE,FALSE
2024,12,"VCF0809","VCF0888","4","1",20,2823,FALSE,FALSE
2024,12,"VCF0809","VCF0888","5","1",32,2823,FALSE,FALSE
2024,12,"VCF0809","VCF0888","6","1",25,2823,FALSE,FALSE
2024,12,"VCF0809","VCF0888","7","1",50,2823,FALSE,FALSE
2024,12,"VCF0809","VCF0888","1","2",82,2823,FALSE,FALSE
2024,12,"VCF0809","VCF0888","2","2",93,2823,FALSE,FALSE
2024,12,"VCF0809","VCF0888","3","2",95,2823,FALSE,FALSE
2024,12,"VCF0809","VCF0888","4","2",196,2823,FALSE,FALSE
2024,12,"VCF0809","VCF0888","5","2",173,2823,FALSE,FALSE
2024,12,"VCF0809","VCF0888","6","2",111,2823,FALSE,FALSE
2024,12,"VCF0809","VCF0888","7","2",113,2823,FALSE,FALSE
2024,12,"VCF0809","VCF0888","1","3",329,2823,FALSE,FALSE
2024,12,"VCF0809","VCF0888","2","3",252,2823,FALSE,FALSE
2024,12,"VCF0809","VCF0888","3","3",271,2823,FALSE,FALSE
2024,12,"VCF0809","VCF0888","4","3",335,2823,FALSE,FALSE
2024,12,"VCF0809","VCF0888","5","3",242,2823,FALSE,FALSE
2024,12,"VCF0809","VCF0888","6","3",147,2823,FALSE,FALSE
2024,12,"VCF0809","VCF0888","7","3",218,2823,FALSE,FALSE
2024,13,"VCF0809","VCF0890","1","1",123,2823,FALSE,FALSE
2024,13,"VCF0809","VCF0890","2","1",83,2823,FALSE,FALSE
2024,13,"VCF0809","VCF0890","3","1",29,2823,FALSE,FALSE
2024,13,"VCF0809","VCF0890","4","1",24,2823,FALSE,FALSE
2024,13,"VCF0809","VCF0890","5","1",14,2823,FALSE,FALSE
2024,13,"VCF0809","VCF0890","6","1",5,2823,FALSE,FALSE
2024,13,"VCF0809","VCF0890","7","1",11,2823,FALSE,FALSE
2024,13,"VCF0809","VCF0890","1","2",158,2823,FALSE,FALSE
2024,13,"VCF0809","VCF0890","2","2",138,2823,FALSE,FALSE
2024,13,"VCF0809","VCF0890","3","2",117,2823,FALSE,FALSE
2024,13,"VCF0809","VCF0890","4","2",125,2823,FALSE,FALSE
2024,13,"VCF0809","VCF0890","5","2",70,2823,FALSE,FALSE
2024,13,"VCF0809","VCF0890","6","2",30,2823,FALSE,FALSE
2024,13,"VCF0809","VCF0890","7","2",33,2823,FALSE,FALSE
2024,13,"VCF0809","VCF0890","1","3",144,2823,FALSE,FALSE
2024,13,"VCF0809","VCF0890","2","3",136,2823,FALSE,FALSE
2024,13,"VCF0809","VCF0890","3","3",233,2823,FALSE,FALSE
2024,13,"VCF0809","VCF0890","4","3",402,2823,FALSE,FALSE
2024,13,"VCF0809","VCF0890","5","3",363,2823,FALSE,FALSE
2024,13,"VCF0809","VCF0890","6","3",248,2823,FALSE,FALSE
2024,13,"VCF0809","VCF0890","7","3",337,2823,FALSE,FALSE
2024,14,"VCF0809","VCF0894","1","1",282,2823,FALSE,FALSE
2024,14,"VCF0809","VCF0894","2","1",200,2823,FALSE,FALSE
2024,14,"VCF0809","VCF0894","3","1",140,2823,FALSE,FALSE
2024,14,"VCF0809","VCF0894","4","1",122,2823,FALSE,FALSE
2024,14,"VCF0809","VCF0894","5","1",59,2823,FALSE,FALSE
2024,14,"VCF0809","VCF0894","6","1",22,2823,FALSE,FALSE
2024,14,"VCF0809","VCF0894","7","1",43,2823,FALSE,FALSE
2024,14,"VCF0809","VCF0894","1","2",119,2823,FALSE,FALSE
2024,14,"VCF0809","VCF0894","2","2",134,2823,FALSE,FALSE
2024,14,"VCF0809","VCF0894","3","2",177,2823,FALSE,FALSE
2024,14,"VCF0809","VCF0894","4","2",271,2823,FALSE,FALSE
2024,14,"VCF0809","VCF0894","5","2",213,2823,FALSE,FALSE
2024,14,"VCF0809","VCF0894","6","2",90,2823,FALSE,FALSE
2024,14,"VCF0809","VCF0894","7","2",83,2823,FALSE,FALSE
2024,14,"VCF0809","VCF0894","1","3",24,2823,FALSE,FALSE
2024,14,"VCF0809","VCF0894","2","3",23,2823,FALSE,FALSE
2024,14,"VCF0809","VCF0894","3","3",62,2823,FALSE,FALSE
2024,14,"VCF0809","VCF0894","4","3",158,2823,FALSE,FALSE
2024,14,"VCF0809","VCF0894","5","3",175,2823,FALSE,FALSE
2024,14,"VCF0809","VCF0894","6","3",171,2823,FALSE,FALSE
2024,14,"VCF0809","VCF0894","7","3",255,2823,FALSE,FALSE
2024,15,"VCF0809","VCF9223","1","1",135,2823,FALSE,FALSE
2024,15,"VCF0809","VCF9223","2","1",72,2823,FALSE,FALSE
2024,15,"VCF0809","VCF9223","3","1",49,2823,FALSE,FALSE
2024,15,"VCF0809","VCF9223","4","1",47,2823,FALSE,FALSE
2024,15,"VCF0809","VCF9223","5","1",28,2823,FALSE,FALSE
2024,15,"VCF0809","VCF9223","6","1",14,2823,FALSE,FALSE
2024,15,"VCF0809","VCF9223","7","1",50,2823,FALSE,FALSE
2024,15,"VCF0809","VCF9223","1","2",115,2823,FALSE,FALSE
2024,15,"VCF0809","VCF9223","2","2",95,2823,FALSE,FALSE
2024,15,"VCF0809","VCF9223","3","2",71,2823,FALSE,FALSE
2024,15,"VCF0809","VCF9223","4","2",69,2823,FALSE,FALSE
2024,15,"VCF0809","VCF9223","5","2",46,2823,FALSE,FALSE
2024,15,"VCF0809","VCF9223","6","2",26,2823,FALSE,FALSE
2024,15,"VCF0809","VCF9223","7","2",46,2823,FALSE,FALSE
2024,15,"VCF0809","VCF9223","1","3",129,2823,FALSE,FALSE
2024,15,"VCF0809","VCF9223","2","3",117,2823,FALSE,FALSE
2024,15,"VCF0809","VCF9223","3","3",146,2823,FALSE,FALSE
2024,15,"VCF0809","VCF9223","4","3",203,2823,FALSE,FALSE
2024,15,"VCF0809","VCF9223","5","3",154,2823,FALSE,FALSE
2024,15,"VCF0809","VCF9223","6","3",73,2823,FALSE,FALSE
2024,15,"VCF0809","VCF9223","7","3",75,2823,FALSE,FALSE
2024,15,"VCF0809","VCF9223","1","4",46,2823,FALSE,FALSE
2024,15,"VCF0809","VCF9223","2","4",73,2823,FALSE,FALSE
2024,15,"VCF0809","VCF9223","3","4",113,2823,FALSE,FALSE
2024,15,"VCF0809","VCF9223","4","4",232,2823,FALSE,FALSE
2024,15,"VCF0809","VCF9223","5","4",219,2823,FALSE,FALSE
2024,15,"VCF0809","VCF9223","6","4",170,2823,FALSE,FALSE
2024,15,"VCF0809","VCF9223","7","4",210,2823,FALSE,FALSE
2024,16,"VCF0838","VCF0839","1","1",46,2823,FALSE,FALSE
2024,16,"VCF0838","VCF0839","2","1",95,2823,FALSE,FALSE
2024,16,"VCF0838","VCF0839","3","1",50,2823,FALSE,FALSE
2024,16,"VCF0838","VCF0839","4","1",30,2823,FALSE,FALSE
2024,16,"VCF0838","VCF0839","1","2",15,2823,FALSE,FALSE
2024,16,"VCF0838","VCF0839","2","2",100,2823,FALSE,FALSE
2024,16,"VCF0838","VCF0839","3","2",54,2823,FALSE,FALSE
2024,16,"VCF0838","VCF0839","4","2",39,2823,FALSE,FALSE
2024,16,"VCF0838","VCF0839","1","3",25,2823,FALSE,FALSE
2024,16,"VCF0838","VCF0839","2","3",137,2823,FALSE,FALSE
2024,16,"VCF0838","VCF0839","3","3",110,2823,FALSE,FALSE
2024,16,"VCF0838","VCF0839","4","3",102,2823,FALSE,FALSE
2024,16,"VCF0838","VCF0839","1","4",19,2823,FALSE,FALSE
2024,16,"VCF0838","VCF0839","2","4",146,2823,FALSE,FALSE
2024,16,"VCF0838","VCF0839","3","4",157,2823,FALSE,FALSE
2024,16,"VCF0838","VCF0839","4","4",258,2823,FALSE,FALSE
2024,16,"VCF0838","VCF0839","1","5",15,2823,FALSE,FALSE
2024,16,"VCF0838","VCF0839","2","5",63,2823,FALSE,FALSE
2024,16,"VCF0838","VCF0839","3","5",109,2823,FALSE,FALSE
2024,16,"VCF0838","VCF0839","4","5",350,2823,FALSE,FALSE
2024,16,"VCF0838","VCF0839","1","6",7,2823,FALSE,FALSE
2024,16,"VCF0838","VCF0839","2","6",27,2823,FALSE,FALSE
2024,16,"VCF0838","VCF0839","3","6",43,2823,FALSE,FALSE
2024,16,"VCF0838","VCF0839","4","6",251,2823,FALSE,FALSE
2024,16,"VCF0838","VCF0839","1","7",16,2823,FALSE,FALSE
2024,16,"VCF0838","VCF0839","2","7",60,2823,FALSE,FALSE
2024,16,"VCF0838","VCF0839","3","7",62,2823,FALSE,FALSE
2024,16,"VCF0838","VCF0839","4","7",437,2823,FALSE,FALSE
2024,17,"VCF0838","VCF0879a","1","1",95,2823,FALSE,FALSE
2024,17,"VCF0838","VCF0879a","2","1",407,2823,FALSE,FALSE
2024,17,"VCF0838","VCF0879a","3","1",300,2823,FALSE,FALSE
2024,17,"VCF0838","VCF0879a","4","1",476,2823,FALSE,FALSE
2024,17,"VCF0838","VCF0879a","1","3",34,2823,FALSE,FALSE
2024,17,"VCF0838","VCF0879a","2","3",151,2823,FALSE,FALSE
2024,17,"VCF0838","VCF0879a","3","3",195,2823,FALSE,FALSE
2024,17,"VCF0838","VCF0879a","4","3",660,2823,FALSE,FALSE
2024,17,"VCF0838","VCF0879a","1","5",14,2823,FALSE,FALSE
2024,17,"VCF0838","VCF0879a","2","5",70,2823,FALSE,FALSE
2024,17,"VCF0838","VCF0879a","3","5",90,2823,FALSE,FALSE
2024,17,"VCF0838","VCF0879a","4","5",331,2823,FALSE,FALSE
2024,18,"VCF0838","VCF0888","1","1",10,2823,FALSE,FALSE
2024,18,"VCF0838","VCF0888","2","1",19,2823,FALSE,FALSE
2024,18,"VCF0838","VCF0888","3","1",25,2823,FALSE,FALSE
2024,18,"VCF0838","VCF0888","4","1",112,2823,FALSE,FALSE
2024,18,"VCF0838","VCF0888","1","2",20,2823,FALSE,FALSE
2024,18,"VCF0838","VCF0888","2","2",124,2823,FALSE,FALSE
2024,18,"VCF0838","VCF0888","3","2",151,2823,FALSE,FALSE
2024,18,"VCF0838","VCF0888","4","2",568,2823,FALSE,FALSE
2024,18,"VCF0838","VCF0888","1","3",113,2823,FALSE,FALSE
2024,18,"VCF0838","VCF0888","2","3",485,2823,FALSE,FALSE
2024,18,"VCF0838","VCF0888","3","3",409,2823,FALSE,FALSE
2024,18,"VCF0838","VCF0888","4","3",787,2823,FALSE,FALSE
2024,19,"VCF0838","VCF0890","1","1",45,2823,FALSE,FALSE
2024,19,"VCF0838","VCF0890","2","1",135,2823,FALSE,FALSE
2024,19,"VCF0838","VCF0890","3","1",69,2823,FALSE,FALSE
2024,19,"VCF0838","VCF0890","4","1",40,2823,FALSE,FALSE
2024,19,"VCF0838","VCF0890","1","2",30,2823,FALSE,FALSE
2024,19,"VCF0838","VCF0890","2","2",224,2823,FALSE,FALSE
2024,19,"VCF0838","VCF0890","3","2",170,2823,FALSE,FALSE
2024,19,"VCF0838","VCF0890","4","2",247,2823,FALSE,FALSE
2024,19,"VCF0838","VCF0890","1","3",68,2823,FALSE,FALSE
2024,19,"VCF0838","VCF0890","2","3",269,2823,FALSE,FALSE
2024,19,"VCF0838","VCF0890","3","3",346,2823,FALSE,FALSE
2024,19,"VCF0838","VCF0890","4","3",1180,2823,FALSE,FALSE
2024,20,"VCF0838","VCF0894","1","1",84,2823,FALSE,FALSE
2024,20,"VCF0838","VCF0894","2","1",329,2823,FALSE,FALSE
2024,20,"VCF0838","VCF0894","3","1",225,2823,FALSE,FALSE
2024,20,"VCF0838","VCF0894","4","1",230,2823,FALSE,FALSE
2024,20,"VCF0838","VCF0894","1","2",34,2823,FALSE,FALSE
2024,20,"VCF0838","VCF0894","2","2",216,2823,FALSE,FALSE
2024,20,"VCF0838","VCF0894","3","2",264,2823,FALSE,FALSE
2024,20,"VCF0838","VCF0894","4","2",573,2823,FALSE,FALSE
2024,20,"VCF0838","VCF0894","1","3",25,2823,FALSE,FALSE
2024,20,"VCF0838","VCF0894","2","3",83,2823,FALSE,FALSE
2024,20,"VCF0838","VCF0894","3","3",96,2823,FALSE,FALSE
2024,20,"VCF0838","VCF0894","4","3",664,2823,FALSE,FALSE
2024,21,"VCF0838","VCF9223","1","1",46,2823,FALSE,FALSE
2024,21,"VCF0838","VCF9223","2","1",172,2823,FALSE,FALSE
2024,21,"VCF0838","VCF9223","3","1",100,2823,FALSE,FALSE
2024,21,"VCF0838","VCF9223","4","1",77,2823,FALSE,FALSE
2024,21,"VCF0838","VCF9223","1","2",38,2823,FALSE,FALSE
2024,21,"VCF0838","VCF9223","2","2",177,2823,FALSE,FALSE
2024,21,"VCF0838","VCF9223","3","2",126,2823,FALSE,FALSE
2024,21,"VCF0838","VCF9223","4","2",127,2823,FALSE,FALSE
2024,21,"VCF0838","VCF9223","1","3",37,2823,FALSE,FALSE
2024,21,"VCF0838","VCF9223","2","3",207,2823,FALSE,FALSE
2024,21,"VCF0838","VCF9223","3","3",220,2823,FALSE,FALSE
2024,21,"VCF0838","VCF9223","4","3",433,2823,FALSE,FALSE
2024,21,"VCF0838","VCF9223","1","4",22,2823,FALSE,FALSE
2024,21,"VCF0838","VCF9223","2","4",72,2823,FALSE,FALSE
2024,21,"VCF0838","VCF9223","3","4",139,2823,FALSE,FALSE
2024,21,"VCF0838","VCF9223","4","4",830,2823,FALSE,FALSE
2024,22,"VCF0839","VCF0879a","1","1",145,2823,FALSE,FALSE
2024,22,"VCF0839","VCF0879a","2","1",135,2823,FALSE,FALSE
2024,22,"VCF0839","VCF0879a","3","1",232,2823,FALSE,FALSE
2024,22,"VCF0839","VCF0879a","4","1",293,2823,FALSE,FALSE
2024,22,"VCF0839","VCF0879a","5","1",195,2823,FALSE,FALSE
2024,22,"VCF0839","VCF0879a","6","1",98,2823,FALSE,FALSE
2024,22,"VCF0839","VCF0879a","7","1",180,2823,FALSE,FALSE
2024,22,"VCF0839","VCF0879a","1","3",47,2823,FALSE,FALSE
2024,22,"VCF0839","VCF0879a","2","3",46,2823,FALSE,FALSE
2024,22,"VCF0839","VCF0879a","3","3",97,2823,FALSE,FALSE
2024,22,"VCF0839","VCF0879a","4","3",206,2823,FALSE,FALSE
2024,22,"VCF0839","VCF0879a","5","3",252,2823,FALSE,FALSE
2024,22,"VCF0839","VCF0879a","6","3",142,2823,FALSE,FALSE
2024,22,"VCF0839","VCF0879a","7","3",250,2823,FALSE,FALSE
2024,22,"VCF0839","VCF0879a","1","5",29,2823,FALSE,FALSE
2024,22,"VCF0839","VCF0879a","2","5",27,2823,FALSE,FALSE
2024,22,"VCF0839","VCF0879a","3","5",45,2823,FALSE,FALSE
2024,22,"VCF0839","VCF0879a","4","5",81,2823,FALSE,FALSE
2024,22,"VCF0839","VCF0879a","5","5",90,2823,FALSE,FALSE
2024,22,"VCF0839","VCF0879a","6","5",88,2823,FALSE,FALSE
2024,22,"VCF0839","VCF0879a","7","5",145,2823,FALSE,FALSE
2024,23,"VCF0839","VCF0888","1","1",10,2823,FALSE,FALSE
2024,23,"VCF0839","VCF0888","2","1",10,2823,FALSE,FALSE
2024,23,"VCF0839","VCF0888","3","1",15,2823,FALSE,FALSE
2024,23,"VCF0839","VCF0888","4","1",15,2823,FALSE,FALSE
2024,23,"VCF0839","VCF0888","5","1",23,2823,FALSE,FALSE
2024,23,"VCF0839","VCF0888","6","1",20,2823,FALSE,FALSE
2024,23,"VCF0839","VCF0888","7","1",73,2823,FALSE,FALSE
2024,23,"VCF0839","VCF0888","1","2",44,2823,FALSE,FALSE
2024,23,"VCF0839","VCF0888","2","2",42,2823,FALSE,FALSE
2024,23,"VCF0839","VCF0888","3","2",92,2823,FALSE,FALSE
2024,23,"VCF0839","VCF0888","4","2",173,2823,FALSE,FALSE
2024,23,"VCF0839","VCF0888","5","2",196,2823,FALSE,FALSE
2024,23,"VCF0839","VCF0888","6","2",133,2823,FALSE,FALSE
2024,23,"VCF0839","VCF0888","7","2",183,2823,FALSE,FALSE
2024,23,"VCF0839","VCF0888","1","3",167,2823,FALSE,FALSE
2024,23,"VCF0839","VCF0888","2","3",156,2823,FALSE,FALSE
2024,23,"VCF0839","VCF0888","3","3",267,2823,FALSE,FALSE
2024,23,"VCF0839","VCF0888","4","3",392,2823,FALSE,FALSE
2024,23,"VCF0839","VCF0888","5","3",318,2823,FALSE,FALSE
2024,23,"VCF0839","VCF0888","6","3",175,2823,FALSE,FALSE
2024,23,"VCF0839","VCF0888","7","3",319,2823,FALSE,FALSE
2024,24,"VCF0839","VCF0890","1","1",101,2823,FALSE,FALSE
2024,24,"VCF0839","VCF0890","2","1",69,2823,FALSE,FALSE
2024,24,"VCF0839","VCF0890","3","1",58,2823,FALSE,FALSE
2024,24,"VCF0839","VCF0890","4","1",43,2823,FALSE,FALSE
2024,24,"VCF0839","VCF0890","5","1",10,2823,FALSE,FALSE
2024,24,"VCF0839","VCF0890","6","1",4,2823,FALSE,TRUE
2024,24,"VCF0839","VCF0890","7","1",4,2823,FALSE,TRUE
2024,24,"VCF0839","VCF0890","1","2",62,2823,FALSE,FALSE
2024,24,"VCF0839","VCF0890","2","2",88,2823,FALSE,FALSE
2024,24,"VCF0839","VCF0890","3","2",160,2823,FALSE,FALSE
2024,24,"VCF0839","VCF0890","4","2",187,2823,FALSE,FALSE
2024,24,"VCF0839","VCF0890","5","2",90,2823,FALSE,FALSE
2024,24,"VCF0839","VCF0890","6","2",36,2823,FALSE,FALSE
2024,24,"VCF0839","VCF0890","7","2",48,2823,FALSE,FALSE
2024,24,"VCF0839","VCF0890","1","3",58,2823,FALSE,FALSE
2024,24,"VCF0839","VCF0890","2","3",51,2823,FALSE,FALSE
2024,24,"VCF0839","VCF0890","3","3",156,2823,FALSE,FALSE
2024,24,"VCF0839","VCF0890","4","3",350,2823,FALSE,FALSE
2024,24,"VCF0839","VCF0890","5","3",437,2823,FALSE,FALSE
2024,24,"VCF0839","VCF0890","6","3",288,2823,FALSE,FALSE
2024,24,"VCF0839","VCF0890","7","3",523,2823,FALSE,FALSE
2024,25,"VCF0839","VCF0894","1","1",163,2823,FALSE,FALSE
2024,25,"VCF0839","VCF0894","2","1",150,2823,FALSE,FALSE
2024,25,"VCF0839","VCF0894","3","1",209,2823,FALSE,FALSE
2024,25,"VCF0839","VCF0894","4","1",180,2823,FALSE,FALSE
2024,25,"VCF0839","VCF0894","5","1",89,2823,FALSE,FALSE
2024,25,"VCF0839","VCF0894","6","1",33,2823,FALSE,FALSE
2024,25,"VCF0839","VCF0894","7","1",44,2823,FALSE,FALSE
2024,25,"VCF0839","VCF0894","1","2",41,2823,FALSE,FALSE
2024,25,"VCF0839","VCF0894","2","2",50,2823,FALSE,FALSE
2024,25,"VCF0839","VCF0894","3","2",146,2823,FALSE,FALSE
2024,25,"VCF0839","VCF0894","4","2",321,2823,FALSE,FALSE
2024,25,"VCF0839","VCF0894","5","2",266,2823,FALSE,FALSE
2024,25,"VCF0839","VCF0894","6","2",118,2823,FALSE,FALSE
2024,25,"VCF0839","VCF0894","7","2",145,2823,FALSE,FALSE
2024,25,"VCF0839","VCF0894","1","3",17,2823,FALSE,FALSE
2024,25,"VCF0839","VCF0894","2","3",8,2823,FALSE,FALSE
2024,25,"VCF0839","VCF0894","3","3",19,2823,FALSE,FALSE
2024,25,"VCF0839","VCF0894","4","3",79,2823,FALSE,FALSE
2024,25,"VCF0839","VCF0894","5","3",182,2823,FALSE,FALSE
2024,25,"VCF0839","VCF0894","6","3",177,2823,FALSE,FALSE
2024,25,"VCF0839","VCF0894","7","3",386,2823,FALSE,FALSE
2024,26,"VCF0839","VCF9223","1","1",81,2823,FALSE,FALSE
2024,26,"VCF0839","VCF9223","2","1",55,2823,FALSE,FALSE
2024,26,"VCF0839","VCF9223","3","1",77,2823,FALSE,FALSE
2024,26,"VCF0839","VCF9223","4","1",81,2823,FALSE,FALSE
2024,26,"VCF0839","VCF9223","5","1",32,2823,FALSE,FALSE
2024,26,"VCF0839","VCF9223","6","1",13,2823,FALSE,FALSE
2024,26,"VCF0839","VCF9223","7","1",56,2823,FALSE,FALSE
2024,26,"VCF0839","VCF9223","1","2",62,2823,FALSE,FALSE
2024,26,"VCF0839","VCF9223","2","2",52,2823,FALSE,FALSE
2024,26,"VCF0839","VCF9223","3","2",104,2823,FALSE,FALSE
2024,26,"VCF0839","VCF9223","4","2",107,2823,FALSE,FALSE
2024,26,"VCF0839","VCF9223","5","2",59,2823,FALSE,FALSE
2024,26,"VCF0839","VCF9223","6","2",27,2823,FALSE,FALSE
2024,26,"VCF0839","VCF9223","7","2",57,2823,FALSE,FALSE
2024,26,"VCF0839","VCF9223","1","3",54,2823,FALSE,FALSE
2024,26,"VCF0839","VCF9223","2","3",80,2823,FALSE,FALSE
2024,26,"VCF0839","VCF9223","3","3",130,2823,FALSE,FALSE
2024,26,"VCF0839","VCF9223","4","3",214,2823,FALSE,FALSE
2024,26,"VCF0839","VCF9223","5","3",189,2823,FALSE,FALSE
2024,26,"VCF0839","VCF9223","6","3",96,2823,FALSE,FALSE
2024,26,"VCF0839","VCF9223","7","3",134,2823,FALSE,FALSE
2024,26,"VCF0839","VCF9223","1","4",24,2823,FALSE,FALSE
2024,26,"VCF0839","VCF9223","2","4",21,2823,FALSE,FALSE
2024,26,"VCF0839","VCF9223","3","4",63,2823,FALSE,FALSE
2024,26,"VCF0839","VCF9223","4","4",178,2823,FALSE,FALSE
2024,26,"VCF0839","VCF9223","5","4",257,2823,FALSE,FALSE
2024,26,"VCF0839","VCF9223","6","4",192,2823,FALSE,FALSE
2024,26,"VCF0839","VCF9223","7","4",328,2823,FALSE,FALSE
2024,27,"VCF0879a","VCF0888","1","1",51,2823,FALSE,FALSE
2024,27,"VCF0879a","VCF0888","3","1",51,2823,FALSE,FALSE
2024,27,"VCF0879a","VCF0888","5","1",64,2823,FALSE,FALSE
2024,27,"VCF0879a","VCF0888","1","2",291,2823,FALSE,FALSE
2024,27,"VCF0879a","VCF0888","3","2",387,2823,FALSE,FALSE
2024,27,"VCF0879a","VCF0888","5","2",185,2823,FALSE,FALSE
2024,27,"VCF0879a","VCF0888","1","3",936,2823,FALSE,FALSE
2024,27,"VCF0879a","VCF0888","3","3",602,2823,FALSE,FALSE
2024,27,"VCF0879a","VCF0888","5","3",256,2823,FALSE,FALSE
2024,28,"VCF0879a","VCF0890","1","1",176,2823,FALSE,FALSE
2024,28,"VCF0879a","VCF0890","3","1",79,2823,FALSE,FALSE
2024,28,"VCF0879a","VCF0890","5","1",34,2823,FALSE,FALSE
2024,28,"VCF0879a","VCF0890","1","2",393,2823,FALSE,FALSE
2024,28,"VCF0879a","VCF0890","3","2",194,2823,FALSE,FALSE
2024,28,"VCF0879a","VCF0890","5","2",84,2823,FALSE,FALSE
2024,28,"VCF0879a","VCF0890","1","3",709,2823,FALSE,FALSE
2024,28,"VCF0879a","VCF0890","3","3",767,2823,FALSE,FALSE
2024,28,"VCF0879a","VCF0890","5","3",387,2823,FALSE,FALSE
2024,29,"VCF0879a","VCF0894","1","1",538,2823,FALSE,FALSE
2024,29,"VCF0879a","VCF0894","3","1",228,2823,FALSE,FALSE
2024,29,"VCF0879a","VCF0894","5","1",102,2823,FALSE,FALSE
2024,29,"VCF0879a","VCF0894","1","2",505,2823,FALSE,FALSE
2024,29,"VCF0879a","VCF0894","3","2",428,2823,FALSE,FALSE
2024,29,"VCF0879a","VCF0894","5","2",154,2823,FALSE,FALSE
2024,29,"VCF0879a","VCF0894","1","3",235,2823,FALSE,FALSE
2024,29,"VCF0879a","VCF0894","3","3",384,2823,FALSE,FALSE
2024,29,"VCF0879a","VCF0894","5","3",249,2823,FALSE,FALSE
2024,30,"VCF0879a","VCF9223","1","1",297,2823,FALSE,FALSE
2024,30,"VCF0879a","VCF9223","3","1",51,2823,FALSE,FALSE
2024,30,"VCF0879a","VCF9223","5","1",47,2823,FALSE,FALSE
2024,30,"VCF0879a","VCF9223","1","2",310,2823,FALSE,FALSE
2024,30,"VCF0879a","VCF9223","3","2",101,2823,FALSE,FALSE
2024,30,"VCF0879a","VCF9223","5","2",57,2823,FALSE,FALSE
2024,30,"VCF0879a","VCF9223","1","3",432,2823,FALSE,FALSE
2024,30,"VCF0879a","VCF9223","3","3",352,2823,FALSE,FALSE
2024,30,"VCF0879a","VCF9223","5","3",113,2823,FALSE,FALSE
2024,30,"VCF0879a","VCF9223","1","4",239,2823,FALSE,FALSE
2024,30,"VCF0879a","VCF9223","3","4",536,2823,FALSE,FALSE
2024,30,"VCF0879a","VCF9223","5","4",288,2823,FALSE,FALSE
2024,31,"VCF0888","VCF0890","1","1",33,2823,FALSE,FALSE
2024,31,"VCF0888","VCF0890","2","1",55,2823,FALSE,FALSE
2024,31,"VCF0888","VCF0890","3","1",201,2823,FALSE,FALSE
2024,31,"VCF0888","VCF0890","1","2",17,2823,FALSE,FALSE
2024,31,"VCF0888","VCF0890","2","2",221,2823,FALSE,FALSE
2024,31,"VCF0888","VCF0890","3","2",433,2823,FALSE,FALSE
2024,31,"VCF0888","VCF0890","1","3",116,2823,FALSE,FALSE
2024,31,"VCF0888","VCF0890","2","3",587,2823,FALSE,FALSE
2024,31,"VCF0888","VCF0890","3","3",1160,2823,FALSE,FALSE
2024,32,"VCF0888","VCF0894","1","1",40,2823,FALSE,FALSE
2024,32,"VCF0888","VCF0894","2","1",186,2823,FALSE,FALSE
2024,32,"VCF0888","VCF0894","3","1",642,2823,FALSE,FALSE
2024,32,"VCF0888","VCF0894","1","2",33,2823,FALSE,FALSE
2024,32,"VCF0888","VCF0894","2","2",383,2823,FALSE,FALSE
2024,32,"VCF0888","VCF0894","3","2",671,2823,FALSE,FALSE
2024,32,"VCF0888","VCF0894","1","3",93,2823,FALSE,FALSE
2024,32,"VCF0888","VCF0894","2","3",294,2823,FALSE,FALSE
2024,32,"VCF0888","VCF0894","3","3",481,2823,FALSE,FALSE
2024,33,"VCF0888","VCF9223","1","1",22,2823,FALSE,FALSE
2024,33,"VCF0888","VCF9223","2","1",50,2823,FALSE,FALSE
2024,33,"VCF0888","VCF9223","3","1",323,2823,FALSE,FALSE
2024,33,"VCF0888","VCF9223","1","2",23,2823,FALSE,FALSE
2024,33,"VCF0888","VCF9223","2","2",95,2823,FALSE,FALSE
2024,33,"VCF0888","VCF9223","3","2",350,2823,FALSE,FALSE
2024,33,"VCF0888","VCF9223","1","3",32,2823,FALSE,FALSE
2024,33,"VCF0888","VCF9223","2","3",258,2823,FALSE,FALSE
2024,33,"VCF0888","VCF9223","3","3",607,2823,FALSE,FALSE
2024,33,"VCF0888","VCF9223","1","4",89,2823,FALSE,FALSE
2024,33,"VCF0888","VCF9223","2","4",460,2823,FALSE,FALSE
2024,33,"VCF0888","VCF9223","3","4",514,2823,FALSE,FALSE
2024,34,"VCF0890","VCF0894","1","1",217,2823,FALSE,FALSE
2024,34,"VCF0890","VCF0894","2","1",288,2823,FALSE,FALSE
2024,34,"VCF0890","VCF0894","3","1",363,2823,FALSE,FALSE
2024,34,"VCF0890","VCF0894","1","2",57,2823,FALSE,FALSE
2024,34,"VCF0890","VCF0894","2","2",327,2823,FALSE,FALSE
2024,34,"VCF0890","VCF0894","3","2",703,2823,FALSE,FALSE
2024,34,"VCF0890","VCF0894","1","3",15,2823,FALSE,FALSE
2024,34,"VCF0890","VCF0894","2","3",56,2823,FALSE,FALSE
2024,34,"VCF0890","VCF0894","3","3",797,2823,FALSE,FALSE
2024,35,"VCF0890","VCF9223","1","1",95,2823,FALSE,FALSE
2024,35,"VCF0890","VCF9223","2","1",114,2823,FALSE,FALSE
2024,35,"VCF0890","VCF9223","3","1",186,2823,FALSE,FALSE
2024,35,"VCF0890","VCF9223","1","2",84,2823,FALSE,FALSE
2024,35,"VCF0890","VCF9223","2","2",158,2823,FALSE,FALSE
2024,35,"VCF0890","VCF9223","3","2",226,2823,FALSE,FALSE
2024,35,"VCF0890","VCF9223","1","3",78,2823,FALSE,FALSE
2024,35,"VCF0890","VCF9223","2","3",255,2823,FALSE,FALSE
2024,35,"VCF0890","VCF9223","3","3",564,2823,FALSE,FALSE
2024,35,"VCF0890","VCF9223","1","4",32,2823,FALSE,FALSE
2024,35,"VCF0890","VCF9223","2","4",144,2823,FALSE,FALSE
2024,35,"VCF0890","VCF9223","3","4",887,2823,FALSE,FALSE
2024,36,"VCF0894","VCF9223","1","1",214,2823,FALSE,FALSE
2024,36,"VCF0894","VCF9223","2","1",115,2823,FALSE,FALSE
2024,36,"VCF0894","VCF9223","3","1",66,2823,FALSE,FALSE
2024,36,"VCF0894","VCF9223","1","2",233,2823,FALSE,FALSE
2024,36,"VCF0894","VCF9223","2","2",170,2823,FALSE,FALSE
2024,36,"VCF0894","VCF9223","3","2",65,2823,FALSE,FALSE
2024,36,"VCF0894","VCF9223","1","3",287,2823,FALSE,FALSE
2024,36,"VCF0894","VCF9223","2","3",397,2823,FALSE,FALSE
2024,36,"VCF0894","VCF9223","3","3",213,2823,FALSE,FALSE
2024,36,"VCF0894","VCF9223","1","4",134,2823,FALSE,FALSE
2024,36,"VCF0894","VCF9223","2","4",405,2823,FALSE,FALSE
2024,36,"VCF0894","VCF9223","3","4",524,2823,FALSE,FALSE
