"Module_ID","Variant","Wave","Edge_ID","Node_1","Node_2","Edge_weight_primary","Edge_weight_sensitivity","Retained_primary","Retained_sensitivity","Sign_primary","Sign_sensitivity","Signed_difference","Absolute_difference","Retained_status_changed","Sign_reversed","Robustness_status","Estimation_status"
"S09_D11","PAIRWISE_AVAILABLE",2004,"VCF0806--VCF0809","VCF0806","VCF0809",0.37199407703599,0.377404837337836,TRUE,TRUE,"POSITIVE","POSITIVE",0.00541076030184662,0.00541076030184662,FALSE,FALSE,"UNCHANGED","ESTIMABLE_WITH_WARNINGS"
"S09_D11","PAIRWISE_AVAILABLE",2004,"VCF0806--VCF0838","VCF0806","VCF0838",0,0,FALSE,FALSE,"ZERO","ZERO",0,0,FALSE,FALSE,"UNCHANGED","ESTIMABLE_WITH_WARNINGS"
"S09_D11","PAIRWISE_AVAILABLE",2004,"VCF0809--VCF0838","VCF0809","VCF0838",0.055711694432488,0.0348281343136173,TRUE,TRUE,"POSITIVE","POSITIVE",-0.0208835601188707,0.0208835601188707,FALSE,FALSE,"UNCHANGED","ESTIMABLE_WITH_WARNINGS"
"S09_D11","PAIRWISE_AVAILABLE",2004,"VCF0806--VCF0839","VCF0806","VCF0839",0.202102045526152,0.240594850517889,TRUE,TRUE,"POSITIVE","POSITIVE",0.0384928049917369,0.0384928049917369,FALSE,FALSE,"UNCHANGED","ESTIMABLE_WITH_WARNINGS"
"S09_D11","PAIRWISE_AVAILABLE",2004,"VCF0809--VCF0839","VCF0809","VCF0839",0.109000188940431,0.123231427842364,TRUE,TRUE,"POSITIVE","POSITIVE",0.0142312389019325,0.0142312389019325,FALSE,FALSE,"UNCHANGED","ESTIMABLE_WITH_WARNINGS"
"S09_D11","PAIRWISE_AVAILABLE",2004,"VCF0838--VCF0839","VCF0838","VCF0839",0.0766442393357764,0.0665823174743279,TRUE,TRUE,"POSITIVE","POSITIVE",-0.0100619218614485,0.0100619218614485,FALSE,FALSE,"UNCHANGED","ESTIMABLE_WITH_WARNINGS"
"S09_D11","PAIRWISE_AVAILABLE",2004,"VCF0806--VCF0879a","VCF0806","VCF0879a",0.0181396986119873,0.0361848959838962,TRUE,TRUE,"POSITIVE","POSITIVE",0.0180451973719089,0.0180451973719089,FALSE,FALSE,"UNCHANGED","ESTIMABLE_WITH_WARNINGS"
"S09_D11","PAIRWISE_AVAILABLE",2004,"VCF0809--VCF0879a","VCF0809","VCF0879a",0,0,FALSE,FALSE,"ZERO","ZERO",0,0,FALSE,FALSE,"UNCHANGED","ESTIMABLE_WITH_WARNINGS"
"S09_D11","PAIRWISE_AVAILABLE",2004,"VCF0838--VCF0879a","VCF0838","VCF0879a",0,0,FALSE,FALSE,"ZERO","ZERO",0,0,FALSE,FALSE,"UNCHANGED","ESTIMABLE_WITH_WARNINGS"
"S09_D11","PAIRWISE_AVAILABLE",2004,"VCF0839--VCF0879a","VCF0839","VCF0879a",0,0,FALSE,FALSE,"ZERO","ZERO",0,0,FALSE,FALSE,"UNCHANGED","ESTIMABLE_WITH_WARNINGS"
"S09_D11","PAIRWISE_AVAILABLE",2004,"VCF0806--VCF0888","VCF0806","VCF0888",-0.0229081218231701,-0.0357063361931486,TRUE,TRUE,"NEGATIVE","NEGATIVE",-0.0127982143699785,0.0127982143699785,FALSE,FALSE,"UNCHANGED","ESTIMABLE_WITH_WARNINGS"
"S09_D11","PAIRWISE_AVAILABLE",2004,"VCF0809--VCF0888","VCF0809","VCF0888",-0.0294227504442804,0,TRUE,FALSE,"NEGATIVE","ZERO",0.0294227504442804,0.0294227504442804,TRUE,FALSE,"CHANGED","ESTIMABLE_WITH_WARNINGS"
"S09_D11","PAIRWISE_AVAILABLE",2004,"VCF0838--VCF0888","VCF0838","VCF0888",-0.0374456271586838,-0.0464946281497913,TRUE,TRUE,"NEGATIVE","NEGATIVE",-0.00904900099110751,0.00904900099110751,FALSE,FALSE,"UNCHANGED","ESTIMABLE_WITH_WARNINGS"
"S09_D11","PAIRWISE_AVAILABLE",2004,"VCF0839--VCF0888","VCF0839","VCF0888",0,0,FALSE,FALSE,"ZERO","ZERO",0,0,FALSE,FALSE,"UNCHANGED","ESTIMABLE_WITH_WARNINGS"
"S09_D11","PAIRWISE_AVAILABLE",2004,"VCF0879a--VCF0888","VCF0879a","VCF0888",-0.0743041345843866,-0.0721778147455374,TRUE,TRUE,"NEGATIVE","NEGATIVE",0.00212631983884923,0.00212631983884923,FALSE,FALSE,"UNCHANGED","ESTIMABLE_WITH_WARNINGS"
"S09_D11","PAIRWISE_AVAILABLE",2004,"VCF0806--VCF0890","VCF0806","VCF0890",0.112679497729288,0.055084751299356,TRUE,TRUE,"POSITIVE","POSITIVE",-0.0575947464299319,0.0575947464299319,FALSE,FALSE,"UNCHANGED","ESTIMABLE_WITH_WARNINGS"
"S09_D11","PAIRWISE_AVAILABLE",2004,"VCF0809--VCF0890","VCF0809","VCF0890",0.086021602736654,0.10851110508886,TRUE,TRUE,"POSITIVE","POSITIVE",0.0224895023522055,0.0224895023522055,FALSE,FALSE,"UNCHANGED","ESTIMABLE_WITH_WARNINGS"
"S09_D11","PAIRWISE_AVAILABLE",2004,"VCF0838--VCF0890","VCF0838","VCF0890",0.0613363217966801,0.048080385733552,TRUE,TRUE,"POSITIVE","POSITIVE",-0.0132559360631281,0.0132559360631281,FALSE,FALSE,"UNCHANGED","ESTIMABLE_WITH_WARNINGS"
"S09_D11","PAIRWISE_AVAILABLE",2004,"VCF0839--VCF0890","VCF0839","VCF0890",0.302310172712598,0.273687033315201,TRUE,TRUE,"POSITIVE","POSITIVE",-0.0286231393973971,0.0286231393973971,FALSE,FALSE,"UNCHANGED","ESTIMABLE_WITH_WARNINGS"
"S09_D11","PAIRWISE_AVAILABLE",2004,"VCF0879a--VCF0890","VCF0879a","VCF0890",0.0499912636732557,0.032293834271121,TRUE,TRUE,"POSITIVE","POSITIVE",-0.0176974294021347,0.0176974294021347,FALSE,FALSE,"UNCHANGED","ESTIMABLE_WITH_WARNINGS"
"S09_D11","PAIRWISE_AVAILABLE",2004,"VCF0888--VCF0890","VCF0888","VCF0890",0.246375316880606,0.243751133606584,TRUE,TRUE,"POSITIVE","POSITIVE",-0.00262418327402267,0.00262418327402267,FALSE,FALSE,"UNCHANGED","ESTIMABLE_WITH_WARNINGS"
"S09_D11","PAIRWISE_AVAILABLE",2004,"VCF0806--VCF0894","VCF0806","VCF0894",0,0,FALSE,FALSE,"ZERO","ZERO",0,0,FALSE,FALSE,"UNCHANGED","ESTIMABLE_WITH_WARNINGS"
"S09_D11","PAIRWISE_AVAILABLE",2004,"VCF0809--VCF0894","VCF0809","VCF0894",0.253193469933843,0.233768492397161,TRUE,TRUE,"POSITIVE","POSITIVE",-0.019424977536682,0.019424977536682,FALSE,FALSE,"UNCHANGED","ESTIMABLE_WITH_WARNINGS"
"S09_D11","PAIRWISE_AVAILABLE",2004,"VCF0838--VCF0894","VCF0838","VCF0894",0,0,FALSE,FALSE,"ZERO","ZERO",0,0,FALSE,FALSE,"UNCHANGED","ESTIMABLE_WITH_WARNINGS"
"S09_D11","PAIRWISE_AVAILABLE",2004,"VCF0839--VCF0894","VCF0839","VCF0894",0.178137225084089,0.163748083728144,TRUE,TRUE,"POSITIVE","POSITIVE",-0.0143891413559452,0.0143891413559452,FALSE,FALSE,"UNCHANGED","ESTIMABLE_WITH_WARNINGS"
"S09_D11","PAIRWISE_AVAILABLE",2004,"VCF0879a--VCF0894","VCF0879a","VCF0894",0.0872300472315628,0.067635593702494,TRUE,TRUE,"POSITIVE","POSITIVE",-0.0195944535290687,0.0195944535290687,FALSE,FALSE,"UNCHANGED","ESTIMABLE_WITH_WARNINGS"
"S09_D11","PAIRWISE_AVAILABLE",2004,"VCF0888--VCF0894","VCF0888","VCF0894",0,0,FALSE,FALSE,"ZERO","ZERO",0,0,FALSE,FALSE,"UNCHANGED","ESTIMABLE_WITH_WARNINGS"
"S09_D11","PAIRWISE_AVAILABLE",2004,"VCF0890--VCF0894","VCF0890","VCF0894",0.163619760585957,0.130391739915782,TRUE,TRUE,"POSITIVE","POSITIVE",-0.0332280206701745,0.0332280206701745,FALSE,FALSE,"UNCHANGED","ESTIMABLE_WITH_WARNINGS"
"S09_D11","PAIRWISE_AVAILABLE",2004,"VCF0806--VCF9223","VCF0806","VCF9223",0,0,FALSE,FALSE,"ZERO","ZERO",0,0,FALSE,FALSE,"UNCHANGED","ESTIMABLE_WITH_WARNINGS"
"S09_D11","PAIRWISE_AVAILABLE",2004,"VCF0809--VCF9223","VCF0809","VCF9223",-0.0428131826413368,-0.0279815990474912,TRUE,TRUE,"NEGATIVE","NEGATIVE",0.0148315835938456,0.0148315835938456,FALSE,FALSE,"UNCHANGED","ESTIMABLE_WITH_WARNINGS"
"S09_D11","PAIRWISE_AVAILABLE",2004,"VCF0838--VCF9223","VCF0838","VCF9223",0.0742691350936274,0.0805353662173579,TRUE,TRUE,"POSITIVE","POSITIVE",0.0062662311237305,0.0062662311237305,FALSE,FALSE,"UNCHANGED","ESTIMABLE_WITH_WARNINGS"
"S09_D11","PAIRWISE_AVAILABLE",2004,"VCF0839--VCF9223","VCF0839","VCF9223",-0.0798569215033069,-0.0708929802026372,TRUE,TRUE,"NEGATIVE","NEGATIVE",0.0089639413006697,0.0089639413006697,FALSE,FALSE,"UNCHANGED","ESTIMABLE_WITH_WARNINGS"
"S09_D11","PAIRWISE_AVAILABLE",2004,"VCF0879a--VCF9223","VCF0879a","VCF9223",0.449956286828701,0.438307322648546,TRUE,TRUE,"POSITIVE","POSITIVE",-0.0116489641801554,0.0116489641801554,FALSE,FALSE,"UNCHANGED","ESTIMABLE_WITH_WARNINGS"
"S09_D11","PAIRWISE_AVAILABLE",2004,"VCF0888--VCF9223","VCF0888","VCF9223",-0.0883941487208757,-0.100769598210358,TRUE,TRUE,"NEGATIVE","NEGATIVE",-0.0123754494894825,0.0123754494894825,FALSE,FALSE,"UNCHANGED","ESTIMABLE_WITH_WARNINGS"
"S09_D11","PAIRWISE_AVAILABLE",2004,"VCF0890--VCF9223","VCF0890","VCF9223",0,0,FALSE,FALSE,"ZERO","ZERO",0,0,FALSE,FALSE,"UNCHANGED","ESTIMABLE_WITH_WARNINGS"
"S09_D11","PAIRWISE_AVAILABLE",2004,"VCF0894--VCF9223","VCF0894","VCF9223",0,0.00436687977581327,FALSE,TRUE,"ZERO","POSITIVE",0.00436687977581327,0.00436687977581327,TRUE,FALSE,"CHANGED","ESTIMABLE_WITH_WARNINGS"
"S09_D11","PAIRWISE_AVAILABLE",2012,"VCF0806--VCF0809","VCF0806","VCF0809",0.303846021908369,0.330339817605245,TRUE,TRUE,"POSITIVE","POSITIVE",0.0264937956968751,0.0264937956968751,FALSE,FALSE,"UNCHANGED","ESTIMABLE_WITH_WARNINGS"
"S09_D11","PAIRWISE_AVAILABLE",2012,"VCF0806--VCF0838","VCF0806","VCF0838",0.163141088733884,0.136543465950126,TRUE,TRUE,"POSITIVE","POSITIVE",-0.0265976227837577,0.0265976227837577,FALSE,FALSE,"UNCHANGED","ESTIMABLE_WITH_WARNINGS"
"S09_D11","PAIRWISE_AVAILABLE",2012,"VCF0809--VCF0838","VCF0809","VCF0838",0,-0.0220054555470494,FALSE,TRUE,"ZERO","NEGATIVE",-0.0220054555470494,0.0220054555470494,TRUE,FALSE,"CHANGED","ESTIMABLE_WITH_WARNINGS"
"S09_D11","PAIRWISE_AVAILABLE",2012,"VCF0806--VCF0839","VCF0806","VCF0839",0.234328527509928,0.232329745535943,TRUE,TRUE,"POSITIVE","POSITIVE",-0.00199878197398454,0.00199878197398454,FALSE,FALSE,"UNCHANGED","ESTIMABLE_WITH_WARNINGS"
"S09_D11","PAIRWISE_AVAILABLE",2012,"VCF0809--VCF0839","VCF0809","VCF0839",0.189210653527643,0.192726123560564,TRUE,TRUE,"POSITIVE","POSITIVE",0.00351547003292052,0.00351547003292052,FALSE,FALSE,"UNCHANGED","ESTIMABLE_WITH_WARNINGS"
"S09_D11","PAIRWISE_AVAILABLE",2012,"VCF0838--VCF0839","VCF0838","VCF0839",0,0.0156489515087731,FALSE,TRUE,"ZERO","POSITIVE",0.0156489515087731,0.0156489515087731,TRUE,FALSE,"CHANGED","ESTIMABLE_WITH_WARNINGS"
"S09_D11","PAIRWISE_AVAILABLE",2012,"VCF0806--VCF0879a","VCF0806","VCF0879a",0.0493033840706338,0.047819786572181,TRUE,TRUE,"POSITIVE","POSITIVE",-0.00148359749845276,0.00148359749845276,FALSE,FALSE,"UNCHANGED","ESTIMABLE_WITH_WARNINGS"
"S09_D11","PAIRWISE_AVAILABLE",2012,"VCF0809--VCF0879a","VCF0809","VCF0879a",-0.0194987239175984,-0.00853309836832052,TRUE,TRUE,"NEGATIVE","NEGATIVE",0.0109656255492779,0.0109656255492779,FALSE,FALSE,"UNCHANGED","ESTIMABLE_WITH_WARNINGS"
"S09_D11","PAIRWISE_AVAILABLE",2012,"VCF0838--VCF0879a","VCF0838","VCF0879a",0,0,FALSE,FALSE,"ZERO","ZERO",0,0,FALSE,FALSE,"UNCHANGED","ESTIMABLE_WITH_WARNINGS"
"S09_D11","PAIRWISE_AVAILABLE",2012,"VCF0839--VCF0879a","VCF0839","VCF0879a",0.0243666958303837,0.0172851816055184,TRUE,TRUE,"POSITIVE","POSITIVE",-0.00708151422486529,0.00708151422486529,FALSE,FALSE,"UNCHANGED","ESTIMABLE_WITH_WARNINGS"
"S09_D11","PAIRWISE_AVAILABLE",2012,"VCF0806--VCF0888","VCF0806","VCF0888",-0.023095672005309,-0.0505462431551692,TRUE,TRUE,"NEGATIVE","NEGATIVE",-0.0274505711498602,0.0274505711498602,FALSE,FALSE,"UNCHANGED","ESTIMABLE_WITH_WARNINGS"
"S09_D11","PAIRWISE_AVAILABLE",2012,"VCF0809--VCF0888","VCF0809","VCF0888",0.0462895145169454,0.063530972962537,TRUE,TRUE,"POSITIVE","POSITIVE",0.0172414584455916,0.0172414584455916,FALSE,FALSE,"UNCHANGED","ESTIMABLE_WITH_WARNINGS"
"S09_D11","PAIRWISE_AVAILABLE",2012,"VCF0838--VCF0888","VCF0838","VCF0888",-0.111103873701375,-0.10275705896905,TRUE,TRUE,"NEGATIVE","NEGATIVE",0.00834681473232485,0.00834681473232485,FALSE,FALSE,"UNCHANGED","ESTIMABLE_WITH_WARNINGS"
"S09_D11","PAIRWISE_AVAILABLE",2012,"VCF0839--VCF0888","VCF0839","VCF0888",0.0279994439971449,0.0302351567180235,TRUE,TRUE,"POSITIVE","POSITIVE",0.00223571272087862,0.00223571272087862,FALSE,FALSE,"UNCHANGED","ESTIMABLE_WITH_WARNINGS"
"S09_D11","PAIRWISE_AVAILABLE",2012,"VCF0879a--VCF0888","VCF0879a","VCF0888",-0.122256344533936,-0.127719267003261,TRUE,TRUE,"NEGATIVE","NEGATIVE",-0.00546292246932506,0.00546292246932506,FALSE,FALSE,"UNCHANGED","ESTIMABLE_WITH_WARNINGS"
"S09_D11","PAIRWISE_AVAILABLE",2012,"VCF0806--VCF0890","VCF0806","VCF0890",0.0586270926415524,0.0702525316916463,TRUE,TRUE,"POSITIVE","POSITIVE",0.0116254390500939,0.0116254390500939,FALSE,FALSE,"UNCHANGED","ESTIMABLE_WITH_WARNINGS"
"S09_D11","PAIRWISE_AVAILABLE",2012,"VCF0809--VCF0890","VCF0809","VCF0890",0.0920263712391898,0.104951931918967,TRUE,TRUE,"POSITIVE","POSITIVE",0.012925560679777,0.012925560679777,FALSE,FALSE,"UNCHANGED","ESTIMABLE_WITH_WARNINGS"
"S09_D11","PAIRWISE_AVAILABLE",2012,"VCF0838--VCF0890","VCF0838","VCF0890",0.173712290542379,0.170023099260183,TRUE,TRUE,"POSITIVE","POSITIVE",-0.00368919128219589,0.00368919128219589,FALSE,FALSE,"UNCHANGED","ESTIMABLE_WITH_WARNINGS"
"S09_D11","PAIRWISE_AVAILABLE",2012,"VCF0839--VCF0890","VCF0839","VCF0890",0.263346205380432,0.240094569412425,TRUE,TRUE,"POSITIVE","POSITIVE",-0.0232516359680074,0.0232516359680074,FALSE,FALSE,"UNCHANGED","ESTIMABLE_WITH_WARNINGS"
"S09_D11","PAIRWISE_AVAILABLE",2012,"VCF0879a--VCF0890","VCF0879a","VCF0890",-0.0328432083530345,-0.0242231362292616,TRUE,TRUE,"NEGATIVE","NEGATIVE",0.00862007212377284,0.00862007212377284,FALSE,FALSE,"UNCHANGED","ESTIMABLE_WITH_WARNINGS"
"S09_D11","PAIRWISE_AVAILABLE",2012,"VCF0888--VCF0890","VCF0888","VCF0890",0.305355221016655,0.315811581836676,TRUE,TRUE,"POSITIVE","POSITIVE",0.0104563608200215,0.0104563608200215,FALSE,FALSE,"UNCHANGED","ESTIMABLE_WITH_WARNINGS"
"S09_D11","PAIRWISE_AVAILABLE",2012,"VCF0806--VCF0894","VCF0806","VCF0894",0.14949343454668,0.131815696347477,TRUE,TRUE,"POSITIVE","POSITIVE",-0.017677738199203,0.017677738199203,FALSE,FALSE,"UNCHANGED","ESTIMABLE_WITH_WARNINGS"
"S09_D11","PAIRWISE_AVAILABLE",2012,"VCF0809--VCF0894","VCF0809","VCF0894",0.151618352474529,0.138233583835342,TRUE,TRUE,"POSITIVE","POSITIVE",-0.0133847686391863,0.0133847686391863,FALSE,FALSE,"UNCHANGED","ESTIMABLE_WITH_WARNINGS"
"S09_D11","PAIRWISE_AVAILABLE",2012,"VCF0838--VCF0894","VCF0838","VCF0894",-0.0427267061442297,-0.0389844356234595,TRUE,TRUE,"NEGATIVE","NEGATIVE",0.00374227052077024,0.00374227052077024,FALSE,FALSE,"UNCHANGED","ESTIMABLE_WITH_WARNINGS"
"S09_D11","PAIRWISE_AVAILABLE",2012,"VCF0839--VCF0894","VCF0839","VCF0894",0.304754460215999,0.319357461797795,TRUE,TRUE,"POSITIVE","POSITIVE",0.0146030015817961,0.0146030015817961,FALSE,FALSE,"UNCHANGED","ESTIMABLE_WITH_WARNINGS"
"S09_D11","PAIRWISE_AVAILABLE",2012,"VCF0879a--VCF0894","VCF0879a","VCF0894",0.14055343388669,0.143216750356326,TRUE,TRUE,"POSITIVE","POSITIVE",0.00266331646963608,0.00266331646963608,FALSE,FALSE,"UNCHANGED","ESTIMABLE_WITH_WARNINGS"
"S09_D11","PAIRWISE_AVAILABLE",2012,"VCF0888--VCF0894","VCF0888","VCF0894",0,0.0116276336447024,FALSE,TRUE,"ZERO","POSITIVE",0.0116276336447024,0.0116276336447024,TRUE,FALSE,"CHANGED","ESTIMABLE_WITH_WARNINGS"
"S09_D11","PAIRWISE_AVAILABLE",2012,"VCF0890--VCF0894","VCF0890","VCF0894",0.156670022803228,0.125614824463372,TRUE,TRUE,"POSITIVE","POSITIVE",-0.0310551983398565,0.0310551983398565,FALSE,FALSE,"UNCHANGED","ESTIMABLE_WITH_WARNINGS"
"S09_D11","PAIRWISE_AVAILABLE",2012,"VCF0806--VCF9223","VCF0806","VCF9223",0.0150369312245018,0.0147500545478843,TRUE,TRUE,"POSITIVE","POSITIVE",-0.000286876676617517,0.000286876676617517,FALSE,FALSE,"UNCHANGED","ESTIMABLE_WITH_WARNINGS"
"S09_D11","PAIRWISE_AVAILABLE",2012,"VCF0809--VCF9223","VCF0809","VCF9223",-0.0228829782209999,-0.0404628090738897,TRUE,TRUE,"NEGATIVE","NEGATIVE",-0.0175798308528898,0.0175798308528898,FALSE,FALSE,"UNCHANGED","ESTIMABLE_WITH_WARNINGS"
"S09_D11","PAIRWISE_AVAILABLE",2012,"VCF0838--VCF9223","VCF0838","VCF9223",0.11975354377938,0.104707440441273,TRUE,TRUE,"POSITIVE","POSITIVE",-0.0150461033381065,0.0150461033381065,FALSE,FALSE,"UNCHANGED","ESTIMABLE_WITH_WARNINGS"
"S09_D11","PAIRWISE_AVAILABLE",2012,"VCF0839--VCF9223","VCF0839","VCF9223",0.0271344846048082,0.0522518453951937,TRUE,TRUE,"POSITIVE","POSITIVE",0.0251173607903855,0.0251173607903855,FALSE,FALSE,"UNCHANGED","ESTIMABLE_WITH_WARNINGS"
"S09_D11","PAIRWISE_AVAILABLE",2012,"VCF0879a--VCF9223","VCF0879a","VCF9223",0.469833727138572,0.456140567954829,TRUE,TRUE,"POSITIVE","POSITIVE",-0.0136931591837426,0.0136931591837426,FALSE,FALSE,"UNCHANGED","ESTIMABLE_WITH_WARNINGS"
"S09_D11","PAIRWISE_AVAILABLE",2012,"VCF0888--VCF9223","VCF0888","VCF9223",-0.0713228146329072,-0.0656908830904844,TRUE,TRUE,"NEGATIVE","NEGATIVE",0.00563193154242278,0.00563193154242278,FALSE,FALSE,"UNCHANGED","ESTIMABLE_WITH_WARNINGS"
"S09_D11","PAIRWISE_AVAILABLE",2012,"VCF0890--VCF9223","VCF0890","VCF9223",0.0384970135041746,0.0298705847658895,TRUE,TRUE,"POSITIVE","POSITIVE",-0.00862642873828507,0.00862642873828507,FALSE,FALSE,"UNCHANGED","ESTIMABLE_WITH_WARNINGS"
"S09_D11","PAIRWISE_AVAILABLE",2012,"VCF0894--VCF9223","VCF0894","VCF9223",-0.00920298803560992,-0.0212439209068917,TRUE,TRUE,"NEGATIVE","NEGATIVE",-0.0120409328712817,0.0120409328712817,FALSE,FALSE,"UNCHANGED","ESTIMABLE_WITH_WARNINGS"
"S09_D11","PAIRWISE_AVAILABLE",2016,"VCF0806--VCF0809","VCF0806","VCF0809",0.357600675012053,0.355122785657097,TRUE,TRUE,"POSITIVE","POSITIVE",-0.00247788935495574,0.00247788935495574,FALSE,FALSE,"UNCHANGED","ESTIMABLE_WITH_WARNINGS"
"S09_D11","PAIRWISE_AVAILABLE",2016,"VCF0806--VCF0838","VCF0806","VCF0838",0.181921384698232,0.185787958700954,TRUE,TRUE,"POSITIVE","POSITIVE",0.0038665740027222,0.0038665740027222,FALSE,FALSE,"UNCHANGED","ESTIMABLE_WITH_WARNINGS"
"S09_D11","PAIRWISE_AVAILABLE",2016,"VCF0809--VCF0838","VCF0809","VCF0838",-0.0734135665583111,-0.0360032531729909,TRUE,TRUE,"NEGATIVE","NEGATIVE",0.0374103133853202,0.0374103133853202,FALSE,FALSE,"UNCHANGED","ESTIMABLE_WITH_WARNINGS"
"S09_D11","PAIRWISE_AVAILABLE",2016,"VCF0806--VCF0839","VCF0806","VCF0839",0.190850385470592,0.18892013667599,TRUE,TRUE,"POSITIVE","POSITIVE",-0.00193024879460224,0.00193024879460224,FALSE,FALSE,"UNCHANGED","ESTIMABLE_WITH_WARNINGS"
"S09_D11","PAIRWISE_AVAILABLE",2016,"VCF0809--VCF0839","VCF0809","VCF0839",0.216271398419299,0.221772709446155,TRUE,TRUE,"POSITIVE","POSITIVE",0.00550131102685503,0.00550131102685503,FALSE,FALSE,"UNCHANGED","ESTIMABLE_WITH_WARNINGS"
"S09_D11","PAIRWISE_AVAILABLE",2016,"VCF0838--VCF0839","VCF0838","VCF0839",0.0636726525169274,0.0525748326047009,TRUE,TRUE,"POSITIVE","POSITIVE",-0.0110978199122264,0.0110978199122264,FALSE,FALSE,"UNCHANGED","ESTIMABLE_WITH_WARNINGS"
"S09_D11","PAIRWISE_AVAILABLE",2016,"VCF0806--VCF0879a","VCF0806","VCF0879a",0.0658181576864972,0.0591439826742592,TRUE,TRUE,"POSITIVE","POSITIVE",-0.00667417501223802,0.00667417501223802,FALSE,FALSE,"UNCHANGED","ESTIMABLE_WITH_WARNINGS"
"S09_D11","PAIRWISE_AVAILABLE",2016,"VCF0809--VCF0879a","VCF0809","VCF0879a",0,0,FALSE,FALSE,"ZERO","ZERO",0,0,FALSE,FALSE,"UNCHANGED","ESTIMABLE_WITH_WARNINGS"
"S09_D11","PAIRWISE_AVAILABLE",2016,"VCF0838--VCF0879a","VCF0838","VCF0879a",0.0198466846918451,0.0174018801131084,TRUE,TRUE,"POSITIVE","POSITIVE",-0.0024448045787367,0.0024448045787367,FALSE,FALSE,"UNCHANGED","ESTIMABLE_WITH_WARNINGS"
"S09_D11","PAIRWISE_AVAILABLE",2016,"VCF0839--VCF0879a","VCF0839","VCF0879a",0,0.029759110831148,FALSE,TRUE,"ZERO","POSITIVE",0.029759110831148,0.029759110831148,TRUE,FALSE,"CHANGED","ESTIMABLE_WITH_WARNINGS"
"S09_D11","PAIRWISE_AVAILABLE",2016,"VCF0806--VCF0888","VCF0806","VCF0888",-0.0783115642198743,-0.0804207595614471,TRUE,TRUE,"NEGATIVE","NEGATIVE",-0.00210919534157279,0.00210919534157279,FALSE,FALSE,"UNCHANGED","ESTIMABLE_WITH_WARNINGS"
"S09_D11","PAIRWISE_AVAILABLE",2016,"VCF0809--VCF0888","VCF0809","VCF0888",0,0,FALSE,FALSE,"ZERO","ZERO",0,0,FALSE,FALSE,"UNCHANGED","ESTIMABLE_WITH_WARNINGS"
"S09_D11","PAIRWISE_AVAILABLE",2016,"VCF0838--VCF0888","VCF0838","VCF0888",-0.101292565988874,-0.0713668748733707,TRUE,TRUE,"NEGATIVE","NEGATIVE",0.0299256911155031,0.0299256911155031,FALSE,FALSE,"UNCHANGED","ESTIMABLE_WITH_WARNINGS"
"S09_D11","PAIRWISE_AVAILABLE",2016,"VCF0839--VCF0888","VCF0839","VCF0888",0.0370470506219009,0,TRUE,FALSE,"POSITIVE","ZERO",-0.0370470506219009,0.0370470506219009,TRUE,FALSE,"CHANGED","ESTIMABLE_WITH_WARNINGS"
"S09_D11","PAIRWISE_AVAILABLE",2016,"VCF0879a--VCF0888","VCF0879a","VCF0888",-0.090754153248673,-0.10456737120226,TRUE,TRUE,"NEGATIVE","NEGATIVE",-0.0138132179535868,0.0138132179535868,FALSE,FALSE,"UNCHANGED","ESTIMABLE_WITH_WARNINGS"
"S09_D11","PAIRWISE_AVAILABLE",2016,"VCF0806--VCF0890","VCF0806","VCF0890",0.0590306809790036,0.0399969055630025,TRUE,TRUE,"POSITIVE","POSITIVE",-0.0190337754160011,0.0190337754160011,FALSE,FALSE,"UNCHANGED","ESTIMABLE_WITH_WARNINGS"
"S09_D11","PAIRWISE_AVAILABLE",2016,"VCF0809--VCF0890","VCF0809","VCF0890",0.052471021635499,0.0697824037823123,TRUE,TRUE,"POSITIVE","POSITIVE",0.0173113821468134,0.0173113821468134,FALSE,FALSE,"UNCHANGED","ESTIMABLE_WITH_WARNINGS"
"S09_D11","PAIRWISE_AVAILABLE",2016,"VCF0838--VCF0890","VCF0838","VCF0890",0.108612599323994,0.0788843200751087,TRUE,TRUE,"POSITIVE","POSITIVE",-0.0297282792488849,0.0297282792488849,FALSE,FALSE,"UNCHANGED","ESTIMABLE_WITH_WARNINGS"
"S09_D11","PAIRWISE_AVAILABLE",2016,"VCF0839--VCF0890","VCF0839","VCF0890",0.242347657779176,0.261764798175892,TRUE,TRUE,"POSITIVE","POSITIVE",0.0194171403967161,0.0194171403967161,FALSE,FALSE,"UNCHANGED","ESTIMABLE_WITH_WARNINGS"
"S09_D11","PAIRWISE_AVAILABLE",2016,"VCF0879a--VCF0890","VCF0879a","VCF0890",0.0141694491107246,0.0167027097340921,TRUE,TRUE,"POSITIVE","POSITIVE",0.0025332606233675,0.0025332606233675,FALSE,FALSE,"UNCHANGED","ESTIMABLE_WITH_WARNINGS"
"S09_D11","PAIRWISE_AVAILABLE",2016,"VCF0888--VCF0890","VCF0888","VCF0890",0.215890208797959,0.226277581408779,TRUE,TRUE,"POSITIVE","POSITIVE",0.0103873726108196,0.0103873726108196,FALSE,FALSE,"UNCHANGED","ESTIMABLE_WITH_WARNINGS"
"S09_D11","PAIRWISE_AVAILABLE",2016,"VCF0806--VCF0894","VCF0806","VCF0894",0.114332152702858,0.115946303543334,TRUE,TRUE,"POSITIVE","POSITIVE",0.001614150840476,0.001614150840476,FALSE,FALSE,"UNCHANGED","ESTIMABLE_WITH_WARNINGS"
"S09_D11","PAIRWISE_AVAILABLE",2016,"VCF0809--VCF0894","VCF0809","VCF0894",0.173766642629694,0.139404133691204,TRUE,TRUE,"POSITIVE","POSITIVE",-0.0343625089384895,0.0343625089384895,FALSE,FALSE,"UNCHANGED","ESTIMABLE_WITH_WARNINGS"
"S09_D11","PAIRWISE_AVAILABLE",2016,"VCF0838--VCF0894","VCF0838","VCF0894",0.0364902033127705,0,TRUE,FALSE,"POSITIVE","ZERO",-0.0364902033127705,0.0364902033127705,TRUE,FALSE,"CHANGED","ESTIMABLE_WITH_WARNINGS"
"S09_D11","PAIRWISE_AVAILABLE",2016,"VCF0839--VCF0894","VCF0839","VCF0894",0.329872988221807,0.342082335098518,TRUE,TRUE,"POSITIVE","POSITIVE",0.0122093468767115,0.0122093468767115,FALSE,FALSE,"UNCHANGED","ESTIMABLE_WITH_WARNINGS"
"S09_D11","PAIRWISE_AVAILABLE",2016,"VCF0879a--VCF0894","VCF0879a","VCF0894",0.227269099451679,0.197442059882199,TRUE,TRUE,"POSITIVE","POSITIVE",-0.0298270395694802,0.0298270395694802,FALSE,FALSE,"UNCHANGED","ESTIMABLE_WITH_WARNINGS"
"S09_D11","PAIRWISE_AVAILABLE",2016,"VCF0888--VCF0894","VCF0888","VCF0894",-0.0630943703683428,-0.0205665951879547,TRUE,TRUE,"NEGATIVE","NEGATIVE",0.0425277751803882,0.0425277751803882,FALSE,FALSE,"UNCHANGED","ESTIMABLE_WITH_WARNINGS"
"S09_D11","PAIRWISE_AVAILABLE",2016,"VCF0890--VCF0894","VCF0890","VCF0894",0.122481274464188,0.0810298327868923,TRUE,TRUE,"POSITIVE","POSITIVE",-0.0414514416772952,0.0414514416772952,FALSE,FALSE,"UNCHANGED","ESTIMABLE_WITH_WARNINGS"
"S09_D11","PAIRWISE_AVAILABLE",2016,"VCF0806--VCF9223","VCF0806","VCF9223",0.0186252735363306,0.0280025622074491,TRUE,TRUE,"POSITIVE","POSITIVE",0.00937728867111853,0.00937728867111853,FALSE,FALSE,"UNCHANGED","ESTIMABLE_WITH_WARNINGS"
"S09_D11","PAIRWISE_AVAILABLE",2016,"VCF0809--VCF9223","VCF0809","VCF9223",0,0,FALSE,FALSE,"ZERO","ZERO",0,0,FALSE,FALSE,"UNCHANGED","ESTIMABLE_WITH_WARNINGS"
"S09_D11","PAIRWISE_AVAILABLE",2016,"VCF0838--VCF9223","VCF0838","VCF9223",0.143965510367613,0.148807765868241,TRUE,TRUE,"POSITIVE","POSITIVE",0.00484225550062789,0.00484225550062789,FALSE,FALSE,"UNCHANGED","ESTIMABLE_WITH_WARNINGS"
"S09_D11","PAIRWISE_AVAILABLE",2016,"VCF0839--VCF9223","VCF0839","VCF9223",0.018458574204645,0.0151203033451729,TRUE,TRUE,"POSITIVE","POSITIVE",-0.00333827085947205,0.00333827085947205,FALSE,FALSE,"UNCHANGED","ESTIMABLE_WITH_WARNINGS"
"S09_D11","PAIRWISE_AVAILABLE",2016,"VCF0879a--VCF9223","VCF0879a","VCF9223",0.440934290526284,0.42600628334362,TRUE,TRUE,"POSITIVE","POSITIVE",-0.0149280071826641,0.0149280071826641,FALSE,FALSE,"UNCHANGED","ESTIMABLE_WITH_WARNINGS"
"S09_D11","PAIRWISE_AVAILABLE",2016,"VCF0888--VCF9223","VCF0888","VCF9223",-0.113633115156834,-0.102082747592813,TRUE,TRUE,"NEGATIVE","NEGATIVE",0.011550367564021,0.011550367564021,FALSE,FALSE,"UNCHANGED","ESTIMABLE_WITH_WARNINGS"
"S09_D11","PAIRWISE_AVAILABLE",2016,"VCF0890--VCF9223","VCF0890","VCF9223",0.0887466384157413,0.0742738608258798,TRUE,TRUE,"POSITIVE","POSITIVE",-0.0144727775898615,0.0144727775898615,FALSE,FALSE,"UNCHANGED","ESTIMABLE_WITH_WARNINGS"
"S09_D11","PAIRWISE_AVAILABLE",2016,"VCF0894--VCF9223","VCF0894","VCF9223",0.0127258634156021,0.0105023959705549,TRUE,TRUE,"POSITIVE","POSITIVE",-0.00222346744504723,0.00222346744504723,FALSE,FALSE,"UNCHANGED","ESTIMABLE_WITH_WARNINGS"
"S09_D11","PAIRWISE_AVAILABLE",2020,"VCF0806--VCF0809","VCF0806","VCF0809",0.339019965826395,0.322360452476648,TRUE,TRUE,"POSITIVE","POSITIVE",-0.0166595133497469,0.0166595133497469,FALSE,FALSE,"UNCHANGED","ESTIMABLE_WITH_WARNINGS"
"S09_D11","PAIRWISE_AVAILABLE",2020,"VCF0806--VCF0838","VCF0806","VCF0838",0.194720924461167,0.187204212527634,TRUE,TRUE,"POSITIVE","POSITIVE",-0.00751671193353301,0.00751671193353301,FALSE,FALSE,"UNCHANGED","ESTIMABLE_WITH_WARNINGS"
"S09_D11","PAIRWISE_AVAILABLE",2020,"VCF0809--VCF0838","VCF0809","VCF0838",0.0284272171043005,0.0364309961415839,TRUE,TRUE,"POSITIVE","POSITIVE",0.0080037790372834,0.0080037790372834,FALSE,FALSE,"UNCHANGED","ESTIMABLE_WITH_WARNINGS"
"S09_D11","PAIRWISE_AVAILABLE",2020,"VCF0806--VCF0839","VCF0806","VCF0839",0.218609064876532,0.236588390164849,TRUE,TRUE,"POSITIVE","POSITIVE",0.0179793252883163,0.0179793252883163,FALSE,FALSE,"UNCHANGED","ESTIMABLE_WITH_WARNINGS"
"S09_D11","PAIRWISE_AVAILABLE",2020,"VCF0809--VCF0839","VCF0809","VCF0839",0.266004849180601,0.290805973557059,TRUE,TRUE,"POSITIVE","POSITIVE",0.0248011243764583,0.0248011243764583,FALSE,FALSE,"UNCHANGED","ESTIMABLE_WITH_WARNINGS"
"S09_D11","PAIRWISE_AVAILABLE",2020,"VCF0838--VCF0839","VCF0838","VCF0839",0.0258476371914002,0.0420854165757803,TRUE,TRUE,"POSITIVE","POSITIVE",0.0162377793843802,0.0162377793843802,FALSE,FALSE,"UNCHANGED","ESTIMABLE_WITH_WARNINGS"
"S09_D11","PAIRWISE_AVAILABLE",2020,"VCF0806--VCF0879a","VCF0806","VCF0879a",0.0493009287160725,0.0481108793243373,TRUE,TRUE,"POSITIVE","POSITIVE",-0.00119004939173521,0.00119004939173521,FALSE,FALSE,"UNCHANGED","ESTIMABLE_WITH_WARNINGS"
"S09_D11","PAIRWISE_AVAILABLE",2020,"VCF0809--VCF0879a","VCF0809","VCF0879a",0.0313461409353886,0.0287434248452242,TRUE,TRUE,"POSITIVE","POSITIVE",-0.00260271609016446,0.00260271609016446,FALSE,FALSE,"UNCHANGED","ESTIMABLE_WITH_WARNINGS"
"S09_D11","PAIRWISE_AVAILABLE",2020,"VCF0838--VCF0879a","VCF0838","VCF0879a",0.00382478480854227,0.0221970123632454,TRUE,TRUE,"POSITIVE","POSITIVE",0.0183722275547031,0.0183722275547031,FALSE,FALSE,"UNCHANGED","ESTIMABLE_WITH_WARNINGS"
"S09_D11","PAIRWISE_AVAILABLE",2020,"VCF0839--VCF0879a","VCF0839","VCF0879a",0,-0.0138505188749492,FALSE,TRUE,"ZERO","NEGATIVE",-0.0138505188749492,0.0138505188749492,TRUE,FALSE,"CHANGED","ESTIMABLE_WITH_WARNINGS"
"S09_D11","PAIRWISE_AVAILABLE",2020,"VCF0806--VCF0888","VCF0806","VCF0888",-0.142066445791472,-0.159307442544479,TRUE,TRUE,"NEGATIVE","NEGATIVE",-0.0172409967530074,0.0172409967530074,FALSE,FALSE,"UNCHANGED","ESTIMABLE_WITH_WARNINGS"
"S09_D11","PAIRWISE_AVAILABLE",2020,"VCF0809--VCF0888","VCF0809","VCF0888",-0.0260092667248852,-0.0321109419851325,TRUE,TRUE,"NEGATIVE","NEGATIVE",-0.00610167526024737,0.00610167526024737,FALSE,FALSE,"UNCHANGED","ESTIMABLE_WITH_WARNINGS"
"S09_D11","PAIRWISE_AVAILABLE",2020,"VCF0838--VCF0888","VCF0838","VCF0888",-0.184835629335573,-0.162706655623632,TRUE,TRUE,"NEGATIVE","NEGATIVE",0.0221289737119415,0.0221289737119415,FALSE,FALSE,"UNCHANGED","ESTIMABLE_WITH_WARNINGS"
"S09_D11","PAIRWISE_AVAILABLE",2020,"VCF0839--VCF0888","VCF0839","VCF0888",0.0159747561285973,0.0293110696489877,TRUE,TRUE,"POSITIVE","POSITIVE",0.0133363135203904,0.0133363135203904,FALSE,FALSE,"UNCHANGED","ESTIMABLE_WITH_WARNINGS"
"S09_D11","PAIRWISE_AVAILABLE",2020,"VCF0879a--VCF0888","VCF0879a","VCF0888",-0.169847882148041,-0.174359976536847,TRUE,TRUE,"NEGATIVE","NEGATIVE",-0.00451209438880623,0.00451209438880623,FALSE,FALSE,"UNCHANGED","ESTIMABLE_WITH_WARNINGS"
"S09_D11","PAIRWISE_AVAILABLE",2020,"VCF0806--VCF0890","VCF0806","VCF0890",0.0572874494519452,0.0737651690372225,TRUE,TRUE,"POSITIVE","POSITIVE",0.0164777195852773,0.0164777195852773,FALSE,FALSE,"UNCHANGED","ESTIMABLE_WITH_WARNINGS"
"S09_D11","PAIRWISE_AVAILABLE",2020,"VCF0809--VCF0890","VCF0809","VCF0890",0.0975118954026813,0.0770648687411309,TRUE,TRUE,"POSITIVE","POSITIVE",-0.0204470266615504,0.0204470266615504,FALSE,FALSE,"UNCHANGED","ESTIMABLE_WITH_WARNINGS"
"S09_D11","PAIRWISE_AVAILABLE",2020,"VCF0838--VCF0890","VCF0838","VCF0890",0.139154682441411,0.11212715059232,TRUE,TRUE,"POSITIVE","POSITIVE",-0.0270275318490909,0.0270275318490909,FALSE,FALSE,"UNCHANGED","ESTIMABLE_WITH_WARNINGS"
"S09_D11","PAIRWISE_AVAILABLE",2020,"VCF0839--VCF0890","VCF0839","VCF0890",0.234815190156645,0.233621428049033,TRUE,TRUE,"POSITIVE","POSITIVE",-0.00119376210761196,0.00119376210761196,FALSE,FALSE,"UNCHANGED","ESTIMABLE_WITH_WARNINGS"
"S09_D11","PAIRWISE_AVAILABLE",2020,"VCF0879a--VCF0890","VCF0879a","VCF0890",0.0240302065982658,0.03470291586482,TRUE,TRUE,"POSITIVE","POSITIVE",0.0106727092665541,0.0106727092665541,FALSE,FALSE,"UNCHANGED","ESTIMABLE_WITH_WARNINGS"
"S09_D11","PAIRWISE_AVAILABLE",2020,"VCF0888--VCF0890","VCF0888","VCF0890",0.152332665756861,0.196329977497977,TRUE,TRUE,"POSITIVE","POSITIVE",0.0439973117411155,0.0439973117411155,FALSE,FALSE,"UNCHANGED","ESTIMABLE_WITH_WARNINGS"
"S09_D11","PAIRWISE_AVAILABLE",2020,"VCF0806--VCF0894","VCF0806","VCF0894",0.0796373739812811,0.0875679150000654,TRUE,TRUE,"POSITIVE","POSITIVE",0.00793054101878431,0.00793054101878431,FALSE,FALSE,"UNCHANGED","ESTIMABLE_WITH_WARNINGS"
"S09_D11","PAIRWISE_AVAILABLE",2020,"VCF0809--VCF0894","VCF0809","VCF0894",0.167624716218426,0.151992281071731,TRUE,TRUE,"POSITIVE","POSITIVE",-0.0156324351466944,0.0156324351466944,FALSE,FALSE,"UNCHANGED","ESTIMABLE_WITH_WARNINGS"
"S09_D11","PAIRWISE_AVAILABLE",2020,"VCF0838--VCF0894","VCF0838","VCF0894",0.0578781092811031,0.0210873519474125,TRUE,TRUE,"POSITIVE","POSITIVE",-0.0367907573336906,0.0367907573336906,FALSE,FALSE,"UNCHANGED","ESTIMABLE_WITH_WARNINGS"
"S09_D11","PAIRWISE_AVAILABLE",2020,"VCF0839--VCF0894","VCF0839","VCF0894",0.244511389929148,0.237249253328361,TRUE,TRUE,"POSITIVE","POSITIVE",-0.00726213660078726,0.00726213660078726,FALSE,FALSE,"UNCHANGED","ESTIMABLE_WITH_WARNINGS"
"S09_D11","PAIRWISE_AVAILABLE",2020,"VCF0879a--VCF0894","VCF0879a","VCF0894",0.220780809671857,0.219177837425079,TRUE,TRUE,"POSITIVE","POSITIVE",-0.00160297224677822,0.00160297224677822,FALSE,FALSE,"UNCHANGED","ESTIMABLE_WITH_WARNINGS"
"S09_D11","PAIRWISE_AVAILABLE",2020,"VCF0888--VCF0894","VCF0888","VCF0894",-0.068233730564378,-0.0610162793840263,TRUE,TRUE,"NEGATIVE","NEGATIVE",0.00721745118035168,0.00721745118035168,FALSE,FALSE,"UNCHANGED","ESTIMABLE_WITH_WARNINGS"
"S09_D11","PAIRWISE_AVAILABLE",2020,"VCF0890--VCF0894","VCF0890","VCF0894",0.155260312714881,0.148020201924607,TRUE,TRUE,"POSITIVE","POSITIVE",-0.00724011079027409,0.00724011079027409,FALSE,FALSE,"UNCHANGED","ESTIMABLE_WITH_WARNINGS"
"S09_D11","PAIRWISE_AVAILABLE",2020,"VCF0806--VCF9223","VCF0806","VCF9223",0.0242233695850124,0.034500004618672,TRUE,TRUE,"POSITIVE","POSITIVE",0.0102766350336596,0.0102766350336596,FALSE,FALSE,"UNCHANGED","ESTIMABLE_WITH_WARNINGS"
"S09_D11","PAIRWISE_AVAILABLE",2020,"VCF0809--VCF9223","VCF0809","VCF9223",0,0.0086952900340487,FALSE,TRUE,"ZERO","POSITIVE",0.0086952900340487,0.0086952900340487,TRUE,FALSE,"CHANGED","ESTIMABLE_WITH_WARNINGS"
"S09_D11","PAIRWISE_AVAILABLE",2020,"VCF0838--VCF9223","VCF0838","VCF9223",0.142161290526218,0.131119532239615,TRUE,TRUE,"POSITIVE","POSITIVE",-0.0110417582866028,0.0110417582866028,FALSE,FALSE,"UNCHANGED","ESTIMABLE_WITH_WARNINGS"
"S09_D11","PAIRWISE_AVAILABLE",2020,"VCF0839--VCF9223","VCF0839","VCF9223",0,0,FALSE,FALSE,"ZERO","ZERO",0,0,FALSE,FALSE,"UNCHANGED","ESTIMABLE_WITH_WARNINGS"
"S09_D11","PAIRWISE_AVAILABLE",2020,"VCF0879a--VCF9223","VCF0879a","VCF9223",0.436152559373321,0.412898353787807,TRUE,TRUE,"POSITIVE","POSITIVE",-0.0232542055855141,0.0232542055855141,FALSE,FALSE,"UNCHANGED","ESTIMABLE_WITH_WARNINGS"
"S09_D11","PAIRWISE_AVAILABLE",2020,"VCF0888--VCF9223","VCF0888","VCF9223",-0.11192935869046,-0.111872336583457,TRUE,TRUE,"NEGATIVE","NEGATIVE",5.70221070034516e-05,5.70221070034516e-05,FALSE,FALSE,"UNCHANGED","ESTIMABLE_WITH_WARNINGS"
"S09_D11","PAIRWISE_AVAILABLE",2020,"VCF0890--VCF9223","VCF0890","VCF9223",0.101132031781839,0.098362512682279,TRUE,TRUE,"POSITIVE","POSITIVE",-0.00276951909955989,0.00276951909955989,FALSE,FALSE,"UNCHANGED","ESTIMABLE_WITH_WARNINGS"
"S09_D11","PAIRWISE_AVAILABLE",2020,"VCF0894--VCF9223","VCF0894","VCF9223",0,0,FALSE,FALSE,"ZERO","ZERO",0,0,FALSE,FALSE,"UNCHANGED","ESTIMABLE_WITH_WARNINGS"
"S09_D11","PAIRWISE_AVAILABLE",2024,"VCF0806--VCF0809","VCF0806","VCF0809",0.286446415679923,0.296181260783619,TRUE,TRUE,"POSITIVE","POSITIVE",0.00973484510369604,0.00973484510369604,FALSE,FALSE,"UNCHANGED","ESTIMABLE_WITH_WARNINGS"
"S09_D11","PAIRWISE_AVAILABLE",2024,"VCF0806--VCF0838","VCF0806","VCF0838",0.0969823508352493,0.108266916919349,TRUE,TRUE,"POSITIVE","POSITIVE",0.0112845660840993,0.0112845660840993,FALSE,FALSE,"UNCHANGED","ESTIMABLE_WITH_WARNINGS"
"S09_D11","PAIRWISE_AVAILABLE",2024,"VCF0809--VCF0838","VCF0809","VCF0838",0.081819208318309,0.0706223693656406,TRUE,TRUE,"POSITIVE","POSITIVE",-0.0111968389526683,0.0111968389526683,FALSE,FALSE,"UNCHANGED","ESTIMABLE_WITH_WARNINGS"
"S09_D11","PAIRWISE_AVAILABLE",2024,"VCF0806--VCF0839","VCF0806","VCF0839",0.173090954828948,0.187132078468573,TRUE,TRUE,"POSITIVE","POSITIVE",0.0140411236396245,0.0140411236396245,FALSE,FALSE,"UNCHANGED","ESTIMABLE_WITH_WARNINGS"
"S09_D11","PAIRWISE_AVAILABLE",2024,"VCF0809--VCF0839","VCF0809","VCF0839",0.282103083965334,0.2825165487272,TRUE,TRUE,"POSITIVE","POSITIVE",0.000413464761866267,0.000413464761866267,FALSE,FALSE,"UNCHANGED","ESTIMABLE_WITH_WARNINGS"
"S09_D11","PAIRWISE_AVAILABLE",2024,"VCF0838--VCF0839","VCF0838","VCF0839",0.0952675388816836,0.09829555006251,TRUE,TRUE,"POSITIVE","POSITIVE",0.00302801118082649,0.00302801118082649,FALSE,FALSE,"UNCHANGED","ESTIMABLE_WITH_WARNINGS"
"S09_D11","PAIRWISE_AVAILABLE",2024,"VCF0806--VCF0879a","VCF0806","VCF0879a",0.00263679822443648,0.00469108546417115,TRUE,TRUE,"POSITIVE","POSITIVE",0.00205428723973466,0.00205428723973466,FALSE,FALSE,"UNCHANGED","ESTIMABLE_WITH_WARNINGS"
"S09_D11","PAIRWISE_AVAILABLE",2024,"VCF0809--VCF0879a","VCF0809","VCF0879a",0,0,FALSE,FALSE,"ZERO","ZERO",0,0,FALSE,FALSE,"UNCHANGED","ESTIMABLE_WITH_WARNINGS"
"S09_D11","PAIRWISE_AVAILABLE",2024,"VCF0838--VCF0879a","VCF0838","VCF0879a",0.020217806487761,0.0236302998711737,TRUE,TRUE,"POSITIVE","POSITIVE",0.00341249338341274,0.00341249338341274,FALSE,FALSE,"UNCHANGED","ESTIMABLE_WITH_WARNINGS"
"S09_D11","PAIRWISE_AVAILABLE",2024,"VCF0839--VCF0879a","VCF0839","VCF0879a",0,0,FALSE,FALSE,"ZERO","ZERO",0,0,FALSE,FALSE,"UNCHANGED","ESTIMABLE_WITH_WARNINGS"
"S09_D11","PAIRWISE_AVAILABLE",2024,"VCF0806--VCF0888","VCF0806","VCF0888",-0.115991969116665,-0.116761669055229,TRUE,TRUE,"NEGATIVE","NEGATIVE",-0.000769699938564086,0.000769699938564086,FALSE,FALSE,"UNCHANGED","ESTIMABLE_WITH_WARNINGS"
"S09_D11","PAIRWISE_AVAILABLE",2024,"VCF0809--VCF0888","VCF0809","VCF0888",-0.0352736970916302,-0.0366633756951286,TRUE,TRUE,"NEGATIVE","NEGATIVE",-0.00138967860349836,0.00138967860349836,FALSE,FALSE,"UNCHANGED","ESTIMABLE_WITH_WARNINGS"
"S09_D11","PAIRWISE_AVAILABLE",2024,"VCF0838--VCF0888","VCF0838","VCF0888",-0.118991017033197,-0.108555093740026,TRUE,TRUE,"NEGATIVE","NEGATIVE",0.0104359232931702,0.0104359232931702,FALSE,FALSE,"UNCHANGED","ESTIMABLE_WITH_WARNINGS"
"S09_D11","PAIRWISE_AVAILABLE",2024,"VCF0839--VCF0888","VCF0839","VCF0888",-0.0418929526015918,-0.044492634158729,TRUE,TRUE,"NEGATIVE","NEGATIVE",-0.00259968155713717,0.00259968155713717,FALSE,FALSE,"UNCHANGED","ESTIMABLE_WITH_WARNINGS"
"S09_D11","PAIRWISE_AVAILABLE",2024,"VCF0879a--VCF0888","VCF0879a","VCF0888",-0.121405830251357,-0.131257048879868,TRUE,TRUE,"NEGATIVE","NEGATIVE",-0.00985121862851134,0.00985121862851134,FALSE,FALSE,"UNCHANGED","ESTIMABLE_WITH_WARNINGS"
"S09_D11","PAIRWISE_AVAILABLE",2024,"VCF0806--VCF0890","VCF0806","VCF0890",0.0935194910662682,0.0740592967388457,TRUE,TRUE,"POSITIVE","POSITIVE",-0.0194601943274225,0.0194601943274225,FALSE,FALSE,"UNCHANGED","ESTIMABLE_WITH_WARNINGS"
"S09_D11","PAIRWISE_AVAILABLE",2024,"VCF0809--VCF0890","VCF0809","VCF0890",0.0707344951564464,0.0979183562260409,TRUE,TRUE,"POSITIVE","POSITIVE",0.0271838610695946,0.0271838610695946,FALSE,FALSE,"UNCHANGED","ESTIMABLE_WITH_WARNINGS"
"S09_D11","PAIRWISE_AVAILABLE",2024,"VCF0838--VCF0890","VCF0838","VCF0890",0.101584072151753,0.0896202843436605,TRUE,TRUE,"POSITIVE","POSITIVE",-0.0119637878080922,0.0119637878080922,FALSE,FALSE,"UNCHANGED","ESTIMABLE_WITH_WARNINGS"
"S09_D11","PAIRWISE_AVAILABLE",2024,"VCF0839--VCF0890","VCF0839","VCF0890",0.266945440954792,0.253188403245687,TRUE,TRUE,"POSITIVE","POSITIVE",-0.0137570377091049,0.0137570377091049,FALSE,FALSE,"UNCHANGED","ESTIMABLE_WITH_WARNINGS"
"S09_D11","PAIRWISE_AVAILABLE",2024,"VCF0879a--VCF0890","VCF0879a","VCF0890",0.0186928727184489,0.0229562339070538,TRUE,TRUE,"POSITIVE","POSITIVE",0.00426336118860491,0.00426336118860491,FALSE,FALSE,"UNCHANGED","ESTIMABLE_WITH_WARNINGS"
"S09_D11","PAIRWISE_AVAILABLE",2024,"VCF0888--VCF0890","VCF0888","VCF0890",0.202850964978324,0.241699596001673,TRUE,TRUE,"POSITIVE","POSITIVE",0.0388486310233497,0.0388486310233497,FALSE,FALSE,"UNCHANGED","ESTIMABLE_WITH_WARNINGS"
"S09_D11","PAIRWISE_AVAILABLE",2024,"VCF0806--VCF0894","VCF0806","VCF0894",0.115925421886945,0.124145533833896,TRUE,TRUE,"POSITIVE","POSITIVE",0.00822011194695021,0.00822011194695021,FALSE,FALSE,"UNCHANGED","ESTIMABLE_WITH_WARNINGS"
"S09_D11","PAIRWISE_AVAILABLE",2024,"VCF0809--VCF0894","VCF0809","VCF0894",0.158881201459168,0.132691374043335,TRUE,TRUE,"POSITIVE","POSITIVE",-0.0261898274158329,0.0261898274158329,FALSE,FALSE,"UNCHANGED","ESTIMABLE_WITH_WARNINGS"
"S09_D11","PAIRWISE_AVAILABLE",2024,"VCF0838--VCF0894","VCF0838","VCF0894",0.0597191234757199,0.0493917929247689,TRUE,TRUE,"POSITIVE","POSITIVE",-0.010327330550951,0.010327330550951,FALSE,FALSE,"UNCHANGED","ESTIMABLE_WITH_WARNINGS"
"S09_D11","PAIRWISE_AVAILABLE",2024,"VCF0839--VCF0894","VCF0839","VCF0894",0.20897158234944,0.214661446730574,TRUE,TRUE,"POSITIVE","POSITIVE",0.00568986438113375,0.00568986438113375,FALSE,FALSE,"UNCHANGED","ESTIMABLE_WITH_WARNINGS"
"S09_D11","PAIRWISE_AVAILABLE",2024,"VCF0879a--VCF0894","VCF0879a","VCF0894",0.117685330392291,0.113886393698345,TRUE,TRUE,"POSITIVE","POSITIVE",-0.00379893669394638,0.00379893669394638,FALSE,FALSE,"UNCHANGED","ESTIMABLE_WITH_WARNINGS"
"S09_D11","PAIRWISE_AVAILABLE",2024,"VCF0888--VCF0894","VCF0888","VCF0894",-0.0305512817079149,-0.0417303055832298,TRUE,TRUE,"NEGATIVE","NEGATIVE",-0.0111790238753149,0.0111790238753149,FALSE,FALSE,"UNCHANGED","ESTIMABLE_WITH_WARNINGS"
"S09_D11","PAIRWISE_AVAILABLE",2024,"VCF0890--VCF0894","VCF0890","VCF0894",0.24336732785639,0.221610954775949,TRUE,TRUE,"POSITIVE","POSITIVE",-0.0217563730804411,0.0217563730804411,FALSE,FALSE,"UNCHANGED","ESTIMABLE_WITH_WARNINGS"
"S09_D11","PAIRWISE_AVAILABLE",2024,"VCF0806--VCF9223","VCF0806","VCF9223",0.103479021160507,0.0961644390401553,TRUE,TRUE,"POSITIVE","POSITIVE",-0.00731458212035198,0.00731458212035198,FALSE,FALSE,"UNCHANGED","ESTIMABLE_WITH_WARNINGS"
"S09_D11","PAIRWISE_AVAILABLE",2024,"VCF0809--VCF9223","VCF0809","VCF9223",0,0,FALSE,FALSE,"ZERO","ZERO",0,0,FALSE,FALSE,"UNCHANGED","ESTIMABLE_WITH_WARNINGS"
"S09_D11","PAIRWISE_AVAILABLE",2024,"VCF0838--VCF9223","VCF0838","VCF9223",0.255748972788864,0.234616146339146,TRUE,TRUE,"POSITIVE","POSITIVE",-0.0211328264497175,0.0211328264497175,FALSE,FALSE,"UNCHANGED","ESTIMABLE_WITH_WARNINGS"
"S09_D11","PAIRWISE_AVAILABLE",2024,"VCF0839--VCF9223","VCF0839","VCF9223",0.00373441296582092,0.0231689268281904,TRUE,TRUE,"POSITIVE","POSITIVE",0.0194345138623695,0.0194345138623695,FALSE,FALSE,"UNCHANGED","ESTIMABLE_WITH_WARNINGS"
"S09_D11","PAIRWISE_AVAILABLE",2024,"VCF0879a--VCF9223","VCF0879a","VCF9223",0.256573200491974,0.254782662259753,TRUE,TRUE,"POSITIVE","POSITIVE",-0.00179053823222058,0.00179053823222058,FALSE,FALSE,"UNCHANGED","ESTIMABLE_WITH_WARNINGS"
"S09_D11","PAIRWISE_AVAILABLE",2024,"VCF0888--VCF9223","VCF0888","VCF9223",-0.145761836891145,-0.129628316246173,TRUE,TRUE,"NEGATIVE","NEGATIVE",0.0161335206449727,0.0161335206449727,FALSE,FALSE,"UNCHANGED","ESTIMABLE_WITH_WARNINGS"
"S09_D11","PAIRWISE_AVAILABLE",2024,"VCF0890--VCF9223","VCF0890","VCF9223",0.0975600014349317,0.0856162369315422,TRUE,TRUE,"POSITIVE","POSITIVE",-0.0119437645033895,0.0119437645033895,FALSE,FALSE,"UNCHANGED","ESTIMABLE_WITH_WARNINGS"
"S09_D11","PAIRWISE_AVAILABLE",2024,"VCF0894--VCF9223","VCF0894","VCF9223",0.0723685538416249,0.0690037392362043,TRUE,TRUE,"POSITIVE","POSITIVE",-0.00336481460542054,0.00336481460542054,FALSE,FALSE,"UNCHANGED","ESTIMABLE_WITH_WARNINGS"
"S09_D20A_GAMMA","GAMMA_025",2004,"VCF0806--VCF0809","VCF0806","VCF0809",0.37199407703599,0.37199407703599,TRUE,TRUE,"POSITIVE","POSITIVE",0,0,FALSE,FALSE,"UNCHANGED","ESTIMABLE_WITH_WARNINGS"
"S09_D20A_GAMMA","GAMMA_025",2004,"VCF0806--VCF0838","VCF0806","VCF0838",0,0,FALSE,FALSE,"ZERO","ZERO",0,0,FALSE,FALSE,"UNCHANGED","ESTIMABLE_WITH_WARNINGS"
"S09_D20A_GAMMA","GAMMA_025",2004,"VCF0809--VCF0838","VCF0809","VCF0838",0.055711694432488,0.055711694432488,TRUE,TRUE,"POSITIVE","POSITIVE",0,0,FALSE,FALSE,"UNCHANGED","ESTIMABLE_WITH_WARNINGS"
"S09_D20A_GAMMA","GAMMA_025",2004,"VCF0806--VCF0839","VCF0806","VCF0839",0.202102045526152,0.202102045526152,TRUE,TRUE,"POSITIVE","POSITIVE",0,0,FALSE,FALSE,"UNCHANGED","ESTIMABLE_WITH_WARNINGS"
"S09_D20A_GAMMA","GAMMA_025",2004,"VCF0809--VCF0839","VCF0809","VCF0839",0.109000188940431,0.109000188940431,TRUE,TRUE,"POSITIVE","POSITIVE",0,0,FALSE,FALSE,"UNCHANGED","ESTIMABLE_WITH_WARNINGS"
"S09_D20A_GAMMA","GAMMA_025",2004,"VCF0838--VCF0839","VCF0838","VCF0839",0.0766442393357764,0.0766442393357764,TRUE,TRUE,"POSITIVE","POSITIVE",0,0,FALSE,FALSE,"UNCHANGED","ESTIMABLE_WITH_WARNINGS"
"S09_D20A_GAMMA","GAMMA_025",2004,"VCF0806--VCF0879a","VCF0806","VCF0879a",0.0181396986119873,0.0181396986119873,TRUE,TRUE,"POSITIVE","POSITIVE",0,0,FALSE,FALSE,"UNCHANGED","ESTIMABLE_WITH_WARNINGS"
"S09_D20A_GAMMA","GAMMA_025",2004,"VCF0809--VCF0879a","VCF0809","VCF0879a",0,0,FALSE,FALSE,"ZERO","ZERO",0,0,FALSE,FALSE,"UNCHANGED","ESTIMABLE_WITH_WARNINGS"
"S09_D20A_GAMMA","GAMMA_025",2004,"VCF0838--VCF0879a","VCF0838","VCF0879a",0,0,FALSE,FALSE,"ZERO","ZERO",0,0,FALSE,FALSE,"UNCHANGED","ESTIMABLE_WITH_WARNINGS"
"S09_D20A_GAMMA","GAMMA_025",2004,"VCF0839--VCF0879a","VCF0839","VCF0879a",0,0,FALSE,FALSE,"ZERO","ZERO",0,0,FALSE,FALSE,"UNCHANGED","ESTIMABLE_WITH_WARNINGS"
"S09_D20A_GAMMA","GAMMA_025",2004,"VCF0806--VCF0888","VCF0806","VCF0888",-0.0229081218231701,-0.0229081218231701,TRUE,TRUE,"NEGATIVE","NEGATIVE",0,0,FALSE,FALSE,"UNCHANGED","ESTIMABLE_WITH_WARNINGS"
"S09_D20A_GAMMA","GAMMA_025",2004,"VCF0809--VCF0888","VCF0809","VCF0888",-0.0294227504442804,-0.0294227504442804,TRUE,TRUE,"NEGATIVE","NEGATIVE",0,0,FALSE,FALSE,"UNCHANGED","ESTIMABLE_WITH_WARNINGS"
"S09_D20A_GAMMA","GAMMA_025",2004,"VCF0838--VCF0888","VCF0838","VCF0888",-0.0374456271586838,-0.0374456271586838,TRUE,TRUE,"NEGATIVE","NEGATIVE",0,0,FALSE,FALSE,"UNCHANGED","ESTIMABLE_WITH_WARNINGS"
"S09_D20A_GAMMA","GAMMA_025",2004,"VCF0839--VCF0888","VCF0839","VCF0888",0,0,FALSE,FALSE,"ZERO","ZERO",0,0,FALSE,FALSE,"UNCHANGED","ESTIMABLE_WITH_WARNINGS"
"S09_D20A_GAMMA","GAMMA_025",2004,"VCF0879a--VCF0888","VCF0879a","VCF0888",-0.0743041345843866,-0.0743041345843866,TRUE,TRUE,"NEGATIVE","NEGATIVE",0,0,FALSE,FALSE,"UNCHANGED","ESTIMABLE_WITH_WARNINGS"
"S09_D20A_GAMMA","GAMMA_025",2004,"VCF0806--VCF0890","VCF0806","VCF0890",0.112679497729288,0.112679497729288,TRUE,TRUE,"POSITIVE","POSITIVE",0,0,FALSE,FALSE,"UNCHANGED","ESTIMABLE_WITH_WARNINGS"
"S09_D20A_GAMMA","GAMMA_025",2004,"VCF0809--VCF0890","VCF0809","VCF0890",0.086021602736654,0.086021602736654,TRUE,TRUE,"POSITIVE","POSITIVE",0,0,FALSE,FALSE,"UNCHANGED","ESTIMABLE_WITH_WARNINGS"
"S09_D20A_GAMMA","GAMMA_025",2004,"VCF0838--VCF0890","VCF0838","VCF0890",0.0613363217966801,0.0613363217966801,TRUE,TRUE,"POSITIVE","POSITIVE",0,0,FALSE,FALSE,"UNCHANGED","ESTIMABLE_WITH_WARNINGS"
"S09_D20A_GAMMA","GAMMA_025",2004,"VCF0839--VCF0890","VCF0839","VCF0890",0.302310172712598,0.302310172712598,TRUE,TRUE,"POSITIVE","POSITIVE",0,0,FALSE,FALSE,"UNCHANGED","ESTIMABLE_WITH_WARNINGS"
"S09_D20A_GAMMA","GAMMA_025",2004,"VCF0879a--VCF0890","VCF0879a","VCF0890",0.0499912636732557,0.0499912636732557,TRUE,TRUE,"POSITIVE","POSITIVE",0,0,FALSE,FALSE,"UNCHANGED","ESTIMABLE_WITH_WARNINGS"
"S09_D20A_GAMMA","GAMMA_025",2004,"VCF0888--VCF0890","VCF0888","VCF0890",0.246375316880606,0.246375316880606,TRUE,TRUE,"POSITIVE","POSITIVE",0,0,FALSE,FALSE,"UNCHANGED","ESTIMABLE_WITH_WARNINGS"
"S09_D20A_GAMMA","GAMMA_025",2004,"VCF0806--VCF0894","VCF0806","VCF0894",0,0,FALSE,FALSE,"ZERO","ZERO",0,0,FALSE,FALSE,"UNCHANGED","ESTIMABLE_WITH_WARNINGS"
"S09_D20A_GAMMA","GAMMA_025",2004,"VCF0809--VCF0894","VCF0809","VCF0894",0.253193469933843,0.253193469933843,TRUE,TRUE,"POSITIVE","POSITIVE",0,0,FALSE,FALSE,"UNCHANGED","ESTIMABLE_WITH_WARNINGS"
"S09_D20A_GAMMA","GAMMA_025",2004,"VCF0838--VCF0894","VCF0838","VCF0894",0,0,FALSE,FALSE,"ZERO","ZERO",0,0,FALSE,FALSE,"UNCHANGED","ESTIMABLE_WITH_WARNINGS"
"S09_D20A_GAMMA","GAMMA_025",2004,"VCF0839--VCF0894","VCF0839","VCF0894",0.178137225084089,0.178137225084089,TRUE,TRUE,"POSITIVE","POSITIVE",0,0,FALSE,FALSE,"UNCHANGED","ESTIMABLE_WITH_WARNINGS"
"S09_D20A_GAMMA","GAMMA_025",2004,"VCF0879a--VCF0894","VCF0879a","VCF0894",0.0872300472315628,0.0872300472315628,TRUE,TRUE,"POSITIVE","POSITIVE",0,0,FALSE,FALSE,"UNCHANGED","ESTIMABLE_WITH_WARNINGS"
"S09_D20A_GAMMA","GAMMA_025",2004,"VCF0888--VCF0894","VCF0888","VCF0894",0,0,FALSE,FALSE,"ZERO","ZERO",0,0,FALSE,FALSE,"UNCHANGED","ESTIMABLE_WITH_WARNINGS"
"S09_D20A_GAMMA","GAMMA_025",2004,"VCF0890--VCF0894","VCF0890","VCF0894",0.163619760585957,0.163619760585957,TRUE,TRUE,"POSITIVE","POSITIVE",0,0,FALSE,FALSE,"UNCHANGED","ESTIMABLE_WITH_WARNINGS"
"S09_D20A_GAMMA","GAMMA_025",2004,"VCF0806--VCF9223","VCF0806","VCF9223",0,0,FALSE,FALSE,"ZERO","ZERO",0,0,FALSE,FALSE,"UNCHANGED","ESTIMABLE_WITH_WARNINGS"
"S09_D20A_GAMMA","GAMMA_025",2004,"VCF0809--VCF9223","VCF0809","VCF9223",-0.0428131826413368,-0.0428131826413368,TRUE,TRUE,"NEGATIVE","NEGATIVE",0,0,FALSE,FALSE,"UNCHANGED","ESTIMABLE_WITH_WARNINGS"
"S09_D20A_GAMMA","GAMMA_025",2004,"VCF0838--VCF9223","VCF0838","VCF9223",0.0742691350936274,0.0742691350936274,TRUE,TRUE,"POSITIVE","POSITIVE",0,0,FALSE,FALSE,"UNCHANGED","ESTIMABLE_WITH_WARNINGS"
"S09_D20A_GAMMA","GAMMA_025",2004,"VCF0839--VCF9223","VCF0839","VCF9223",-0.0798569215033069,-0.0798569215033069,TRUE,TRUE,"NEGATIVE","NEGATIVE",0,0,FALSE,FALSE,"UNCHANGED","ESTIMABLE_WITH_WARNINGS"
"S09_D20A_GAMMA","GAMMA_025",2004,"VCF0879a--VCF9223","VCF0879a","VCF9223",0.449956286828701,0.449956286828701,TRUE,TRUE,"POSITIVE","POSITIVE",0,0,FALSE,FALSE,"UNCHANGED","ESTIMABLE_WITH_WARNINGS"
"S09_D20A_GAMMA","GAMMA_025",2004,"VCF0888--VCF9223","VCF0888","VCF9223",-0.0883941487208757,-0.0883941487208757,TRUE,TRUE,"NEGATIVE","NEGATIVE",0,0,FALSE,FALSE,"UNCHANGED","ESTIMABLE_WITH_WARNINGS"
"S09_D20A_GAMMA","GAMMA_025",2004,"VCF0890--VCF9223","VCF0890","VCF9223",0,0,FALSE,FALSE,"ZERO","ZERO",0,0,FALSE,FALSE,"UNCHANGED","ESTIMABLE_WITH_WARNINGS"
"S09_D20A_GAMMA","GAMMA_025",2004,"VCF0894--VCF9223","VCF0894","VCF9223",0,0,FALSE,FALSE,"ZERO","ZERO",0,0,FALSE,FALSE,"UNCHANGED","ESTIMABLE_WITH_WARNINGS"
"S09_D20A_GAMMA","GAMMA_025",2012,"VCF0806--VCF0809","VCF0806","VCF0809",0.303846021908369,0.303846021908369,TRUE,TRUE,"POSITIVE","POSITIVE",0,0,FALSE,FALSE,"UNCHANGED","ESTIMABLE_WITH_WARNINGS"
"S09_D20A_GAMMA","GAMMA_025",2012,"VCF0806--VCF0838","VCF0806","VCF0838",0.163141088733884,0.163141088733884,TRUE,TRUE,"POSITIVE","POSITIVE",0,0,FALSE,FALSE,"UNCHANGED","ESTIMABLE_WITH_WARNINGS"
"S09_D20A_GAMMA","GAMMA_025",2012,"VCF0809--VCF0838","VCF0809","VCF0838",0,0,FALSE,FALSE,"ZERO","ZERO",0,0,FALSE,FALSE,"UNCHANGED","ESTIMABLE_WITH_WARNINGS"
"S09_D20A_GAMMA","GAMMA_025",2012,"VCF0806--VCF0839","VCF0806","VCF0839",0.234328527509928,0.234328527509928,TRUE,TRUE,"POSITIVE","POSITIVE",0,0,FALSE,FALSE,"UNCHANGED","ESTIMABLE_WITH_WARNINGS"
"S09_D20A_GAMMA","GAMMA_025",2012,"VCF0809--VCF0839","VCF0809","VCF0839",0.189210653527643,0.189210653527643,TRUE,TRUE,"POSITIVE","POSITIVE",0,0,FALSE,FALSE,"UNCHANGED","ESTIMABLE_WITH_WARNINGS"
"S09_D20A_GAMMA","GAMMA_025",2012,"VCF0838--VCF0839","VCF0838","VCF0839",0,0,FALSE,FALSE,"ZERO","ZERO",0,0,FALSE,FALSE,"UNCHANGED","ESTIMABLE_WITH_WARNINGS"
"S09_D20A_GAMMA","GAMMA_025",2012,"VCF0806--VCF0879a","VCF0806","VCF0879a",0.0493033840706338,0.0493033840706338,TRUE,TRUE,"POSITIVE","POSITIVE",0,0,FALSE,FALSE,"UNCHANGED","ESTIMABLE_WITH_WARNINGS"
"S09_D20A_GAMMA","GAMMA_025",2012,"VCF0809--VCF0879a","VCF0809","VCF0879a",-0.0194987239175984,-0.0194987239175984,TRUE,TRUE,"NEGATIVE","NEGATIVE",0,0,FALSE,FALSE,"UNCHANGED","ESTIMABLE_WITH_WARNINGS"
"S09_D20A_GAMMA","GAMMA_025",2012,"VCF0838--VCF0879a","VCF0838","VCF0879a",0,0,FALSE,FALSE,"ZERO","ZERO",0,0,FALSE,FALSE,"UNCHANGED","ESTIMABLE_WITH_WARNINGS"
"S09_D20A_GAMMA","GAMMA_025",2012,"VCF0839--VCF0879a","VCF0839","VCF0879a",0.0243666958303837,0.0243666958303837,TRUE,TRUE,"POSITIVE","POSITIVE",0,0,FALSE,FALSE,"UNCHANGED","ESTIMABLE_WITH_WARNINGS"
"S09_D20A_GAMMA","GAMMA_025",2012,"VCF0806--VCF0888","VCF0806","VCF0888",-0.023095672005309,-0.023095672005309,TRUE,TRUE,"NEGATIVE","NEGATIVE",0,0,FALSE,FALSE,"UNCHANGED","ESTIMABLE_WITH_WARNINGS"
"S09_D20A_GAMMA","GAMMA_025",2012,"VCF0809--VCF0888","VCF0809","VCF0888",0.0462895145169454,0.0462895145169454,TRUE,TRUE,"POSITIVE","POSITIVE",0,0,FALSE,FALSE,"UNCHANGED","ESTIMABLE_WITH_WARNINGS"
"S09_D20A_GAMMA","GAMMA_025",2012,"VCF0838--VCF0888","VCF0838","VCF0888",-0.111103873701375,-0.111103873701375,TRUE,TRUE,"NEGATIVE","NEGATIVE",0,0,FALSE,FALSE,"UNCHANGED","ESTIMABLE_WITH_WARNINGS"
"S09_D20A_GAMMA","GAMMA_025",2012,"VCF0839--VCF0888","VCF0839","VCF0888",0.0279994439971449,0.0279994439971449,TRUE,TRUE,"POSITIVE","POSITIVE",0,0,FALSE,FALSE,"UNCHANGED","ESTIMABLE_WITH_WARNINGS"
"S09_D20A_GAMMA","GAMMA_025",2012,"VCF0879a--VCF0888","VCF0879a","VCF0888",-0.122256344533936,-0.122256344533936,TRUE,TRUE,"NEGATIVE","NEGATIVE",0,0,FALSE,FALSE,"UNCHANGED","ESTIMABLE_WITH_WARNINGS"
"S09_D20A_GAMMA","GAMMA_025",2012,"VCF0806--VCF0890","VCF0806","VCF0890",0.0586270926415524,0.0586270926415524,TRUE,TRUE,"POSITIVE","POSITIVE",0,0,FALSE,FALSE,"UNCHANGED","ESTIMABLE_WITH_WARNINGS"
"S09_D20A_GAMMA","GAMMA_025",2012,"VCF0809--VCF0890","VCF0809","VCF0890",0.0920263712391898,0.0920263712391898,TRUE,TRUE,"POSITIVE","POSITIVE",0,0,FALSE,FALSE,"UNCHANGED","ESTIMABLE_WITH_WARNINGS"
"S09_D20A_GAMMA","GAMMA_025",2012,"VCF0838--VCF0890","VCF0838","VCF0890",0.173712290542379,0.173712290542379,TRUE,TRUE,"POSITIVE","POSITIVE",0,0,FALSE,FALSE,"UNCHANGED","ESTIMABLE_WITH_WARNINGS"
"S09_D20A_GAMMA","GAMMA_025",2012,"VCF0839--VCF0890","VCF0839","VCF0890",0.263346205380432,0.263346205380432,TRUE,TRUE,"POSITIVE","POSITIVE",0,0,FALSE,FALSE,"UNCHANGED","ESTIMABLE_WITH_WARNINGS"
"S09_D20A_GAMMA","GAMMA_025",2012,"VCF0879a--VCF0890","VCF0879a","VCF0890",-0.0328432083530345,-0.0328432083530345,TRUE,TRUE,"NEGATIVE","NEGATIVE",0,0,FALSE,FALSE,"UNCHANGED","ESTIMABLE_WITH_WARNINGS"
"S09_D20A_GAMMA","GAMMA_025",2012,"VCF0888--VCF0890","VCF0888","VCF0890",0.305355221016655,0.305355221016655,TRUE,TRUE,"POSITIVE","POSITIVE",0,0,FALSE,FALSE,"UNCHANGED","ESTIMABLE_WITH_WARNINGS"
"S09_D20A_GAMMA","GAMMA_025",2012,"VCF0806--VCF0894","VCF0806","VCF0894",0.14949343454668,0.14949343454668,TRUE,TRUE,"POSITIVE","POSITIVE",0,0,FALSE,FALSE,"UNCHANGED","ESTIMABLE_WITH_WARNINGS"
"S09_D20A_GAMMA","GAMMA_025",2012,"VCF0809--VCF0894","VCF0809","VCF0894",0.151618352474529,0.151618352474529,TRUE,TRUE,"POSITIVE","POSITIVE",0,0,FALSE,FALSE,"UNCHANGED","ESTIMABLE_WITH_WARNINGS"
"S09_D20A_GAMMA","GAMMA_025",2012,"VCF0838--VCF0894","VCF0838","VCF0894",-0.0427267061442297,-0.0427267061442297,TRUE,TRUE,"NEGATIVE","NEGATIVE",0,0,FALSE,FALSE,"UNCHANGED","ESTIMABLE_WITH_WARNINGS"
"S09_D20A_GAMMA","GAMMA_025",2012,"VCF0839--VCF0894","VCF0839","VCF0894",0.304754460215999,0.304754460215999,TRUE,TRUE,"POSITIVE","POSITIVE",0,0,FALSE,FALSE,"UNCHANGED","ESTIMABLE_WITH_WARNINGS"
"S09_D20A_GAMMA","GAMMA_025",2012,"VCF0879a--VCF0894","VCF0879a","VCF0894",0.14055343388669,0.14055343388669,TRUE,TRUE,"POSITIVE","POSITIVE",0,0,FALSE,FALSE,"UNCHANGED","ESTIMABLE_WITH_WARNINGS"
"S09_D20A_GAMMA","GAMMA_025",2012,"VCF0888--VCF0894","VCF0888","VCF0894",0,0,FALSE,FALSE,"ZERO","ZERO",0,0,FALSE,FALSE,"UNCHANGED","ESTIMABLE_WITH_WARNINGS"
"S09_D20A_GAMMA","GAMMA_025",2012,"VCF0890--VCF0894","VCF0890","VCF0894",0.156670022803228,0.156670022803228,TRUE,TRUE,"POSITIVE","POSITIVE",0,0,FALSE,FALSE,"UNCHANGED","ESTIMABLE_WITH_WARNINGS"
"S09_D20A_GAMMA","GAMMA_025",2012,"VCF0806--VCF9223","VCF0806","VCF9223",0.0150369312245018,0.0150369312245018,TRUE,TRUE,"POSITIVE","POSITIVE",0,0,FALSE,FALSE,"UNCHANGED","ESTIMABLE_WITH_WARNINGS"
"S09_D20A_GAMMA","GAMMA_025",2012,"VCF0809--VCF9223","VCF0809","VCF9223",-0.0228829782209999,-0.0228829782209999,TRUE,TRUE,"NEGATIVE","NEGATIVE",0,0,FALSE,FALSE,"UNCHANGED","ESTIMABLE_WITH_WARNINGS"
"S09_D20A_GAMMA","GAMMA_025",2012,"VCF0838--VCF9223","VCF0838","VCF9223",0.11975354377938,0.11975354377938,TRUE,TRUE,"POSITIVE","POSITIVE",0,0,FALSE,FALSE,"UNCHANGED","ESTIMABLE_WITH_WARNINGS"
"S09_D20A_GAMMA","GAMMA_025",2012,"VCF0839--VCF9223","VCF0839","VCF9223",0.0271344846048082,0.0271344846048082,TRUE,TRUE,"POSITIVE","POSITIVE",0,0,FALSE,FALSE,"UNCHANGED","ESTIMABLE_WITH_WARNINGS"
"S09_D20A_GAMMA","GAMMA_025",2012,"VCF0879a--VCF9223","VCF0879a","VCF9223",0.469833727138572,0.469833727138572,TRUE,TRUE,"POSITIVE","POSITIVE",0,0,FALSE,FALSE,"UNCHANGED","ESTIMABLE_WITH_WARNINGS"
"S09_D20A_GAMMA","GAMMA_025",2012,"VCF0888--VCF9223","VCF0888","VCF9223",-0.0713228146329072,-0.0713228146329072,TRUE,TRUE,"NEGATIVE","NEGATIVE",0,0,FALSE,FALSE,"UNCHANGED","ESTIMABLE_WITH_WARNINGS"
"S09_D20A_GAMMA","GAMMA_025",2012,"VCF0890--VCF9223","VCF0890","VCF9223",0.0384970135041746,0.0384970135041746,TRUE,TRUE,"POSITIVE","POSITIVE",0,0,FALSE,FALSE,"UNCHANGED","ESTIMABLE_WITH_WARNINGS"
"S09_D20A_GAMMA","GAMMA_025",2012,"VCF0894--VCF9223","VCF0894","VCF9223",-0.00920298803560992,-0.00920298803560992,TRUE,TRUE,"NEGATIVE","NEGATIVE",0,0,FALSE,FALSE,"UNCHANGED","ESTIMABLE_WITH_WARNINGS"
"S09_D20A_GAMMA","GAMMA_025",2016,"VCF0806--VCF0809","VCF0806","VCF0809",0.357600675012053,0.357600675012053,TRUE,TRUE,"POSITIVE","POSITIVE",0,0,FALSE,FALSE,"UNCHANGED","ESTIMABLE_WITH_WARNINGS"
"S09_D20A_GAMMA","GAMMA_025",2016,"VCF0806--VCF0838","VCF0806","VCF0838",0.181921384698232,0.181921384698232,TRUE,TRUE,"POSITIVE","POSITIVE",0,0,FALSE,FALSE,"UNCHANGED","ESTIMABLE_WITH_WARNINGS"
"S09_D20A_GAMMA","GAMMA_025",2016,"VCF0809--VCF0838","VCF0809","VCF0838",-0.0734135665583111,-0.0734135665583111,TRUE,TRUE,"NEGATIVE","NEGATIVE",0,0,FALSE,FALSE,"UNCHANGED","ESTIMABLE_WITH_WARNINGS"
"S09_D20A_GAMMA","GAMMA_025",2016,"VCF0806--VCF0839","VCF0806","VCF0839",0.190850385470592,0.190850385470592,TRUE,TRUE,"POSITIVE","POSITIVE",0,0,FALSE,FALSE,"UNCHANGED","ESTIMABLE_WITH_WARNINGS"
"S09_D20A_GAMMA","GAMMA_025",2016,"VCF0809--VCF0839","VCF0809","VCF0839",0.216271398419299,0.216271398419299,TRUE,TRUE,"POSITIVE","POSITIVE",0,0,FALSE,FALSE,"UNCHANGED","ESTIMABLE_WITH_WARNINGS"
"S09_D20A_GAMMA","GAMMA_025",2016,"VCF0838--VCF0839","VCF0838","VCF0839",0.0636726525169274,0.0636726525169274,TRUE,TRUE,"POSITIVE","POSITIVE",0,0,FALSE,FALSE,"UNCHANGED","ESTIMABLE_WITH_WARNINGS"
"S09_D20A_GAMMA","GAMMA_025",2016,"VCF0806--VCF0879a","VCF0806","VCF0879a",0.0658181576864972,0.0658181576864972,TRUE,TRUE,"POSITIVE","POSITIVE",0,0,FALSE,FALSE,"UNCHANGED","ESTIMABLE_WITH_WARNINGS"
"S09_D20A_GAMMA","GAMMA_025",2016,"VCF0809--VCF0879a","VCF0809","VCF0879a",0,0,FALSE,FALSE,"ZERO","ZERO",0,0,FALSE,FALSE,"UNCHANGED","ESTIMABLE_WITH_WARNINGS"
"S09_D20A_GAMMA","GAMMA_025",2016,"VCF0838--VCF0879a","VCF0838","VCF0879a",0.0198466846918451,0.0198466846918451,TRUE,TRUE,"POSITIVE","POSITIVE",0,0,FALSE,FALSE,"UNCHANGED","ESTIMABLE_WITH_WARNINGS"
"S09_D20A_GAMMA","GAMMA_025",2016,"VCF0839--VCF0879a","VCF0839","VCF0879a",0,0,FALSE,FALSE,"ZERO","ZERO",0,0,FALSE,FALSE,"UNCHANGED","ESTIMABLE_WITH_WARNINGS"
"S09_D20A_GAMMA","GAMMA_025",2016,"VCF0806--VCF0888","VCF0806","VCF0888",-0.0783115642198743,-0.0783115642198743,TRUE,TRUE,"NEGATIVE","NEGATIVE",0,0,FALSE,FALSE,"UNCHANGED","ESTIMABLE_WITH_WARNINGS"
"S09_D20A_GAMMA","GAMMA_025",2016,"VCF0809--VCF0888","VCF0809","VCF0888",0,0,FALSE,FALSE,"ZERO","ZERO",0,0,FALSE,FALSE,"UNCHANGED","ESTIMABLE_WITH_WARNINGS"
"S09_D20A_GAMMA","GAMMA_025",2016,"VCF0838--VCF0888","VCF0838","VCF0888",-0.101292565988874,-0.101292565988874,TRUE,TRUE,"NEGATIVE","NEGATIVE",0,0,FALSE,FALSE,"UNCHANGED","ESTIMABLE_WITH_WARNINGS"
"S09_D20A_GAMMA","GAMMA_025",2016,"VCF0839--VCF0888","VCF0839","VCF0888",0.0370470506219009,0.0370470506219009,TRUE,TRUE,"POSITIVE","POSITIVE",0,0,FALSE,FALSE,"UNCHANGED","ESTIMABLE_WITH_WARNINGS"
"S09_D20A_GAMMA","GAMMA_025",2016,"VCF0879a--VCF0888","VCF0879a","VCF0888",-0.090754153248673,-0.090754153248673,TRUE,TRUE,"NEGATIVE","NEGATIVE",0,0,FALSE,FALSE,"UNCHANGED","ESTIMABLE_WITH_WARNINGS"
"S09_D20A_GAMMA","GAMMA_025",2016,"VCF0806--VCF0890","VCF0806","VCF0890",0.0590306809790036,0.0590306809790036,TRUE,TRUE,"POSITIVE","POSITIVE",0,0,FALSE,FALSE,"UNCHANGED","ESTIMABLE_WITH_WARNINGS"
"S09_D20A_GAMMA","GAMMA_025",2016,"VCF0809--VCF0890","VCF0809","VCF0890",0.052471021635499,0.052471021635499,TRUE,TRUE,"POSITIVE","POSITIVE",0,0,FALSE,FALSE,"UNCHANGED","ESTIMABLE_WITH_WARNINGS"
"S09_D20A_GAMMA","GAMMA_025",2016,"VCF0838--VCF0890","VCF0838","VCF0890",0.108612599323994,0.108612599323994,TRUE,TRUE,"POSITIVE","POSITIVE",0,0,FALSE,FALSE,"UNCHANGED","ESTIMABLE_WITH_WARNINGS"
"S09_D20A_GAMMA","GAMMA_025",2016,"VCF0839--VCF0890","VCF0839","VCF0890",0.242347657779176,0.242347657779176,TRUE,TRUE,"POSITIVE","POSITIVE",0,0,FALSE,FALSE,"UNCHANGED","ESTIMABLE_WITH_WARNINGS"
"S09_D20A_GAMMA","GAMMA_025",2016,"VCF0879a--VCF0890","VCF0879a","VCF0890",0.0141694491107246,0.0141694491107246,TRUE,TRUE,"POSITIVE","POSITIVE",0,0,FALSE,FALSE,"UNCHANGED","ESTIMABLE_WITH_WARNINGS"
"S09_D20A_GAMMA","GAMMA_025",2016,"VCF0888--VCF0890","VCF0888","VCF0890",0.215890208797959,0.215890208797959,TRUE,TRUE,"POSITIVE","POSITIVE",0,0,FALSE,FALSE,"UNCHANGED","ESTIMABLE_WITH_WARNINGS"
"S09_D20A_GAMMA","GAMMA_025",2016,"VCF0806--VCF0894","VCF0806","VCF0894",0.114332152702858,0.114332152702858,TRUE,TRUE,"POSITIVE","POSITIVE",0,0,FALSE,FALSE,"UNCHANGED","ESTIMABLE_WITH_WARNINGS"
"S09_D20A_GAMMA","GAMMA_025",2016,"VCF0809--VCF0894","VCF0809","VCF0894",0.173766642629694,0.173766642629694,TRUE,TRUE,"POSITIVE","POSITIVE",0,0,FALSE,FALSE,"UNCHANGED","ESTIMABLE_WITH_WARNINGS"
"S09_D20A_GAMMA","GAMMA_025",2016,"VCF0838--VCF0894","VCF0838","VCF0894",0.0364902033127705,0.0364902033127705,TRUE,TRUE,"POSITIVE","POSITIVE",0,0,FALSE,FALSE,"UNCHANGED","ESTIMABLE_WITH_WARNINGS"
"S09_D20A_GAMMA","GAMMA_025",2016,"VCF0839--VCF0894","VCF0839","VCF0894",0.329872988221807,0.329872988221807,TRUE,TRUE,"POSITIVE","POSITIVE",0,0,FALSE,FALSE,"UNCHANGED","ESTIMABLE_WITH_WARNINGS"
"S09_D20A_GAMMA","GAMMA_025",2016,"VCF0879a--VCF0894","VCF0879a","VCF0894",0.227269099451679,0.227269099451679,TRUE,TRUE,"POSITIVE","POSITIVE",0,0,FALSE,FALSE,"UNCHANGED","ESTIMABLE_WITH_WARNINGS"
"S09_D20A_GAMMA","GAMMA_025",2016,"VCF0888--VCF0894","VCF0888","VCF0894",-0.0630943703683428,-0.0630943703683428,TRUE,TRUE,"NEGATIVE","NEGATIVE",0,0,FALSE,FALSE,"UNCHANGED","ESTIMABLE_WITH_WARNINGS"
"S09_D20A_GAMMA","GAMMA_025",2016,"VCF0890--VCF0894","VCF0890","VCF0894",0.122481274464188,0.122481274464188,TRUE,TRUE,"POSITIVE","POSITIVE",0,0,FALSE,FALSE,"UNCHANGED","ESTIMABLE_WITH_WARNINGS"
"S09_D20A_GAMMA","GAMMA_025",2016,"VCF0806--VCF9223","VCF0806","VCF9223",0.0186252735363306,0.0186252735363306,TRUE,TRUE,"POSITIVE","POSITIVE",0,0,FALSE,FALSE,"UNCHANGED","ESTIMABLE_WITH_WARNINGS"
"S09_D20A_GAMMA","GAMMA_025",2016,"VCF0809--VCF9223","VCF0809","VCF9223",0,0,FALSE,FALSE,"ZERO","ZERO",0,0,FALSE,FALSE,"UNCHANGED","ESTIMABLE_WITH_WARNINGS"
"S09_D20A_GAMMA","GAMMA_025",2016,"VCF0838--VCF9223","VCF0838","VCF9223",0.143965510367613,0.143965510367613,TRUE,TRUE,"POSITIVE","POSITIVE",0,0,FALSE,FALSE,"UNCHANGED","ESTIMABLE_WITH_WARNINGS"
"S09_D20A_GAMMA","GAMMA_025",2016,"VCF0839--VCF9223","VCF0839","VCF9223",0.018458574204645,0.018458574204645,TRUE,TRUE,"POSITIVE","POSITIVE",0,0,FALSE,FALSE,"UNCHANGED","ESTIMABLE_WITH_WARNINGS"
"S09_D20A_GAMMA","GAMMA_025",2016,"VCF0879a--VCF9223","VCF0879a","VCF9223",0.440934290526284,0.440934290526284,TRUE,TRUE,"POSITIVE","POSITIVE",0,0,FALSE,FALSE,"UNCHANGED","ESTIMABLE_WITH_WARNINGS"
"S09_D20A_GAMMA","GAMMA_025",2016,"VCF0888--VCF9223","VCF0888","VCF9223",-0.113633115156834,-0.113633115156834,TRUE,TRUE,"NEGATIVE","NEGATIVE",0,0,FALSE,FALSE,"UNCHANGED","ESTIMABLE_WITH_WARNINGS"
"S09_D20A_GAMMA","GAMMA_025",2016,"VCF0890--VCF9223","VCF0890","VCF9223",0.0887466384157413,0.0887466384157413,TRUE,TRUE,"POSITIVE","POSITIVE",0,0,FALSE,FALSE,"UNCHANGED","ESTIMABLE_WITH_WARNINGS"
"S09_D20A_GAMMA","GAMMA_025",2016,"VCF0894--VCF9223","VCF0894","VCF9223",0.0127258634156021,0.0127258634156021,TRUE,TRUE,"POSITIVE","POSITIVE",0,0,FALSE,FALSE,"UNCHANGED","ESTIMABLE_WITH_WARNINGS"
"S09_D20A_GAMMA","GAMMA_025",2020,"VCF0806--VCF0809","VCF0806","VCF0809",0.339019965826395,0.339019965826395,TRUE,TRUE,"POSITIVE","POSITIVE",0,0,FALSE,FALSE,"UNCHANGED","ESTIMABLE_WITH_WARNINGS"
"S09_D20A_GAMMA","GAMMA_025",2020,"VCF0806--VCF0838","VCF0806","VCF0838",0.194720924461167,0.194720924461167,TRUE,TRUE,"POSITIVE","POSITIVE",0,0,FALSE,FALSE,"UNCHANGED","ESTIMABLE_WITH_WARNINGS"
"S09_D20A_GAMMA","GAMMA_025",2020,"VCF0809--VCF0838","VCF0809","VCF0838",0.0284272171043005,0.0284272171043005,TRUE,TRUE,"POSITIVE","POSITIVE",0,0,FALSE,FALSE,"UNCHANGED","ESTIMABLE_WITH_WARNINGS"
"S09_D20A_GAMMA","GAMMA_025",2020,"VCF0806--VCF0839","VCF0806","VCF0839",0.218609064876532,0.218609064876532,TRUE,TRUE,"POSITIVE","POSITIVE",0,0,FALSE,FALSE,"UNCHANGED","ESTIMABLE_WITH_WARNINGS"
"S09_D20A_GAMMA","GAMMA_025",2020,"VCF0809--VCF0839","VCF0809","VCF0839",0.266004849180601,0.266004849180601,TRUE,TRUE,"POSITIVE","POSITIVE",0,0,FALSE,FALSE,"UNCHANGED","ESTIMABLE_WITH_WARNINGS"
"S09_D20A_GAMMA","GAMMA_025",2020,"VCF0838--VCF0839","VCF0838","VCF0839",0.0258476371914002,0.0258476371914002,TRUE,TRUE,"POSITIVE","POSITIVE",0,0,FALSE,FALSE,"UNCHANGED","ESTIMABLE_WITH_WARNINGS"
"S09_D20A_GAMMA","GAMMA_025",2020,"VCF0806--VCF0879a","VCF0806","VCF0879a",0.0493009287160725,0.0493009287160725,TRUE,TRUE,"POSITIVE","POSITIVE",0,0,FALSE,FALSE,"UNCHANGED","ESTIMABLE_WITH_WARNINGS"
"S09_D20A_GAMMA","GAMMA_025",2020,"VCF0809--VCF0879a","VCF0809","VCF0879a",0.0313461409353886,0.0313461409353886,TRUE,TRUE,"POSITIVE","POSITIVE",0,0,FALSE,FALSE,"UNCHANGED","ESTIMABLE_WITH_WARNINGS"
"S09_D20A_GAMMA","GAMMA_025",2020,"VCF0838--VCF0879a","VCF0838","VCF0879a",0.00382478480854227,0.00382478480854227,TRUE,TRUE,"POSITIVE","POSITIVE",0,0,FALSE,FALSE,"UNCHANGED","ESTIMABLE_WITH_WARNINGS"
"S09_D20A_GAMMA","GAMMA_025",2020,"VCF0839--VCF0879a","VCF0839","VCF0879a",0,0,FALSE,FALSE,"ZERO","ZERO",0,0,FALSE,FALSE,"UNCHANGED","ESTIMABLE_WITH_WARNINGS"
"S09_D20A_GAMMA","GAMMA_025",2020,"VCF0806--VCF0888","VCF0806","VCF0888",-0.142066445791472,-0.142066445791472,TRUE,TRUE,"NEGATIVE","NEGATIVE",0,0,FALSE,FALSE,"UNCHANGED","ESTIMABLE_WITH_WARNINGS"
"S09_D20A_GAMMA","GAMMA_025",2020,"VCF0809--VCF0888","VCF0809","VCF0888",-0.0260092667248852,-0.0260092667248852,TRUE,TRUE,"NEGATIVE","NEGATIVE",0,0,FALSE,FALSE,"UNCHANGED","ESTIMABLE_WITH_WARNINGS"
"S09_D20A_GAMMA","GAMMA_025",2020,"VCF0838--VCF0888","VCF0838","VCF0888",-0.184835629335573,-0.184835629335573,TRUE,TRUE,"NEGATIVE","NEGATIVE",0,0,FALSE,FALSE,"UNCHANGED","ESTIMABLE_WITH_WARNINGS"
"S09_D20A_GAMMA","GAMMA_025",2020,"VCF0839--VCF0888","VCF0839","VCF0888",0.0159747561285973,0.0159747561285973,TRUE,TRUE,"POSITIVE","POSITIVE",0,0,FALSE,FALSE,"UNCHANGED","ESTIMABLE_WITH_WARNINGS"
"S09_D20A_GAMMA","GAMMA_025",2020,"VCF0879a--VCF0888","VCF0879a","VCF0888",-0.169847882148041,-0.169847882148041,TRUE,TRUE,"NEGATIVE","NEGATIVE",0,0,FALSE,FALSE,"UNCHANGED","ESTIMABLE_WITH_WARNINGS"
"S09_D20A_GAMMA","GAMMA_025",2020,"VCF0806--VCF0890","VCF0806","VCF0890",0.0572874494519452,0.0572874494519452,TRUE,TRUE,"POSITIVE","POSITIVE",0,0,FALSE,FALSE,"UNCHANGED","ESTIMABLE_WITH_WARNINGS"
"S09_D20A_GAMMA","GAMMA_025",2020,"VCF0809--VCF0890","VCF0809","VCF0890",0.0975118954026813,0.0975118954026813,TRUE,TRUE,"POSITIVE","POSITIVE",0,0,FALSE,FALSE,"UNCHANGED","ESTIMABLE_WITH_WARNINGS"
"S09_D20A_GAMMA","GAMMA_025",2020,"VCF0838--VCF0890","VCF0838","VCF0890",0.139154682441411,0.139154682441411,TRUE,TRUE,"POSITIVE","POSITIVE",0,0,FALSE,FALSE,"UNCHANGED","ESTIMABLE_WITH_WARNINGS"
"S09_D20A_GAMMA","GAMMA_025",2020,"VCF0839--VCF0890","VCF0839","VCF0890",0.234815190156645,0.234815190156645,TRUE,TRUE,"POSITIVE","POSITIVE",0,0,FALSE,FALSE,"UNCHANGED","ESTIMABLE_WITH_WARNINGS"
"S09_D20A_GAMMA","GAMMA_025",2020,"VCF0879a--VCF0890","VCF0879a","VCF0890",0.0240302065982658,0.0240302065982658,TRUE,TRUE,"POSITIVE","POSITIVE",0,0,FALSE,FALSE,"UNCHANGED","ESTIMABLE_WITH_WARNINGS"
"S09_D20A_GAMMA","GAMMA_025",2020,"VCF0888--VCF0890","VCF0888","VCF0890",0.152332665756861,0.152332665756861,TRUE,TRUE,"POSITIVE","POSITIVE",0,0,FALSE,FALSE,"UNCHANGED","ESTIMABLE_WITH_WARNINGS"
"S09_D20A_GAMMA","GAMMA_025",2020,"VCF0806--VCF0894","VCF0806","VCF0894",0.0796373739812811,0.0796373739812811,TRUE,TRUE,"POSITIVE","POSITIVE",0,0,FALSE,FALSE,"UNCHANGED","ESTIMABLE_WITH_WARNINGS"
"S09_D20A_GAMMA","GAMMA_025",2020,"VCF0809--VCF0894","VCF0809","VCF0894",0.167624716218426,0.167624716218426,TRUE,TRUE,"POSITIVE","POSITIVE",0,0,FALSE,FALSE,"UNCHANGED","ESTIMABLE_WITH_WARNINGS"
"S09_D20A_GAMMA","GAMMA_025",2020,"VCF0838--VCF0894","VCF0838","VCF0894",0.0578781092811031,0.0578781092811031,TRUE,TRUE,"POSITIVE","POSITIVE",0,0,FALSE,FALSE,"UNCHANGED","ESTIMABLE_WITH_WARNINGS"
"S09_D20A_GAMMA","GAMMA_025",2020,"VCF0839--VCF0894","VCF0839","VCF0894",0.244511389929148,0.244511389929148,TRUE,TRUE,"POSITIVE","POSITIVE",0,0,FALSE,FALSE,"UNCHANGED","ESTIMABLE_WITH_WARNINGS"
"S09_D20A_GAMMA","GAMMA_025",2020,"VCF0879a--VCF0894","VCF0879a","VCF0894",0.220780809671857,0.220780809671857,TRUE,TRUE,"POSITIVE","POSITIVE",0,0,FALSE,FALSE,"UNCHANGED","ESTIMABLE_WITH_WARNINGS"
"S09_D20A_GAMMA","GAMMA_025",2020,"VCF0888--VCF0894","VCF0888","VCF0894",-0.068233730564378,-0.068233730564378,TRUE,TRUE,"NEGATIVE","NEGATIVE",0,0,FALSE,FALSE,"UNCHANGED","ESTIMABLE_WITH_WARNINGS"
"S09_D20A_GAMMA","GAMMA_025",2020,"VCF0890--VCF0894","VCF0890","VCF0894",0.155260312714881,0.155260312714881,TRUE,TRUE,"POSITIVE","POSITIVE",0,0,FALSE,FALSE,"UNCHANGED","ESTIMABLE_WITH_WARNINGS"
"S09_D20A_GAMMA","GAMMA_025",2020,"VCF0806--VCF9223","VCF0806","VCF9223",0.0242233695850124,0.0242233695850124,TRUE,TRUE,"POSITIVE","POSITIVE",0,0,FALSE,FALSE,"UNCHANGED","ESTIMABLE_WITH_WARNINGS"
"S09_D20A_GAMMA","GAMMA_025",2020,"VCF0809--VCF9223","VCF0809","VCF9223",0,0,FALSE,FALSE,"ZERO","ZERO",0,0,FALSE,FALSE,"UNCHANGED","ESTIMABLE_WITH_WARNINGS"
"S09_D20A_GAMMA","GAMMA_025",2020,"VCF0838--VCF9223","VCF0838","VCF9223",0.142161290526218,0.142161290526218,TRUE,TRUE,"POSITIVE","POSITIVE",0,0,FALSE,FALSE,"UNCHANGED","ESTIMABLE_WITH_WARNINGS"
"S09_D20A_GAMMA","GAMMA_025",2020,"VCF0839--VCF9223","VCF0839","VCF9223",0,0,FALSE,FALSE,"ZERO","ZERO",0,0,FALSE,FALSE,"UNCHANGED","ESTIMABLE_WITH_WARNINGS"
"S09_D20A_GAMMA","GAMMA_025",2020,"VCF0879a--VCF9223","VCF0879a","VCF9223",0.436152559373321,0.436152559373321,TRUE,TRUE,"POSITIVE","POSITIVE",0,0,FALSE,FALSE,"UNCHANGED","ESTIMABLE_WITH_WARNINGS"
"S09_D20A_GAMMA","GAMMA_025",2020,"VCF0888--VCF9223","VCF0888","VCF9223",-0.11192935869046,-0.11192935869046,TRUE,TRUE,"NEGATIVE","NEGATIVE",0,0,FALSE,FALSE,"UNCHANGED","ESTIMABLE_WITH_WARNINGS"
"S09_D20A_GAMMA","GAMMA_025",2020,"VCF0890--VCF9223","VCF0890","VCF9223",0.101132031781839,0.101132031781839,TRUE,TRUE,"POSITIVE","POSITIVE",0,0,FALSE,FALSE,"UNCHANGED","ESTIMABLE_WITH_WARNINGS"
"S09_D20A_GAMMA","GAMMA_025",2020,"VCF0894--VCF9223","VCF0894","VCF9223",0,0,FALSE,FALSE,"ZERO","ZERO",0,0,FALSE,FALSE,"UNCHANGED","ESTIMABLE_WITH_WARNINGS"
"S09_D20A_GAMMA","GAMMA_025",2024,"VCF0806--VCF0809","VCF0806","VCF0809",0.286446415679923,0.286446415679923,TRUE,TRUE,"POSITIVE","POSITIVE",0,0,FALSE,FALSE,"UNCHANGED","ESTIMABLE_WITH_WARNINGS"
"S09_D20A_GAMMA","GAMMA_025",2024,"VCF0806--VCF0838","VCF0806","VCF0838",0.0969823508352493,0.0969823508352493,TRUE,TRUE,"POSITIVE","POSITIVE",0,0,FALSE,FALSE,"UNCHANGED","ESTIMABLE_WITH_WARNINGS"
"S09_D20A_GAMMA","GAMMA_025",2024,"VCF0809--VCF0838","VCF0809","VCF0838",0.081819208318309,0.081819208318309,TRUE,TRUE,"POSITIVE","POSITIVE",0,0,FALSE,FALSE,"UNCHANGED","ESTIMABLE_WITH_WARNINGS"
"S09_D20A_GAMMA","GAMMA_025",2024,"VCF0806--VCF0839","VCF0806","VCF0839",0.173090954828948,0.173090954828948,TRUE,TRUE,"POSITIVE","POSITIVE",0,0,FALSE,FALSE,"UNCHANGED","ESTIMABLE_WITH_WARNINGS"
"S09_D20A_GAMMA","GAMMA_025",2024,"VCF0809--VCF0839","VCF0809","VCF0839",0.282103083965334,0.282103083965334,TRUE,TRUE,"POSITIVE","POSITIVE",0,0,FALSE,FALSE,"UNCHANGED","ESTIMABLE_WITH_WARNINGS"
"S09_D20A_GAMMA","GAMMA_025",2024,"VCF0838--VCF0839","VCF0838","VCF0839",0.0952675388816836,0.0952675388816836,TRUE,TRUE,"POSITIVE","POSITIVE",0,0,FALSE,FALSE,"UNCHANGED","ESTIMABLE_WITH_WARNINGS"
"S09_D20A_GAMMA","GAMMA_025",2024,"VCF0806--VCF0879a","VCF0806","VCF0879a",0.00263679822443648,0.00263679822443648,TRUE,TRUE,"POSITIVE","POSITIVE",0,0,FALSE,FALSE,"UNCHANGED","ESTIMABLE_WITH_WARNINGS"
"S09_D20A_GAMMA","GAMMA_025",2024,"VCF0809--VCF0879a","VCF0809","VCF0879a",0,0,FALSE,FALSE,"ZERO","ZERO",0,0,FALSE,FALSE,"UNCHANGED","ESTIMABLE_WITH_WARNINGS"
"S09_D20A_GAMMA","GAMMA_025",2024,"VCF0838--VCF0879a","VCF0838","VCF0879a",0.020217806487761,0.020217806487761,TRUE,TRUE,"POSITIVE","POSITIVE",0,0,FALSE,FALSE,"UNCHANGED","ESTIMABLE_WITH_WARNINGS"
"S09_D20A_GAMMA","GAMMA_025",2024,"VCF0839--VCF0879a","VCF0839","VCF0879a",0,0,FALSE,FALSE,"ZERO","ZERO",0,0,FALSE,FALSE,"UNCHANGED","ESTIMABLE_WITH_WARNINGS"
"S09_D20A_GAMMA","GAMMA_025",2024,"VCF0806--VCF0888","VCF0806","VCF0888",-0.115991969116665,-0.115991969116665,TRUE,TRUE,"NEGATIVE","NEGATIVE",0,0,FALSE,FALSE,"UNCHANGED","ESTIMABLE_WITH_WARNINGS"
"S09_D20A_GAMMA","GAMMA_025",2024,"VCF0809--VCF0888","VCF0809","VCF0888",-0.0352736970916302,-0.0352736970916302,TRUE,TRUE,"NEGATIVE","NEGATIVE",0,0,FALSE,FALSE,"UNCHANGED","ESTIMABLE_WITH_WARNINGS"
"S09_D20A_GAMMA","GAMMA_025",2024,"VCF0838--VCF0888","VCF0838","VCF0888",-0.118991017033197,-0.118991017033197,TRUE,TRUE,"NEGATIVE","NEGATIVE",0,0,FALSE,FALSE,"UNCHANGED","ESTIMABLE_WITH_WARNINGS"
"S09_D20A_GAMMA","GAMMA_025",2024,"VCF0839--VCF0888","VCF0839","VCF0888",-0.0418929526015918,-0.0418929526015918,TRUE,TRUE,"NEGATIVE","NEGATIVE",0,0,FALSE,FALSE,"UNCHANGED","ESTIMABLE_WITH_WARNINGS"
"S09_D20A_GAMMA","GAMMA_025",2024,"VCF0879a--VCF0888","VCF0879a","VCF0888",-0.121405830251357,-0.121405830251357,TRUE,TRUE,"NEGATIVE","NEGATIVE",0,0,FALSE,FALSE,"UNCHANGED","ESTIMABLE_WITH_WARNINGS"
"S09_D20A_GAMMA","GAMMA_025",2024,"VCF0806--VCF0890","VCF0806","VCF0890",0.0935194910662682,0.0935194910662682,TRUE,TRUE,"POSITIVE","POSITIVE",0,0,FALSE,FALSE,"UNCHANGED","ESTIMABLE_WITH_WARNINGS"
"S09_D20A_GAMMA","GAMMA_025",2024,"VCF0809--VCF0890","VCF0809","VCF0890",0.0707344951564464,0.0707344951564464,TRUE,TRUE,"POSITIVE","POSITIVE",0,0,FALSE,FALSE,"UNCHANGED","ESTIMABLE_WITH_WARNINGS"
"S09_D20A_GAMMA","GAMMA_025",2024,"VCF0838--VCF0890","VCF0838","VCF0890",0.101584072151753,0.101584072151753,TRUE,TRUE,"POSITIVE","POSITIVE",0,0,FALSE,FALSE,"UNCHANGED","ESTIMABLE_WITH_WARNINGS"
"S09_D20A_GAMMA","GAMMA_025",2024,"VCF0839--VCF0890","VCF0839","VCF0890",0.266945440954792,0.266945440954792,TRUE,TRUE,"POSITIVE","POSITIVE",0,0,FALSE,FALSE,"UNCHANGED","ESTIMABLE_WITH_WARNINGS"
"S09_D20A_GAMMA","GAMMA_025",2024,"VCF0879a--VCF0890","VCF0879a","VCF0890",0.0186928727184489,0.0186928727184489,TRUE,TRUE,"POSITIVE","POSITIVE",0,0,FALSE,FALSE,"UNCHANGED","ESTIMABLE_WITH_WARNINGS"
"S09_D20A_GAMMA","GAMMA_025",2024,"VCF0888--VCF0890","VCF0888","VCF0890",0.202850964978324,0.202850964978324,TRUE,TRUE,"POSITIVE","POSITIVE",0,0,FALSE,FALSE,"UNCHANGED","ESTIMABLE_WITH_WARNINGS"
"S09_D20A_GAMMA","GAMMA_025",2024,"VCF0806--VCF0894","VCF0806","VCF0894",0.115925421886945,0.115925421886945,TRUE,TRUE,"POSITIVE","POSITIVE",0,0,FALSE,FALSE,"UNCHANGED","ESTIMABLE_WITH_WARNINGS"
"S09_D20A_GAMMA","GAMMA_025",2024,"VCF0809--VCF0894","VCF0809","VCF0894",0.158881201459168,0.158881201459168,TRUE,TRUE,"POSITIVE","POSITIVE",0,0,FALSE,FALSE,"UNCHANGED","ESTIMABLE_WITH_WARNINGS"
"S09_D20A_GAMMA","GAMMA_025",2024,"VCF0838--VCF0894","VCF0838","VCF0894",0.0597191234757199,0.0597191234757199,TRUE,TRUE,"POSITIVE","POSITIVE",0,0,FALSE,FALSE,"UNCHANGED","ESTIMABLE_WITH_WARNINGS"
"S09_D20A_GAMMA","GAMMA_025",2024,"VCF0839--VCF0894","VCF0839","VCF0894",0.20897158234944,0.20897158234944,TRUE,TRUE,"POSITIVE","POSITIVE",0,0,FALSE,FALSE,"UNCHANGED","ESTIMABLE_WITH_WARNINGS"
"S09_D20A_GAMMA","GAMMA_025",2024,"VCF0879a--VCF0894","VCF0879a","VCF0894",0.117685330392291,0.117685330392291,TRUE,TRUE,"POSITIVE","POSITIVE",0,0,FALSE,FALSE,"UNCHANGED","ESTIMABLE_WITH_WARNINGS"
"S09_D20A_GAMMA","GAMMA_025",2024,"VCF0888--VCF0894","VCF0888","VCF0894",-0.0305512817079149,-0.0305512817079149,TRUE,TRUE,"NEGATIVE","NEGATIVE",0,0,FALSE,FALSE,"UNCHANGED","ESTIMABLE_WITH_WARNINGS"
"S09_D20A_GAMMA","GAMMA_025",2024,"VCF0890--VCF0894","VCF0890","VCF0894",0.24336732785639,0.24336732785639,TRUE,TRUE,"POSITIVE","POSITIVE",0,0,FALSE,FALSE,"UNCHANGED","ESTIMABLE_WITH_WARNINGS"
"S09_D20A_GAMMA","GAMMA_025",2024,"VCF0806--VCF9223","VCF0806","VCF9223",0.103479021160507,0.103479021160507,TRUE,TRUE,"POSITIVE","POSITIVE",0,0,FALSE,FALSE,"UNCHANGED","ESTIMABLE_WITH_WARNINGS"
"S09_D20A_GAMMA","GAMMA_025",2024,"VCF0809--VCF9223","VCF0809","VCF9223",0,0,FALSE,FALSE,"ZERO","ZERO",0,0,FALSE,FALSE,"UNCHANGED","ESTIMABLE_WITH_WARNINGS"
"S09_D20A_GAMMA","GAMMA_025",2024,"VCF0838--VCF9223","VCF0838","VCF9223",0.255748972788864,0.255748972788864,TRUE,TRUE,"POSITIVE","POSITIVE",0,0,FALSE,FALSE,"UNCHANGED","ESTIMABLE_WITH_WARNINGS"
"S09_D20A_GAMMA","GAMMA_025",2024,"VCF0839--VCF9223","VCF0839","VCF9223",0.00373441296582092,0.00373441296582092,TRUE,TRUE,"POSITIVE","POSITIVE",0,0,FALSE,FALSE,"UNCHANGED","ESTIMABLE_WITH_WARNINGS"
"S09_D20A_GAMMA","GAMMA_025",2024,"VCF0879a--VCF9223","VCF0879a","VCF9223",0.256573200491974,0.256573200491974,TRUE,TRUE,"POSITIVE","POSITIVE",0,0,FALSE,FALSE,"UNCHANGED","ESTIMABLE_WITH_WARNINGS"
"S09_D20A_GAMMA","GAMMA_025",2024,"VCF0888--VCF9223","VCF0888","VCF9223",-0.145761836891145,-0.145761836891145,TRUE,TRUE,"NEGATIVE","NEGATIVE",0,0,FALSE,FALSE,"UNCHANGED","ESTIMABLE_WITH_WARNINGS"
"S09_D20A_GAMMA","GAMMA_025",2024,"VCF0890--VCF9223","VCF0890","VCF9223",0.0975600014349317,0.0975600014349317,TRUE,TRUE,"POSITIVE","POSITIVE",0,0,FALSE,FALSE,"UNCHANGED","ESTIMABLE_WITH_WARNINGS"
"S09_D20A_GAMMA","GAMMA_025",2024,"VCF0894--VCF9223","VCF0894","VCF9223",0.0723685538416249,0.0723685538416249,TRUE,TRUE,"POSITIVE","POSITIVE",0,0,FALSE,FALSE,"UNCHANGED","ESTIMABLE_WITH_WARNINGS"
"S09_D20A_NO_VCF0839","NO_VCF0839",2004,"VCF0806--VCF0809","VCF0806","VCF0809",0.37199407703599,0.418968669917927,TRUE,TRUE,"POSITIVE","POSITIVE",0.0469745928819371,0.0469745928819371,FALSE,FALSE,"UNCHANGED","ESTIMABLE_WITH_WARNINGS"
"S09_D20A_NO_VCF0839","NO_VCF0839",2004,"VCF0806--VCF0838","VCF0806","VCF0838",0,0,FALSE,FALSE,"ZERO","ZERO",0,0,FALSE,FALSE,"UNCHANGED","ESTIMABLE_WITH_WARNINGS"
"S09_D20A_NO_VCF0839","NO_VCF0839",2004,"VCF0809--VCF0838","VCF0809","VCF0838",0.055711694432488,0.0797140354436927,TRUE,TRUE,"POSITIVE","POSITIVE",0.0240023410112047,0.0240023410112047,FALSE,FALSE,"UNCHANGED","ESTIMABLE_WITH_WARNINGS"
"S09_D20A_NO_VCF0839","NO_VCF0839",2004,"VCF0806--VCF0879a","VCF0806","VCF0879a",0.0181396986119873,0.0258112242216587,TRUE,TRUE,"POSITIVE","POSITIVE",0.00767152560967136,0.00767152560967136,FALSE,FALSE,"UNCHANGED","ESTIMABLE_WITH_WARNINGS"
"S09_D20A_NO_VCF0839","NO_VCF0839",2004,"VCF0809--VCF0879a","VCF0809","VCF0879a",0,0,FALSE,FALSE,"ZERO","ZERO",0,0,FALSE,FALSE,"UNCHANGED","ESTIMABLE_WITH_WARNINGS"
"S09_D20A_NO_VCF0839","NO_VCF0839",2004,"VCF0838--VCF0879a","VCF0838","VCF0879a",0,0,FALSE,FALSE,"ZERO","ZERO",0,0,FALSE,FALSE,"UNCHANGED","ESTIMABLE_WITH_WARNINGS"
"S09_D20A_NO_VCF0839","NO_VCF0839",2004,"VCF0806--VCF0888","VCF0806","VCF0888",-0.0229081218231701,-0.0340099219943034,TRUE,TRUE,"NEGATIVE","NEGATIVE",-0.0111018001711333,0.0111018001711333,FALSE,FALSE,"UNCHANGED","ESTIMABLE_WITH_WARNINGS"
"S09_D20A_NO_VCF0839","NO_VCF0839",2004,"VCF0809--VCF0888","VCF0809","VCF0888",-0.0294227504442804,-0.0400773066138536,TRUE,TRUE,"NEGATIVE","NEGATIVE",-0.0106545561695731,0.0106545561695731,FALSE,FALSE,"UNCHANGED","ESTIMABLE_WITH_WARNINGS"
"S09_D20A_NO_VCF0839","NO_VCF0839",2004,"VCF0838--VCF0888","VCF0838","VCF0888",-0.0374456271586838,-0.0487450570782965,TRUE,TRUE,"NEGATIVE","NEGATIVE",-0.0112994299196127,0.0112994299196127,FALSE,FALSE,"UNCHANGED","ESTIMABLE_WITH_WARNINGS"
"S09_D20A_NO_VCF0839","NO_VCF0839",2004,"VCF0879a--VCF0888","VCF0879a","VCF0888",-0.0743041345843866,-0.0837044309140245,TRUE,TRUE,"NEGATIVE","NEGATIVE",-0.00940029632963783,0.00940029632963783,FALSE,FALSE,"UNCHANGED","ESTIMABLE_WITH_WARNINGS"
"S09_D20A_NO_VCF0839","NO_VCF0839",2004,"VCF0806--VCF0890","VCF0806","VCF0890",0.112679497729288,0.200850636080045,TRUE,TRUE,"POSITIVE","POSITIVE",0.0881711383507573,0.0881711383507573,FALSE,FALSE,"UNCHANGED","ESTIMABLE_WITH_WARNINGS"
"S09_D20A_NO_VCF0839","NO_VCF0839",2004,"VCF0809--VCF0890","VCF0809","VCF0890",0.086021602736654,0.118868759006315,TRUE,TRUE,"POSITIVE","POSITIVE",0.0328471562696611,0.0328471562696611,FALSE,FALSE,"UNCHANGED","ESTIMABLE_WITH_WARNINGS"
"S09_D20A_NO_VCF0839","NO_VCF0839",2004,"VCF0838--VCF0890","VCF0838","VCF0890",0.0613363217966801,0.104408727257715,TRUE,TRUE,"POSITIVE","POSITIVE",0.0430724054610345,0.0430724054610345,FALSE,FALSE,"UNCHANGED","ESTIMABLE_WITH_WARNINGS"
"S09_D20A_NO_VCF0839","NO_VCF0839",2004,"VCF0879a--VCF0890","VCF0879a","VCF0890",0.0499912636732557,0.0658871084901561,TRUE,TRUE,"POSITIVE","POSITIVE",0.0158958448169004,0.0158958448169004,FALSE,FALSE,"UNCHANGED","ESTIMABLE_WITH_WARNINGS"
"S09_D20A_NO_VCF0839","NO_VCF0839",2004,"VCF0888--VCF0890","VCF0888","VCF0890",0.246375316880606,0.275894864102996,TRUE,TRUE,"POSITIVE","POSITIVE",0.0295195472223902,0.0295195472223902,FALSE,FALSE,"UNCHANGED","ESTIMABLE_WITH_WARNINGS"
"S09_D20A_NO_VCF0839","NO_VCF0839",2004,"VCF0806--VCF0894","VCF0806","VCF0894",0,0,FALSE,FALSE,"ZERO","ZERO",0,0,FALSE,FALSE,"UNCHANGED","ESTIMABLE_WITH_WARNINGS"
"S09_D20A_NO_VCF0839","NO_VCF0839",2004,"VCF0809--VCF0894","VCF0809","VCF0894",0.253193469933843,0.298425521021944,TRUE,TRUE,"POSITIVE","POSITIVE",0.0452320510881009,0.0452320510881009,FALSE,FALSE,"UNCHANGED","ESTIMABLE_WITH_WARNINGS"
"S09_D20A_NO_VCF0839","NO_VCF0839",2004,"VCF0838--VCF0894","VCF0838","VCF0894",0,0,FALSE,FALSE,"ZERO","ZERO",0,0,FALSE,FALSE,"UNCHANGED","ESTIMABLE_WITH_WARNINGS"
"S09_D20A_NO_VCF0839","NO_VCF0839",2004,"VCF0879a--VCF0894","VCF0879a","VCF0894",0.0872300472315628,0.0882966036984802,TRUE,TRUE,"POSITIVE","POSITIVE",0.0010665564669174,0.0010665564669174,FALSE,FALSE,"UNCHANGED","ESTIMABLE_WITH_WARNINGS"
"S09_D20A_NO_VCF0839","NO_VCF0839",2004,"VCF0888--VCF0894","VCF0888","VCF0894",0,0,FALSE,FALSE,"ZERO","ZERO",0,0,FALSE,FALSE,"UNCHANGED","ESTIMABLE_WITH_WARNINGS"
"S09_D20A_NO_VCF0839","NO_VCF0839",2004,"VCF0890--VCF0894","VCF0890","VCF0894",0.163619760585957,0.242316336561614,TRUE,TRUE,"POSITIVE","POSITIVE",0.0786965759756569,0.0786965759756569,FALSE,FALSE,"UNCHANGED","ESTIMABLE_WITH_WARNINGS"
"S09_D20A_NO_VCF0839","NO_VCF0839",2004,"VCF0806--VCF9223","VCF0806","VCF9223",0,-0.0154627808465256,FALSE,TRUE,"ZERO","NEGATIVE",-0.0154627808465256,0.0154627808465256,TRUE,FALSE,"CHANGED","ESTIMABLE_WITH_WARNINGS"
"S09_D20A_NO_VCF0839","NO_VCF0839",2004,"VCF0809--VCF9223","VCF0809","VCF9223",-0.0428131826413368,-0.0667202804127009,TRUE,TRUE,"NEGATIVE","NEGATIVE",-0.0239070977713641,0.0239070977713641,FALSE,FALSE,"UNCHANGED","ESTIMABLE_WITH_WARNINGS"
"S09_D20A_NO_VCF0839","NO_VCF0839",2004,"VCF0838--VCF9223","VCF0838","VCF9223",0.0742691350936274,0.078230879331555,TRUE,TRUE,"POSITIVE","POSITIVE",0.00396174423792758,0.00396174423792758,FALSE,FALSE,"UNCHANGED","ESTIMABLE_WITH_WARNINGS"
"S09_D20A_NO_VCF0839","NO_VCF0839",2004,"VCF0879a--VCF9223","VCF0879a","VCF9223",0.449956286828701,0.460320195126939,TRUE,TRUE,"POSITIVE","POSITIVE",0.0103639082982374,0.0103639082982374,FALSE,FALSE,"UNCHANGED","ESTIMABLE_WITH_WARNINGS"
"S09_D20A_NO_VCF0839","NO_VCF0839",2004,"VCF0888--VCF9223","VCF0888","VCF9223",-0.0883941487208757,-0.0896269683130071,TRUE,TRUE,"NEGATIVE","NEGATIVE",-0.00123281959213144,0.00123281959213144,FALSE,FALSE,"UNCHANGED","ESTIMABLE_WITH_WARNINGS"
"S09_D20A_NO_VCF0839","NO_VCF0839",2004,"VCF0890--VCF9223","VCF0890","VCF9223",0,-0.0388480312280543,FALSE,TRUE,"ZERO","NEGATIVE",-0.0388480312280543,0.0388480312280543,TRUE,FALSE,"CHANGED","ESTIMABLE_WITH_WARNINGS"
"S09_D20A_NO_VCF0839","NO_VCF0839",2004,"VCF0894--VCF9223","VCF0894","VCF9223",0,0,FALSE,FALSE,"ZERO","ZERO",0,0,FALSE,FALSE,"UNCHANGED","ESTIMABLE_WITH_WARNINGS"
"S09_D20A_NO_VCF0839","NO_VCF0839",2012,"VCF0806--VCF0809","VCF0806","VCF0809",0.303846021908369,0.364198424078158,TRUE,TRUE,"POSITIVE","POSITIVE",0.0603524021697884,0.0603524021697884,FALSE,FALSE,"UNCHANGED","ESTIMABLE_WITH_WARNINGS"
"S09_D20A_NO_VCF0839","NO_VCF0839",2012,"VCF0806--VCF0838","VCF0806","VCF0838",0.163141088733884,0.167589862220115,TRUE,TRUE,"POSITIVE","POSITIVE",0.00444877348623079,0.00444877348623079,FALSE,FALSE,"UNCHANGED","ESTIMABLE_WITH_WARNINGS"
"S09_D20A_NO_VCF0839","NO_VCF0839",2012,"VCF0809--VCF0838","VCF0809","VCF0838",0,0,FALSE,FALSE,"ZERO","ZERO",0,0,FALSE,FALSE,"UNCHANGED","ESTIMABLE_WITH_WARNINGS"
"S09_D20A_NO_VCF0839","NO_VCF0839",2012,"VCF0806--VCF0879a","VCF0806","VCF0879a",0.0493033840706338,0.0565772806293969,TRUE,TRUE,"POSITIVE","POSITIVE",0.00727389655876315,0.00727389655876315,FALSE,FALSE,"UNCHANGED","ESTIMABLE_WITH_WARNINGS"
"S09_D20A_NO_VCF0839","NO_VCF0839",2012,"VCF0809--VCF0879a","VCF0809","VCF0879a",-0.0194987239175984,-0.0142320987749043,TRUE,TRUE,"NEGATIVE","NEGATIVE",0.00526662514269417,0.00526662514269417,FALSE,FALSE,"UNCHANGED","ESTIMABLE_WITH_WARNINGS"
"S09_D20A_NO_VCF0839","NO_VCF0839",2012,"VCF0838--VCF0879a","VCF0838","VCF0879a",0,0,FALSE,FALSE,"ZERO","ZERO",0,0,FALSE,FALSE,"UNCHANGED","ESTIMABLE_WITH_WARNINGS"
"S09_D20A_NO_VCF0839","NO_VCF0839",2012,"VCF0806--VCF0888","VCF0806","VCF0888",-0.023095672005309,-0.0137434892409917,TRUE,TRUE,"NEGATIVE","NEGATIVE",0.00935218276431738,0.00935218276431738,FALSE,FALSE,"UNCHANGED","ESTIMABLE_WITH_WARNINGS"
"S09_D20A_NO_VCF0839","NO_VCF0839",2012,"VCF0809--VCF0888","VCF0809","VCF0888",0.0462895145169454,0.0539473463393063,TRUE,TRUE,"POSITIVE","POSITIVE",0.0076578318223609,0.0076578318223609,FALSE,FALSE,"UNCHANGED","ESTIMABLE_WITH_WARNINGS"
"S09_D20A_NO_VCF0839","NO_VCF0839",2012,"VCF0838--VCF0888","VCF0838","VCF0888",-0.111103873701375,-0.110746978148656,TRUE,TRUE,"NEGATIVE","NEGATIVE",0.000356895552719533,0.000356895552719533,FALSE,FALSE,"UNCHANGED","ESTIMABLE_WITH_WARNINGS"
"S09_D20A_NO_VCF0839","NO_VCF0839",2012,"VCF0879a--VCF0888","VCF0879a","VCF0888",-0.122256344533936,-0.120515126240796,TRUE,TRUE,"NEGATIVE","NEGATIVE",0.00174121829313989,0.00174121829313989,FALSE,FALSE,"UNCHANGED","ESTIMABLE_WITH_WARNINGS"
"S09_D20A_NO_VCF0839","NO_VCF0839",2012,"VCF0806--VCF0890","VCF0806","VCF0890",0.0586270926415524,0.127366699493065,TRUE,TRUE,"POSITIVE","POSITIVE",0.0687396068515123,0.0687396068515123,FALSE,FALSE,"UNCHANGED","ESTIMABLE_WITH_WARNINGS"
"S09_D20A_NO_VCF0839","NO_VCF0839",2012,"VCF0809--VCF0890","VCF0809","VCF0890",0.0920263712391898,0.149146002651824,TRUE,TRUE,"POSITIVE","POSITIVE",0.0571196314126343,0.0571196314126343,FALSE,FALSE,"UNCHANGED","ESTIMABLE_WITH_WARNINGS"
"S09_D20A_NO_VCF0839","NO_VCF0839",2012,"VCF0838--VCF0890","VCF0838","VCF0890",0.173712290542379,0.179366699799414,TRUE,TRUE,"POSITIVE","POSITIVE",0.00565440925703439,0.00565440925703439,FALSE,FALSE,"UNCHANGED","ESTIMABLE_WITH_WARNINGS"
"S09_D20A_NO_VCF0839","NO_VCF0839",2012,"VCF0879a--VCF0890","VCF0879a","VCF0890",-0.0328432083530345,-0.0258342164758823,TRUE,TRUE,"NEGATIVE","NEGATIVE",0.00700899187715213,0.00700899187715213,FALSE,FALSE,"UNCHANGED","ESTIMABLE_WITH_WARNINGS"
"S09_D20A_NO_VCF0839","NO_VCF0839",2012,"VCF0888--VCF0890","VCF0888","VCF0890",0.305355221016655,0.3255289783167,TRUE,TRUE,"POSITIVE","POSITIVE",0.0201737573000448,0.0201737573000448,FALSE,FALSE,"UNCHANGED","ESTIMABLE_WITH_WARNINGS"
"S09_D20A_NO_VCF0839","NO_VCF0839",2012,"VCF0806--VCF0894","VCF0806","VCF0894",0.14949343454668,0.238321808937736,TRUE,TRUE,"POSITIVE","POSITIVE",0.0888283743910555,0.0888283743910555,FALSE,FALSE,"UNCHANGED","ESTIMABLE_WITH_WARNINGS"
"S09_D20A_NO_VCF0839","NO_VCF0839",2012,"VCF0809--VCF0894","VCF0809","VCF0894",0.151618352474529,0.223972379270914,TRUE,TRUE,"POSITIVE","POSITIVE",0.0723540267963852,0.0723540267963852,FALSE,FALSE,"UNCHANGED","ESTIMABLE_WITH_WARNINGS"
"S09_D20A_NO_VCF0839","NO_VCF0839",2012,"VCF0838--VCF0894","VCF0838","VCF0894",-0.0427267061442297,-0.0443755390377185,TRUE,TRUE,"NEGATIVE","NEGATIVE",-0.00164883289348875,0.00164883289348875,FALSE,FALSE,"UNCHANGED","ESTIMABLE_WITH_WARNINGS"
"S09_D20A_NO_VCF0839","NO_VCF0839",2012,"VCF0879a--VCF0894","VCF0879a","VCF0894",0.14055343388669,0.152602465503924,TRUE,TRUE,"POSITIVE","POSITIVE",0.0120490316172339,0.0120490316172339,FALSE,FALSE,"UNCHANGED","ESTIMABLE_WITH_WARNINGS"
"S09_D20A_NO_VCF0839","NO_VCF0839",2012,"VCF0888--VCF0894","VCF0888","VCF0894",0,0,FALSE,FALSE,"ZERO","ZERO",0,0,FALSE,FALSE,"UNCHANGED","ESTIMABLE_WITH_WARNINGS"
"S09_D20A_NO_VCF0839","NO_VCF0839",2012,"VCF0890--VCF0894","VCF0890","VCF0894",0.156670022803228,0.259995054535926,TRUE,TRUE,"POSITIVE","POSITIVE",0.103325031732698,0.103325031732698,FALSE,FALSE,"UNCHANGED","ESTIMABLE_WITH_WARNINGS"
"S09_D20A_NO_VCF0839","NO_VCF0839",2012,"VCF0806--VCF9223","VCF0806","VCF9223",0.0150369312245018,0.0216962680104604,TRUE,TRUE,"POSITIVE","POSITIVE",0.00665933678595864,0.00665933678595864,FALSE,FALSE,"UNCHANGED","ESTIMABLE_WITH_WARNINGS"
"S09_D20A_NO_VCF0839","NO_VCF0839",2012,"VCF0809--VCF9223","VCF0809","VCF9223",-0.0228829782209999,-0.0173635641671834,TRUE,TRUE,"NEGATIVE","NEGATIVE",0.00551941405381651,0.00551941405381651,FALSE,FALSE,"UNCHANGED","ESTIMABLE_WITH_WARNINGS"
"S09_D20A_NO_VCF0839","NO_VCF0839",2012,"VCF0838--VCF9223","VCF0838","VCF9223",0.11975354377938,0.119653848605077,TRUE,TRUE,"POSITIVE","POSITIVE",-9.96951743031105e-05,9.96951743031105e-05,FALSE,FALSE,"UNCHANGED","ESTIMABLE_WITH_WARNINGS"
"S09_D20A_NO_VCF0839","NO_VCF0839",2012,"VCF0879a--VCF9223","VCF0879a","VCF9223",0.469833727138572,0.470344719276589,TRUE,TRUE,"POSITIVE","POSITIVE",0.000510992138017863,0.000510992138017863,FALSE,FALSE,"UNCHANGED","ESTIMABLE_WITH_WARNINGS"
"S09_D20A_NO_VCF0839","NO_VCF0839",2012,"VCF0888--VCF9223","VCF0888","VCF9223",-0.0713228146329072,-0.0700488725982421,TRUE,TRUE,"NEGATIVE","NEGATIVE",0.00127394203466506,0.00127394203466506,FALSE,FALSE,"UNCHANGED","ESTIMABLE_WITH_WARNINGS"
"S09_D20A_NO_VCF0839","NO_VCF0839",2012,"VCF0890--VCF9223","VCF0890","VCF9223",0.0384970135041746,0.0457215872214198,TRUE,TRUE,"POSITIVE","POSITIVE",0.00722457371724526,0.00722457371724526,FALSE,FALSE,"UNCHANGED","ESTIMABLE_WITH_WARNINGS"
"S09_D20A_NO_VCF0839","NO_VCF0839",2012,"VCF0894--VCF9223","VCF0894","VCF9223",-0.00920298803560992,0,TRUE,FALSE,"NEGATIVE","ZERO",0.00920298803560992,0.00920298803560992,TRUE,FALSE,"CHANGED","ESTIMABLE_WITH_WARNINGS"
"S09_D20A_NO_VCF0839","NO_VCF0839",2016,"VCF0806--VCF0809","VCF0806","VCF0809",0.357600675012053,0.415897235784675,TRUE,TRUE,"POSITIVE","POSITIVE",0.058296560772622,0.058296560772622,FALSE,FALSE,"UNCHANGED","ESTIMABLE_WITH_WARNINGS"
"S09_D20A_NO_VCF0839","NO_VCF0839",2016,"VCF0806--VCF0838","VCF0806","VCF0838",0.181921384698232,0.198267072515641,TRUE,TRUE,"POSITIVE","POSITIVE",0.0163456878174093,0.0163456878174093,FALSE,FALSE,"UNCHANGED","ESTIMABLE_WITH_WARNINGS"
"S09_D20A_NO_VCF0839","NO_VCF0839",2016,"VCF0809--VCF0838","VCF0809","VCF0838",-0.0734135665583111,-0.0615717327428483,TRUE,TRUE,"NEGATIVE","NEGATIVE",0.0118418338154628,0.0118418338154628,FALSE,FALSE,"UNCHANGED","ESTIMABLE_WITH_WARNINGS"
"S09_D20A_NO_VCF0839","NO_VCF0839",2016,"VCF0806--VCF0879a","VCF0806","VCF0879a",0.0658181576864972,0.0670574458575176,TRUE,TRUE,"POSITIVE","POSITIVE",0.00123928817102034,0.00123928817102034,FALSE,FALSE,"UNCHANGED","ESTIMABLE_WITH_WARNINGS"
"S09_D20A_NO_VCF0839","NO_VCF0839",2016,"VCF0809--VCF0879a","VCF0809","VCF0879a",0,0,FALSE,FALSE,"ZERO","ZERO",0,0,FALSE,FALSE,"UNCHANGED","ESTIMABLE_WITH_WARNINGS"
"S09_D20A_NO_VCF0839","NO_VCF0839",2016,"VCF0838--VCF0879a","VCF0838","VCF0879a",0.0198466846918451,0.0198824475394513,TRUE,TRUE,"POSITIVE","POSITIVE",3.57628476062091e-05,3.57628476062091e-05,FALSE,FALSE,"UNCHANGED","ESTIMABLE_WITH_WARNINGS"
"S09_D20A_NO_VCF0839","NO_VCF0839",2016,"VCF0806--VCF0888","VCF0806","VCF0888",-0.0783115642198743,-0.0692436169125115,TRUE,TRUE,"NEGATIVE","NEGATIVE",0.00906794730736275,0.00906794730736275,FALSE,FALSE,"UNCHANGED","ESTIMABLE_WITH_WARNINGS"
"S09_D20A_NO_VCF0839","NO_VCF0839",2016,"VCF0809--VCF0888","VCF0809","VCF0888",0,0,FALSE,FALSE,"ZERO","ZERO",0,0,FALSE,FALSE,"UNCHANGED","ESTIMABLE_WITH_WARNINGS"
"S09_D20A_NO_VCF0839","NO_VCF0839",2016,"VCF0838--VCF0888","VCF0838","VCF0888",-0.101292565988874,-0.0997380042471398,TRUE,TRUE,"NEGATIVE","NEGATIVE",0.00155456174173403,0.00155456174173403,FALSE,FALSE,"UNCHANGED","ESTIMABLE_WITH_WARNINGS"
"S09_D20A_NO_VCF0839","NO_VCF0839",2016,"VCF0879a--VCF0888","VCF0879a","VCF0888",-0.090754153248673,-0.0908303204146121,TRUE,TRUE,"NEGATIVE","NEGATIVE",-7.61671659390839e-05,7.61671659390839e-05,FALSE,FALSE,"UNCHANGED","ESTIMABLE_WITH_WARNINGS"
"S09_D20A_NO_VCF0839","NO_VCF0839",2016,"VCF0806--VCF0890","VCF0806","VCF0890",0.0590306809790036,0.1096896019641,TRUE,TRUE,"POSITIVE","POSITIVE",0.0506589209850964,0.0506589209850964,FALSE,FALSE,"UNCHANGED","ESTIMABLE_WITH_WARNINGS"
"S09_D20A_NO_VCF0839","NO_VCF0839",2016,"VCF0809--VCF0890","VCF0809","VCF0890",0.052471021635499,0.112869350007638,TRUE,TRUE,"POSITIVE","POSITIVE",0.0603983283721387,0.0603983283721387,FALSE,FALSE,"UNCHANGED","ESTIMABLE_WITH_WARNINGS"
"S09_D20A_NO_VCF0839","NO_VCF0839",2016,"VCF0838--VCF0890","VCF0838","VCF0890",0.108612599323994,0.128276605924098,TRUE,TRUE,"POSITIVE","POSITIVE",0.0196640066001039,0.0196640066001039,FALSE,FALSE,"UNCHANGED","ESTIMABLE_WITH_WARNINGS"
"S09_D20A_NO_VCF0839","NO_VCF0839",2016,"VCF0879a--VCF0890","VCF0879a","VCF0890",0.0141694491107246,0.0146110019466922,TRUE,TRUE,"POSITIVE","POSITIVE",0.000441552835967614,0.000441552835967614,FALSE,FALSE,"UNCHANGED","ESTIMABLE_WITH_WARNINGS"
"S09_D20A_NO_VCF0839","NO_VCF0839",2016,"VCF0888--VCF0890","VCF0888","VCF0890",0.215890208797959,0.232899157616158,TRUE,TRUE,"POSITIVE","POSITIVE",0.0170089488181989,0.0170089488181989,FALSE,FALSE,"UNCHANGED","ESTIMABLE_WITH_WARNINGS"
"S09_D20A_NO_VCF0839","NO_VCF0839",2016,"VCF0806--VCF0894","VCF0806","VCF0894",0.114332152702858,0.191505315330828,TRUE,TRUE,"POSITIVE","POSITIVE",0.0771731626279703,0.0771731626279703,FALSE,FALSE,"UNCHANGED","ESTIMABLE_WITH_WARNINGS"
"S09_D20A_NO_VCF0839","NO_VCF0839",2016,"VCF0809--VCF0894","VCF0809","VCF0894",0.173766642629694,0.26583888305347,TRUE,TRUE,"POSITIVE","POSITIVE",0.0920722404237761,0.0920722404237761,FALSE,FALSE,"UNCHANGED","ESTIMABLE_WITH_WARNINGS"
"S09_D20A_NO_VCF0839","NO_VCF0839",2016,"VCF0838--VCF0894","VCF0838","VCF0894",0.0364902033127705,0.0611035140812883,TRUE,TRUE,"POSITIVE","POSITIVE",0.0246133107685178,0.0246133107685178,FALSE,FALSE,"UNCHANGED","ESTIMABLE_WITH_WARNINGS"
"S09_D20A_NO_VCF0839","NO_VCF0839",2016,"VCF0879a--VCF0894","VCF0879a","VCF0894",0.227269099451679,0.240745710860957,TRUE,TRUE,"POSITIVE","POSITIVE",0.0134766114092786,0.0134766114092786,FALSE,FALSE,"UNCHANGED","ESTIMABLE_WITH_WARNINGS"
"S09_D20A_NO_VCF0839","NO_VCF0839",2016,"VCF0888--VCF0894","VCF0888","VCF0894",-0.0630943703683428,-0.0517798044420026,TRUE,TRUE,"NEGATIVE","NEGATIVE",0.0113145659263403,0.0113145659263403,FALSE,FALSE,"UNCHANGED","ESTIMABLE_WITH_WARNINGS"
"S09_D20A_NO_VCF0839","NO_VCF0839",2016,"VCF0890--VCF0894","VCF0890","VCF0894",0.122481274464188,0.220417288344066,TRUE,TRUE,"POSITIVE","POSITIVE",0.0979360138798785,0.0979360138798785,FALSE,FALSE,"UNCHANGED","ESTIMABLE_WITH_WARNINGS"
"S09_D20A_NO_VCF0839","NO_VCF0839",2016,"VCF0806--VCF9223","VCF0806","VCF9223",0.0186252735363306,0.0242618204462971,TRUE,TRUE,"POSITIVE","POSITIVE",0.00563654690996655,0.00563654690996655,FALSE,FALSE,"UNCHANGED","ESTIMABLE_WITH_WARNINGS"
"S09_D20A_NO_VCF0839","NO_VCF0839",2016,"VCF0809--VCF9223","VCF0809","VCF9223",0,0,FALSE,FALSE,"ZERO","ZERO",0,0,FALSE,FALSE,"UNCHANGED","ESTIMABLE_WITH_WARNINGS"
"S09_D20A_NO_VCF0839","NO_VCF0839",2016,"VCF0838--VCF9223","VCF0838","VCF9223",0.143965510367613,0.145211399378798,TRUE,TRUE,"POSITIVE","POSITIVE",0.00124588901118577,0.00124588901118577,FALSE,FALSE,"UNCHANGED","ESTIMABLE_WITH_WARNINGS"
"S09_D20A_NO_VCF0839","NO_VCF0839",2016,"VCF0879a--VCF9223","VCF0879a","VCF9223",0.440934290526284,0.441042562709701,TRUE,TRUE,"POSITIVE","POSITIVE",0.000108272183416969,0.000108272183416969,FALSE,FALSE,"UNCHANGED","ESTIMABLE_WITH_WARNINGS"
"S09_D20A_NO_VCF0839","NO_VCF0839",2016,"VCF0888--VCF9223","VCF0888","VCF9223",-0.113633115156834,-0.113042771705796,TRUE,TRUE,"NEGATIVE","NEGATIVE",0.000590343451038006,0.000590343451038006,FALSE,FALSE,"UNCHANGED","ESTIMABLE_WITH_WARNINGS"
"S09_D20A_NO_VCF0839","NO_VCF0839",2016,"VCF0890--VCF9223","VCF0890","VCF9223",0.0887466384157413,0.0965605858146238,TRUE,TRUE,"POSITIVE","POSITIVE",0.00781394739888254,0.00781394739888254,FALSE,FALSE,"UNCHANGED","ESTIMABLE_WITH_WARNINGS"
"S09_D20A_NO_VCF0839","NO_VCF0839",2016,"VCF0894--VCF9223","VCF0894","VCF9223",0.0127258634156021,0.0210127020094973,TRUE,TRUE,"POSITIVE","POSITIVE",0.00828683859389523,0.00828683859389523,FALSE,FALSE,"UNCHANGED","ESTIMABLE_WITH_WARNINGS"
"S09_D20A_NO_VCF0839","NO_VCF0839",2020,"VCF0806--VCF0809","VCF0806","VCF0809",0.339019965826395,0.422542659056918,TRUE,TRUE,"POSITIVE","POSITIVE",0.0835226932305231,0.0835226932305231,FALSE,FALSE,"UNCHANGED","ESTIMABLE_WITH_WARNINGS"
"S09_D20A_NO_VCF0839","NO_VCF0839",2020,"VCF0806--VCF0838","VCF0806","VCF0838",0.194720924461167,0.205469270698757,TRUE,TRUE,"POSITIVE","POSITIVE",0.0107483462375897,0.0107483462375897,FALSE,FALSE,"UNCHANGED","ESTIMABLE_WITH_WARNINGS"
"S09_D20A_NO_VCF0839","NO_VCF0839",2020,"VCF0809--VCF0838","VCF0809","VCF0838",0.0284272171043005,0.0364174372819558,TRUE,TRUE,"POSITIVE","POSITIVE",0.00799022017765535,0.00799022017765535,FALSE,FALSE,"UNCHANGED","ESTIMABLE_WITH_WARNINGS"
"S09_D20A_NO_VCF0839","NO_VCF0839",2020,"VCF0806--VCF0879a","VCF0806","VCF0879a",0.0493009287160725,0.0504802280723348,TRUE,TRUE,"POSITIVE","POSITIVE",0.00117929935626233,0.00117929935626233,FALSE,FALSE,"UNCHANGED","ESTIMABLE_WITH_WARNINGS"
"S09_D20A_NO_VCF0839","NO_VCF0839",2020,"VCF0809--VCF0879a","VCF0809","VCF0879a",0.0313461409353886,0.0323553532190321,TRUE,TRUE,"POSITIVE","POSITIVE",0.00100921228364351,0.00100921228364351,FALSE,FALSE,"UNCHANGED","ESTIMABLE_WITH_WARNINGS"
"S09_D20A_NO_VCF0839","NO_VCF0839",2020,"VCF0838--VCF0879a","VCF0838","VCF0879a",0.00382478480854227,0.00366472197394739,TRUE,TRUE,"POSITIVE","POSITIVE",-0.000160062834594874,0.000160062834594874,FALSE,FALSE,"UNCHANGED","ESTIMABLE_WITH_WARNINGS"
"S09_D20A_NO_VCF0839","NO_VCF0839",2020,"VCF0806--VCF0888","VCF0806","VCF0888",-0.142066445791472,-0.142344161115391,TRUE,TRUE,"NEGATIVE","NEGATIVE",-0.000277715323919375,0.000277715323919375,FALSE,FALSE,"UNCHANGED","ESTIMABLE_WITH_WARNINGS"
"S09_D20A_NO_VCF0839","NO_VCF0839",2020,"VCF0809--VCF0888","VCF0809","VCF0888",-0.0260092667248852,-0.0228826892098289,TRUE,TRUE,"NEGATIVE","NEGATIVE",0.00312657751505623,0.00312657751505623,FALSE,FALSE,"UNCHANGED","ESTIMABLE_WITH_WARNINGS"
"S09_D20A_NO_VCF0839","NO_VCF0839",2020,"VCF0838--VCF0888","VCF0838","VCF0888",-0.184835629335573,-0.184993690564904,TRUE,TRUE,"NEGATIVE","NEGATIVE",-0.000158061229330458,0.000158061229330458,FALSE,FALSE,"UNCHANGED","ESTIMABLE_WITH_WARNINGS"
"S09_D20A_NO_VCF0839","NO_VCF0839",2020,"VCF0879a--VCF0888","VCF0879a","VCF0888",-0.169847882148041,-0.170061096630824,TRUE,TRUE,"NEGATIVE","NEGATIVE",-0.000213214482783719,0.000213214482783719,FALSE,FALSE,"UNCHANGED","ESTIMABLE_WITH_WARNINGS"
"S09_D20A_NO_VCF0839","NO_VCF0839",2020,"VCF0806--VCF0890","VCF0806","VCF0890",0.0572874494519452,0.114778815123266,TRUE,TRUE,"POSITIVE","POSITIVE",0.0574913656713211,0.0574913656713211,FALSE,FALSE,"UNCHANGED","ESTIMABLE_WITH_WARNINGS"
"S09_D20A_NO_VCF0839","NO_VCF0839",2020,"VCF0809--VCF0890","VCF0809","VCF0890",0.0975118954026813,0.170820459224427,TRUE,TRUE,"POSITIVE","POSITIVE",0.0733085638217455,0.0733085638217455,FALSE,FALSE,"UNCHANGED","ESTIMABLE_WITH_WARNINGS"
"S09_D20A_NO_VCF0839","NO_VCF0839",2020,"VCF0838--VCF0890","VCF0838","VCF0890",0.139154682441411,0.149970202453094,TRUE,TRUE,"POSITIVE","POSITIVE",0.0108155200116826,0.0108155200116826,FALSE,FALSE,"UNCHANGED","ESTIMABLE_WITH_WARNINGS"
"S09_D20A_NO_VCF0839","NO_VCF0839",2020,"VCF0879a--VCF0890","VCF0879a","VCF0890",0.0240302065982658,0.0250487027901088,TRUE,TRUE,"POSITIVE","POSITIVE",0.00101849619184292,0.00101849619184292,FALSE,FALSE,"UNCHANGED","ESTIMABLE_WITH_WARNINGS"
"S09_D20A_NO_VCF0839","NO_VCF0839",2020,"VCF0888--VCF0890","VCF0888","VCF0890",0.152332665756861,0.162712781155201,TRUE,TRUE,"POSITIVE","POSITIVE",0.0103801153983396,0.0103801153983396,FALSE,FALSE,"UNCHANGED","ESTIMABLE_WITH_WARNINGS"
"S09_D20A_NO_VCF0839","NO_VCF0839",2020,"VCF0806--VCF0894","VCF0806","VCF0894",0.0796373739812811,0.140491796936395,TRUE,TRUE,"POSITIVE","POSITIVE",0.060854422955114,0.060854422955114,FALSE,FALSE,"UNCHANGED","ESTIMABLE_WITH_WARNINGS"
"S09_D20A_NO_VCF0839","NO_VCF0839",2020,"VCF0809--VCF0894","VCF0809","VCF0894",0.167624716218426,0.249011454288521,TRUE,TRUE,"POSITIVE","POSITIVE",0.0813867380700951,0.0813867380700951,FALSE,FALSE,"UNCHANGED","ESTIMABLE_WITH_WARNINGS"
"S09_D20A_NO_VCF0839","NO_VCF0839",2020,"VCF0838--VCF0894","VCF0838","VCF0894",0.0578781092811031,0.0660610108366092,TRUE,TRUE,"POSITIVE","POSITIVE",0.00818290155550618,0.00818290155550618,FALSE,FALSE,"UNCHANGED","ESTIMABLE_WITH_WARNINGS"
"S09_D20A_NO_VCF0839","NO_VCF0839",2020,"VCF0879a--VCF0894","VCF0879a","VCF0894",0.220780809671857,0.227721310635707,TRUE,TRUE,"POSITIVE","POSITIVE",0.00694050096384913,0.00694050096384913,FALSE,FALSE,"UNCHANGED","ESTIMABLE_WITH_WARNINGS"
"S09_D20A_NO_VCF0839","NO_VCF0839",2020,"VCF0888--VCF0894","VCF0888","VCF0894",-0.068233730564378,-0.0668099146730232,TRUE,TRUE,"NEGATIVE","NEGATIVE",0.0014238158913548,0.0014238158913548,FALSE,FALSE,"UNCHANGED","ESTIMABLE_WITH_WARNINGS"
"S09_D20A_NO_VCF0839","NO_VCF0839",2020,"VCF0890--VCF0894","VCF0890","VCF0894",0.155260312714881,0.225909350368293,TRUE,TRUE,"POSITIVE","POSITIVE",0.0706490376534121,0.0706490376534121,FALSE,FALSE,"UNCHANGED","ESTIMABLE_WITH_WARNINGS"
"S09_D20A_NO_VCF0839","NO_VCF0839",2020,"VCF0806--VCF9223","VCF0806","VCF9223",0.0242233695850124,0.0246054039954556,TRUE,TRUE,"POSITIVE","POSITIVE",0.000382034410443148,0.000382034410443148,FALSE,FALSE,"UNCHANGED","ESTIMABLE_WITH_WARNINGS"
"S09_D20A_NO_VCF0839","NO_VCF0839",2020,"VCF0809--VCF9223","VCF0809","VCF9223",0,0,FALSE,FALSE,"ZERO","ZERO",0,0,FALSE,FALSE,"UNCHANGED","ESTIMABLE_WITH_WARNINGS"
"S09_D20A_NO_VCF0839","NO_VCF0839",2020,"VCF0838--VCF9223","VCF0838","VCF9223",0.142161290526218,0.142218227306472,TRUE,TRUE,"POSITIVE","POSITIVE",5.6936780254202e-05,5.6936780254202e-05,FALSE,FALSE,"UNCHANGED","ESTIMABLE_WITH_WARNINGS"
"S09_D20A_NO_VCF0839","NO_VCF0839",2020,"VCF0879a--VCF9223","VCF0879a","VCF9223",0.436152559373321,0.436449446642546,TRUE,TRUE,"POSITIVE","POSITIVE",0.000296887269225721,0.000296887269225721,FALSE,FALSE,"UNCHANGED","ESTIMABLE_WITH_WARNINGS"
"S09_D20A_NO_VCF0839","NO_VCF0839",2020,"VCF0888--VCF9223","VCF0888","VCF9223",-0.11192935869046,-0.11218400515105,TRUE,TRUE,"NEGATIVE","NEGATIVE",-0.000254646460589855,0.000254646460589855,FALSE,FALSE,"UNCHANGED","ESTIMABLE_WITH_WARNINGS"
"S09_D20A_NO_VCF0839","NO_VCF0839",2020,"VCF0890--VCF9223","VCF0890","VCF9223",0.101132031781839,0.10431016751745,TRUE,TRUE,"POSITIVE","POSITIVE",0.00317813573561125,0.00317813573561125,FALSE,FALSE,"UNCHANGED","ESTIMABLE_WITH_WARNINGS"
"S09_D20A_NO_VCF0839","NO_VCF0839",2020,"VCF0894--VCF9223","VCF0894","VCF9223",0,0,FALSE,FALSE,"ZERO","ZERO",0,0,FALSE,FALSE,"UNCHANGED","ESTIMABLE_WITH_WARNINGS"
"S09_D20A_NO_VCF0839","NO_VCF0839",2024,"VCF0806--VCF0809","VCF0806","VCF0809",0.286446415679923,0.355036968628297,TRUE,TRUE,"POSITIVE","POSITIVE",0.0685905529483733,0.0685905529483733,FALSE,FALSE,"UNCHANGED","ESTIMABLE_WITH_WARNINGS"
"S09_D20A_NO_VCF0839","NO_VCF0839",2024,"VCF0806--VCF0838","VCF0806","VCF0838",0.0969823508352493,0.115578952310898,TRUE,TRUE,"POSITIVE","POSITIVE",0.0185966014756491,0.0185966014756491,FALSE,FALSE,"UNCHANGED","ESTIMABLE_WITH_WARNINGS"
"S09_D20A_NO_VCF0839","NO_VCF0839",2024,"VCF0809--VCF0838","VCF0809","VCF0838",0.081819208318309,0.114070157237335,TRUE,TRUE,"POSITIVE","POSITIVE",0.0322509489190261,0.0322509489190261,FALSE,FALSE,"UNCHANGED","ESTIMABLE_WITH_WARNINGS"
"S09_D20A_NO_VCF0839","NO_VCF0839",2024,"VCF0806--VCF0879a","VCF0806","VCF0879a",0.00263679822443648,0.00262738433357306,TRUE,TRUE,"POSITIVE","POSITIVE",-9.41389086341971e-06,9.41389086341971e-06,FALSE,FALSE,"UNCHANGED","ESTIMABLE_WITH_WARNINGS"
"S09_D20A_NO_VCF0839","NO_VCF0839",2024,"VCF0809--VCF0879a","VCF0809","VCF0879a",0,0,FALSE,FALSE,"ZERO","ZERO",0,0,FALSE,FALSE,"UNCHANGED","ESTIMABLE_WITH_WARNINGS"
"S09_D20A_NO_VCF0839","NO_VCF0839",2024,"VCF0838--VCF0879a","VCF0838","VCF0879a",0.020217806487761,0.0202708083415264,TRUE,TRUE,"POSITIVE","POSITIVE",5.30018537654338e-05,5.30018537654338e-05,FALSE,FALSE,"UNCHANGED","ESTIMABLE_WITH_WARNINGS"
"S09_D20A_NO_VCF0839","NO_VCF0839",2024,"VCF0806--VCF0888","VCF0806","VCF0888",-0.115991969116665,-0.125381131815754,TRUE,TRUE,"NEGATIVE","NEGATIVE",-0.00938916269908982,0.00938916269908982,FALSE,FALSE,"UNCHANGED","ESTIMABLE_WITH_WARNINGS"
"S09_D20A_NO_VCF0839","NO_VCF0839",2024,"VCF0809--VCF0888","VCF0809","VCF0888",-0.0352736970916302,-0.049516219296161,TRUE,TRUE,"NEGATIVE","NEGATIVE",-0.0142425222045308,0.0142425222045308,FALSE,FALSE,"UNCHANGED","ESTIMABLE_WITH_WARNINGS"
"S09_D20A_NO_VCF0839","NO_VCF0839",2024,"VCF0838--VCF0888","VCF0838","VCF0888",-0.118991017033197,-0.12382263629004,TRUE,TRUE,"NEGATIVE","NEGATIVE",-0.00483161925684306,0.00483161925684306,FALSE,FALSE,"UNCHANGED","ESTIMABLE_WITH_WARNINGS"
"S09_D20A_NO_VCF0839","NO_VCF0839",2024,"VCF0879a--VCF0888","VCF0879a","VCF0888",-0.121405830251357,-0.12165591266276,TRUE,TRUE,"NEGATIVE","NEGATIVE",-0.000250082411403382,0.000250082411403382,FALSE,FALSE,"UNCHANGED","ESTIMABLE_WITH_WARNINGS"
"S09_D20A_NO_VCF0839","NO_VCF0839",2024,"VCF0806--VCF0890","VCF0806","VCF0890",0.0935194910662682,0.147293758091163,TRUE,TRUE,"POSITIVE","POSITIVE",0.0537742670248951,0.0537742670248951,FALSE,FALSE,"UNCHANGED","ESTIMABLE_WITH_WARNINGS"
"S09_D20A_NO_VCF0839","NO_VCF0839",2024,"VCF0809--VCF0890","VCF0809","VCF0890",0.0707344951564464,0.158135924571958,TRUE,TRUE,"POSITIVE","POSITIVE",0.0874014294155117,0.0874014294155117,FALSE,FALSE,"UNCHANGED","ESTIMABLE_WITH_WARNINGS"
"S09_D20A_NO_VCF0839","NO_VCF0839",2024,"VCF0838--VCF0890","VCF0838","VCF0890",0.101584072151753,0.132507247417901,TRUE,TRUE,"POSITIVE","POSITIVE",0.0309231752661484,0.0309231752661484,FALSE,FALSE,"UNCHANGED","ESTIMABLE_WITH_WARNINGS"
"S09_D20A_NO_VCF0839","NO_VCF0839",2024,"VCF0879a--VCF0890","VCF0879a","VCF0890",0.0186928727184489,0.0195571136692417,TRUE,TRUE,"POSITIVE","POSITIVE",0.000864240950792895,0.000864240950792895,FALSE,FALSE,"UNCHANGED","ESTIMABLE_WITH_WARNINGS"
"S09_D20A_NO_VCF0839","NO_VCF0839",2024,"VCF0888--VCF0890","VCF0888","VCF0890",0.202850964978324,0.200185225121808,TRUE,TRUE,"POSITIVE","POSITIVE",-0.00266573985651553,0.00266573985651553,FALSE,FALSE,"UNCHANGED","ESTIMABLE_WITH_WARNINGS"
"S09_D20A_NO_VCF0839","NO_VCF0839",2024,"VCF0806--VCF0894","VCF0806","VCF0894",0.115925421886945,0.157776640905627,TRUE,TRUE,"POSITIVE","POSITIVE",0.0418512190186817,0.0418512190186817,FALSE,FALSE,"UNCHANGED","ESTIMABLE_WITH_WARNINGS"
"S09_D20A_NO_VCF0839","NO_VCF0839",2024,"VCF0809--VCF0894","VCF0809","VCF0894",0.158881201459168,0.232314726808771,TRUE,TRUE,"POSITIVE","POSITIVE",0.0734335253496023,0.0734335253496023,FALSE,FALSE,"UNCHANGED","ESTIMABLE_WITH_WARNINGS"
"S09_D20A_NO_VCF0839","NO_VCF0839",2024,"VCF0838--VCF0894","VCF0838","VCF0894",0.0597191234757199,0.0816376484374306,TRUE,TRUE,"POSITIVE","POSITIVE",0.0219185249617107,0.0219185249617107,FALSE,FALSE,"UNCHANGED","ESTIMABLE_WITH_WARNINGS"
"S09_D20A_NO_VCF0839","NO_VCF0839",2024,"VCF0879a--VCF0894","VCF0879a","VCF0894",0.117685330392291,0.120341905714516,TRUE,TRUE,"POSITIVE","POSITIVE",0.00265657532222482,0.00265657532222482,FALSE,FALSE,"UNCHANGED","ESTIMABLE_WITH_WARNINGS"
"S09_D20A_NO_VCF0839","NO_VCF0839",2024,"VCF0888--VCF0894","VCF0888","VCF0894",-0.0305512817079149,-0.0405475293380369,TRUE,TRUE,"NEGATIVE","NEGATIVE",-0.00999624763012201,0.00999624763012201,FALSE,FALSE,"UNCHANGED","ESTIMABLE_WITH_WARNINGS"
"S09_D20A_NO_VCF0839","NO_VCF0839",2024,"VCF0890--VCF0894","VCF0890","VCF0894",0.24336732785639,0.31753868327705,TRUE,TRUE,"POSITIVE","POSITIVE",0.0741713554206601,0.0741713554206601,FALSE,FALSE,"UNCHANGED","ESTIMABLE_WITH_WARNINGS"
"S09_D20A_NO_VCF0839","NO_VCF0839",2024,"VCF0806--VCF9223","VCF0806","VCF9223",0.103479021160507,0.106042012340675,TRUE,TRUE,"POSITIVE","POSITIVE",0.00256299118016783,0.00256299118016783,FALSE,FALSE,"UNCHANGED","ESTIMABLE_WITH_WARNINGS"
"S09_D20A_NO_VCF0839","NO_VCF0839",2024,"VCF0809--VCF9223","VCF0809","VCF9223",0,0,FALSE,FALSE,"ZERO","ZERO",0,0,FALSE,FALSE,"UNCHANGED","ESTIMABLE_WITH_WARNINGS"
"S09_D20A_NO_VCF0839","NO_VCF0839",2024,"VCF0838--VCF9223","VCF0838","VCF9223",0.255748972788864,0.257443235221265,TRUE,TRUE,"POSITIVE","POSITIVE",0.00169426243240067,0.00169426243240067,FALSE,FALSE,"UNCHANGED","ESTIMABLE_WITH_WARNINGS"
"S09_D20A_NO_VCF0839","NO_VCF0839",2024,"VCF0879a--VCF9223","VCF0879a","VCF9223",0.256573200491974,0.256681504596511,TRUE,TRUE,"POSITIVE","POSITIVE",0.000108304104537105,0.000108304104537105,FALSE,FALSE,"UNCHANGED","ESTIMABLE_WITH_WARNINGS"
"S09_D20A_NO_VCF0839","NO_VCF0839",2024,"VCF0888--VCF9223","VCF0888","VCF9223",-0.145761836891145,-0.146271488383801,TRUE,TRUE,"NEGATIVE","NEGATIVE",-0.000509651492655916,0.000509651492655916,FALSE,FALSE,"UNCHANGED","ESTIMABLE_WITH_WARNINGS"
"S09_D20A_NO_VCF0839","NO_VCF0839",2024,"VCF0890--VCF9223","VCF0890","VCF9223",0.0975600014349317,0.102620937377202,TRUE,TRUE,"POSITIVE","POSITIVE",0.00506093594227042,0.00506093594227042,FALSE,FALSE,"UNCHANGED","ESTIMABLE_WITH_WARNINGS"
"S09_D20A_NO_VCF0839","NO_VCF0839",2024,"VCF0894--VCF9223","VCF0894","VCF9223",0.0723685538416249,0.074954295662284,TRUE,TRUE,"POSITIVE","POSITIVE",0.0025857418206591,0.0025857418206591,FALSE,FALSE,"UNCHANGED","ESTIMABLE_WITH_WARNINGS"
"S09_D15_WEIGHT","W_CDF",2004,"VCF0806--VCF0809","VCF0806","VCF0809",0.37199407703599,0.378391668528793,TRUE,TRUE,"POSITIVE","POSITIVE",0.00639759149280339,0.00639759149280339,FALSE,FALSE,"UNCHANGED","REUSED_VALIDATED_POINT_NETWORK"
"S09_D15_WEIGHT","W_CDF",2004,"VCF0806--VCF0838","VCF0806","VCF0838",0,0,FALSE,FALSE,"ZERO","ZERO",0,0,FALSE,FALSE,"UNCHANGED","REUSED_VALIDATED_POINT_NETWORK"
"S09_D15_WEIGHT","W_CDF",2004,"VCF0809--VCF0838","VCF0809","VCF0838",0.055711694432488,0.0543235686249798,TRUE,TRUE,"POSITIVE","POSITIVE",-0.00138812580750821,0.00138812580750821,FALSE,FALSE,"UNCHANGED","REUSED_VALIDATED_POINT_NETWORK"
"S09_D15_WEIGHT","W_CDF",2004,"VCF0806--VCF0839","VCF0806","VCF0839",0.202102045526152,0.167436579518275,TRUE,TRUE,"POSITIVE","POSITIVE",-0.0346654660078776,0.0346654660078776,FALSE,FALSE,"UNCHANGED","REUSED_VALIDATED_POINT_NETWORK"
"S09_D15_WEIGHT","W_CDF",2004,"VCF0809--VCF0839","VCF0809","VCF0839",0.109000188940431,0.0804751104494008,TRUE,TRUE,"POSITIVE","POSITIVE",-0.0285250784910303,0.0285250784910303,FALSE,FALSE,"UNCHANGED","REUSED_VALIDATED_POINT_NETWORK"
"S09_D15_WEIGHT","W_CDF",2004,"VCF0838--VCF0839","VCF0838","VCF0839",0.0766442393357764,0.0371780036524478,TRUE,TRUE,"POSITIVE","POSITIVE",-0.0394662356833287,0.0394662356833287,FALSE,FALSE,"UNCHANGED","REUSED_VALIDATED_POINT_NETWORK"
"S09_D15_WEIGHT","W_CDF",2004,"VCF0806--VCF0879a","VCF0806","VCF0879a",0.0181396986119873,0.0365951851176204,TRUE,TRUE,"POSITIVE","POSITIVE",0.0184554865056331,0.0184554865056331,FALSE,FALSE,"UNCHANGED","REUSED_VALIDATED_POINT_NETWORK"
"S09_D15_WEIGHT","W_CDF",2004,"VCF0809--VCF0879a","VCF0809","VCF0879a",0,0,FALSE,FALSE,"ZERO","ZERO",0,0,FALSE,FALSE,"UNCHANGED","REUSED_VALIDATED_POINT_NETWORK"
"S09_D15_WEIGHT","W_CDF",2004,"VCF0838--VCF0879a","VCF0838","VCF0879a",0,0,FALSE,FALSE,"ZERO","ZERO",0,0,FALSE,FALSE,"UNCHANGED","REUSED_VALIDATED_POINT_NETWORK"
"S09_D15_WEIGHT","W_CDF",2004,"VCF0839--VCF0879a","VCF0839","VCF0879a",0,0,FALSE,FALSE,"ZERO","ZERO",0,0,FALSE,FALSE,"UNCHANGED","REUSED_VALIDATED_POINT_NETWORK"
"S09_D15_WEIGHT","W_CDF",2004,"VCF0806--VCF0888","VCF0806","VCF0888",-0.0229081218231701,0,TRUE,FALSE,"NEGATIVE","ZERO",0.0229081218231701,0.0229081218231701,TRUE,FALSE,"CHANGED","REUSED_VALIDATED_POINT_NETWORK"
"S09_D15_WEIGHT","W_CDF",2004,"VCF0809--VCF0888","VCF0809","VCF0888",-0.0294227504442804,-0.0477242046927813,TRUE,TRUE,"NEGATIVE","NEGATIVE",-0.0183014542485009,0.0183014542485009,FALSE,FALSE,"UNCHANGED","REUSED_VALIDATED_POINT_NETWORK"
"S09_D15_WEIGHT","W_CDF",2004,"VCF0838--VCF0888","VCF0838","VCF0888",-0.0374456271586838,0,TRUE,FALSE,"NEGATIVE","ZERO",0.0374456271586838,0.0374456271586838,TRUE,FALSE,"CHANGED","REUSED_VALIDATED_POINT_NETWORK"
"S09_D15_WEIGHT","W_CDF",2004,"VCF0839--VCF0888","VCF0839","VCF0888",0,0,FALSE,FALSE,"ZERO","ZERO",0,0,FALSE,FALSE,"UNCHANGED","REUSED_VALIDATED_POINT_NETWORK"
"S09_D15_WEIGHT","W_CDF",2004,"VCF0879a--VCF0888","VCF0879a","VCF0888",-0.0743041345843866,-0.0956739146889272,TRUE,TRUE,"NEGATIVE","NEGATIVE",-0.0213697801045406,0.0213697801045406,FALSE,FALSE,"UNCHANGED","REUSED_VALIDATED_POINT_NETWORK"
"S09_D15_WEIGHT","W_CDF",2004,"VCF0806--VCF0890","VCF0806","VCF0890",0.112679497729288,0.112618976730467,TRUE,TRUE,"POSITIVE","POSITIVE",-6.05209988206457e-05,6.05209988206457e-05,FALSE,FALSE,"UNCHANGED","REUSED_VALIDATED_POINT_NETWORK"
"S09_D15_WEIGHT","W_CDF",2004,"VCF0809--VCF0890","VCF0809","VCF0890",0.086021602736654,0.133661807752856,TRUE,TRUE,"POSITIVE","POSITIVE",0.0476402050162022,0.0476402050162022,FALSE,FALSE,"UNCHANGED","REUSED_VALIDATED_POINT_NETWORK"
"S09_D15_WEIGHT","W_CDF",2004,"VCF0838--VCF0890","VCF0838","VCF0890",0.0613363217966801,0.06910777858305,TRUE,TRUE,"POSITIVE","POSITIVE",0.0077714567863699,0.0077714567863699,FALSE,FALSE,"UNCHANGED","REUSED_VALIDATED_POINT_NETWORK"
"S09_D15_WEIGHT","W_CDF",2004,"VCF0839--VCF0890","VCF0839","VCF0890",0.302310172712598,0.298137017844355,TRUE,TRUE,"POSITIVE","POSITIVE",-0.00417315486824232,0.00417315486824232,FALSE,FALSE,"UNCHANGED","REUSED_VALIDATED_POINT_NETWORK"
"S09_D15_WEIGHT","W_CDF",2004,"VCF0879a--VCF0890","VCF0879a","VCF0890",0.0499912636732557,0.0460841352243031,TRUE,TRUE,"POSITIVE","POSITIVE",-0.00390712844895251,0.00390712844895251,FALSE,FALSE,"UNCHANGED","REUSED_VALIDATED_POINT_NETWORK"
"S09_D15_WEIGHT","W_CDF",2004,"VCF0888--VCF0890","VCF0888","VCF0890",0.246375316880606,0.260786748573237,TRUE,TRUE,"POSITIVE","POSITIVE",0.0144114316926311,0.0144114316926311,FALSE,FALSE,"UNCHANGED","REUSED_VALIDATED_POINT_NETWORK"
"S09_D15_WEIGHT","W_CDF",2004,"VCF0806--VCF0894","VCF0806","VCF0894",0,0,FALSE,FALSE,"ZERO","ZERO",0,0,FALSE,FALSE,"UNCHANGED","REUSED_VALIDATED_POINT_NETWORK"
"S09_D15_WEIGHT","W_CDF",2004,"VCF0809--VCF0894","VCF0809","VCF0894",0.253193469933843,0.226620333063218,TRUE,TRUE,"POSITIVE","POSITIVE",-0.0265731368706256,0.0265731368706256,FALSE,FALSE,"UNCHANGED","REUSED_VALIDATED_POINT_NETWORK"
"S09_D15_WEIGHT","W_CDF",2004,"VCF0838--VCF0894","VCF0838","VCF0894",0,0,FALSE,FALSE,"ZERO","ZERO",0,0,FALSE,FALSE,"UNCHANGED","REUSED_VALIDATED_POINT_NETWORK"
"S09_D15_WEIGHT","W_CDF",2004,"VCF0839--VCF0894","VCF0839","VCF0894",0.178137225084089,0.199357395143265,TRUE,TRUE,"POSITIVE","POSITIVE",0.0212201700591758,0.0212201700591758,FALSE,FALSE,"UNCHANGED","REUSED_VALIDATED_POINT_NETWORK"
"S09_D15_WEIGHT","W_CDF",2004,"VCF0879a--VCF0894","VCF0879a","VCF0894",0.0872300472315628,0.0908304797550582,TRUE,TRUE,"POSITIVE","POSITIVE",0.00360043252349537,0.00360043252349537,FALSE,FALSE,"UNCHANGED","REUSED_VALIDATED_POINT_NETWORK"
"S09_D15_WEIGHT","W_CDF",2004,"VCF0888--VCF0894","VCF0888","VCF0894",0,0,FALSE,FALSE,"ZERO","ZERO",0,0,FALSE,FALSE,"UNCHANGED","REUSED_VALIDATED_POINT_NETWORK"
"S09_D15_WEIGHT","W_CDF",2004,"VCF0890--VCF0894","VCF0890","VCF0894",0.163619760585957,0.163871133410115,TRUE,TRUE,"POSITIVE","POSITIVE",0.000251372824158325,0.000251372824158325,FALSE,FALSE,"UNCHANGED","REUSED_VALIDATED_POINT_NETWORK"
"S09_D15_WEIGHT","W_CDF",2004,"VCF0806--VCF9223","VCF0806","VCF9223",0,0,FALSE,FALSE,"ZERO","ZERO",0,0,FALSE,FALSE,"UNCHANGED","REUSED_VALIDATED_POINT_NETWORK"
"S09_D15_WEIGHT","W_CDF",2004,"VCF0809--VCF9223","VCF0809","VCF9223",-0.0428131826413368,-0.0522648908546349,TRUE,TRUE,"NEGATIVE","NEGATIVE",-0.00945170821329815,0.00945170821329815,FALSE,FALSE,"UNCHANGED","REUSED_VALIDATED_POINT_NETWORK"
"S09_D15_WEIGHT","W_CDF",2004,"VCF0838--VCF9223","VCF0838","VCF9223",0.0742691350936274,0.099265387576597,TRUE,TRUE,"POSITIVE","POSITIVE",0.0249962524829696,0.0249962524829696,FALSE,FALSE,"UNCHANGED","REUSED_VALIDATED_POINT_NETWORK"
"S09_D15_WEIGHT","W_CDF",2004,"VCF0839--VCF9223","VCF0839","VCF9223",-0.0798569215033069,-0.081246993732437,TRUE,TRUE,"NEGATIVE","NEGATIVE",-0.00139007222913018,0.00139007222913018,FALSE,FALSE,"UNCHANGED","REUSED_VALIDATED_POINT_NETWORK"
"S09_D15_WEIGHT","W_CDF",2004,"VCF0879a--VCF9223","VCF0879a","VCF9223",0.449956286828701,0.43608367994855,TRUE,TRUE,"POSITIVE","POSITIVE",-0.013872606880151,0.013872606880151,FALSE,FALSE,"UNCHANGED","REUSED_VALIDATED_POINT_NETWORK"
"S09_D15_WEIGHT","W_CDF",2004,"VCF0888--VCF9223","VCF0888","VCF9223",-0.0883941487208757,-0.0925425384007912,TRUE,TRUE,"NEGATIVE","NEGATIVE",-0.00414838967991546,0.00414838967991546,FALSE,FALSE,"UNCHANGED","REUSED_VALIDATED_POINT_NETWORK"
"S09_D15_WEIGHT","W_CDF",2004,"VCF0890--VCF9223","VCF0890","VCF9223",0,-0.0121714237225855,FALSE,TRUE,"ZERO","NEGATIVE",-0.0121714237225855,0.0121714237225855,TRUE,FALSE,"CHANGED","REUSED_VALIDATED_POINT_NETWORK"
"S09_D15_WEIGHT","W_CDF",2004,"VCF0894--VCF9223","VCF0894","VCF9223",0,0,FALSE,FALSE,"ZERO","ZERO",0,0,FALSE,FALSE,"UNCHANGED","REUSED_VALIDATED_POINT_NETWORK"
"S09_D15_WEIGHT","W_POST_COMPAT",2004,"VCF0806--VCF0809","VCF0806","VCF0809",0.37199407703599,0.381864316576955,TRUE,TRUE,"POSITIVE","POSITIVE",0.00987023954096511,0.00987023954096511,FALSE,FALSE,"UNCHANGED","REUSED_VALIDATED_POINT_NETWORK"
"S09_D15_WEIGHT","W_POST_COMPAT",2004,"VCF0806--VCF0838","VCF0806","VCF0838",0,0,FALSE,FALSE,"ZERO","ZERO",0,0,FALSE,FALSE,"UNCHANGED","REUSED_VALIDATED_POINT_NETWORK"
"S09_D15_WEIGHT","W_POST_COMPAT",2004,"VCF0809--VCF0838","VCF0809","VCF0838",0.055711694432488,0.0559018436424103,TRUE,TRUE,"POSITIVE","POSITIVE",0.000190149209922351,0.000190149209922351,FALSE,FALSE,"UNCHANGED","REUSED_VALIDATED_POINT_NETWORK"
"S09_D15_WEIGHT","W_POST_COMPAT",2004,"VCF0806--VCF0839","VCF0806","VCF0839",0.202102045526152,0.1681315394684,TRUE,TRUE,"POSITIVE","POSITIVE",-0.0339705060577528,0.0339705060577528,FALSE,FALSE,"UNCHANGED","REUSED_VALIDATED_POINT_NETWORK"
"S09_D15_WEIGHT","W_POST_COMPAT",2004,"VCF0809--VCF0839","VCF0809","VCF0839",0.109000188940431,0.0791147567409841,TRUE,TRUE,"POSITIVE","POSITIVE",-0.029885432199447,0.029885432199447,FALSE,FALSE,"UNCHANGED","REUSED_VALIDATED_POINT_NETWORK"
"S09_D15_WEIGHT","W_POST_COMPAT",2004,"VCF0838--VCF0839","VCF0838","VCF0839",0.0766442393357764,0.0385676560795868,TRUE,TRUE,"POSITIVE","POSITIVE",-0.0380765832561896,0.0380765832561896,FALSE,FALSE,"UNCHANGED","REUSED_VALIDATED_POINT_NETWORK"
"S09_D15_WEIGHT","W_POST_COMPAT",2004,"VCF0806--VCF0879a","VCF0806","VCF0879a",0.0181396986119873,0.0372566381104135,TRUE,TRUE,"POSITIVE","POSITIVE",0.0191169394984261,0.0191169394984261,FALSE,FALSE,"UNCHANGED","REUSED_VALIDATED_POINT_NETWORK"
"S09_D15_WEIGHT","W_POST_COMPAT",2004,"VCF0809--VCF0879a","VCF0809","VCF0879a",0,0,FALSE,FALSE,"ZERO","ZERO",0,0,FALSE,FALSE,"UNCHANGED","REUSED_VALIDATED_POINT_NETWORK"
"S09_D15_WEIGHT","W_POST_COMPAT",2004,"VCF0838--VCF0879a","VCF0838","VCF0879a",0,0,FALSE,FALSE,"ZERO","ZERO",0,0,FALSE,FALSE,"UNCHANGED","REUSED_VALIDATED_POINT_NETWORK"
"S09_D15_WEIGHT","W_POST_COMPAT",2004,"VCF0839--VCF0879a","VCF0839","VCF0879a",0,0,FALSE,FALSE,"ZERO","ZERO",0,0,FALSE,FALSE,"UNCHANGED","REUSED_VALIDATED_POINT_NETWORK"
"S09_D15_WEIGHT","W_POST_COMPAT",2004,"VCF0806--VCF0888","VCF0806","VCF0888",-0.0229081218231701,0,TRUE,FALSE,"NEGATIVE","ZERO",0.0229081218231701,0.0229081218231701,TRUE,FALSE,"CHANGED","REUSED_VALIDATED_POINT_NETWORK"
"S09_D15_WEIGHT","W_POST_COMPAT",2004,"VCF0809--VCF0888","VCF0809","VCF0888",-0.0294227504442804,-0.0471376294239675,TRUE,TRUE,"NEGATIVE","NEGATIVE",-0.0177148789796871,0.0177148789796871,FALSE,FALSE,"UNCHANGED","REUSED_VALIDATED_POINT_NETWORK"
"S09_D15_WEIGHT","W_POST_COMPAT",2004,"VCF0838--VCF0888","VCF0838","VCF0888",-0.0374456271586838,0,TRUE,FALSE,"NEGATIVE","ZERO",0.0374456271586838,0.0374456271586838,TRUE,FALSE,"CHANGED","REUSED_VALIDATED_POINT_NETWORK"
"S09_D15_WEIGHT","W_POST_COMPAT",2004,"VCF0839--VCF0888","VCF0839","VCF0888",0,0,FALSE,FALSE,"ZERO","ZERO",0,0,FALSE,FALSE,"UNCHANGED","REUSED_VALIDATED_POINT_NETWORK"
"S09_D15_WEIGHT","W_POST_COMPAT",2004,"VCF0879a--VCF0888","VCF0879a","VCF0888",-0.0743041345843866,-0.0977798470169959,TRUE,TRUE,"NEGATIVE","NEGATIVE",-0.0234757124326093,0.0234757124326093,FALSE,FALSE,"UNCHANGED","REUSED_VALIDATED_POINT_NETWORK"
"S09_D15_WEIGHT","W_POST_COMPAT",2004,"VCF0806--VCF0890","VCF0806","VCF0890",0.112679497729288,0.113066741783868,TRUE,TRUE,"POSITIVE","POSITIVE",0.000387244054579947,0.000387244054579947,FALSE,FALSE,"UNCHANGED","REUSED_VALIDATED_POINT_NETWORK"
"S09_D15_WEIGHT","W_POST_COMPAT",2004,"VCF0809--VCF0890","VCF0809","VCF0890",0.086021602736654,0.130521165280181,TRUE,TRUE,"POSITIVE","POSITIVE",0.0444995625435269,0.0444995625435269,FALSE,FALSE,"UNCHANGED","REUSED_VALIDATED_POINT_NETWORK"
"S09_D15_WEIGHT","W_POST_COMPAT",2004,"VCF0838--VCF0890","VCF0838","VCF0890",0.0613363217966801,0.0663133212408255,TRUE,TRUE,"POSITIVE","POSITIVE",0.00497699944414544,0.00497699944414544,FALSE,FALSE,"UNCHANGED","REUSED_VALIDATED_POINT_NETWORK"
"S09_D15_WEIGHT","W_POST_COMPAT",2004,"VCF0839--VCF0890","VCF0839","VCF0890",0.302310172712598,0.300770319915866,TRUE,TRUE,"POSITIVE","POSITIVE",-0.00153985279673219,0.00153985279673219,FALSE,FALSE,"UNCHANGED","REUSED_VALIDATED_POINT_NETWORK"
"S09_D15_WEIGHT","W_POST_COMPAT",2004,"VCF0879a--VCF0890","VCF0879a","VCF0890",0.0499912636732557,0.0540548651089651,TRUE,TRUE,"POSITIVE","POSITIVE",0.00406360143570948,0.00406360143570948,FALSE,FALSE,"UNCHANGED","REUSED_VALIDATED_POINT_NETWORK"
"S09_D15_WEIGHT","W_POST_COMPAT",2004,"VCF0888--VCF0890","VCF0888","VCF0890",0.246375316880606,0.26032674543412,TRUE,TRUE,"POSITIVE","POSITIVE",0.0139514285535141,0.0139514285535141,FALSE,FALSE,"UNCHANGED","REUSED_VALIDATED_POINT_NETWORK"
"S09_D15_WEIGHT","W_POST_COMPAT",2004,"VCF0806--VCF0894","VCF0806","VCF0894",0,0,FALSE,FALSE,"ZERO","ZERO",0,0,FALSE,FALSE,"UNCHANGED","REUSED_VALIDATED_POINT_NETWORK"
"S09_D15_WEIGHT","W_POST_COMPAT",2004,"VCF0809--VCF0894","VCF0809","VCF0894",0.253193469933843,0.227243920870231,TRUE,TRUE,"POSITIVE","POSITIVE",-0.0259495490636127,0.0259495490636127,FALSE,FALSE,"UNCHANGED","REUSED_VALIDATED_POINT_NETWORK"
"S09_D15_WEIGHT","W_POST_COMPAT",2004,"VCF0838--VCF0894","VCF0838","VCF0894",0,0,FALSE,FALSE,"ZERO","ZERO",0,0,FALSE,FALSE,"UNCHANGED","REUSED_VALIDATED_POINT_NETWORK"
"S09_D15_WEIGHT","W_POST_COMPAT",2004,"VCF0839--VCF0894","VCF0839","VCF0894",0.178137225084089,0.195030411539934,TRUE,TRUE,"POSITIVE","POSITIVE",0.0168931864558448,0.0168931864558448,FALSE,FALSE,"UNCHANGED","REUSED_VALIDATED_POINT_NETWORK"
"S09_D15_WEIGHT","W_POST_COMPAT",2004,"VCF0879a--VCF0894","VCF0879a","VCF0894",0.0872300472315628,0.0901732041046729,TRUE,TRUE,"POSITIVE","POSITIVE",0.00294315687311007,0.00294315687311007,FALSE,FALSE,"UNCHANGED","REUSED_VALIDATED_POINT_NETWORK"
"S09_D15_WEIGHT","W_POST_COMPAT",2004,"VCF0888--VCF0894","VCF0888","VCF0894",0,0,FALSE,FALSE,"ZERO","ZERO",0,0,FALSE,FALSE,"UNCHANGED","REUSED_VALIDATED_POINT_NETWORK"
"S09_D15_WEIGHT","W_POST_COMPAT",2004,"VCF0890--VCF0894","VCF0890","VCF0894",0.163619760585957,0.165705377711382,TRUE,TRUE,"POSITIVE","POSITIVE",0.00208561712542557,0.00208561712542557,FALSE,FALSE,"UNCHANGED","REUSED_VALIDATED_POINT_NETWORK"
"S09_D15_WEIGHT","W_POST_COMPAT",2004,"VCF0806--VCF9223","VCF0806","VCF9223",0,0,FALSE,FALSE,"ZERO","ZERO",0,0,FALSE,FALSE,"UNCHANGED","REUSED_VALIDATED_POINT_NETWORK"
"S09_D15_WEIGHT","W_POST_COMPAT",2004,"VCF0809--VCF9223","VCF0809","VCF9223",-0.0428131826413368,-0.0545927930808255,TRUE,TRUE,"NEGATIVE","NEGATIVE",-0.0117796104394887,0.0117796104394887,FALSE,FALSE,"UNCHANGED","REUSED_VALIDATED_POINT_NETWORK"
"S09_D15_WEIGHT","W_POST_COMPAT",2004,"VCF0838--VCF9223","VCF0838","VCF9223",0.0742691350936274,0.0991534256605349,TRUE,TRUE,"POSITIVE","POSITIVE",0.0248842905669075,0.0248842905669075,FALSE,FALSE,"UNCHANGED","REUSED_VALIDATED_POINT_NETWORK"
"S09_D15_WEIGHT","W_POST_COMPAT",2004,"VCF0839--VCF9223","VCF0839","VCF9223",-0.0798569215033069,-0.0791193084903994,TRUE,TRUE,"NEGATIVE","NEGATIVE",0.000737613012907465,0.000737613012907465,FALSE,FALSE,"UNCHANGED","REUSED_VALIDATED_POINT_NETWORK"
"S09_D15_WEIGHT","W_POST_COMPAT",2004,"VCF0879a--VCF9223","VCF0879a","VCF9223",0.449956286828701,0.438462686587133,TRUE,TRUE,"POSITIVE","POSITIVE",-0.0114936002415685,0.0114936002415685,FALSE,FALSE,"UNCHANGED","REUSED_VALIDATED_POINT_NETWORK"
"S09_D15_WEIGHT","W_POST_COMPAT",2004,"VCF0888--VCF9223","VCF0888","VCF9223",-0.0883941487208757,-0.0930528792716115,TRUE,TRUE,"NEGATIVE","NEGATIVE",-0.00465873055073585,0.00465873055073585,FALSE,FALSE,"UNCHANGED","REUSED_VALIDATED_POINT_NETWORK"
"S09_D15_WEIGHT","W_POST_COMPAT",2004,"VCF0890--VCF9223","VCF0890","VCF9223",0,-0.0157019051777571,FALSE,TRUE,"ZERO","NEGATIVE",-0.0157019051777571,0.0157019051777571,TRUE,FALSE,"CHANGED","REUSED_VALIDATED_POINT_NETWORK"
"S09_D15_WEIGHT","W_POST_COMPAT",2004,"VCF0894--VCF9223","VCF0894","VCF9223",0,0,FALSE,FALSE,"ZERO","ZERO",0,0,FALSE,FALSE,"UNCHANGED","REUSED_VALIDATED_POINT_NETWORK"
"S09_D15_WEIGHT","W_CDF",2012,"VCF0806--VCF0809","VCF0806","VCF0809",0.303846021908369,0.287413240362113,TRUE,TRUE,"POSITIVE","POSITIVE",-0.0164327815462566,0.0164327815462566,FALSE,FALSE,"UNCHANGED","REUSED_VALIDATED_POINT_NETWORK"
"S09_D15_WEIGHT","W_CDF",2012,"VCF0806--VCF0838","VCF0806","VCF0838",0.163141088733884,0.16737887802968,TRUE,TRUE,"POSITIVE","POSITIVE",0.0042377892957963,0.0042377892957963,FALSE,FALSE,"UNCHANGED","REUSED_VALIDATED_POINT_NETWORK"
"S09_D15_WEIGHT","W_CDF",2012,"VCF0809--VCF0838","VCF0809","VCF0838",0,0,FALSE,FALSE,"ZERO","ZERO",0,0,FALSE,FALSE,"UNCHANGED","REUSED_VALIDATED_POINT_NETWORK"
"S09_D15_WEIGHT","W_CDF",2012,"VCF0806--VCF0839","VCF0806","VCF0839",0.234328527509928,0.239050394525523,TRUE,TRUE,"POSITIVE","POSITIVE",0.00472186701559513,0.00472186701559513,FALSE,FALSE,"UNCHANGED","REUSED_VALIDATED_POINT_NETWORK"
"S09_D15_WEIGHT","W_CDF",2012,"VCF0809--VCF0839","VCF0809","VCF0839",0.189210653527643,0.219598428289407,TRUE,TRUE,"POSITIVE","POSITIVE",0.030387774761764,0.030387774761764,FALSE,FALSE,"UNCHANGED","REUSED_VALIDATED_POINT_NETWORK"
"S09_D15_WEIGHT","W_CDF",2012,"VCF0838--VCF0839","VCF0838","VCF0839",0,0.0241516983368769,FALSE,TRUE,"ZERO","POSITIVE",0.0241516983368769,0.0241516983368769,TRUE,FALSE,"CHANGED","REUSED_VALIDATED_POINT_NETWORK"
"S09_D15_WEIGHT","W_CDF",2012,"VCF0806--VCF0879a","VCF0806","VCF0879a",0.0493033840706338,0.074263310379573,TRUE,TRUE,"POSITIVE","POSITIVE",0.0249599263089392,0.0249599263089392,FALSE,FALSE,"UNCHANGED","REUSED_VALIDATED_POINT_NETWORK"
"S09_D15_WEIGHT","W_CDF",2012,"VCF0809--VCF0879a","VCF0809","VCF0879a",-0.0194987239175984,-0.0443073983608467,TRUE,TRUE,"NEGATIVE","NEGATIVE",-0.0248086744432483,0.0248086744432483,FALSE,FALSE,"UNCHANGED","REUSED_VALIDATED_POINT_NETWORK"
"S09_D15_WEIGHT","W_CDF",2012,"VCF0838--VCF0879a","VCF0838","VCF0879a",0,0,FALSE,FALSE,"ZERO","ZERO",0,0,FALSE,FALSE,"UNCHANGED","REUSED_VALIDATED_POINT_NETWORK"
"S09_D15_WEIGHT","W_CDF",2012,"VCF0839--VCF0879a","VCF0839","VCF0879a",0.0243666958303837,0.00364113221225883,TRUE,TRUE,"POSITIVE","POSITIVE",-0.0207255636181248,0.0207255636181248,FALSE,FALSE,"UNCHANGED","REUSED_VALIDATED_POINT_NETWORK"
"S09_D15_WEIGHT","W_CDF",2012,"VCF0806--VCF0888","VCF0806","VCF0888",-0.023095672005309,0,TRUE,FALSE,"NEGATIVE","ZERO",0.023095672005309,0.023095672005309,TRUE,FALSE,"CHANGED","REUSED_VALIDATED_POINT_NETWORK"
"S09_D15_WEIGHT","W_CDF",2012,"VCF0809--VCF0888","VCF0809","VCF0888",0.0462895145169454,0.0106761060565727,TRUE,TRUE,"POSITIVE","POSITIVE",-0.0356134084603727,0.0356134084603727,FALSE,FALSE,"UNCHANGED","REUSED_VALIDATED_POINT_NETWORK"
"S09_D15_WEIGHT","W_CDF",2012,"VCF0838--VCF0888","VCF0838","VCF0888",-0.111103873701375,-0.136172489449408,TRUE,TRUE,"NEGATIVE","NEGATIVE",-0.0250686157480328,0.0250686157480328,FALSE,FALSE,"UNCHANGED","REUSED_VALIDATED_POINT_NETWORK"
"S09_D15_WEIGHT","W_CDF",2012,"VCF0839--VCF0888","VCF0839","VCF0888",0.0279994439971449,0.052308291700694,TRUE,TRUE,"POSITIVE","POSITIVE",0.0243088477035491,0.0243088477035491,FALSE,FALSE,"UNCHANGED","REUSED_VALIDATED_POINT_NETWORK"
"S09_D15_WEIGHT","W_CDF",2012,"VCF0879a--VCF0888","VCF0879a","VCF0888",-0.122256344533936,-0.131563717812475,TRUE,TRUE,"NEGATIVE","NEGATIVE",-0.00930737327853909,0.00930737327853909,FALSE,FALSE,"UNCHANGED","REUSED_VALIDATED_POINT_NETWORK"
"S09_D15_WEIGHT","W_CDF",2012,"VCF0806--VCF0890","VCF0806","VCF0890",0.0586270926415524,0.0387281139447511,TRUE,TRUE,"POSITIVE","POSITIVE",-0.0198989786968012,0.0198989786968012,FALSE,FALSE,"UNCHANGED","REUSED_VALIDATED_POINT_NETWORK"
"S09_D15_WEIGHT","W_CDF",2012,"VCF0809--VCF0890","VCF0809","VCF0890",0.0920263712391898,0.0609103030864837,TRUE,TRUE,"POSITIVE","POSITIVE",-0.0311160681527061,0.0311160681527061,FALSE,FALSE,"UNCHANGED","REUSED_VALIDATED_POINT_NETWORK"
"S09_D15_WEIGHT","W_CDF",2012,"VCF0838--VCF0890","VCF0838","VCF0890",0.173712290542379,0.162612557556851,TRUE,TRUE,"POSITIVE","POSITIVE",-0.0110997329855286,0.0110997329855286,FALSE,FALSE,"UNCHANGED","REUSED_VALIDATED_POINT_NETWORK"
"S09_D15_WEIGHT","W_CDF",2012,"VCF0839--VCF0890","VCF0839","VCF0890",0.263346205380432,0.268299827724998,TRUE,TRUE,"POSITIVE","POSITIVE",0.00495362234456559,0.00495362234456559,FALSE,FALSE,"UNCHANGED","REUSED_VALIDATED_POINT_NETWORK"
"S09_D15_WEIGHT","W_CDF",2012,"VCF0879a--VCF0890","VCF0879a","VCF0890",-0.0328432083530345,0,TRUE,FALSE,"NEGATIVE","ZERO",0.0328432083530345,0.0328432083530345,TRUE,FALSE,"CHANGED","REUSED_VALIDATED_POINT_NETWORK"
"S09_D15_WEIGHT","W_CDF",2012,"VCF0888--VCF0890","VCF0888","VCF0890",0.305355221016655,0.289864194887399,TRUE,TRUE,"POSITIVE","POSITIVE",-0.0154910261292561,0.0154910261292561,FALSE,FALSE,"UNCHANGED","REUSED_VALIDATED_POINT_NETWORK"
"S09_D15_WEIGHT","W_CDF",2012,"VCF0806--VCF0894","VCF0806","VCF0894",0.14949343454668,0.155541497453318,TRUE,TRUE,"POSITIVE","POSITIVE",0.00604806290663756,0.00604806290663756,FALSE,FALSE,"UNCHANGED","REUSED_VALIDATED_POINT_NETWORK"
"S09_D15_WEIGHT","W_CDF",2012,"VCF0809--VCF0894","VCF0809","VCF0894",0.151618352474529,0.179669785435169,TRUE,TRUE,"POSITIVE","POSITIVE",0.0280514329606408,0.0280514329606408,FALSE,FALSE,"UNCHANGED","REUSED_VALIDATED_POINT_NETWORK"
"S09_D15_WEIGHT","W_CDF",2012,"VCF0838--VCF0894","VCF0838","VCF0894",-0.0427267061442297,-0.0408300485428648,TRUE,TRUE,"NEGATIVE","NEGATIVE",0.00189665760136497,0.00189665760136497,FALSE,FALSE,"UNCHANGED","REUSED_VALIDATED_POINT_NETWORK"
"S09_D15_WEIGHT","W_CDF",2012,"VCF0839--VCF0894","VCF0839","VCF0894",0.304754460215999,0.29669576994488,TRUE,TRUE,"POSITIVE","POSITIVE",-0.00805869027111916,0.00805869027111916,FALSE,FALSE,"UNCHANGED","REUSED_VALIDATED_POINT_NETWORK"
"S09_D15_WEIGHT","W_CDF",2012,"VCF0879a--VCF0894","VCF0879a","VCF0894",0.14055343388669,0.139713320199216,TRUE,TRUE,"POSITIVE","POSITIVE",-0.000840113687474525,0.000840113687474525,FALSE,FALSE,"UNCHANGED","REUSED_VALIDATED_POINT_NETWORK"
"S09_D15_WEIGHT","W_CDF",2012,"VCF0888--VCF0894","VCF0888","VCF0894",0,0,FALSE,FALSE,"ZERO","ZERO",0,0,FALSE,FALSE,"UNCHANGED","REUSED_VALIDATED_POINT_NETWORK"
"S09_D15_WEIGHT","W_CDF",2012,"VCF0890--VCF0894","VCF0890","VCF0894",0.156670022803228,0.121739596433054,TRUE,TRUE,"POSITIVE","POSITIVE",-0.0349304263701742,0.0349304263701742,FALSE,FALSE,"UNCHANGED","REUSED_VALIDATED_POINT_NETWORK"
"S09_D15_WEIGHT","W_CDF",2012,"VCF0806--VCF9223","VCF0806","VCF9223",0.0150369312245018,0.0169291548418138,TRUE,TRUE,"POSITIVE","POSITIVE",0.001892223617312,0.001892223617312,FALSE,FALSE,"UNCHANGED","REUSED_VALIDATED_POINT_NETWORK"
"S09_D15_WEIGHT","W_CDF",2012,"VCF0809--VCF9223","VCF0809","VCF9223",-0.0228829782209999,-0.0263012966499221,TRUE,TRUE,"NEGATIVE","NEGATIVE",-0.00341831842892219,0.00341831842892219,FALSE,FALSE,"UNCHANGED","REUSED_VALIDATED_POINT_NETWORK"
"S09_D15_WEIGHT","W_CDF",2012,"VCF0838--VCF9223","VCF0838","VCF9223",0.11975354377938,0.115892203209812,TRUE,TRUE,"POSITIVE","POSITIVE",-0.00386134056956744,0.00386134056956744,FALSE,FALSE,"UNCHANGED","REUSED_VALIDATED_POINT_NETWORK"
"S09_D15_WEIGHT","W_CDF",2012,"VCF0839--VCF9223","VCF0839","VCF9223",0.0271344846048082,0.0476558180642935,TRUE,TRUE,"POSITIVE","POSITIVE",0.0205213334594853,0.0205213334594853,FALSE,FALSE,"UNCHANGED","REUSED_VALIDATED_POINT_NETWORK"
"S09_D15_WEIGHT","W_CDF",2012,"VCF0879a--VCF9223","VCF0879a","VCF9223",0.469833727138572,0.481451715334457,TRUE,TRUE,"POSITIVE","POSITIVE",0.0116179881958853,0.0116179881958853,FALSE,FALSE,"UNCHANGED","REUSED_VALIDATED_POINT_NETWORK"
"S09_D15_WEIGHT","W_CDF",2012,"VCF0888--VCF9223","VCF0888","VCF9223",-0.0713228146329072,-0.069013510050291,TRUE,TRUE,"NEGATIVE","NEGATIVE",0.00230930458261623,0.00230930458261623,FALSE,FALSE,"UNCHANGED","REUSED_VALIDATED_POINT_NETWORK"
"S09_D15_WEIGHT","W_CDF",2012,"VCF0890--VCF9223","VCF0890","VCF9223",0.0384970135041746,0.0164792654428244,TRUE,TRUE,"POSITIVE","POSITIVE",-0.0220177480613502,0.0220177480613502,FALSE,FALSE,"UNCHANGED","REUSED_VALIDATED_POINT_NETWORK"
"S09_D15_WEIGHT","W_CDF",2012,"VCF0894--VCF9223","VCF0894","VCF9223",-0.00920298803560992,-0.0135589279495114,TRUE,TRUE,"NEGATIVE","NEGATIVE",-0.00435593991390145,0.00435593991390145,FALSE,FALSE,"UNCHANGED","REUSED_VALIDATED_POINT_NETWORK"
"S09_D15_WEIGHT","W_POST_COMPAT",2012,"VCF0806--VCF0809","VCF0806","VCF0809",0.303846021908369,0.287413240362113,TRUE,TRUE,"POSITIVE","POSITIVE",-0.0164327815462566,0.0164327815462566,FALSE,FALSE,"UNCHANGED","REUSED_VALIDATED_POINT_NETWORK"
"S09_D15_WEIGHT","W_POST_COMPAT",2012,"VCF0806--VCF0838","VCF0806","VCF0838",0.163141088733884,0.16737887802968,TRUE,TRUE,"POSITIVE","POSITIVE",0.0042377892957963,0.0042377892957963,FALSE,FALSE,"UNCHANGED","REUSED_VALIDATED_POINT_NETWORK"
"S09_D15_WEIGHT","W_POST_COMPAT",2012,"VCF0809--VCF0838","VCF0809","VCF0838",0,0,FALSE,FALSE,"ZERO","ZERO",0,0,FALSE,FALSE,"UNCHANGED","REUSED_VALIDATED_POINT_NETWORK"
"S09_D15_WEIGHT","W_POST_COMPAT",2012,"VCF0806--VCF0839","VCF0806","VCF0839",0.234328527509928,0.239050394525523,TRUE,TRUE,"POSITIVE","POSITIVE",0.00472186701559513,0.00472186701559513,FALSE,FALSE,"UNCHANGED","REUSED_VALIDATED_POINT_NETWORK"
"S09_D15_WEIGHT","W_POST_COMPAT",2012,"VCF0809--VCF0839","VCF0809","VCF0839",0.189210653527643,0.219598428289407,TRUE,TRUE,"POSITIVE","POSITIVE",0.030387774761764,0.030387774761764,FALSE,FALSE,"UNCHANGED","REUSED_VALIDATED_POINT_NETWORK"
"S09_D15_WEIGHT","W_POST_COMPAT",2012,"VCF0838--VCF0839","VCF0838","VCF0839",0,0.0241516983368769,FALSE,TRUE,"ZERO","POSITIVE",0.0241516983368769,0.0241516983368769,TRUE,FALSE,"CHANGED","REUSED_VALIDATED_POINT_NETWORK"
"S09_D15_WEIGHT","W_POST_COMPAT",2012,"VCF0806--VCF0879a","VCF0806","VCF0879a",0.0493033840706338,0.074263310379573,TRUE,TRUE,"POSITIVE","POSITIVE",0.0249599263089392,0.0249599263089392,FALSE,FALSE,"UNCHANGED","REUSED_VALIDATED_POINT_NETWORK"
"S09_D15_WEIGHT","W_POST_COMPAT",2012,"VCF0809--VCF0879a","VCF0809","VCF0879a",-0.0194987239175984,-0.0443073983608467,TRUE,TRUE,"NEGATIVE","NEGATIVE",-0.0248086744432483,0.0248086744432483,FALSE,FALSE,"UNCHANGED","REUSED_VALIDATED_POINT_NETWORK"
"S09_D15_WEIGHT","W_POST_COMPAT",2012,"VCF0838--VCF0879a","VCF0838","VCF0879a",0,0,FALSE,FALSE,"ZERO","ZERO",0,0,FALSE,FALSE,"UNCHANGED","REUSED_VALIDATED_POINT_NETWORK"
"S09_D15_WEIGHT","W_POST_COMPAT",2012,"VCF0839--VCF0879a","VCF0839","VCF0879a",0.0243666958303837,0.00364113221225883,TRUE,TRUE,"POSITIVE","POSITIVE",-0.0207255636181248,0.0207255636181248,FALSE,FALSE,"UNCHANGED","REUSED_VALIDATED_POINT_NETWORK"
"S09_D15_WEIGHT","W_POST_COMPAT",2012,"VCF0806--VCF0888","VCF0806","VCF0888",-0.023095672005309,0,TRUE,FALSE,"NEGATIVE","ZERO",0.023095672005309,0.023095672005309,TRUE,FALSE,"CHANGED","REUSED_VALIDATED_POINT_NETWORK"
"S09_D15_WEIGHT","W_POST_COMPAT",2012,"VCF0809--VCF0888","VCF0809","VCF0888",0.0462895145169454,0.0106761060565727,TRUE,TRUE,"POSITIVE","POSITIVE",-0.0356134084603727,0.0356134084603727,FALSE,FALSE,"UNCHANGED","REUSED_VALIDATED_POINT_NETWORK"
"S09_D15_WEIGHT","W_POST_COMPAT",2012,"VCF0838--VCF0888","VCF0838","VCF0888",-0.111103873701375,-0.136172489449408,TRUE,TRUE,"NEGATIVE","NEGATIVE",-0.0250686157480328,0.0250686157480328,FALSE,FALSE,"UNCHANGED","REUSED_VALIDATED_POINT_NETWORK"
"S09_D15_WEIGHT","W_POST_COMPAT",2012,"VCF0839--VCF0888","VCF0839","VCF0888",0.0279994439971449,0.052308291700694,TRUE,TRUE,"POSITIVE","POSITIVE",0.0243088477035491,0.0243088477035491,FALSE,FALSE,"UNCHANGED","REUSED_VALIDATED_POINT_NETWORK"
"S09_D15_WEIGHT","W_POST_COMPAT",2012,"VCF0879a--VCF0888","VCF0879a","VCF0888",-0.122256344533936,-0.131563717812475,TRUE,TRUE,"NEGATIVE","NEGATIVE",-0.00930737327853909,0.00930737327853909,FALSE,FALSE,"UNCHANGED","REUSED_VALIDATED_POINT_NETWORK"
"S09_D15_WEIGHT","W_POST_COMPAT",2012,"VCF0806--VCF0890","VCF0806","VCF0890",0.0586270926415524,0.0387281139447511,TRUE,TRUE,"POSITIVE","POSITIVE",-0.0198989786968012,0.0198989786968012,FALSE,FALSE,"UNCHANGED","REUSED_VALIDATED_POINT_NETWORK"
"S09_D15_WEIGHT","W_POST_COMPAT",2012,"VCF0809--VCF0890","VCF0809","VCF0890",0.0920263712391898,0.0609103030864837,TRUE,TRUE,"POSITIVE","POSITIVE",-0.0311160681527061,0.0311160681527061,FALSE,FALSE,"UNCHANGED","REUSED_VALIDATED_POINT_NETWORK"
"S09_D15_WEIGHT","W_POST_COMPAT",2012,"VCF0838--VCF0890","VCF0838","VCF0890",0.173712290542379,0.162612557556851,TRUE,TRUE,"POSITIVE","POSITIVE",-0.0110997329855286,0.0110997329855286,FALSE,FALSE,"UNCHANGED","REUSED_VALIDATED_POINT_NETWORK"
"S09_D15_WEIGHT","W_POST_COMPAT",2012,"VCF0839--VCF0890","VCF0839","VCF0890",0.263346205380432,0.268299827724998,TRUE,TRUE,"POSITIVE","POSITIVE",0.00495362234456559,0.00495362234456559,FALSE,FALSE,"UNCHANGED","REUSED_VALIDATED_POINT_NETWORK"
"S09_D15_WEIGHT","W_POST_COMPAT",2012,"VCF0879a--VCF0890","VCF0879a","VCF0890",-0.0328432083530345,0,TRUE,FALSE,"NEGATIVE","ZERO",0.0328432083530345,0.0328432083530345,TRUE,FALSE,"CHANGED","REUSED_VALIDATED_POINT_NETWORK"
"S09_D15_WEIGHT","W_POST_COMPAT",2012,"VCF0888--VCF0890","VCF0888","VCF0890",0.305355221016655,0.289864194887399,TRUE,TRUE,"POSITIVE","POSITIVE",-0.0154910261292561,0.0154910261292561,FALSE,FALSE,"UNCHANGED","REUSED_VALIDATED_POINT_NETWORK"
"S09_D15_WEIGHT","W_POST_COMPAT",2012,"VCF0806--VCF0894","VCF0806","VCF0894",0.14949343454668,0.155541497453318,TRUE,TRUE,"POSITIVE","POSITIVE",0.00604806290663756,0.00604806290663756,FALSE,FALSE,"UNCHANGED","REUSED_VALIDATED_POINT_NETWORK"
"S09_D15_WEIGHT","W_POST_COMPAT",2012,"VCF0809--VCF0894","VCF0809","VCF0894",0.151618352474529,0.179669785435169,TRUE,TRUE,"POSITIVE","POSITIVE",0.0280514329606408,0.0280514329606408,FALSE,FALSE,"UNCHANGED","REUSED_VALIDATED_POINT_NETWORK"
"S09_D15_WEIGHT","W_POST_COMPAT",2012,"VCF0838--VCF0894","VCF0838","VCF0894",-0.0427267061442297,-0.0408300485428648,TRUE,TRUE,"NEGATIVE","NEGATIVE",0.00189665760136497,0.00189665760136497,FALSE,FALSE,"UNCHANGED","REUSED_VALIDATED_POINT_NETWORK"
"S09_D15_WEIGHT","W_POST_COMPAT",2012,"VCF0839--VCF0894","VCF0839","VCF0894",0.304754460215999,0.29669576994488,TRUE,TRUE,"POSITIVE","POSITIVE",-0.00805869027111916,0.00805869027111916,FALSE,FALSE,"UNCHANGED","REUSED_VALIDATED_POINT_NETWORK"
"S09_D15_WEIGHT","W_POST_COMPAT",2012,"VCF0879a--VCF0894","VCF0879a","VCF0894",0.14055343388669,0.139713320199216,TRUE,TRUE,"POSITIVE","POSITIVE",-0.000840113687474525,0.000840113687474525,FALSE,FALSE,"UNCHANGED","REUSED_VALIDATED_POINT_NETWORK"
"S09_D15_WEIGHT","W_POST_COMPAT",2012,"VCF0888--VCF0894","VCF0888","VCF0894",0,0,FALSE,FALSE,"ZERO","ZERO",0,0,FALSE,FALSE,"UNCHANGED","REUSED_VALIDATED_POINT_NETWORK"
"S09_D15_WEIGHT","W_POST_COMPAT",2012,"VCF0890--VCF0894","VCF0890","VCF0894",0.156670022803228,0.121739596433054,TRUE,TRUE,"POSITIVE","POSITIVE",-0.0349304263701742,0.0349304263701742,FALSE,FALSE,"UNCHANGED","REUSED_VALIDATED_POINT_NETWORK"
"S09_D15_WEIGHT","W_POST_COMPAT",2012,"VCF0806--VCF9223","VCF0806","VCF9223",0.0150369312245018,0.0169291548418138,TRUE,TRUE,"POSITIVE","POSITIVE",0.001892223617312,0.001892223617312,FALSE,FALSE,"UNCHANGED","REUSED_VALIDATED_POINT_NETWORK"
"S09_D15_WEIGHT","W_POST_COMPAT",2012,"VCF0809--VCF9223","VCF0809","VCF9223",-0.0228829782209999,-0.0263012966499221,TRUE,TRUE,"NEGATIVE","NEGATIVE",-0.00341831842892219,0.00341831842892219,FALSE,FALSE,"UNCHANGED","REUSED_VALIDATED_POINT_NETWORK"
"S09_D15_WEIGHT","W_POST_COMPAT",2012,"VCF0838--VCF9223","VCF0838","VCF9223",0.11975354377938,0.115892203209812,TRUE,TRUE,"POSITIVE","POSITIVE",-0.00386134056956744,0.00386134056956744,FALSE,FALSE,"UNCHANGED","REUSED_VALIDATED_POINT_NETWORK"
"S09_D15_WEIGHT","W_POST_COMPAT",2012,"VCF0839--VCF9223","VCF0839","VCF9223",0.0271344846048082,0.0476558180642935,TRUE,TRUE,"POSITIVE","POSITIVE",0.0205213334594853,0.0205213334594853,FALSE,FALSE,"UNCHANGED","REUSED_VALIDATED_POINT_NETWORK"
"S09_D15_WEIGHT","W_POST_COMPAT",2012,"VCF0879a--VCF9223","VCF0879a","VCF9223",0.469833727138572,0.481451715334457,TRUE,TRUE,"POSITIVE","POSITIVE",0.0116179881958853,0.0116179881958853,FALSE,FALSE,"UNCHANGED","REUSED_VALIDATED_POINT_NETWORK"
"S09_D15_WEIGHT","W_POST_COMPAT",2012,"VCF0888--VCF9223","VCF0888","VCF9223",-0.0713228146329072,-0.069013510050291,TRUE,TRUE,"NEGATIVE","NEGATIVE",0.00230930458261623,0.00230930458261623,FALSE,FALSE,"UNCHANGED","REUSED_VALIDATED_POINT_NETWORK"
"S09_D15_WEIGHT","W_POST_COMPAT",2012,"VCF0890--VCF9223","VCF0890","VCF9223",0.0384970135041746,0.0164792654428244,TRUE,TRUE,"POSITIVE","POSITIVE",-0.0220177480613502,0.0220177480613502,FALSE,FALSE,"UNCHANGED","REUSED_VALIDATED_POINT_NETWORK"
"S09_D15_WEIGHT","W_POST_COMPAT",2012,"VCF0894--VCF9223","VCF0894","VCF9223",-0.00920298803560992,-0.0135589279495114,TRUE,TRUE,"NEGATIVE","NEGATIVE",-0.00435593991390145,0.00435593991390145,FALSE,FALSE,"UNCHANGED","REUSED_VALIDATED_POINT_NETWORK"
"S09_D15_WEIGHT","W_CDF",2016,"VCF0806--VCF0809","VCF0806","VCF0809",0.357600675012053,0.353074164445813,TRUE,TRUE,"POSITIVE","POSITIVE",-0.00452651056623976,0.00452651056623976,FALSE,FALSE,"UNCHANGED","REUSED_VALIDATED_POINT_NETWORK"
"S09_D15_WEIGHT","W_CDF",2016,"VCF0806--VCF0838","VCF0806","VCF0838",0.181921384698232,0.177967466290895,TRUE,TRUE,"POSITIVE","POSITIVE",-0.00395391840733705,0.00395391840733705,FALSE,FALSE,"UNCHANGED","REUSED_VALIDATED_POINT_NETWORK"
"S09_D15_WEIGHT","W_CDF",2016,"VCF0809--VCF0838","VCF0809","VCF0838",-0.0734135665583111,-0.0396908151904687,TRUE,TRUE,"NEGATIVE","NEGATIVE",0.0337227513678424,0.0337227513678424,FALSE,FALSE,"UNCHANGED","REUSED_VALIDATED_POINT_NETWORK"
"S09_D15_WEIGHT","W_CDF",2016,"VCF0806--VCF0839","VCF0806","VCF0839",0.190850385470592,0.167492481714248,TRUE,TRUE,"POSITIVE","POSITIVE",-0.0233579037563446,0.0233579037563446,FALSE,FALSE,"UNCHANGED","REUSED_VALIDATED_POINT_NETWORK"
"S09_D15_WEIGHT","W_CDF",2016,"VCF0809--VCF0839","VCF0809","VCF0839",0.216271398419299,0.238963771771133,TRUE,TRUE,"POSITIVE","POSITIVE",0.0226923733518332,0.0226923733518332,FALSE,FALSE,"UNCHANGED","REUSED_VALIDATED_POINT_NETWORK"
"S09_D15_WEIGHT","W_CDF",2016,"VCF0838--VCF0839","VCF0838","VCF0839",0.0636726525169274,0.0525330044028363,TRUE,TRUE,"POSITIVE","POSITIVE",-0.0111396481140911,0.0111396481140911,FALSE,FALSE,"UNCHANGED","REUSED_VALIDATED_POINT_NETWORK"
"S09_D15_WEIGHT","W_CDF",2016,"VCF0806--VCF0879a","VCF0806","VCF0879a",0.0658181576864972,0.0537061763965444,TRUE,TRUE,"POSITIVE","POSITIVE",-0.0121119812899529,0.0121119812899529,FALSE,FALSE,"UNCHANGED","REUSED_VALIDATED_POINT_NETWORK"
"S09_D15_WEIGHT","W_CDF",2016,"VCF0809--VCF0879a","VCF0809","VCF0879a",0,0.00733903665738208,FALSE,TRUE,"ZERO","POSITIVE",0.00733903665738208,0.00733903665738208,TRUE,FALSE,"CHANGED","REUSED_VALIDATED_POINT_NETWORK"
"S09_D15_WEIGHT","W_CDF",2016,"VCF0838--VCF0879a","VCF0838","VCF0879a",0.0198466846918451,0.0167674957527471,TRUE,TRUE,"POSITIVE","POSITIVE",-0.00307918893909797,0.00307918893909797,FALSE,FALSE,"UNCHANGED","REUSED_VALIDATED_POINT_NETWORK"
"S09_D15_WEIGHT","W_CDF",2016,"VCF0839--VCF0879a","VCF0839","VCF0879a",0,0,FALSE,FALSE,"ZERO","ZERO",0,0,FALSE,FALSE,"UNCHANGED","REUSED_VALIDATED_POINT_NETWORK"
"S09_D15_WEIGHT","W_CDF",2016,"VCF0806--VCF0888","VCF0806","VCF0888",-0.0783115642198743,-0.0308269976466286,TRUE,TRUE,"NEGATIVE","NEGATIVE",0.0474845665732456,0.0474845665732456,FALSE,FALSE,"UNCHANGED","REUSED_VALIDATED_POINT_NETWORK"
"S09_D15_WEIGHT","W_CDF",2016,"VCF0809--VCF0888","VCF0809","VCF0888",0,0,FALSE,FALSE,"ZERO","ZERO",0,0,FALSE,FALSE,"UNCHANGED","REUSED_VALIDATED_POINT_NETWORK"
"S09_D15_WEIGHT","W_CDF",2016,"VCF0838--VCF0888","VCF0838","VCF0888",-0.101292565988874,-0.111305808689011,TRUE,TRUE,"NEGATIVE","NEGATIVE",-0.0100132427001375,0.0100132427001375,FALSE,FALSE,"UNCHANGED","REUSED_VALIDATED_POINT_NETWORK"
"S09_D15_WEIGHT","W_CDF",2016,"VCF0839--VCF0888","VCF0839","VCF0888",0.0370470506219009,0,TRUE,FALSE,"POSITIVE","ZERO",-0.0370470506219009,0.0370470506219009,TRUE,FALSE,"CHANGED","REUSED_VALIDATED_POINT_NETWORK"
"S09_D15_WEIGHT","W_CDF",2016,"VCF0879a--VCF0888","VCF0879a","VCF0888",-0.090754153248673,-0.0794196065837025,TRUE,TRUE,"NEGATIVE","NEGATIVE",0.0113345466649706,0.0113345466649706,FALSE,FALSE,"UNCHANGED","REUSED_VALIDATED_POINT_NETWORK"
"S09_D15_WEIGHT","W_CDF",2016,"VCF0806--VCF0890","VCF0806","VCF0890",0.0590306809790036,0.0882603393393681,TRUE,TRUE,"POSITIVE","POSITIVE",0.0292296583603645,0.0292296583603645,FALSE,FALSE,"UNCHANGED","REUSED_VALIDATED_POINT_NETWORK"
"S09_D15_WEIGHT","W_CDF",2016,"VCF0809--VCF0890","VCF0809","VCF0890",0.052471021635499,0.0498137881121656,TRUE,TRUE,"POSITIVE","POSITIVE",-0.00265723352333336,0.00265723352333336,FALSE,FALSE,"UNCHANGED","REUSED_VALIDATED_POINT_NETWORK"
"S09_D15_WEIGHT","W_CDF",2016,"VCF0838--VCF0890","VCF0838","VCF0890",0.108612599323994,0.132023108592792,TRUE,TRUE,"POSITIVE","POSITIVE",0.0234105092687981,0.0234105092687981,FALSE,FALSE,"UNCHANGED","REUSED_VALIDATED_POINT_NETWORK"
"S09_D15_WEIGHT","W_CDF",2016,"VCF0839--VCF0890","VCF0839","VCF0890",0.242347657779176,0.264785466112412,TRUE,TRUE,"POSITIVE","POSITIVE",0.0224378083332363,0.0224378083332363,FALSE,FALSE,"UNCHANGED","REUSED_VALIDATED_POINT_NETWORK"
"S09_D15_WEIGHT","W_CDF",2016,"VCF0879a--VCF0890","VCF0879a","VCF0890",0.0141694491107246,0.00159559382469226,TRUE,TRUE,"POSITIVE","POSITIVE",-0.0125738552860324,0.0125738552860324,FALSE,FALSE,"UNCHANGED","REUSED_VALIDATED_POINT_NETWORK"
"S09_D15_WEIGHT","W_CDF",2016,"VCF0888--VCF0890","VCF0888","VCF0890",0.215890208797959,0.216335438876788,TRUE,TRUE,"POSITIVE","POSITIVE",0.000445230078829295,0.000445230078829295,FALSE,FALSE,"UNCHANGED","REUSED_VALIDATED_POINT_NETWORK"
"S09_D15_WEIGHT","W_CDF",2016,"VCF0806--VCF0894","VCF0806","VCF0894",0.114332152702858,0.142338359789162,TRUE,TRUE,"POSITIVE","POSITIVE",0.0280062070863043,0.0280062070863043,FALSE,FALSE,"UNCHANGED","REUSED_VALIDATED_POINT_NETWORK"
"S09_D15_WEIGHT","W_CDF",2016,"VCF0809--VCF0894","VCF0809","VCF0894",0.173766642629694,0.135719650438856,TRUE,TRUE,"POSITIVE","POSITIVE",-0.0380469921908382,0.0380469921908382,FALSE,FALSE,"UNCHANGED","REUSED_VALIDATED_POINT_NETWORK"
"S09_D15_WEIGHT","W_CDF",2016,"VCF0838--VCF0894","VCF0838","VCF0894",0.0364902033127705,0.0139784306586989,TRUE,TRUE,"POSITIVE","POSITIVE",-0.0225117726540716,0.0225117726540716,FALSE,FALSE,"UNCHANGED","REUSED_VALIDATED_POINT_NETWORK"
"S09_D15_WEIGHT","W_CDF",2016,"VCF0839--VCF0894","VCF0839","VCF0894",0.329872988221807,0.339455124983909,TRUE,TRUE,"POSITIVE","POSITIVE",0.00958213676210268,0.00958213676210268,FALSE,FALSE,"UNCHANGED","REUSED_VALIDATED_POINT_NETWORK"
"S09_D15_WEIGHT","W_CDF",2016,"VCF0879a--VCF0894","VCF0879a","VCF0894",0.227269099451679,0.243563645726293,TRUE,TRUE,"POSITIVE","POSITIVE",0.0162945462746139,0.0162945462746139,FALSE,FALSE,"UNCHANGED","REUSED_VALIDATED_POINT_NETWORK"
"S09_D15_WEIGHT","W_CDF",2016,"VCF0888--VCF0894","VCF0888","VCF0894",-0.0630943703683428,-0.0547266467174618,TRUE,TRUE,"NEGATIVE","NEGATIVE",0.008367723650881,0.008367723650881,FALSE,FALSE,"UNCHANGED","REUSED_VALIDATED_POINT_NETWORK"
"S09_D15_WEIGHT","W_CDF",2016,"VCF0890--VCF0894","VCF0890","VCF0894",0.122481274464188,0.083415698372868,TRUE,TRUE,"POSITIVE","POSITIVE",-0.0390655760913196,0.0390655760913196,FALSE,FALSE,"UNCHANGED","REUSED_VALIDATED_POINT_NETWORK"
"S09_D15_WEIGHT","W_CDF",2016,"VCF0806--VCF9223","VCF0806","VCF9223",0.0186252735363306,0,TRUE,FALSE,"POSITIVE","ZERO",-0.0186252735363306,0.0186252735363306,TRUE,FALSE,"CHANGED","REUSED_VALIDATED_POINT_NETWORK"
"S09_D15_WEIGHT","W_CDF",2016,"VCF0809--VCF9223","VCF0809","VCF9223",0,0,FALSE,FALSE,"ZERO","ZERO",0,0,FALSE,FALSE,"UNCHANGED","REUSED_VALIDATED_POINT_NETWORK"
"S09_D15_WEIGHT","W_CDF",2016,"VCF0838--VCF9223","VCF0838","VCF9223",0.143965510367613,0.147623428087055,TRUE,TRUE,"POSITIVE","POSITIVE",0.00365791771944254,0.00365791771944254,FALSE,FALSE,"UNCHANGED","REUSED_VALIDATED_POINT_NETWORK"
"S09_D15_WEIGHT","W_CDF",2016,"VCF0839--VCF9223","VCF0839","VCF9223",0.018458574204645,0.0215332758810728,TRUE,TRUE,"POSITIVE","POSITIVE",0.00307470167642782,0.00307470167642782,FALSE,FALSE,"UNCHANGED","REUSED_VALIDATED_POINT_NETWORK"
"S09_D15_WEIGHT","W_CDF",2016,"VCF0879a--VCF9223","VCF0879a","VCF9223",0.440934290526284,0.416502077058721,TRUE,TRUE,"POSITIVE","POSITIVE",-0.0244322134675631,0.0244322134675631,FALSE,FALSE,"UNCHANGED","REUSED_VALIDATED_POINT_NETWORK"
"S09_D15_WEIGHT","W_CDF",2016,"VCF0888--VCF9223","VCF0888","VCF9223",-0.113633115156834,-0.114595231710905,TRUE,TRUE,"NEGATIVE","NEGATIVE",-0.000962116554070219,0.000962116554070219,FALSE,FALSE,"UNCHANGED","REUSED_VALIDATED_POINT_NETWORK"
"S09_D15_WEIGHT","W_CDF",2016,"VCF0890--VCF9223","VCF0890","VCF9223",0.0887466384157413,0.0895389004355064,TRUE,TRUE,"POSITIVE","POSITIVE",0.00079226201976508,0.00079226201976508,FALSE,FALSE,"UNCHANGED","REUSED_VALIDATED_POINT_NETWORK"
"S09_D15_WEIGHT","W_CDF",2016,"VCF0894--VCF9223","VCF0894","VCF9223",0.0127258634156021,0.00886379840477573,TRUE,TRUE,"POSITIVE","POSITIVE",-0.00386206501082636,0.00386206501082636,FALSE,FALSE,"UNCHANGED","REUSED_VALIDATED_POINT_NETWORK"
"S09_D15_WEIGHT","W_POST_COMPAT",2016,"VCF0806--VCF0809","VCF0806","VCF0809",0.357600675012053,0.3528810135709,TRUE,TRUE,"POSITIVE","POSITIVE",-0.0047196614411526,0.0047196614411526,FALSE,FALSE,"UNCHANGED","REUSED_VALIDATED_POINT_NETWORK"
"S09_D15_WEIGHT","W_POST_COMPAT",2016,"VCF0806--VCF0838","VCF0806","VCF0838",0.181921384698232,0.179668078513455,TRUE,TRUE,"POSITIVE","POSITIVE",-0.00225330618477673,0.00225330618477673,FALSE,FALSE,"UNCHANGED","REUSED_VALIDATED_POINT_NETWORK"
"S09_D15_WEIGHT","W_POST_COMPAT",2016,"VCF0809--VCF0838","VCF0809","VCF0838",-0.0734135665583111,-0.0427980881492305,TRUE,TRUE,"NEGATIVE","NEGATIVE",0.0306154784090806,0.0306154784090806,FALSE,FALSE,"UNCHANGED","REUSED_VALIDATED_POINT_NETWORK"
"S09_D15_WEIGHT","W_POST_COMPAT",2016,"VCF0806--VCF0839","VCF0806","VCF0839",0.190850385470592,0.164880841484664,TRUE,TRUE,"POSITIVE","POSITIVE",-0.0259695439859277,0.0259695439859277,FALSE,FALSE,"UNCHANGED","REUSED_VALIDATED_POINT_NETWORK"
"S09_D15_WEIGHT","W_POST_COMPAT",2016,"VCF0809--VCF0839","VCF0809","VCF0839",0.216271398419299,0.2372159212668,TRUE,TRUE,"POSITIVE","POSITIVE",0.0209445228475,0.0209445228475,FALSE,FALSE,"UNCHANGED","REUSED_VALIDATED_POINT_NETWORK"
"S09_D15_WEIGHT","W_POST_COMPAT",2016,"VCF0838--VCF0839","VCF0838","VCF0839",0.0636726525169274,0.0558219628000054,TRUE,TRUE,"POSITIVE","POSITIVE",-0.00785068971692202,0.00785068971692202,FALSE,FALSE,"UNCHANGED","REUSED_VALIDATED_POINT_NETWORK"
"S09_D15_WEIGHT","W_POST_COMPAT",2016,"VCF0806--VCF0879a","VCF0806","VCF0879a",0.0658181576864972,0.0529228948776455,TRUE,TRUE,"POSITIVE","POSITIVE",-0.0128952628088518,0.0128952628088518,FALSE,FALSE,"UNCHANGED","REUSED_VALIDATED_POINT_NETWORK"
"S09_D15_WEIGHT","W_POST_COMPAT",2016,"VCF0809--VCF0879a","VCF0809","VCF0879a",0,0.00734448744881813,FALSE,TRUE,"ZERO","POSITIVE",0.00734448744881813,0.00734448744881813,TRUE,FALSE,"CHANGED","REUSED_VALIDATED_POINT_NETWORK"
"S09_D15_WEIGHT","W_POST_COMPAT",2016,"VCF0838--VCF0879a","VCF0838","VCF0879a",0.0198466846918451,0.0174770049106081,TRUE,TRUE,"POSITIVE","POSITIVE",-0.00236967978123695,0.00236967978123695,FALSE,FALSE,"UNCHANGED","REUSED_VALIDATED_POINT_NETWORK"
"S09_D15_WEIGHT","W_POST_COMPAT",2016,"VCF0839--VCF0879a","VCF0839","VCF0879a",0,0,FALSE,FALSE,"ZERO","ZERO",0,0,FALSE,FALSE,"UNCHANGED","REUSED_VALIDATED_POINT_NETWORK"
"S09_D15_WEIGHT","W_POST_COMPAT",2016,"VCF0806--VCF0888","VCF0806","VCF0888",-0.0783115642198743,-0.0351262731771433,TRUE,TRUE,"NEGATIVE","NEGATIVE",0.043185291042731,0.043185291042731,FALSE,FALSE,"UNCHANGED","REUSED_VALIDATED_POINT_NETWORK"
"S09_D15_WEIGHT","W_POST_COMPAT",2016,"VCF0809--VCF0888","VCF0809","VCF0888",0,0,FALSE,FALSE,"ZERO","ZERO",0,0,FALSE,FALSE,"UNCHANGED","REUSED_VALIDATED_POINT_NETWORK"
"S09_D15_WEIGHT","W_POST_COMPAT",2016,"VCF0838--VCF0888","VCF0838","VCF0888",-0.101292565988874,-0.110788903825913,TRUE,TRUE,"NEGATIVE","NEGATIVE",-0.00949633783703879,0.00949633783703879,FALSE,FALSE,"UNCHANGED","REUSED_VALIDATED_POINT_NETWORK"
"S09_D15_WEIGHT","W_POST_COMPAT",2016,"VCF0839--VCF0888","VCF0839","VCF0888",0.0370470506219009,0,TRUE,FALSE,"POSITIVE","ZERO",-0.0370470506219009,0.0370470506219009,TRUE,FALSE,"CHANGED","REUSED_VALIDATED_POINT_NETWORK"
"S09_D15_WEIGHT","W_POST_COMPAT",2016,"VCF0879a--VCF0888","VCF0879a","VCF0888",-0.090754153248673,-0.0796178333567635,TRUE,TRUE,"NEGATIVE","NEGATIVE",0.0111363198919095,0.0111363198919095,FALSE,FALSE,"UNCHANGED","REUSED_VALIDATED_POINT_NETWORK"
"S09_D15_WEIGHT","W_POST_COMPAT",2016,"VCF0806--VCF0890","VCF0806","VCF0890",0.0590306809790036,0.0906283414274416,TRUE,TRUE,"POSITIVE","POSITIVE",0.0315976604484379,0.0315976604484379,FALSE,FALSE,"UNCHANGED","REUSED_VALIDATED_POINT_NETWORK"
"S09_D15_WEIGHT","W_POST_COMPAT",2016,"VCF0809--VCF0890","VCF0809","VCF0890",0.052471021635499,0.0542991617718429,TRUE,TRUE,"POSITIVE","POSITIVE",0.00182814013634389,0.00182814013634389,FALSE,FALSE,"UNCHANGED","REUSED_VALIDATED_POINT_NETWORK"
"S09_D15_WEIGHT","W_POST_COMPAT",2016,"VCF0838--VCF0890","VCF0838","VCF0890",0.108612599323994,0.130845318554729,TRUE,TRUE,"POSITIVE","POSITIVE",0.0222327192307355,0.0222327192307355,FALSE,FALSE,"UNCHANGED","REUSED_VALIDATED_POINT_NETWORK"
"S09_D15_WEIGHT","W_POST_COMPAT",2016,"VCF0839--VCF0890","VCF0839","VCF0890",0.242347657779176,0.261312983404671,TRUE,TRUE,"POSITIVE","POSITIVE",0.0189653256254954,0.0189653256254954,FALSE,FALSE,"UNCHANGED","REUSED_VALIDATED_POINT_NETWORK"
"S09_D15_WEIGHT","W_POST_COMPAT",2016,"VCF0879a--VCF0890","VCF0879a","VCF0890",0.0141694491107246,0.00249049358163097,TRUE,TRUE,"POSITIVE","POSITIVE",-0.0116789555290937,0.0116789555290937,FALSE,FALSE,"UNCHANGED","REUSED_VALIDATED_POINT_NETWORK"
"S09_D15_WEIGHT","W_POST_COMPAT",2016,"VCF0888--VCF0890","VCF0888","VCF0890",0.215890208797959,0.219806277681836,TRUE,TRUE,"POSITIVE","POSITIVE",0.00391606888387672,0.00391606888387672,FALSE,FALSE,"UNCHANGED","REUSED_VALIDATED_POINT_NETWORK"
"S09_D15_WEIGHT","W_POST_COMPAT",2016,"VCF0806--VCF0894","VCF0806","VCF0894",0.114332152702858,0.144527337373756,TRUE,TRUE,"POSITIVE","POSITIVE",0.0301951846708983,0.0301951846708983,FALSE,FALSE,"UNCHANGED","REUSED_VALIDATED_POINT_NETWORK"
"S09_D15_WEIGHT","W_POST_COMPAT",2016,"VCF0809--VCF0894","VCF0809","VCF0894",0.173766642629694,0.133957138861567,TRUE,TRUE,"POSITIVE","POSITIVE",-0.0398095037681269,0.0398095037681269,FALSE,FALSE,"UNCHANGED","REUSED_VALIDATED_POINT_NETWORK"
"S09_D15_WEIGHT","W_POST_COMPAT",2016,"VCF0838--VCF0894","VCF0838","VCF0894",0.0364902033127705,0.00897626254105149,TRUE,TRUE,"POSITIVE","POSITIVE",-0.0275139407717191,0.0275139407717191,FALSE,FALSE,"UNCHANGED","REUSED_VALIDATED_POINT_NETWORK"
"S09_D15_WEIGHT","W_POST_COMPAT",2016,"VCF0839--VCF0894","VCF0839","VCF0894",0.329872988221807,0.342548476557775,TRUE,TRUE,"POSITIVE","POSITIVE",0.012675488335968,0.012675488335968,FALSE,FALSE,"UNCHANGED","REUSED_VALIDATED_POINT_NETWORK"
"S09_D15_WEIGHT","W_POST_COMPAT",2016,"VCF0879a--VCF0894","VCF0879a","VCF0894",0.227269099451679,0.241204181566873,TRUE,TRUE,"POSITIVE","POSITIVE",0.0139350821151939,0.0139350821151939,FALSE,FALSE,"UNCHANGED","REUSED_VALIDATED_POINT_NETWORK"
"S09_D15_WEIGHT","W_POST_COMPAT",2016,"VCF0888--VCF0894","VCF0888","VCF0894",-0.0630943703683428,-0.0554866639833915,TRUE,TRUE,"NEGATIVE","NEGATIVE",0.0076077063849513,0.0076077063849513,FALSE,FALSE,"UNCHANGED","REUSED_VALIDATED_POINT_NETWORK"
"S09_D15_WEIGHT","W_POST_COMPAT",2016,"VCF0890--VCF0894","VCF0890","VCF0894",0.122481274464188,0.0838276483470782,TRUE,TRUE,"POSITIVE","POSITIVE",-0.0386536261171094,0.0386536261171094,FALSE,FALSE,"UNCHANGED","REUSED_VALIDATED_POINT_NETWORK"
"S09_D15_WEIGHT","W_POST_COMPAT",2016,"VCF0806--VCF9223","VCF0806","VCF9223",0.0186252735363306,0,TRUE,FALSE,"POSITIVE","ZERO",-0.0186252735363306,0.0186252735363306,TRUE,FALSE,"CHANGED","REUSED_VALIDATED_POINT_NETWORK"
"S09_D15_WEIGHT","W_POST_COMPAT",2016,"VCF0809--VCF9223","VCF0809","VCF9223",0,0,FALSE,FALSE,"ZERO","ZERO",0,0,FALSE,FALSE,"UNCHANGED","REUSED_VALIDATED_POINT_NETWORK"
"S09_D15_WEIGHT","W_POST_COMPAT",2016,"VCF0838--VCF9223","VCF0838","VCF9223",0.143965510367613,0.147150715085793,TRUE,TRUE,"POSITIVE","POSITIVE",0.00318520471818065,0.00318520471818065,FALSE,FALSE,"UNCHANGED","REUSED_VALIDATED_POINT_NETWORK"
"S09_D15_WEIGHT","W_POST_COMPAT",2016,"VCF0839--VCF9223","VCF0839","VCF9223",0.018458574204645,0.021568520843102,TRUE,TRUE,"POSITIVE","POSITIVE",0.00310994663845704,0.00310994663845704,FALSE,FALSE,"UNCHANGED","REUSED_VALIDATED_POINT_NETWORK"
"S09_D15_WEIGHT","W_POST_COMPAT",2016,"VCF0879a--VCF9223","VCF0879a","VCF9223",0.440934290526284,0.414184648926346,TRUE,TRUE,"POSITIVE","POSITIVE",-0.0267496415999386,0.0267496415999386,FALSE,FALSE,"UNCHANGED","REUSED_VALIDATED_POINT_NETWORK"
"S09_D15_WEIGHT","W_POST_COMPAT",2016,"VCF0888--VCF9223","VCF0888","VCF9223",-0.113633115156834,-0.113651906925047,TRUE,TRUE,"NEGATIVE","NEGATIVE",-1.87917682131222e-05,1.87917682131222e-05,FALSE,FALSE,"UNCHANGED","REUSED_VALIDATED_POINT_NETWORK"
"S09_D15_WEIGHT","W_POST_COMPAT",2016,"VCF0890--VCF9223","VCF0890","VCF9223",0.0887466384157413,0.0890020393712115,TRUE,TRUE,"POSITIVE","POSITIVE",0.000255400955470234,0.000255400955470234,FALSE,FALSE,"UNCHANGED","REUSED_VALIDATED_POINT_NETWORK"
"S09_D15_WEIGHT","W_POST_COMPAT",2016,"VCF0894--VCF9223","VCF0894","VCF9223",0.0127258634156021,0.0109997392954988,TRUE,TRUE,"POSITIVE","POSITIVE",-0.00172612412010328,0.00172612412010328,FALSE,FALSE,"UNCHANGED","REUSED_VALIDATED_POINT_NETWORK"
"S09_D15_WEIGHT","W_CDF",2020,"VCF0806--VCF0809","VCF0806","VCF0809",0.339019965826395,0.349836513009444,TRUE,TRUE,"POSITIVE","POSITIVE",0.0108165471830495,0.0108165471830495,FALSE,FALSE,"UNCHANGED","REUSED_VALIDATED_POINT_NETWORK"
"S09_D15_WEIGHT","W_CDF",2020,"VCF0806--VCF0838","VCF0806","VCF0838",0.194720924461167,0.180491255876183,TRUE,TRUE,"POSITIVE","POSITIVE",-0.0142296685849836,0.0142296685849836,FALSE,FALSE,"UNCHANGED","REUSED_VALIDATED_POINT_NETWORK"
"S09_D15_WEIGHT","W_CDF",2020,"VCF0809--VCF0838","VCF0809","VCF0838",0.0284272171043005,0.0317097368457458,TRUE,TRUE,"POSITIVE","POSITIVE",0.0032825197414453,0.0032825197414453,FALSE,FALSE,"UNCHANGED","REUSED_VALIDATED_POINT_NETWORK"
"S09_D15_WEIGHT","W_CDF",2020,"VCF0806--VCF0839","VCF0806","VCF0839",0.218609064876532,0.231117940168372,TRUE,TRUE,"POSITIVE","POSITIVE",0.0125088752918398,0.0125088752918398,FALSE,FALSE,"UNCHANGED","REUSED_VALIDATED_POINT_NETWORK"
"S09_D15_WEIGHT","W_CDF",2020,"VCF0809--VCF0839","VCF0809","VCF0839",0.266004849180601,0.274020085560225,TRUE,TRUE,"POSITIVE","POSITIVE",0.00801523637962387,0.00801523637962387,FALSE,FALSE,"UNCHANGED","REUSED_VALIDATED_POINT_NETWORK"
"S09_D15_WEIGHT","W_CDF",2020,"VCF0838--VCF0839","VCF0838","VCF0839",0.0258476371914002,0,TRUE,FALSE,"POSITIVE","ZERO",-0.0258476371914002,0.0258476371914002,TRUE,FALSE,"CHANGED","REUSED_VALIDATED_POINT_NETWORK"
"S09_D15_WEIGHT","W_CDF",2020,"VCF0806--VCF0879a","VCF0806","VCF0879a",0.0493009287160725,0.045039434405601,TRUE,TRUE,"POSITIVE","POSITIVE",-0.00426149431047153,0.00426149431047153,FALSE,FALSE,"UNCHANGED","REUSED_VALIDATED_POINT_NETWORK"
"S09_D15_WEIGHT","W_CDF",2020,"VCF0809--VCF0879a","VCF0809","VCF0879a",0.0313461409353886,0.0303951844773795,TRUE,TRUE,"POSITIVE","POSITIVE",-0.000950956458009172,0.000950956458009172,FALSE,FALSE,"UNCHANGED","REUSED_VALIDATED_POINT_NETWORK"
"S09_D15_WEIGHT","W_CDF",2020,"VCF0838--VCF0879a","VCF0838","VCF0879a",0.00382478480854227,0.0405070762296353,TRUE,TRUE,"POSITIVE","POSITIVE",0.036682291421093,0.036682291421093,FALSE,FALSE,"UNCHANGED","REUSED_VALIDATED_POINT_NETWORK"
"S09_D15_WEIGHT","W_CDF",2020,"VCF0839--VCF0879a","VCF0839","VCF0879a",0,0,FALSE,FALSE,"ZERO","ZERO",0,0,FALSE,FALSE,"UNCHANGED","REUSED_VALIDATED_POINT_NETWORK"
"S09_D15_WEIGHT","W_CDF",2020,"VCF0806--VCF0888","VCF0806","VCF0888",-0.142066445791472,-0.139545844447014,TRUE,TRUE,"NEGATIVE","NEGATIVE",0.00252060134445789,0.00252060134445789,FALSE,FALSE,"UNCHANGED","REUSED_VALIDATED_POINT_NETWORK"
"S09_D15_WEIGHT","W_CDF",2020,"VCF0809--VCF0888","VCF0809","VCF0888",-0.0260092667248852,-0.0163947628125431,TRUE,TRUE,"NEGATIVE","NEGATIVE",0.0096145039123421,0.0096145039123421,FALSE,FALSE,"UNCHANGED","REUSED_VALIDATED_POINT_NETWORK"
"S09_D15_WEIGHT","W_CDF",2020,"VCF0838--VCF0888","VCF0838","VCF0888",-0.184835629335573,-0.202887446769154,TRUE,TRUE,"NEGATIVE","NEGATIVE",-0.0180518174335803,0.0180518174335803,FALSE,FALSE,"UNCHANGED","REUSED_VALIDATED_POINT_NETWORK"
"S09_D15_WEIGHT","W_CDF",2020,"VCF0839--VCF0888","VCF0839","VCF0888",0.0159747561285973,0,TRUE,FALSE,"POSITIVE","ZERO",-0.0159747561285973,0.0159747561285973,TRUE,FALSE,"CHANGED","REUSED_VALIDATED_POINT_NETWORK"
"S09_D15_WEIGHT","W_CDF",2020,"VCF0879a--VCF0888","VCF0879a","VCF0888",-0.169847882148041,-0.143656155624559,TRUE,TRUE,"NEGATIVE","NEGATIVE",0.0261917265234811,0.0261917265234811,FALSE,FALSE,"UNCHANGED","REUSED_VALIDATED_POINT_NETWORK"
"S09_D15_WEIGHT","W_CDF",2020,"VCF0806--VCF0890","VCF0806","VCF0890",0.0572874494519452,0.0356804028285558,TRUE,TRUE,"POSITIVE","POSITIVE",-0.0216070466233894,0.0216070466233894,FALSE,FALSE,"UNCHANGED","REUSED_VALIDATED_POINT_NETWORK"
"S09_D15_WEIGHT","W_CDF",2020,"VCF0809--VCF0890","VCF0809","VCF0890",0.0975118954026813,0.0855306509026379,TRUE,TRUE,"POSITIVE","POSITIVE",-0.0119812445000434,0.0119812445000434,FALSE,FALSE,"UNCHANGED","REUSED_VALIDATED_POINT_NETWORK"
"S09_D15_WEIGHT","W_CDF",2020,"VCF0838--VCF0890","VCF0838","VCF0890",0.139154682441411,0.155370311540038,TRUE,TRUE,"POSITIVE","POSITIVE",0.016215629098627,0.016215629098627,FALSE,FALSE,"UNCHANGED","REUSED_VALIDATED_POINT_NETWORK"
"S09_D15_WEIGHT","W_CDF",2020,"VCF0839--VCF0890","VCF0839","VCF0890",0.234815190156645,0.231687650857094,TRUE,TRUE,"POSITIVE","POSITIVE",-0.00312753929955129,0.00312753929955129,FALSE,FALSE,"UNCHANGED","REUSED_VALIDATED_POINT_NETWORK"
"S09_D15_WEIGHT","W_CDF",2020,"VCF0879a--VCF0890","VCF0879a","VCF0890",0.0240302065982658,0.0242878926907225,TRUE,TRUE,"POSITIVE","POSITIVE",0.000257686092456643,0.000257686092456643,FALSE,FALSE,"UNCHANGED","REUSED_VALIDATED_POINT_NETWORK"
"S09_D15_WEIGHT","W_CDF",2020,"VCF0888--VCF0890","VCF0888","VCF0890",0.152332665756861,0.155859253745216,TRUE,TRUE,"POSITIVE","POSITIVE",0.00352658798835459,0.00352658798835459,FALSE,FALSE,"UNCHANGED","REUSED_VALIDATED_POINT_NETWORK"
"S09_D15_WEIGHT","W_CDF",2020,"VCF0806--VCF0894","VCF0806","VCF0894",0.0796373739812811,0.0743054797966944,TRUE,TRUE,"POSITIVE","POSITIVE",-0.00533189418458674,0.00533189418458674,FALSE,FALSE,"UNCHANGED","REUSED_VALIDATED_POINT_NETWORK"
"S09_D15_WEIGHT","W_CDF",2020,"VCF0809--VCF0894","VCF0809","VCF0894",0.167624716218426,0.181488184460603,TRUE,TRUE,"POSITIVE","POSITIVE",0.0138634682421769,0.0138634682421769,FALSE,FALSE,"UNCHANGED","REUSED_VALIDATED_POINT_NETWORK"
"S09_D15_WEIGHT","W_CDF",2020,"VCF0838--VCF0894","VCF0838","VCF0894",0.0578781092811031,0.0404863013843979,TRUE,TRUE,"POSITIVE","POSITIVE",-0.0173918078967052,0.0173918078967052,FALSE,FALSE,"UNCHANGED","REUSED_VALIDATED_POINT_NETWORK"
"S09_D15_WEIGHT","W_CDF",2020,"VCF0839--VCF0894","VCF0839","VCF0894",0.244511389929148,0.232610805691538,TRUE,TRUE,"POSITIVE","POSITIVE",-0.0119005842376099,0.0119005842376099,FALSE,FALSE,"UNCHANGED","REUSED_VALIDATED_POINT_NETWORK"
"S09_D15_WEIGHT","W_CDF",2020,"VCF0879a--VCF0894","VCF0879a","VCF0894",0.220780809671857,0.201380658691203,TRUE,TRUE,"POSITIVE","POSITIVE",-0.0194001509806547,0.0194001509806547,FALSE,FALSE,"UNCHANGED","REUSED_VALIDATED_POINT_NETWORK"
"S09_D15_WEIGHT","W_CDF",2020,"VCF0888--VCF0894","VCF0888","VCF0894",-0.068233730564378,-0.0863534184158409,TRUE,TRUE,"NEGATIVE","NEGATIVE",-0.0181196878514629,0.0181196878514629,FALSE,FALSE,"UNCHANGED","REUSED_VALIDATED_POINT_NETWORK"
"S09_D15_WEIGHT","W_CDF",2020,"VCF0890--VCF0894","VCF0890","VCF0894",0.155260312714881,0.175111736329052,TRUE,TRUE,"POSITIVE","POSITIVE",0.0198514236141709,0.0198514236141709,FALSE,FALSE,"UNCHANGED","REUSED_VALIDATED_POINT_NETWORK"
"S09_D15_WEIGHT","W_CDF",2020,"VCF0806--VCF9223","VCF0806","VCF9223",0.0242233695850124,0.0431836841555863,TRUE,TRUE,"POSITIVE","POSITIVE",0.0189603145705739,0.0189603145705739,FALSE,FALSE,"UNCHANGED","REUSED_VALIDATED_POINT_NETWORK"
"S09_D15_WEIGHT","W_CDF",2020,"VCF0809--VCF9223","VCF0809","VCF9223",0,0,FALSE,FALSE,"ZERO","ZERO",0,0,FALSE,FALSE,"UNCHANGED","REUSED_VALIDATED_POINT_NETWORK"
"S09_D15_WEIGHT","W_CDF",2020,"VCF0838--VCF9223","VCF0838","VCF9223",0.142161290526218,0.131462743125317,TRUE,TRUE,"POSITIVE","POSITIVE",-0.0106985474009005,0.0106985474009005,FALSE,FALSE,"UNCHANGED","REUSED_VALIDATED_POINT_NETWORK"
"S09_D15_WEIGHT","W_CDF",2020,"VCF0839--VCF9223","VCF0839","VCF9223",0,0,FALSE,FALSE,"ZERO","ZERO",0,0,FALSE,FALSE,"UNCHANGED","REUSED_VALIDATED_POINT_NETWORK"
"S09_D15_WEIGHT","W_CDF",2020,"VCF0879a--VCF9223","VCF0879a","VCF9223",0.436152559373321,0.401135033613935,TRUE,TRUE,"POSITIVE","POSITIVE",-0.0350175257593852,0.0350175257593852,FALSE,FALSE,"UNCHANGED","REUSED_VALIDATED_POINT_NETWORK"
"S09_D15_WEIGHT","W_CDF",2020,"VCF0888--VCF9223","VCF0888","VCF9223",-0.11192935869046,-0.09739525118589,TRUE,TRUE,"NEGATIVE","NEGATIVE",0.01453410750457,0.01453410750457,FALSE,FALSE,"UNCHANGED","REUSED_VALIDATED_POINT_NETWORK"
"S09_D15_WEIGHT","W_CDF",2020,"VCF0890--VCF9223","VCF0890","VCF9223",0.101132031781839,0.097058325477967,TRUE,TRUE,"POSITIVE","POSITIVE",-0.00407370630387197,0.00407370630387197,FALSE,FALSE,"UNCHANGED","REUSED_VALIDATED_POINT_NETWORK"
"S09_D15_WEIGHT","W_CDF",2020,"VCF0894--VCF9223","VCF0894","VCF9223",0,0,FALSE,FALSE,"ZERO","ZERO",0,0,FALSE,FALSE,"UNCHANGED","REUSED_VALIDATED_POINT_NETWORK"
"S09_D15_WEIGHT","W_POST_COMPAT",2020,"VCF0806--VCF0809","VCF0806","VCF0809",0.339019965826395,0.347119016371642,TRUE,TRUE,"POSITIVE","POSITIVE",0.00809905054524773,0.00809905054524773,FALSE,FALSE,"UNCHANGED","REUSED_VALIDATED_POINT_NETWORK"
"S09_D15_WEIGHT","W_POST_COMPAT",2020,"VCF0806--VCF0838","VCF0806","VCF0838",0.194720924461167,0.170021431734109,TRUE,TRUE,"POSITIVE","POSITIVE",-0.024699492727058,0.024699492727058,FALSE,FALSE,"UNCHANGED","REUSED_VALIDATED_POINT_NETWORK"
"S09_D15_WEIGHT","W_POST_COMPAT",2020,"VCF0809--VCF0838","VCF0809","VCF0838",0.0284272171043005,0.0344384195656565,TRUE,TRUE,"POSITIVE","POSITIVE",0.00601120246135608,0.00601120246135608,FALSE,FALSE,"UNCHANGED","REUSED_VALIDATED_POINT_NETWORK"
"S09_D15_WEIGHT","W_POST_COMPAT",2020,"VCF0806--VCF0839","VCF0806","VCF0839",0.218609064876532,0.229798277638347,TRUE,TRUE,"POSITIVE","POSITIVE",0.0111892127618144,0.0111892127618144,FALSE,FALSE,"UNCHANGED","REUSED_VALIDATED_POINT_NETWORK"
"S09_D15_WEIGHT","W_POST_COMPAT",2020,"VCF0809--VCF0839","VCF0809","VCF0839",0.266004849180601,0.28594661094366,TRUE,TRUE,"POSITIVE","POSITIVE",0.0199417617630591,0.0199417617630591,FALSE,FALSE,"UNCHANGED","REUSED_VALIDATED_POINT_NETWORK"
"S09_D15_WEIGHT","W_POST_COMPAT",2020,"VCF0838--VCF0839","VCF0838","VCF0839",0.0258476371914002,0,TRUE,FALSE,"POSITIVE","ZERO",-0.0258476371914002,0.0258476371914002,TRUE,FALSE,"CHANGED","REUSED_VALIDATED_POINT_NETWORK"
"S09_D15_WEIGHT","W_POST_COMPAT",2020,"VCF0806--VCF0879a","VCF0806","VCF0879a",0.0493009287160725,0.0492305681565814,TRUE,TRUE,"POSITIVE","POSITIVE",-7.03605594910492e-05,7.03605594910492e-05,FALSE,FALSE,"UNCHANGED","REUSED_VALIDATED_POINT_NETWORK"
"S09_D15_WEIGHT","W_POST_COMPAT",2020,"VCF0809--VCF0879a","VCF0809","VCF0879a",0.0313461409353886,0.0355809497761098,TRUE,TRUE,"POSITIVE","POSITIVE",0.00423480884072121,0.00423480884072121,FALSE,FALSE,"UNCHANGED","REUSED_VALIDATED_POINT_NETWORK"
"S09_D15_WEIGHT","W_POST_COMPAT",2020,"VCF0838--VCF0879a","VCF0838","VCF0879a",0.00382478480854227,0.0463658359000167,TRUE,TRUE,"POSITIVE","POSITIVE",0.0425410510914744,0.0425410510914744,FALSE,FALSE,"UNCHANGED","REUSED_VALIDATED_POINT_NETWORK"
"S09_D15_WEIGHT","W_POST_COMPAT",2020,"VCF0839--VCF0879a","VCF0839","VCF0879a",0,-0.0236637523490377,FALSE,TRUE,"ZERO","NEGATIVE",-0.0236637523490377,0.0236637523490377,TRUE,FALSE,"CHANGED","REUSED_VALIDATED_POINT_NETWORK"
"S09_D15_WEIGHT","W_POST_COMPAT",2020,"VCF0806--VCF0888","VCF0806","VCF0888",-0.142066445791472,-0.140387694424952,TRUE,TRUE,"NEGATIVE","NEGATIVE",0.00167875136652026,0.00167875136652026,FALSE,FALSE,"UNCHANGED","REUSED_VALIDATED_POINT_NETWORK"
"S09_D15_WEIGHT","W_POST_COMPAT",2020,"VCF0809--VCF0888","VCF0809","VCF0888",-0.0260092667248852,-0.0270704964392576,TRUE,TRUE,"NEGATIVE","NEGATIVE",-0.00106122971437248,0.00106122971437248,FALSE,FALSE,"UNCHANGED","REUSED_VALIDATED_POINT_NETWORK"
"S09_D15_WEIGHT","W_POST_COMPAT",2020,"VCF0838--VCF0888","VCF0838","VCF0888",-0.184835629335573,-0.208833770836369,TRUE,TRUE,"NEGATIVE","NEGATIVE",-0.0239981415007957,0.0239981415007957,FALSE,FALSE,"UNCHANGED","REUSED_VALIDATED_POINT_NETWORK"
"S09_D15_WEIGHT","W_POST_COMPAT",2020,"VCF0839--VCF0888","VCF0839","VCF0888",0.0159747561285973,0.0177084591884236,TRUE,TRUE,"POSITIVE","POSITIVE",0.00173370305982639,0.00173370305982639,FALSE,FALSE,"UNCHANGED","REUSED_VALIDATED_POINT_NETWORK"
"S09_D15_WEIGHT","W_POST_COMPAT",2020,"VCF0879a--VCF0888","VCF0879a","VCF0888",-0.169847882148041,-0.137367512007724,TRUE,TRUE,"NEGATIVE","NEGATIVE",0.0324803701403166,0.0324803701403166,FALSE,FALSE,"UNCHANGED","REUSED_VALIDATED_POINT_NETWORK"
"S09_D15_WEIGHT","W_POST_COMPAT",2020,"VCF0806--VCF0890","VCF0806","VCF0890",0.0572874494519452,0.0349388508099188,TRUE,TRUE,"POSITIVE","POSITIVE",-0.0223485986420265,0.0223485986420265,FALSE,FALSE,"UNCHANGED","REUSED_VALIDATED_POINT_NETWORK"
"S09_D15_WEIGHT","W_POST_COMPAT",2020,"VCF0809--VCF0890","VCF0809","VCF0890",0.0975118954026813,0.0690586740324068,TRUE,TRUE,"POSITIVE","POSITIVE",-0.0284532213702745,0.0284532213702745,FALSE,FALSE,"UNCHANGED","REUSED_VALIDATED_POINT_NETWORK"
"S09_D15_WEIGHT","W_POST_COMPAT",2020,"VCF0838--VCF0890","VCF0838","VCF0890",0.139154682441411,0.172129330975318,TRUE,TRUE,"POSITIVE","POSITIVE",0.0329746485339074,0.0329746485339074,FALSE,FALSE,"UNCHANGED","REUSED_VALIDATED_POINT_NETWORK"
"S09_D15_WEIGHT","W_POST_COMPAT",2020,"VCF0839--VCF0890","VCF0839","VCF0890",0.234815190156645,0.230790978149959,TRUE,TRUE,"POSITIVE","POSITIVE",-0.00402421200668596,0.00402421200668596,FALSE,FALSE,"UNCHANGED","REUSED_VALIDATED_POINT_NETWORK"
"S09_D15_WEIGHT","W_POST_COMPAT",2020,"VCF0879a--VCF0890","VCF0879a","VCF0890",0.0240302065982658,0.0466922200686522,TRUE,TRUE,"POSITIVE","POSITIVE",0.0226620134703863,0.0226620134703863,FALSE,FALSE,"UNCHANGED","REUSED_VALIDATED_POINT_NETWORK"
"S09_D15_WEIGHT","W_POST_COMPAT",2020,"VCF0888--VCF0890","VCF0888","VCF0890",0.152332665756861,0.161807727845071,TRUE,TRUE,"POSITIVE","POSITIVE",0.00947506208821014,0.00947506208821014,FALSE,FALSE,"UNCHANGED","REUSED_VALIDATED_POINT_NETWORK"
"S09_D15_WEIGHT","W_POST_COMPAT",2020,"VCF0806--VCF0894","VCF0806","VCF0894",0.0796373739812811,0.0735479412959631,TRUE,TRUE,"POSITIVE","POSITIVE",-0.00608943268531804,0.00608943268531804,FALSE,FALSE,"UNCHANGED","REUSED_VALIDATED_POINT_NETWORK"
"S09_D15_WEIGHT","W_POST_COMPAT",2020,"VCF0809--VCF0894","VCF0809","VCF0894",0.167624716218426,0.179390996533553,TRUE,TRUE,"POSITIVE","POSITIVE",0.0117662803151271,0.0117662803151271,FALSE,FALSE,"UNCHANGED","REUSED_VALIDATED_POINT_NETWORK"
"S09_D15_WEIGHT","W_POST_COMPAT",2020,"VCF0838--VCF0894","VCF0838","VCF0894",0.0578781092811031,0.0243772985311962,TRUE,TRUE,"POSITIVE","POSITIVE",-0.0335008107499068,0.0335008107499068,FALSE,FALSE,"UNCHANGED","REUSED_VALIDATED_POINT_NETWORK"
"S09_D15_WEIGHT","W_POST_COMPAT",2020,"VCF0839--VCF0894","VCF0839","VCF0894",0.244511389929148,0.250855913401401,TRUE,TRUE,"POSITIVE","POSITIVE",0.00634452347225276,0.00634452347225276,FALSE,FALSE,"UNCHANGED","REUSED_VALIDATED_POINT_NETWORK"
"S09_D15_WEIGHT","W_POST_COMPAT",2020,"VCF0879a--VCF0894","VCF0879a","VCF0894",0.220780809671857,0.191216025797232,TRUE,TRUE,"POSITIVE","POSITIVE",-0.0295647838746252,0.0295647838746252,FALSE,FALSE,"UNCHANGED","REUSED_VALIDATED_POINT_NETWORK"
"S09_D15_WEIGHT","W_POST_COMPAT",2020,"VCF0888--VCF0894","VCF0888","VCF0894",-0.068233730564378,-0.10276030684097,TRUE,TRUE,"NEGATIVE","NEGATIVE",-0.0345265762765923,0.0345265762765923,FALSE,FALSE,"UNCHANGED","REUSED_VALIDATED_POINT_NETWORK"
"S09_D15_WEIGHT","W_POST_COMPAT",2020,"VCF0890--VCF0894","VCF0890","VCF0894",0.155260312714881,0.165890148045622,TRUE,TRUE,"POSITIVE","POSITIVE",0.0106298353307407,0.0106298353307407,FALSE,FALSE,"UNCHANGED","REUSED_VALIDATED_POINT_NETWORK"
"S09_D15_WEIGHT","W_POST_COMPAT",2020,"VCF0806--VCF9223","VCF0806","VCF9223",0.0242233695850124,0.0460774457091701,TRUE,TRUE,"POSITIVE","POSITIVE",0.0218540761241577,0.0218540761241577,FALSE,FALSE,"UNCHANGED","REUSED_VALIDATED_POINT_NETWORK"
"S09_D15_WEIGHT","W_POST_COMPAT",2020,"VCF0809--VCF9223","VCF0809","VCF9223",0,0,FALSE,FALSE,"ZERO","ZERO",0,0,FALSE,FALSE,"UNCHANGED","REUSED_VALIDATED_POINT_NETWORK"
"S09_D15_WEIGHT","W_POST_COMPAT",2020,"VCF0838--VCF9223","VCF0838","VCF9223",0.142161290526218,0.126640635827396,TRUE,TRUE,"POSITIVE","POSITIVE",-0.015520654698822,0.015520654698822,FALSE,FALSE,"UNCHANGED","REUSED_VALIDATED_POINT_NETWORK"
"S09_D15_WEIGHT","W_POST_COMPAT",2020,"VCF0839--VCF9223","VCF0839","VCF9223",0,0,FALSE,FALSE,"ZERO","ZERO",0,0,FALSE,FALSE,"UNCHANGED","REUSED_VALIDATED_POINT_NETWORK"
"S09_D15_WEIGHT","W_POST_COMPAT",2020,"VCF0879a--VCF9223","VCF0879a","VCF9223",0.436152559373321,0.400977942725529,TRUE,TRUE,"POSITIVE","POSITIVE",-0.0351746166477918,0.0351746166477918,FALSE,FALSE,"UNCHANGED","REUSED_VALIDATED_POINT_NETWORK"
"S09_D15_WEIGHT","W_POST_COMPAT",2020,"VCF0888--VCF9223","VCF0888","VCF9223",-0.11192935869046,-0.0910049172843353,TRUE,TRUE,"NEGATIVE","NEGATIVE",0.0209244414061247,0.0209244414061247,FALSE,FALSE,"UNCHANGED","REUSED_VALIDATED_POINT_NETWORK"
"S09_D15_WEIGHT","W_POST_COMPAT",2020,"VCF0890--VCF9223","VCF0890","VCF9223",0.101132031781839,0.0892071567867711,TRUE,TRUE,"POSITIVE","POSITIVE",-0.0119248749950678,0.0119248749950678,FALSE,FALSE,"UNCHANGED","REUSED_VALIDATED_POINT_NETWORK"
"S09_D15_WEIGHT","W_POST_COMPAT",2020,"VCF0894--VCF9223","VCF0894","VCF9223",0,0,FALSE,FALSE,"ZERO","ZERO",0,0,FALSE,FALSE,"UNCHANGED","REUSED_VALIDATED_POINT_NETWORK"
"S09_D15_WEIGHT","W_CDF",2024,"VCF0806--VCF0809","VCF0806","VCF0809",0.286446415679923,0.258780878458462,TRUE,TRUE,"POSITIVE","POSITIVE",-0.0276655372214617,0.0276655372214617,FALSE,FALSE,"UNCHANGED","REUSED_VALIDATED_POINT_NETWORK"
"S09_D15_WEIGHT","W_CDF",2024,"VCF0806--VCF0838","VCF0806","VCF0838",0.0969823508352493,0.0242658373756992,TRUE,TRUE,"POSITIVE","POSITIVE",-0.0727165134595501,0.0727165134595501,FALSE,FALSE,"UNCHANGED","REUSED_VALIDATED_POINT_NETWORK"
"S09_D15_WEIGHT","W_CDF",2024,"VCF0809--VCF0838","VCF0809","VCF0838",0.081819208318309,0.120429513898518,TRUE,TRUE,"POSITIVE","POSITIVE",0.0386103055802087,0.0386103055802087,FALSE,FALSE,"UNCHANGED","REUSED_VALIDATED_POINT_NETWORK"
"S09_D15_WEIGHT","W_CDF",2024,"VCF0806--VCF0839","VCF0806","VCF0839",0.173090954828948,0.180180238182573,TRUE,TRUE,"POSITIVE","POSITIVE",0.00708928335362477,0.00708928335362477,FALSE,FALSE,"UNCHANGED","REUSED_VALIDATED_POINT_NETWORK"
"S09_D15_WEIGHT","W_CDF",2024,"VCF0809--VCF0839","VCF0809","VCF0839",0.282103083965334,0.270366733942091,TRUE,TRUE,"POSITIVE","POSITIVE",-0.0117363500232421,0.0117363500232421,FALSE,FALSE,"UNCHANGED","REUSED_VALIDATED_POINT_NETWORK"
"S09_D15_WEIGHT","W_CDF",2024,"VCF0838--VCF0839","VCF0838","VCF0839",0.0952675388816836,0.10658964951661,TRUE,TRUE,"POSITIVE","POSITIVE",0.0113221106349264,0.0113221106349264,FALSE,FALSE,"UNCHANGED","REUSED_VALIDATED_POINT_NETWORK"
"S09_D15_WEIGHT","W_CDF",2024,"VCF0806--VCF0879a","VCF0806","VCF0879a",0.00263679822443648,0.0235083579134626,TRUE,TRUE,"POSITIVE","POSITIVE",0.0208715596890262,0.0208715596890262,FALSE,FALSE,"UNCHANGED","REUSED_VALIDATED_POINT_NETWORK"
"S09_D15_WEIGHT","W_CDF",2024,"VCF0809--VCF0879a","VCF0809","VCF0879a",0,0,FALSE,FALSE,"ZERO","ZERO",0,0,FALSE,FALSE,"UNCHANGED","REUSED_VALIDATED_POINT_NETWORK"
"S09_D15_WEIGHT","W_CDF",2024,"VCF0838--VCF0879a","VCF0838","VCF0879a",0.020217806487761,0,TRUE,FALSE,"POSITIVE","ZERO",-0.020217806487761,0.020217806487761,TRUE,FALSE,"CHANGED","REUSED_VALIDATED_POINT_NETWORK"
"S09_D15_WEIGHT","W_CDF",2024,"VCF0839--VCF0879a","VCF0839","VCF0879a",0,0,FALSE,FALSE,"ZERO","ZERO",0,0,FALSE,FALSE,"UNCHANGED","REUSED_VALIDATED_POINT_NETWORK"
"S09_D15_WEIGHT","W_CDF",2024,"VCF0806--VCF0888","VCF0806","VCF0888",-0.115991969116665,-0.133522085008269,TRUE,TRUE,"NEGATIVE","NEGATIVE",-0.0175301158916047,0.0175301158916047,FALSE,FALSE,"UNCHANGED","REUSED_VALIDATED_POINT_NETWORK"
"S09_D15_WEIGHT","W_CDF",2024,"VCF0809--VCF0888","VCF0809","VCF0888",-0.0352736970916302,-0.0356808941739059,TRUE,TRUE,"NEGATIVE","NEGATIVE",-0.000407197082275677,0.000407197082275677,FALSE,FALSE,"UNCHANGED","REUSED_VALIDATED_POINT_NETWORK"
"S09_D15_WEIGHT","W_CDF",2024,"VCF0838--VCF0888","VCF0838","VCF0888",-0.118991017033197,-0.169928539824085,TRUE,TRUE,"NEGATIVE","NEGATIVE",-0.0509375227908878,0.0509375227908878,FALSE,FALSE,"UNCHANGED","REUSED_VALIDATED_POINT_NETWORK"
"S09_D15_WEIGHT","W_CDF",2024,"VCF0839--VCF0888","VCF0839","VCF0888",-0.0418929526015918,-0.044882831849753,TRUE,TRUE,"NEGATIVE","NEGATIVE",-0.0029898792481612,0.0029898792481612,FALSE,FALSE,"UNCHANGED","REUSED_VALIDATED_POINT_NETWORK"
"S09_D15_WEIGHT","W_CDF",2024,"VCF0879a--VCF0888","VCF0879a","VCF0888",-0.121405830251357,-0.096376119804935,TRUE,TRUE,"NEGATIVE","NEGATIVE",0.0250297104464221,0.0250297104464221,FALSE,FALSE,"UNCHANGED","REUSED_VALIDATED_POINT_NETWORK"
"S09_D15_WEIGHT","W_CDF",2024,"VCF0806--VCF0890","VCF0806","VCF0890",0.0935194910662682,0.113060425429549,TRUE,TRUE,"POSITIVE","POSITIVE",0.0195409343632809,0.0195409343632809,FALSE,FALSE,"UNCHANGED","REUSED_VALIDATED_POINT_NETWORK"
"S09_D15_WEIGHT","W_CDF",2024,"VCF0809--VCF0890","VCF0809","VCF0890",0.0707344951564464,0.0843180899024939,TRUE,TRUE,"POSITIVE","POSITIVE",0.0135835947460475,0.0135835947460475,FALSE,FALSE,"UNCHANGED","REUSED_VALIDATED_POINT_NETWORK"
"S09_D15_WEIGHT","W_CDF",2024,"VCF0838--VCF0890","VCF0838","VCF0890",0.101584072151753,0.0826488089809977,TRUE,TRUE,"POSITIVE","POSITIVE",-0.018935263170755,0.018935263170755,FALSE,FALSE,"UNCHANGED","REUSED_VALIDATED_POINT_NETWORK"
"S09_D15_WEIGHT","W_CDF",2024,"VCF0839--VCF0890","VCF0839","VCF0890",0.266945440954792,0.263974320220308,TRUE,TRUE,"POSITIVE","POSITIVE",-0.00297112073448474,0.00297112073448474,FALSE,FALSE,"UNCHANGED","REUSED_VALIDATED_POINT_NETWORK"
"S09_D15_WEIGHT","W_CDF",2024,"VCF0879a--VCF0890","VCF0879a","VCF0890",0.0186928727184489,0.053295060032958,TRUE,TRUE,"POSITIVE","POSITIVE",0.0346021873145091,0.0346021873145091,FALSE,FALSE,"UNCHANGED","REUSED_VALIDATED_POINT_NETWORK"
"S09_D15_WEIGHT","W_CDF",2024,"VCF0888--VCF0890","VCF0888","VCF0890",0.202850964978324,0.201827511821336,TRUE,TRUE,"POSITIVE","POSITIVE",-0.00102345315698749,0.00102345315698749,FALSE,FALSE,"UNCHANGED","REUSED_VALIDATED_POINT_NETWORK"
"S09_D15_WEIGHT","W_CDF",2024,"VCF0806--VCF0894","VCF0806","VCF0894",0.115925421886945,0.111113171868729,TRUE,TRUE,"POSITIVE","POSITIVE",-0.00481225001821632,0.00481225001821632,FALSE,FALSE,"UNCHANGED","REUSED_VALIDATED_POINT_NETWORK"
"S09_D15_WEIGHT","W_CDF",2024,"VCF0809--VCF0894","VCF0809","VCF0894",0.158881201459168,0.180848439427442,TRUE,TRUE,"POSITIVE","POSITIVE",0.0219672379682738,0.0219672379682738,FALSE,FALSE,"UNCHANGED","REUSED_VALIDATED_POINT_NETWORK"
"S09_D15_WEIGHT","W_CDF",2024,"VCF0838--VCF0894","VCF0838","VCF0894",0.0597191234757199,0.0963256074954222,TRUE,TRUE,"POSITIVE","POSITIVE",0.0366064840197023,0.0366064840197023,FALSE,FALSE,"UNCHANGED","REUSED_VALIDATED_POINT_NETWORK"
"S09_D15_WEIGHT","W_CDF",2024,"VCF0839--VCF0894","VCF0839","VCF0894",0.20897158234944,0.18843404207149,TRUE,TRUE,"POSITIVE","POSITIVE",-0.0205375402779496,0.0205375402779496,FALSE,FALSE,"UNCHANGED","REUSED_VALIDATED_POINT_NETWORK"
"S09_D15_WEIGHT","W_CDF",2024,"VCF0879a--VCF0894","VCF0879a","VCF0894",0.117685330392291,0.0827286859069937,TRUE,TRUE,"POSITIVE","POSITIVE",-0.0349566444852972,0.0349566444852972,FALSE,FALSE,"UNCHANGED","REUSED_VALIDATED_POINT_NETWORK"
"S09_D15_WEIGHT","W_CDF",2024,"VCF0888--VCF0894","VCF0888","VCF0894",-0.0305512817079149,0,TRUE,FALSE,"NEGATIVE","ZERO",0.0305512817079149,0.0305512817079149,TRUE,FALSE,"CHANGED","REUSED_VALIDATED_POINT_NETWORK"
"S09_D15_WEIGHT","W_CDF",2024,"VCF0890--VCF0894","VCF0890","VCF0894",0.24336732785639,0.216451374779712,TRUE,TRUE,"POSITIVE","POSITIVE",-0.0269159530766774,0.0269159530766774,FALSE,FALSE,"UNCHANGED","REUSED_VALIDATED_POINT_NETWORK"
"S09_D15_WEIGHT","W_CDF",2024,"VCF0806--VCF9223","VCF0806","VCF9223",0.103479021160507,0.121487390583514,TRUE,TRUE,"POSITIVE","POSITIVE",0.0180083694230067,0.0180083694230067,FALSE,FALSE,"UNCHANGED","REUSED_VALIDATED_POINT_NETWORK"
"S09_D15_WEIGHT","W_CDF",2024,"VCF0809--VCF9223","VCF0809","VCF9223",0,-0.0483081767142818,FALSE,TRUE,"ZERO","NEGATIVE",-0.0483081767142818,0.0483081767142818,TRUE,FALSE,"CHANGED","REUSED_VALIDATED_POINT_NETWORK"
"S09_D15_WEIGHT","W_CDF",2024,"VCF0838--VCF9223","VCF0838","VCF9223",0.255748972788864,0.230988098744222,TRUE,TRUE,"POSITIVE","POSITIVE",-0.0247608740446416,0.0247608740446416,FALSE,FALSE,"UNCHANGED","REUSED_VALIDATED_POINT_NETWORK"
"S09_D15_WEIGHT","W_CDF",2024,"VCF0839--VCF9223","VCF0839","VCF9223",0.00373441296582092,0,TRUE,FALSE,"POSITIVE","ZERO",-0.00373441296582092,0.00373441296582092,TRUE,FALSE,"CHANGED","REUSED_VALIDATED_POINT_NETWORK"
"S09_D15_WEIGHT","W_CDF",2024,"VCF0879a--VCF9223","VCF0879a","VCF9223",0.256573200491974,0.245911880773344,TRUE,TRUE,"POSITIVE","POSITIVE",-0.0106613197186295,0.0106613197186295,FALSE,FALSE,"UNCHANGED","REUSED_VALIDATED_POINT_NETWORK"
"S09_D15_WEIGHT","W_CDF",2024,"VCF0888--VCF9223","VCF0888","VCF9223",-0.145761836891145,-0.152806264824361,TRUE,TRUE,"NEGATIVE","NEGATIVE",-0.00704442793321605,0.00704442793321605,FALSE,FALSE,"UNCHANGED","REUSED_VALIDATED_POINT_NETWORK"
"S09_D15_WEIGHT","W_CDF",2024,"VCF0890--VCF9223","VCF0890","VCF9223",0.0975600014349317,0.0638632587182889,TRUE,TRUE,"POSITIVE","POSITIVE",-0.0336967427166428,0.0336967427166428,FALSE,FALSE,"UNCHANGED","REUSED_VALIDATED_POINT_NETWORK"
"S09_D15_WEIGHT","W_CDF",2024,"VCF0894--VCF9223","VCF0894","VCF9223",0.0723685538416249,0.146973813259606,TRUE,TRUE,"POSITIVE","POSITIVE",0.0746052594179811,0.0746052594179811,FALSE,FALSE,"UNCHANGED","REUSED_VALIDATED_POINT_NETWORK"
"S09_D15_WEIGHT","W_POST_COMPAT",2024,"VCF0806--VCF0809","VCF0806","VCF0809",0.286446415679923,0.251663312575387,TRUE,TRUE,"POSITIVE","POSITIVE",-0.0347831031045363,0.0347831031045363,FALSE,FALSE,"UNCHANGED","REUSED_VALIDATED_POINT_NETWORK"
"S09_D15_WEIGHT","W_POST_COMPAT",2024,"VCF0806--VCF0838","VCF0806","VCF0838",0.0969823508352493,0.0300671089506335,TRUE,TRUE,"POSITIVE","POSITIVE",-0.0669152418846158,0.0669152418846158,FALSE,FALSE,"UNCHANGED","REUSED_VALIDATED_POINT_NETWORK"
"S09_D15_WEIGHT","W_POST_COMPAT",2024,"VCF0809--VCF0838","VCF0809","VCF0838",0.081819208318309,0.113020153643755,TRUE,TRUE,"POSITIVE","POSITIVE",0.0312009453254461,0.0312009453254461,FALSE,FALSE,"UNCHANGED","REUSED_VALIDATED_POINT_NETWORK"
"S09_D15_WEIGHT","W_POST_COMPAT",2024,"VCF0806--VCF0839","VCF0806","VCF0839",0.173090954828948,0.175943893051352,TRUE,TRUE,"POSITIVE","POSITIVE",0.00285293822240373,0.00285293822240373,FALSE,FALSE,"UNCHANGED","REUSED_VALIDATED_POINT_NETWORK"
"S09_D15_WEIGHT","W_POST_COMPAT",2024,"VCF0809--VCF0839","VCF0809","VCF0839",0.282103083965334,0.274318485795995,TRUE,TRUE,"POSITIVE","POSITIVE",-0.00778459816933896,0.00778459816933896,FALSE,FALSE,"UNCHANGED","REUSED_VALIDATED_POINT_NETWORK"
"S09_D15_WEIGHT","W_POST_COMPAT",2024,"VCF0838--VCF0839","VCF0838","VCF0839",0.0952675388816836,0.107898327419105,TRUE,TRUE,"POSITIVE","POSITIVE",0.0126307885374213,0.0126307885374213,FALSE,FALSE,"UNCHANGED","REUSED_VALIDATED_POINT_NETWORK"
"S09_D15_WEIGHT","W_POST_COMPAT",2024,"VCF0806--VCF0879a","VCF0806","VCF0879a",0.00263679822443648,0.0212506373807581,TRUE,TRUE,"POSITIVE","POSITIVE",0.0186138391563216,0.0186138391563216,FALSE,FALSE,"UNCHANGED","REUSED_VALIDATED_POINT_NETWORK"
"S09_D15_WEIGHT","W_POST_COMPAT",2024,"VCF0809--VCF0879a","VCF0809","VCF0879a",0,0,FALSE,FALSE,"ZERO","ZERO",0,0,FALSE,FALSE,"UNCHANGED","REUSED_VALIDATED_POINT_NETWORK"
"S09_D15_WEIGHT","W_POST_COMPAT",2024,"VCF0838--VCF0879a","VCF0838","VCF0879a",0.020217806487761,0,TRUE,FALSE,"POSITIVE","ZERO",-0.020217806487761,0.020217806487761,TRUE,FALSE,"CHANGED","REUSED_VALIDATED_POINT_NETWORK"
"S09_D15_WEIGHT","W_POST_COMPAT",2024,"VCF0839--VCF0879a","VCF0839","VCF0879a",0,0,FALSE,FALSE,"ZERO","ZERO",0,0,FALSE,FALSE,"UNCHANGED","REUSED_VALIDATED_POINT_NETWORK"
"S09_D15_WEIGHT","W_POST_COMPAT",2024,"VCF0806--VCF0888","VCF0806","VCF0888",-0.115991969116665,-0.134465006695255,TRUE,TRUE,"NEGATIVE","NEGATIVE",-0.0184730375785904,0.0184730375785904,FALSE,FALSE,"UNCHANGED","REUSED_VALIDATED_POINT_NETWORK"
"S09_D15_WEIGHT","W_POST_COMPAT",2024,"VCF0809--VCF0888","VCF0809","VCF0888",-0.0352736970916302,-0.033175504411184,TRUE,TRUE,"NEGATIVE","NEGATIVE",0.00209819268044622,0.00209819268044622,FALSE,FALSE,"UNCHANGED","REUSED_VALIDATED_POINT_NETWORK"
"S09_D15_WEIGHT","W_POST_COMPAT",2024,"VCF0838--VCF0888","VCF0838","VCF0888",-0.118991017033197,-0.168291575039715,TRUE,TRUE,"NEGATIVE","NEGATIVE",-0.0493005580065183,0.0493005580065183,FALSE,FALSE,"UNCHANGED","REUSED_VALIDATED_POINT_NETWORK"
"S09_D15_WEIGHT","W_POST_COMPAT",2024,"VCF0839--VCF0888","VCF0839","VCF0888",-0.0418929526015918,-0.0329685395217062,TRUE,TRUE,"NEGATIVE","NEGATIVE",0.00892441307988559,0.00892441307988559,FALSE,FALSE,"UNCHANGED","REUSED_VALIDATED_POINT_NETWORK"
"S09_D15_WEIGHT","W_POST_COMPAT",2024,"VCF0879a--VCF0888","VCF0879a","VCF0888",-0.121405830251357,-0.0947602119244172,TRUE,TRUE,"NEGATIVE","NEGATIVE",0.0266456183269398,0.0266456183269398,FALSE,FALSE,"UNCHANGED","REUSED_VALIDATED_POINT_NETWORK"
"S09_D15_WEIGHT","W_POST_COMPAT",2024,"VCF0806--VCF0890","VCF0806","VCF0890",0.0935194910662682,0.117870267442191,TRUE,TRUE,"POSITIVE","POSITIVE",0.0243507763759228,0.0243507763759228,FALSE,FALSE,"UNCHANGED","REUSED_VALIDATED_POINT_NETWORK"
"S09_D15_WEIGHT","W_POST_COMPAT",2024,"VCF0809--VCF0890","VCF0809","VCF0890",0.0707344951564464,0.0944763251654645,TRUE,TRUE,"POSITIVE","POSITIVE",0.0237418300090182,0.0237418300090182,FALSE,FALSE,"UNCHANGED","REUSED_VALIDATED_POINT_NETWORK"
"S09_D15_WEIGHT","W_POST_COMPAT",2024,"VCF0838--VCF0890","VCF0838","VCF0890",0.101584072151753,0.0815150102060768,TRUE,TRUE,"POSITIVE","POSITIVE",-0.0200690619456759,0.0200690619456759,FALSE,FALSE,"UNCHANGED","REUSED_VALIDATED_POINT_NETWORK"
"S09_D15_WEIGHT","W_POST_COMPAT",2024,"VCF0839--VCF0890","VCF0839","VCF0890",0.266945440954792,0.251659096843469,TRUE,TRUE,"POSITIVE","POSITIVE",-0.0152863441113228,0.0152863441113228,FALSE,FALSE,"UNCHANGED","REUSED_VALIDATED_POINT_NETWORK"
"S09_D15_WEIGHT","W_POST_COMPAT",2024,"VCF0879a--VCF0890","VCF0879a","VCF0890",0.0186928727184489,0.0585168691252252,TRUE,TRUE,"POSITIVE","POSITIVE",0.0398239964067764,0.0398239964067764,FALSE,FALSE,"UNCHANGED","REUSED_VALIDATED_POINT_NETWORK"
"S09_D15_WEIGHT","W_POST_COMPAT",2024,"VCF0888--VCF0890","VCF0888","VCF0890",0.202850964978324,0.190854935744851,TRUE,TRUE,"POSITIVE","POSITIVE",-0.0119960292334723,0.0119960292334723,FALSE,FALSE,"UNCHANGED","REUSED_VALIDATED_POINT_NETWORK"
"S09_D15_WEIGHT","W_POST_COMPAT",2024,"VCF0806--VCF0894","VCF0806","VCF0894",0.115925421886945,0.119893398375038,TRUE,TRUE,"POSITIVE","POSITIVE",0.00396797648809302,0.00396797648809302,FALSE,FALSE,"UNCHANGED","REUSED_VALIDATED_POINT_NETWORK"
"S09_D15_WEIGHT","W_POST_COMPAT",2024,"VCF0809--VCF0894","VCF0809","VCF0894",0.158881201459168,0.174369928925462,TRUE,TRUE,"POSITIVE","POSITIVE",0.0154887274662935,0.0154887274662935,FALSE,FALSE,"UNCHANGED","REUSED_VALIDATED_POINT_NETWORK"
"S09_D15_WEIGHT","W_POST_COMPAT",2024,"VCF0838--VCF0894","VCF0838","VCF0894",0.0597191234757199,0.0888755796191976,TRUE,TRUE,"POSITIVE","POSITIVE",0.0291564561434776,0.0291564561434776,FALSE,FALSE,"UNCHANGED","REUSED_VALIDATED_POINT_NETWORK"
"S09_D15_WEIGHT","W_POST_COMPAT",2024,"VCF0839--VCF0894","VCF0839","VCF0894",0.20897158234944,0.201667278238743,TRUE,TRUE,"POSITIVE","POSITIVE",-0.0073043041106968,0.0073043041106968,FALSE,FALSE,"UNCHANGED","REUSED_VALIDATED_POINT_NETWORK"
"S09_D15_WEIGHT","W_POST_COMPAT",2024,"VCF0879a--VCF0894","VCF0879a","VCF0894",0.117685330392291,0.0850392190815945,TRUE,TRUE,"POSITIVE","POSITIVE",-0.0326461113106963,0.0326461113106963,FALSE,FALSE,"UNCHANGED","REUSED_VALIDATED_POINT_NETWORK"
"S09_D15_WEIGHT","W_POST_COMPAT",2024,"VCF0888--VCF0894","VCF0888","VCF0894",-0.0305512817079149,0,TRUE,FALSE,"NEGATIVE","ZERO",0.0305512817079149,0.0305512817079149,TRUE,FALSE,"CHANGED","REUSED_VALIDATED_POINT_NETWORK"
"S09_D15_WEIGHT","W_POST_COMPAT",2024,"VCF0890--VCF0894","VCF0890","VCF0894",0.24336732785639,0.207341343705155,TRUE,TRUE,"POSITIVE","POSITIVE",-0.0360259841512347,0.0360259841512347,FALSE,FALSE,"UNCHANGED","REUSED_VALIDATED_POINT_NETWORK"
"S09_D15_WEIGHT","W_POST_COMPAT",2024,"VCF0806--VCF9223","VCF0806","VCF9223",0.103479021160507,0.117865541350692,TRUE,TRUE,"POSITIVE","POSITIVE",0.0143865201901843,0.0143865201901843,FALSE,FALSE,"UNCHANGED","REUSED_VALIDATED_POINT_NETWORK"
"S09_D15_WEIGHT","W_POST_COMPAT",2024,"VCF0809--VCF9223","VCF0809","VCF9223",0,-0.0413058426708468,FALSE,TRUE,"ZERO","NEGATIVE",-0.0413058426708468,0.0413058426708468,TRUE,FALSE,"CHANGED","REUSED_VALIDATED_POINT_NETWORK"
"S09_D15_WEIGHT","W_POST_COMPAT",2024,"VCF0838--VCF9223","VCF0838","VCF9223",0.255748972788864,0.235009601806649,TRUE,TRUE,"POSITIVE","POSITIVE",-0.0207393709822147,0.0207393709822147,FALSE,FALSE,"UNCHANGED","REUSED_VALIDATED_POINT_NETWORK"
"S09_D15_WEIGHT","W_POST_COMPAT",2024,"VCF0839--VCF9223","VCF0839","VCF9223",0.00373441296582092,0,TRUE,FALSE,"POSITIVE","ZERO",-0.00373441296582092,0.00373441296582092,TRUE,FALSE,"CHANGED","REUSED_VALIDATED_POINT_NETWORK"
"S09_D15_WEIGHT","W_POST_COMPAT",2024,"VCF0879a--VCF9223","VCF0879a","VCF9223",0.256573200491974,0.236587235697986,TRUE,TRUE,"POSITIVE","POSITIVE",-0.0199859647939872,0.0199859647939872,FALSE,FALSE,"UNCHANGED","REUSED_VALIDATED_POINT_NETWORK"
"S09_D15_WEIGHT","W_POST_COMPAT",2024,"VCF0888--VCF9223","VCF0888","VCF9223",-0.145761836891145,-0.157957512402456,TRUE,TRUE,"NEGATIVE","NEGATIVE",-0.0121956755113107,0.0121956755113107,FALSE,FALSE,"UNCHANGED","REUSED_VALIDATED_POINT_NETWORK"
"S09_D15_WEIGHT","W_POST_COMPAT",2024,"VCF0890--VCF9223","VCF0890","VCF9223",0.0975600014349317,0.0629779760721518,TRUE,TRUE,"POSITIVE","POSITIVE",-0.0345820253627799,0.0345820253627799,FALSE,FALSE,"UNCHANGED","REUSED_VALIDATED_POINT_NETWORK"
"S09_D15_WEIGHT","W_POST_COMPAT",2024,"VCF0894--VCF9223","VCF0894","VCF9223",0.0723685538416249,0.140446119462199,TRUE,TRUE,"POSITIVE","POSITIVE",0.0680775656205737,0.0680775656205737,FALSE,FALSE,"UNCHANGED","REUSED_VALIDATED_POINT_NETWORK"
"S09_D19_MODE","ALL_INTERNET",2012,"VCF0806--VCF0809","VCF0806","VCF0809",0.303846021908369,0.311177001873133,TRUE,TRUE,"POSITIVE","POSITIVE",0.00733097996476351,0.00733097996476351,FALSE,FALSE,"UNCHANGED","ESTIMABLE_WITH_WARNINGS"
"S09_D19_MODE","ALL_INTERNET",2012,"VCF0806--VCF0838","VCF0806","VCF0838",0.163141088733884,0.182393671930996,TRUE,TRUE,"POSITIVE","POSITIVE",0.0192525831971115,0.0192525831971115,FALSE,FALSE,"UNCHANGED","ESTIMABLE_WITH_WARNINGS"
"S09_D19_MODE","ALL_INTERNET",2012,"VCF0809--VCF0838","VCF0809","VCF0838",0,0,FALSE,FALSE,"ZERO","ZERO",0,0,FALSE,FALSE,"UNCHANGED","ESTIMABLE_WITH_WARNINGS"
"S09_D19_MODE","ALL_INTERNET",2012,"VCF0806--VCF0839","VCF0806","VCF0839",0.234328527509928,0.246442780230385,TRUE,TRUE,"POSITIVE","POSITIVE",0.0121142527204569,0.0121142527204569,FALSE,FALSE,"UNCHANGED","ESTIMABLE_WITH_WARNINGS"
"S09_D19_MODE","ALL_INTERNET",2012,"VCF0809--VCF0839","VCF0809","VCF0839",0.189210653527643,0.180756234620534,TRUE,TRUE,"POSITIVE","POSITIVE",-0.00845441890710916,0.00845441890710916,FALSE,FALSE,"UNCHANGED","ESTIMABLE_WITH_WARNINGS"
"S09_D19_MODE","ALL_INTERNET",2012,"VCF0838--VCF0839","VCF0838","VCF0839",0,0.010459451598905,FALSE,TRUE,"ZERO","POSITIVE",0.010459451598905,0.010459451598905,TRUE,FALSE,"CHANGED","ESTIMABLE_WITH_WARNINGS"
"S09_D19_MODE","ALL_INTERNET",2012,"VCF0806--VCF0879a","VCF0806","VCF0879a",0.0493033840706338,0.0245460771433251,TRUE,TRUE,"POSITIVE","POSITIVE",-0.0247573069273087,0.0247573069273087,FALSE,FALSE,"UNCHANGED","ESTIMABLE_WITH_WARNINGS"
"S09_D19_MODE","ALL_INTERNET",2012,"VCF0809--VCF0879a","VCF0809","VCF0879a",-0.0194987239175984,0,TRUE,FALSE,"NEGATIVE","ZERO",0.0194987239175984,0.0194987239175984,TRUE,FALSE,"CHANGED","ESTIMABLE_WITH_WARNINGS"
"S09_D19_MODE","ALL_INTERNET",2012,"VCF0838--VCF0879a","VCF0838","VCF0879a",0,-0.00615264977055309,FALSE,TRUE,"ZERO","NEGATIVE",-0.00615264977055309,0.00615264977055309,TRUE,FALSE,"CHANGED","ESTIMABLE_WITH_WARNINGS"
"S09_D19_MODE","ALL_INTERNET",2012,"VCF0839--VCF0879a","VCF0839","VCF0879a",0.0243666958303837,0.0134801040092938,TRUE,TRUE,"POSITIVE","POSITIVE",-0.0108865918210899,0.0108865918210899,FALSE,FALSE,"UNCHANGED","ESTIMABLE_WITH_WARNINGS"
"S09_D19_MODE","ALL_INTERNET",2012,"VCF0806--VCF0888","VCF0806","VCF0888",-0.023095672005309,-0.0309417184302985,TRUE,TRUE,"NEGATIVE","NEGATIVE",-0.00784604642498946,0.00784604642498946,FALSE,FALSE,"UNCHANGED","ESTIMABLE_WITH_WARNINGS"
"S09_D19_MODE","ALL_INTERNET",2012,"VCF0809--VCF0888","VCF0809","VCF0888",0.0462895145169454,0.0483981554219524,TRUE,TRUE,"POSITIVE","POSITIVE",0.00210864090500705,0.00210864090500705,FALSE,FALSE,"UNCHANGED","ESTIMABLE_WITH_WARNINGS"
"S09_D19_MODE","ALL_INTERNET",2012,"VCF0838--VCF0888","VCF0838","VCF0888",-0.111103873701375,-0.105238020077858,TRUE,TRUE,"NEGATIVE","NEGATIVE",0.00586585362351726,0.00586585362351726,FALSE,FALSE,"UNCHANGED","ESTIMABLE_WITH_WARNINGS"
"S09_D19_MODE","ALL_INTERNET",2012,"VCF0839--VCF0888","VCF0839","VCF0888",0.0279994439971449,0.0533896793549371,TRUE,TRUE,"POSITIVE","POSITIVE",0.0253902353577922,0.0253902353577922,FALSE,FALSE,"UNCHANGED","ESTIMABLE_WITH_WARNINGS"
"S09_D19_MODE","ALL_INTERNET",2012,"VCF0879a--VCF0888","VCF0879a","VCF0888",-0.122256344533936,-0.121268172487221,TRUE,TRUE,"NEGATIVE","NEGATIVE",0.000988172046714933,0.000988172046714933,FALSE,FALSE,"UNCHANGED","ESTIMABLE_WITH_WARNINGS"
"S09_D19_MODE","ALL_INTERNET",2012,"VCF0806--VCF0890","VCF0806","VCF0890",0.0586270926415524,0.0349856977717015,TRUE,TRUE,"POSITIVE","POSITIVE",-0.0236413948698508,0.0236413948698508,FALSE,FALSE,"UNCHANGED","ESTIMABLE_WITH_WARNINGS"
"S09_D19_MODE","ALL_INTERNET",2012,"VCF0809--VCF0890","VCF0809","VCF0890",0.0920263712391898,0.120496419810798,TRUE,TRUE,"POSITIVE","POSITIVE",0.0284700485716079,0.0284700485716079,FALSE,FALSE,"UNCHANGED","ESTIMABLE_WITH_WARNINGS"
"S09_D19_MODE","ALL_INTERNET",2012,"VCF0838--VCF0890","VCF0838","VCF0890",0.173712290542379,0.165664185604601,TRUE,TRUE,"POSITIVE","POSITIVE",-0.00804810493777849,0.00804810493777849,FALSE,FALSE,"UNCHANGED","ESTIMABLE_WITH_WARNINGS"
"S09_D19_MODE","ALL_INTERNET",2012,"VCF0839--VCF0890","VCF0839","VCF0890",0.263346205380432,0.235158644407493,TRUE,TRUE,"POSITIVE","POSITIVE",-0.0281875609729398,0.0281875609729398,FALSE,FALSE,"UNCHANGED","ESTIMABLE_WITH_WARNINGS"
"S09_D19_MODE","ALL_INTERNET",2012,"VCF0879a--VCF0890","VCF0879a","VCF0890",-0.0328432083530345,-0.0591336307743522,TRUE,TRUE,"NEGATIVE","NEGATIVE",-0.0262904224213177,0.0262904224213177,FALSE,FALSE,"UNCHANGED","ESTIMABLE_WITH_WARNINGS"
"S09_D19_MODE","ALL_INTERNET",2012,"VCF0888--VCF0890","VCF0888","VCF0890",0.305355221016655,0.277160059842199,TRUE,TRUE,"POSITIVE","POSITIVE",-0.0281951611744559,0.0281951611744559,FALSE,FALSE,"UNCHANGED","ESTIMABLE_WITH_WARNINGS"
"S09_D19_MODE","ALL_INTERNET",2012,"VCF0806--VCF0894","VCF0806","VCF0894",0.14949343454668,0.145803444271743,TRUE,TRUE,"POSITIVE","POSITIVE",-0.0036899902749373,0.0036899902749373,FALSE,FALSE,"UNCHANGED","ESTIMABLE_WITH_WARNINGS"
"S09_D19_MODE","ALL_INTERNET",2012,"VCF0809--VCF0894","VCF0809","VCF0894",0.151618352474529,0.135383995330218,TRUE,TRUE,"POSITIVE","POSITIVE",-0.0162343571443106,0.0162343571443106,FALSE,FALSE,"UNCHANGED","ESTIMABLE_WITH_WARNINGS"
"S09_D19_MODE","ALL_INTERNET",2012,"VCF0838--VCF0894","VCF0838","VCF0894",-0.0427267061442297,-0.0140803536050939,TRUE,TRUE,"NEGATIVE","NEGATIVE",0.0286463525391359,0.0286463525391359,FALSE,FALSE,"UNCHANGED","ESTIMABLE_WITH_WARNINGS"
"S09_D19_MODE","ALL_INTERNET",2012,"VCF0839--VCF0894","VCF0839","VCF0894",0.304754460215999,0.347101372069572,TRUE,TRUE,"POSITIVE","POSITIVE",0.0423469118535727,0.0423469118535727,FALSE,FALSE,"UNCHANGED","ESTIMABLE_WITH_WARNINGS"
"S09_D19_MODE","ALL_INTERNET",2012,"VCF0879a--VCF0894","VCF0879a","VCF0894",0.14055343388669,0.15596046738087,TRUE,TRUE,"POSITIVE","POSITIVE",0.0154070334941797,0.0154070334941797,FALSE,FALSE,"UNCHANGED","ESTIMABLE_WITH_WARNINGS"
"S09_D19_MODE","ALL_INTERNET",2012,"VCF0888--VCF0894","VCF0888","VCF0894",0,0,FALSE,FALSE,"ZERO","ZERO",0,0,FALSE,FALSE,"UNCHANGED","ESTIMABLE_WITH_WARNINGS"
"S09_D19_MODE","ALL_INTERNET",2012,"VCF0890--VCF0894","VCF0890","VCF0894",0.156670022803228,0.16669819306798,TRUE,TRUE,"POSITIVE","POSITIVE",0.0100281702647516,0.0100281702647516,FALSE,FALSE,"UNCHANGED","ESTIMABLE_WITH_WARNINGS"
"S09_D19_MODE","ALL_INTERNET",2012,"VCF0806--VCF9223","VCF0806","VCF9223",0.0150369312245018,0.041888921560685,TRUE,TRUE,"POSITIVE","POSITIVE",0.0268519903361832,0.0268519903361832,FALSE,FALSE,"UNCHANGED","ESTIMABLE_WITH_WARNINGS"
"S09_D19_MODE","ALL_INTERNET",2012,"VCF0809--VCF9223","VCF0809","VCF9223",-0.0228829782209999,-0.0251689452921108,TRUE,TRUE,"NEGATIVE","NEGATIVE",-0.00228596707111092,0.00228596707111092,FALSE,FALSE,"UNCHANGED","ESTIMABLE_WITH_WARNINGS"
"S09_D19_MODE","ALL_INTERNET",2012,"VCF0838--VCF9223","VCF0838","VCF9223",0.11975354377938,0.109582937749841,TRUE,TRUE,"POSITIVE","POSITIVE",-0.0101706060295387,0.0101706060295387,FALSE,FALSE,"UNCHANGED","ESTIMABLE_WITH_WARNINGS"
"S09_D19_MODE","ALL_INTERNET",2012,"VCF0839--VCF9223","VCF0839","VCF9223",0.0271344846048082,0.0412545850517611,TRUE,TRUE,"POSITIVE","POSITIVE",0.0141201004469529,0.0141201004469529,FALSE,FALSE,"UNCHANGED","ESTIMABLE_WITH_WARNINGS"
"S09_D19_MODE","ALL_INTERNET",2012,"VCF0879a--VCF9223","VCF0879a","VCF9223",0.469833727138572,0.50557635352006,TRUE,TRUE,"POSITIVE","POSITIVE",0.0357426263814882,0.0357426263814882,FALSE,FALSE,"UNCHANGED","ESTIMABLE_WITH_WARNINGS"
"S09_D19_MODE","ALL_INTERNET",2012,"VCF0888--VCF9223","VCF0888","VCF9223",-0.0713228146329072,-0.0700260668329026,TRUE,TRUE,"NEGATIVE","NEGATIVE",0.00129674780000466,0.00129674780000466,FALSE,FALSE,"UNCHANGED","ESTIMABLE_WITH_WARNINGS"
"S09_D19_MODE","ALL_INTERNET",2012,"VCF0890--VCF9223","VCF0890","VCF9223",0.0384970135041746,0.030828925678741,TRUE,TRUE,"POSITIVE","POSITIVE",-0.00766808782543357,0.00766808782543357,FALSE,FALSE,"UNCHANGED","ESTIMABLE_WITH_WARNINGS"
"S09_D19_MODE","ALL_INTERNET",2012,"VCF0894--VCF9223","VCF0894","VCF9223",-0.00920298803560992,0,TRUE,FALSE,"NEGATIVE","ZERO",0.00920298803560992,0.00920298803560992,TRUE,FALSE,"CHANGED","ESTIMABLE_WITH_WARNINGS"
"S09_D19_MODE","ALL_INTERNET",2016,"VCF0806--VCF0809","VCF0806","VCF0809",0.357600675012053,0.371368336711,TRUE,TRUE,"POSITIVE","POSITIVE",0.0137676616989473,0.0137676616989473,FALSE,FALSE,"UNCHANGED","ESTIMABLE_WITH_WARNINGS"
"S09_D19_MODE","ALL_INTERNET",2016,"VCF0806--VCF0838","VCF0806","VCF0838",0.181921384698232,0.177396154716695,TRUE,TRUE,"POSITIVE","POSITIVE",-0.00452522998153626,0.00452522998153626,FALSE,FALSE,"UNCHANGED","ESTIMABLE_WITH_WARNINGS"
"S09_D19_MODE","ALL_INTERNET",2016,"VCF0809--VCF0838","VCF0809","VCF0838",-0.0734135665583111,-0.0811144788048386,TRUE,TRUE,"NEGATIVE","NEGATIVE",-0.0077009122465275,0.0077009122465275,FALSE,FALSE,"UNCHANGED","ESTIMABLE_WITH_WARNINGS"
"S09_D19_MODE","ALL_INTERNET",2016,"VCF0806--VCF0839","VCF0806","VCF0839",0.190850385470592,0.203417709794859,TRUE,TRUE,"POSITIVE","POSITIVE",0.0125673243242665,0.0125673243242665,FALSE,FALSE,"UNCHANGED","ESTIMABLE_WITH_WARNINGS"
"S09_D19_MODE","ALL_INTERNET",2016,"VCF0809--VCF0839","VCF0809","VCF0839",0.216271398419299,0.208162524566632,TRUE,TRUE,"POSITIVE","POSITIVE",-0.00810887385266731,0.00810887385266731,FALSE,FALSE,"UNCHANGED","ESTIMABLE_WITH_WARNINGS"
"S09_D19_MODE","ALL_INTERNET",2016,"VCF0838--VCF0839","VCF0838","VCF0839",0.0636726525169274,0.069243000416133,TRUE,TRUE,"POSITIVE","POSITIVE",0.00557034789920563,0.00557034789920563,FALSE,FALSE,"UNCHANGED","ESTIMABLE_WITH_WARNINGS"
"S09_D19_MODE","ALL_INTERNET",2016,"VCF0806--VCF0879a","VCF0806","VCF0879a",0.0658181576864972,0.0510127673742083,TRUE,TRUE,"POSITIVE","POSITIVE",-0.014805390312289,0.014805390312289,FALSE,FALSE,"UNCHANGED","ESTIMABLE_WITH_WARNINGS"
"S09_D19_MODE","ALL_INTERNET",2016,"VCF0809--VCF0879a","VCF0809","VCF0879a",0,0,FALSE,FALSE,"ZERO","ZERO",0,0,FALSE,FALSE,"UNCHANGED","ESTIMABLE_WITH_WARNINGS"
"S09_D19_MODE","ALL_INTERNET",2016,"VCF0838--VCF0879a","VCF0838","VCF0879a",0.0198466846918451,0.0130590419358326,TRUE,TRUE,"POSITIVE","POSITIVE",-0.00678764275601252,0.00678764275601252,FALSE,FALSE,"UNCHANGED","ESTIMABLE_WITH_WARNINGS"
"S09_D19_MODE","ALL_INTERNET",2016,"VCF0839--VCF0879a","VCF0839","VCF0879a",0,0.00133911182343287,FALSE,TRUE,"ZERO","POSITIVE",0.00133911182343287,0.00133911182343287,TRUE,FALSE,"CHANGED","ESTIMABLE_WITH_WARNINGS"
"S09_D19_MODE","ALL_INTERNET",2016,"VCF0806--VCF0888","VCF0806","VCF0888",-0.0783115642198743,-0.0740331866500212,TRUE,TRUE,"NEGATIVE","NEGATIVE",0.00427837756985303,0.00427837756985303,FALSE,FALSE,"UNCHANGED","ESTIMABLE_WITH_WARNINGS"
"S09_D19_MODE","ALL_INTERNET",2016,"VCF0809--VCF0888","VCF0809","VCF0888",0,0.0250107897940816,FALSE,TRUE,"ZERO","POSITIVE",0.0250107897940816,0.0250107897940816,TRUE,FALSE,"CHANGED","ESTIMABLE_WITH_WARNINGS"
"S09_D19_MODE","ALL_INTERNET",2016,"VCF0838--VCF0888","VCF0838","VCF0888",-0.101292565988874,-0.113185323138305,TRUE,TRUE,"NEGATIVE","NEGATIVE",-0.0118927571494312,0.0118927571494312,FALSE,FALSE,"UNCHANGED","ESTIMABLE_WITH_WARNINGS"
"S09_D19_MODE","ALL_INTERNET",2016,"VCF0839--VCF0888","VCF0839","VCF0888",0.0370470506219009,0.04517528203386,TRUE,TRUE,"POSITIVE","POSITIVE",0.00812823141195915,0.00812823141195915,FALSE,FALSE,"UNCHANGED","ESTIMABLE_WITH_WARNINGS"
"S09_D19_MODE","ALL_INTERNET",2016,"VCF0879a--VCF0888","VCF0879a","VCF0888",-0.090754153248673,-0.0832598455132027,TRUE,TRUE,"NEGATIVE","NEGATIVE",0.00749430773547032,0.00749430773547032,FALSE,FALSE,"UNCHANGED","ESTIMABLE_WITH_WARNINGS"
"S09_D19_MODE","ALL_INTERNET",2016,"VCF0806--VCF0890","VCF0806","VCF0890",0.0590306809790036,0.0477936120247014,TRUE,TRUE,"POSITIVE","POSITIVE",-0.0112370689543022,0.0112370689543022,FALSE,FALSE,"UNCHANGED","ESTIMABLE_WITH_WARNINGS"
"S09_D19_MODE","ALL_INTERNET",2016,"VCF0809--VCF0890","VCF0809","VCF0890",0.052471021635499,0.0731499792771705,TRUE,TRUE,"POSITIVE","POSITIVE",0.0206789576416716,0.0206789576416716,FALSE,FALSE,"UNCHANGED","ESTIMABLE_WITH_WARNINGS"
"S09_D19_MODE","ALL_INTERNET",2016,"VCF0838--VCF0890","VCF0838","VCF0890",0.108612599323994,0.116981689012496,TRUE,TRUE,"POSITIVE","POSITIVE",0.00836908968850238,0.00836908968850238,FALSE,FALSE,"UNCHANGED","ESTIMABLE_WITH_WARNINGS"
"S09_D19_MODE","ALL_INTERNET",2016,"VCF0839--VCF0890","VCF0839","VCF0890",0.242347657779176,0.221198929608788,TRUE,TRUE,"POSITIVE","POSITIVE",-0.0211487281703878,0.0211487281703878,FALSE,FALSE,"UNCHANGED","ESTIMABLE_WITH_WARNINGS"
"S09_D19_MODE","ALL_INTERNET",2016,"VCF0879a--VCF0890","VCF0879a","VCF0890",0.0141694491107246,0.0236481363970852,TRUE,TRUE,"POSITIVE","POSITIVE",0.00947868728636057,0.00947868728636057,FALSE,FALSE,"UNCHANGED","ESTIMABLE_WITH_WARNINGS"
"S09_D19_MODE","ALL_INTERNET",2016,"VCF0888--VCF0890","VCF0888","VCF0890",0.215890208797959,0.198973364673847,TRUE,TRUE,"POSITIVE","POSITIVE",-0.0169168441241122,0.0169168441241122,FALSE,FALSE,"UNCHANGED","ESTIMABLE_WITH_WARNINGS"
"S09_D19_MODE","ALL_INTERNET",2016,"VCF0806--VCF0894","VCF0806","VCF0894",0.114332152702858,0.107901741716319,TRUE,TRUE,"POSITIVE","POSITIVE",-0.00643041098653917,0.00643041098653917,FALSE,FALSE,"UNCHANGED","ESTIMABLE_WITH_WARNINGS"
"S09_D19_MODE","ALL_INTERNET",2016,"VCF0809--VCF0894","VCF0809","VCF0894",0.173766642629694,0.16405504015807,TRUE,TRUE,"POSITIVE","POSITIVE",-0.00971160247162406,0.00971160247162406,FALSE,FALSE,"UNCHANGED","ESTIMABLE_WITH_WARNINGS"
"S09_D19_MODE","ALL_INTERNET",2016,"VCF0838--VCF0894","VCF0838","VCF0894",0.0364902033127705,0.0263717631897646,TRUE,TRUE,"POSITIVE","POSITIVE",-0.0101184401230059,0.0101184401230059,FALSE,FALSE,"UNCHANGED","ESTIMABLE_WITH_WARNINGS"
"S09_D19_MODE","ALL_INTERNET",2016,"VCF0839--VCF0894","VCF0839","VCF0894",0.329872988221807,0.376061273321343,TRUE,TRUE,"POSITIVE","POSITIVE",0.0461882850995368,0.0461882850995368,FALSE,FALSE,"UNCHANGED","ESTIMABLE_WITH_WARNINGS"
"S09_D19_MODE","ALL_INTERNET",2016,"VCF0879a--VCF0894","VCF0879a","VCF0894",0.227269099451679,0.227962293181684,TRUE,TRUE,"POSITIVE","POSITIVE",0.000693193730005121,0.000693193730005121,FALSE,FALSE,"UNCHANGED","ESTIMABLE_WITH_WARNINGS"
"S09_D19_MODE","ALL_INTERNET",2016,"VCF0888--VCF0894","VCF0888","VCF0894",-0.0630943703683428,-0.104362685123382,TRUE,TRUE,"NEGATIVE","NEGATIVE",-0.0412683147550392,0.0412683147550392,FALSE,FALSE,"UNCHANGED","ESTIMABLE_WITH_WARNINGS"
"S09_D19_MODE","ALL_INTERNET",2016,"VCF0890--VCF0894","VCF0890","VCF0894",0.122481274464188,0.0850712431797157,TRUE,TRUE,"POSITIVE","POSITIVE",-0.0374100312844719,0.0374100312844719,FALSE,FALSE,"UNCHANGED","ESTIMABLE_WITH_WARNINGS"
"S09_D19_MODE","ALL_INTERNET",2016,"VCF0806--VCF9223","VCF0806","VCF9223",0.0186252735363306,0.0148974357721735,TRUE,TRUE,"POSITIVE","POSITIVE",-0.00372783776415708,0.00372783776415708,FALSE,FALSE,"UNCHANGED","ESTIMABLE_WITH_WARNINGS"
"S09_D19_MODE","ALL_INTERNET",2016,"VCF0809--VCF9223","VCF0809","VCF9223",0,-0.0230396702703873,FALSE,TRUE,"ZERO","NEGATIVE",-0.0230396702703873,0.0230396702703873,TRUE,FALSE,"CHANGED","ESTIMABLE_WITH_WARNINGS"
"S09_D19_MODE","ALL_INTERNET",2016,"VCF0838--VCF9223","VCF0838","VCF9223",0.143965510367613,0.157001610901826,TRUE,TRUE,"POSITIVE","POSITIVE",0.0130361005342136,0.0130361005342136,FALSE,FALSE,"UNCHANGED","ESTIMABLE_WITH_WARNINGS"
"S09_D19_MODE","ALL_INTERNET",2016,"VCF0839--VCF9223","VCF0839","VCF9223",0.018458574204645,0.0378959229847649,TRUE,TRUE,"POSITIVE","POSITIVE",0.0194373487801199,0.0194373487801199,FALSE,FALSE,"UNCHANGED","ESTIMABLE_WITH_WARNINGS"
"S09_D19_MODE","ALL_INTERNET",2016,"VCF0879a--VCF9223","VCF0879a","VCF9223",0.440934290526284,0.453492512614277,TRUE,TRUE,"POSITIVE","POSITIVE",0.0125582220879924,0.0125582220879924,FALSE,FALSE,"UNCHANGED","ESTIMABLE_WITH_WARNINGS"
"S09_D19_MODE","ALL_INTERNET",2016,"VCF0888--VCF9223","VCF0888","VCF9223",-0.113633115156834,-0.0714627016585274,TRUE,TRUE,"NEGATIVE","NEGATIVE",0.042170413498307,0.042170413498307,FALSE,FALSE,"UNCHANGED","ESTIMABLE_WITH_WARNINGS"
"S09_D19_MODE","ALL_INTERNET",2016,"VCF0890--VCF9223","VCF0890","VCF9223",0.0887466384157413,0.0908177060995907,TRUE,TRUE,"POSITIVE","POSITIVE",0.0020710676838494,0.0020710676838494,FALSE,FALSE,"UNCHANGED","ESTIMABLE_WITH_WARNINGS"
"S09_D19_MODE","ALL_INTERNET",2016,"VCF0894--VCF9223","VCF0894","VCF9223",0.0127258634156021,0.0218962123130856,TRUE,TRUE,"POSITIVE","POSITIVE",0.00917034889748353,0.00917034889748353,FALSE,FALSE,"UNCHANGED","ESTIMABLE_WITH_WARNINGS"
"S09_D19_MODE","ALL_INTERNET",2020,"VCF0806--VCF0809","VCF0806","VCF0809",0.339019965826395,0.336406883978285,TRUE,TRUE,"POSITIVE","POSITIVE",-0.00261308184810943,0.00261308184810943,FALSE,FALSE,"UNCHANGED","ESTIMABLE_WITH_WARNINGS"
"S09_D19_MODE","ALL_INTERNET",2020,"VCF0806--VCF0838","VCF0806","VCF0838",0.194720924461167,0.19859960631506,TRUE,TRUE,"POSITIVE","POSITIVE",0.00387868185389259,0.00387868185389259,FALSE,FALSE,"UNCHANGED","ESTIMABLE_WITH_WARNINGS"
"S09_D19_MODE","ALL_INTERNET",2020,"VCF0809--VCF0838","VCF0809","VCF0838",0.0284272171043005,0.0343265539239681,TRUE,TRUE,"POSITIVE","POSITIVE",0.00589933681966758,0.00589933681966758,FALSE,FALSE,"UNCHANGED","ESTIMABLE_WITH_WARNINGS"
"S09_D19_MODE","ALL_INTERNET",2020,"VCF0806--VCF0839","VCF0806","VCF0839",0.218609064876532,0.223863007707495,TRUE,TRUE,"POSITIVE","POSITIVE",0.00525394283096287,0.00525394283096287,FALSE,FALSE,"UNCHANGED","ESTIMABLE_WITH_WARNINGS"
"S09_D19_MODE","ALL_INTERNET",2020,"VCF0809--VCF0839","VCF0809","VCF0839",0.266004849180601,0.266634039563391,TRUE,TRUE,"POSITIVE","POSITIVE",0.000629190382789691,0.000629190382789691,FALSE,FALSE,"UNCHANGED","ESTIMABLE_WITH_WARNINGS"
"S09_D19_MODE","ALL_INTERNET",2020,"VCF0838--VCF0839","VCF0838","VCF0839",0.0258476371914002,0.0199668102250498,TRUE,TRUE,"POSITIVE","POSITIVE",-0.00588082696635036,0.00588082696635036,FALSE,FALSE,"UNCHANGED","ESTIMABLE_WITH_WARNINGS"
"S09_D19_MODE","ALL_INTERNET",2020,"VCF0806--VCF0879a","VCF0806","VCF0879a",0.0493009287160725,0.0476084582850813,TRUE,TRUE,"POSITIVE","POSITIVE",-0.00169247043099116,0.00169247043099116,FALSE,FALSE,"UNCHANGED","ESTIMABLE_WITH_WARNINGS"
"S09_D19_MODE","ALL_INTERNET",2020,"VCF0809--VCF0879a","VCF0809","VCF0879a",0.0313461409353886,0.0303238741471271,TRUE,TRUE,"POSITIVE","POSITIVE",-0.00102226678826154,0.00102226678826154,FALSE,FALSE,"UNCHANGED","ESTIMABLE_WITH_WARNINGS"
"S09_D19_MODE","ALL_INTERNET",2020,"VCF0838--VCF0879a","VCF0838","VCF0879a",0.00382478480854227,0.00632878889060056,TRUE,TRUE,"POSITIVE","POSITIVE",0.0025040040820583,0.0025040040820583,FALSE,FALSE,"UNCHANGED","ESTIMABLE_WITH_WARNINGS"
"S09_D19_MODE","ALL_INTERNET",2020,"VCF0839--VCF0879a","VCF0839","VCF0879a",0,0,FALSE,FALSE,"ZERO","ZERO",0,0,FALSE,FALSE,"UNCHANGED","ESTIMABLE_WITH_WARNINGS"
"S09_D19_MODE","ALL_INTERNET",2020,"VCF0806--VCF0888","VCF0806","VCF0888",-0.142066445791472,-0.140225430203582,TRUE,TRUE,"NEGATIVE","NEGATIVE",0.00184101558788977,0.00184101558788977,FALSE,FALSE,"UNCHANGED","ESTIMABLE_WITH_WARNINGS"
"S09_D19_MODE","ALL_INTERNET",2020,"VCF0809--VCF0888","VCF0809","VCF0888",-0.0260092667248852,-0.0190534665248952,TRUE,TRUE,"NEGATIVE","NEGATIVE",0.00695580019998998,0.00695580019998998,FALSE,FALSE,"UNCHANGED","ESTIMABLE_WITH_WARNINGS"
"S09_D19_MODE","ALL_INTERNET",2020,"VCF0838--VCF0888","VCF0838","VCF0888",-0.184835629335573,-0.187218081287532,TRUE,TRUE,"NEGATIVE","NEGATIVE",-0.00238245195195833,0.00238245195195833,FALSE,FALSE,"UNCHANGED","ESTIMABLE_WITH_WARNINGS"
"S09_D19_MODE","ALL_INTERNET",2020,"VCF0839--VCF0888","VCF0839","VCF0888",0.0159747561285973,0.0145085017893257,TRUE,TRUE,"POSITIVE","POSITIVE",-0.00146625433927151,0.00146625433927151,FALSE,FALSE,"UNCHANGED","ESTIMABLE_WITH_WARNINGS"
"S09_D19_MODE","ALL_INTERNET",2020,"VCF0879a--VCF0888","VCF0879a","VCF0888",-0.169847882148041,-0.162026566876768,TRUE,TRUE,"NEGATIVE","NEGATIVE",0.00782131527127219,0.00782131527127219,FALSE,FALSE,"UNCHANGED","ESTIMABLE_WITH_WARNINGS"
"S09_D19_MODE","ALL_INTERNET",2020,"VCF0806--VCF0890","VCF0806","VCF0890",0.0572874494519452,0.0651885112012628,TRUE,TRUE,"POSITIVE","POSITIVE",0.00790106174931756,0.00790106174931756,FALSE,FALSE,"UNCHANGED","ESTIMABLE_WITH_WARNINGS"
"S09_D19_MODE","ALL_INTERNET",2020,"VCF0809--VCF0890","VCF0809","VCF0890",0.0975118954026813,0.097286629020925,TRUE,TRUE,"POSITIVE","POSITIVE",-0.000225266381756295,0.000225266381756295,FALSE,FALSE,"UNCHANGED","ESTIMABLE_WITH_WARNINGS"
"S09_D19_MODE","ALL_INTERNET",2020,"VCF0838--VCF0890","VCF0838","VCF0890",0.139154682441411,0.134192888328864,TRUE,TRUE,"POSITIVE","POSITIVE",-0.00496179411254749,0.00496179411254749,FALSE,FALSE,"UNCHANGED","ESTIMABLE_WITH_WARNINGS"
"S09_D19_MODE","ALL_INTERNET",2020,"VCF0839--VCF0890","VCF0839","VCF0890",0.234815190156645,0.224642860555133,TRUE,TRUE,"POSITIVE","POSITIVE",-0.0101723296015118,0.0101723296015118,FALSE,FALSE,"UNCHANGED","ESTIMABLE_WITH_WARNINGS"
"S09_D19_MODE","ALL_INTERNET",2020,"VCF0879a--VCF0890","VCF0879a","VCF0890",0.0240302065982658,0.0291783326034313,TRUE,TRUE,"POSITIVE","POSITIVE",0.00514812600516549,0.00514812600516549,FALSE,FALSE,"UNCHANGED","ESTIMABLE_WITH_WARNINGS"
"S09_D19_MODE","ALL_INTERNET",2020,"VCF0888--VCF0890","VCF0888","VCF0890",0.152332665756861,0.153415318813274,TRUE,TRUE,"POSITIVE","POSITIVE",0.00108265305641259,0.00108265305641259,FALSE,FALSE,"UNCHANGED","ESTIMABLE_WITH_WARNINGS"
"S09_D19_MODE","ALL_INTERNET",2020,"VCF0806--VCF0894","VCF0806","VCF0894",0.0796373739812811,0.0686725490470439,TRUE,TRUE,"POSITIVE","POSITIVE",-0.0109648249342372,0.0109648249342372,FALSE,FALSE,"UNCHANGED","ESTIMABLE_WITH_WARNINGS"
"S09_D19_MODE","ALL_INTERNET",2020,"VCF0809--VCF0894","VCF0809","VCF0894",0.167624716218426,0.168284237640848,TRUE,TRUE,"POSITIVE","POSITIVE",0.000659521422422288,0.000659521422422288,FALSE,FALSE,"UNCHANGED","ESTIMABLE_WITH_WARNINGS"
"S09_D19_MODE","ALL_INTERNET",2020,"VCF0838--VCF0894","VCF0838","VCF0894",0.0578781092811031,0.060815757248601,TRUE,TRUE,"POSITIVE","POSITIVE",0.00293764796749792,0.00293764796749792,FALSE,FALSE,"UNCHANGED","ESTIMABLE_WITH_WARNINGS"
"S09_D19_MODE","ALL_INTERNET",2020,"VCF0839--VCF0894","VCF0839","VCF0894",0.244511389929148,0.249096738992641,TRUE,TRUE,"POSITIVE","POSITIVE",0.00458534906349339,0.00458534906349339,FALSE,FALSE,"UNCHANGED","ESTIMABLE_WITH_WARNINGS"
"S09_D19_MODE","ALL_INTERNET",2020,"VCF0879a--VCF0894","VCF0879a","VCF0894",0.220780809671857,0.220445556889896,TRUE,TRUE,"POSITIVE","POSITIVE",-0.000335252781961393,0.000335252781961393,FALSE,FALSE,"UNCHANGED","ESTIMABLE_WITH_WARNINGS"
"S09_D19_MODE","ALL_INTERNET",2020,"VCF0888--VCF0894","VCF0888","VCF0894",-0.068233730564378,-0.079291542583572,TRUE,TRUE,"NEGATIVE","NEGATIVE",-0.011057812019194,0.011057812019194,FALSE,FALSE,"UNCHANGED","ESTIMABLE_WITH_WARNINGS"
"S09_D19_MODE","ALL_INTERNET",2020,"VCF0890--VCF0894","VCF0890","VCF0894",0.155260312714881,0.160200056237395,TRUE,TRUE,"POSITIVE","POSITIVE",0.00493974352251372,0.00493974352251372,FALSE,FALSE,"UNCHANGED","ESTIMABLE_WITH_WARNINGS"
"S09_D19_MODE","ALL_INTERNET",2020,"VCF0806--VCF9223","VCF0806","VCF9223",0.0242233695850124,0.0243451708983329,TRUE,TRUE,"POSITIVE","POSITIVE",0.000121801313320454,0.000121801313320454,FALSE,FALSE,"UNCHANGED","ESTIMABLE_WITH_WARNINGS"
"S09_D19_MODE","ALL_INTERNET",2020,"VCF0809--VCF9223","VCF0809","VCF9223",0,0,FALSE,FALSE,"ZERO","ZERO",0,0,FALSE,FALSE,"UNCHANGED","ESTIMABLE_WITH_WARNINGS"
"S09_D19_MODE","ALL_INTERNET",2020,"VCF0838--VCF9223","VCF0838","VCF9223",0.142161290526218,0.139416981198528,TRUE,TRUE,"POSITIVE","POSITIVE",-0.00274430932768996,0.00274430932768996,FALSE,FALSE,"UNCHANGED","ESTIMABLE_WITH_WARNINGS"
"S09_D19_MODE","ALL_INTERNET",2020,"VCF0839--VCF9223","VCF0839","VCF9223",0,0,FALSE,FALSE,"ZERO","ZERO",0,0,FALSE,FALSE,"UNCHANGED","ESTIMABLE_WITH_WARNINGS"
"S09_D19_MODE","ALL_INTERNET",2020,"VCF0879a--VCF9223","VCF0879a","VCF9223",0.436152559373321,0.433656360607932,TRUE,TRUE,"POSITIVE","POSITIVE",-0.00249619876538903,0.00249619876538903,FALSE,FALSE,"UNCHANGED","ESTIMABLE_WITH_WARNINGS"
"S09_D19_MODE","ALL_INTERNET",2020,"VCF0888--VCF9223","VCF0888","VCF9223",-0.11192935869046,-0.113170904533724,TRUE,TRUE,"NEGATIVE","NEGATIVE",-0.0012415458432644,0.0012415458432644,FALSE,FALSE,"UNCHANGED","ESTIMABLE_WITH_WARNINGS"
"S09_D19_MODE","ALL_INTERNET",2020,"VCF0890--VCF9223","VCF0890","VCF9223",0.101132031781839,0.103460959290876,TRUE,TRUE,"POSITIVE","POSITIVE",0.00232892750903721,0.00232892750903721,FALSE,FALSE,"UNCHANGED","ESTIMABLE_WITH_WARNINGS"
"S09_D19_MODE","ALL_INTERNET",2020,"VCF0894--VCF9223","VCF0894","VCF9223",0,0.000380783931154642,FALSE,TRUE,"ZERO","POSITIVE",0.000380783931154642,0.000380783931154642,TRUE,FALSE,"CHANGED","ESTIMABLE_WITH_WARNINGS"
"S09_D19_MODE","ALL_INTERNET",2024,"VCF0806--VCF0809","VCF0806","VCF0809",0.286446415679923,0.28224900721808,TRUE,TRUE,"POSITIVE","POSITIVE",-0.00419740846184308,0.00419740846184308,FALSE,FALSE,"UNCHANGED","ESTIMABLE_WITH_WARNINGS"
"S09_D19_MODE","ALL_INTERNET",2024,"VCF0806--VCF0838","VCF0806","VCF0838",0.0969823508352493,0.114879969827422,TRUE,TRUE,"POSITIVE","POSITIVE",0.0178976189921723,0.0178976189921723,FALSE,FALSE,"UNCHANGED","ESTIMABLE_WITH_WARNINGS"
"S09_D19_MODE","ALL_INTERNET",2024,"VCF0809--VCF0838","VCF0809","VCF0838",0.081819208318309,0.0748762824825071,TRUE,TRUE,"POSITIVE","POSITIVE",-0.00694292583580182,0.00694292583580182,FALSE,FALSE,"UNCHANGED","ESTIMABLE_WITH_WARNINGS"
"S09_D19_MODE","ALL_INTERNET",2024,"VCF0806--VCF0839","VCF0806","VCF0839",0.173090954828948,0.175166327561922,TRUE,TRUE,"POSITIVE","POSITIVE",0.00207537273297392,0.00207537273297392,FALSE,FALSE,"UNCHANGED","ESTIMABLE_WITH_WARNINGS"
"S09_D19_MODE","ALL_INTERNET",2024,"VCF0809--VCF0839","VCF0809","VCF0839",0.282103083965334,0.284690608709463,TRUE,TRUE,"POSITIVE","POSITIVE",0.00258752474412921,0.00258752474412921,FALSE,FALSE,"UNCHANGED","ESTIMABLE_WITH_WARNINGS"
"S09_D19_MODE","ALL_INTERNET",2024,"VCF0838--VCF0839","VCF0838","VCF0839",0.0952675388816836,0.0877411077360596,TRUE,TRUE,"POSITIVE","POSITIVE",-0.00752643114562399,0.00752643114562399,FALSE,FALSE,"UNCHANGED","ESTIMABLE_WITH_WARNINGS"
"S09_D19_MODE","ALL_INTERNET",2024,"VCF0806--VCF0879a","VCF0806","VCF0879a",0.00263679822443648,0,TRUE,FALSE,"POSITIVE","ZERO",-0.00263679822443648,0.00263679822443648,TRUE,FALSE,"CHANGED","ESTIMABLE_WITH_WARNINGS"
"S09_D19_MODE","ALL_INTERNET",2024,"VCF0809--VCF0879a","VCF0809","VCF0879a",0,0,FALSE,FALSE,"ZERO","ZERO",0,0,FALSE,FALSE,"UNCHANGED","ESTIMABLE_WITH_WARNINGS"
"S09_D19_MODE","ALL_INTERNET",2024,"VCF0838--VCF0879a","VCF0838","VCF0879a",0.020217806487761,0.0552016441494506,TRUE,TRUE,"POSITIVE","POSITIVE",0.0349838376616896,0.0349838376616896,FALSE,FALSE,"UNCHANGED","ESTIMABLE_WITH_WARNINGS"
"S09_D19_MODE","ALL_INTERNET",2024,"VCF0839--VCF0879a","VCF0839","VCF0879a",0,0,FALSE,FALSE,"ZERO","ZERO",0,0,FALSE,FALSE,"UNCHANGED","ESTIMABLE_WITH_WARNINGS"
"S09_D19_MODE","ALL_INTERNET",2024,"VCF0806--VCF0888","VCF0806","VCF0888",-0.115991969116665,-0.12545311963545,TRUE,TRUE,"NEGATIVE","NEGATIVE",-0.00946115051878593,0.00946115051878593,FALSE,FALSE,"UNCHANGED","ESTIMABLE_WITH_WARNINGS"
"S09_D19_MODE","ALL_INTERNET",2024,"VCF0809--VCF0888","VCF0809","VCF0888",-0.0352736970916302,-0.0329328329169883,TRUE,TRUE,"NEGATIVE","NEGATIVE",0.00234086417464188,0.00234086417464188,FALSE,FALSE,"UNCHANGED","ESTIMABLE_WITH_WARNINGS"
"S09_D19_MODE","ALL_INTERNET",2024,"VCF0838--VCF0888","VCF0838","VCF0888",-0.118991017033197,-0.103414130627388,TRUE,TRUE,"NEGATIVE","NEGATIVE",0.0155768864058089,0.0155768864058089,FALSE,FALSE,"UNCHANGED","ESTIMABLE_WITH_WARNINGS"
"S09_D19_MODE","ALL_INTERNET",2024,"VCF0839--VCF0888","VCF0839","VCF0888",-0.0418929526015918,-0.0280422402536342,TRUE,TRUE,"NEGATIVE","NEGATIVE",0.0138507123479577,0.0138507123479577,FALSE,FALSE,"UNCHANGED","ESTIMABLE_WITH_WARNINGS"
"S09_D19_MODE","ALL_INTERNET",2024,"VCF0879a--VCF0888","VCF0879a","VCF0888",-0.121405830251357,-0.125897622185015,TRUE,TRUE,"NEGATIVE","NEGATIVE",-0.00449179193365813,0.00449179193365813,FALSE,FALSE,"UNCHANGED","ESTIMABLE_WITH_WARNINGS"
"S09_D19_MODE","ALL_INTERNET",2024,"VCF0806--VCF0890","VCF0806","VCF0890",0.0935194910662682,0.0994731391415025,TRUE,TRUE,"POSITIVE","POSITIVE",0.00595364807523431,0.00595364807523431,FALSE,FALSE,"UNCHANGED","ESTIMABLE_WITH_WARNINGS"
"S09_D19_MODE","ALL_INTERNET",2024,"VCF0809--VCF0890","VCF0809","VCF0890",0.0707344951564464,0.0645165898300115,TRUE,TRUE,"POSITIVE","POSITIVE",-0.00621790532643487,0.00621790532643487,FALSE,FALSE,"UNCHANGED","ESTIMABLE_WITH_WARNINGS"
"S09_D19_MODE","ALL_INTERNET",2024,"VCF0838--VCF0890","VCF0838","VCF0890",0.101584072151753,0.11169037986957,TRUE,TRUE,"POSITIVE","POSITIVE",0.0101063077178168,0.0101063077178168,FALSE,FALSE,"UNCHANGED","ESTIMABLE_WITH_WARNINGS"
"S09_D19_MODE","ALL_INTERNET",2024,"VCF0839--VCF0890","VCF0839","VCF0890",0.266945440954792,0.274920171128698,TRUE,TRUE,"POSITIVE","POSITIVE",0.00797473017390543,0.00797473017390543,FALSE,FALSE,"UNCHANGED","ESTIMABLE_WITH_WARNINGS"
"S09_D19_MODE","ALL_INTERNET",2024,"VCF0879a--VCF0890","VCF0879a","VCF0890",0.0186928727184489,0.00794393150532084,TRUE,TRUE,"POSITIVE","POSITIVE",-0.010748941213128,0.010748941213128,FALSE,FALSE,"UNCHANGED","ESTIMABLE_WITH_WARNINGS"
"S09_D19_MODE","ALL_INTERNET",2024,"VCF0888--VCF0890","VCF0888","VCF0890",0.202850964978324,0.201998710690873,TRUE,TRUE,"POSITIVE","POSITIVE",-0.000852254287450172,0.000852254287450172,FALSE,FALSE,"UNCHANGED","ESTIMABLE_WITH_WARNINGS"
"S09_D19_MODE","ALL_INTERNET",2024,"VCF0806--VCF0894","VCF0806","VCF0894",0.115925421886945,0.11812545413725,TRUE,TRUE,"POSITIVE","POSITIVE",0.00220003225030459,0.00220003225030459,FALSE,FALSE,"UNCHANGED","ESTIMABLE_WITH_WARNINGS"
"S09_D19_MODE","ALL_INTERNET",2024,"VCF0809--VCF0894","VCF0809","VCF0894",0.158881201459168,0.157490907909215,TRUE,TRUE,"POSITIVE","POSITIVE",-0.00139029354995274,0.00139029354995274,FALSE,FALSE,"UNCHANGED","ESTIMABLE_WITH_WARNINGS"
"S09_D19_MODE","ALL_INTERNET",2024,"VCF0838--VCF0894","VCF0838","VCF0894",0.0597191234757199,0.048494825662026,TRUE,TRUE,"POSITIVE","POSITIVE",-0.0112242978136939,0.0112242978136939,FALSE,FALSE,"UNCHANGED","ESTIMABLE_WITH_WARNINGS"
"S09_D19_MODE","ALL_INTERNET",2024,"VCF0839--VCF0894","VCF0839","VCF0894",0.20897158234944,0.230336752896127,TRUE,TRUE,"POSITIVE","POSITIVE",0.0213651705466868,0.0213651705466868,FALSE,FALSE,"UNCHANGED","ESTIMABLE_WITH_WARNINGS"
"S09_D19_MODE","ALL_INTERNET",2024,"VCF0879a--VCF0894","VCF0879a","VCF0894",0.117685330392291,0.116618987788328,TRUE,TRUE,"POSITIVE","POSITIVE",-0.00106634260396313,0.00106634260396313,FALSE,FALSE,"UNCHANGED","ESTIMABLE_WITH_WARNINGS"
"S09_D19_MODE","ALL_INTERNET",2024,"VCF0888--VCF0894","VCF0888","VCF0894",-0.0305512817079149,-0.0329326863128738,TRUE,TRUE,"NEGATIVE","NEGATIVE",-0.00238140460495897,0.00238140460495897,FALSE,FALSE,"UNCHANGED","ESTIMABLE_WITH_WARNINGS"
"S09_D19_MODE","ALL_INTERNET",2024,"VCF0890--VCF0894","VCF0890","VCF0894",0.24336732785639,0.214291035152327,TRUE,TRUE,"POSITIVE","POSITIVE",-0.0290762927040629,0.0290762927040629,FALSE,FALSE,"UNCHANGED","ESTIMABLE_WITH_WARNINGS"
"S09_D19_MODE","ALL_INTERNET",2024,"VCF0806--VCF9223","VCF0806","VCF9223",0.103479021160507,0.0854614453231227,TRUE,TRUE,"POSITIVE","POSITIVE",-0.0180175758373846,0.0180175758373846,FALSE,FALSE,"UNCHANGED","ESTIMABLE_WITH_WARNINGS"
"S09_D19_MODE","ALL_INTERNET",2024,"VCF0809--VCF9223","VCF0809","VCF9223",0,0,FALSE,FALSE,"ZERO","ZERO",0,0,FALSE,FALSE,"UNCHANGED","ESTIMABLE_WITH_WARNINGS"
"S09_D19_MODE","ALL_INTERNET",2024,"VCF0838--VCF9223","VCF0838","VCF9223",0.255748972788864,0.269226464976949,TRUE,TRUE,"POSITIVE","POSITIVE",0.0134774921880851,0.0134774921880851,FALSE,FALSE,"UNCHANGED","ESTIMABLE_WITH_WARNINGS"
"S09_D19_MODE","ALL_INTERNET",2024,"VCF0839--VCF9223","VCF0839","VCF9223",0.00373441296582092,0.0077574437654863,TRUE,TRUE,"POSITIVE","POSITIVE",0.00402303079966538,0.00402303079966538,FALSE,FALSE,"UNCHANGED","ESTIMABLE_WITH_WARNINGS"
"S09_D19_MODE","ALL_INTERNET",2024,"VCF0879a--VCF9223","VCF0879a","VCF9223",0.256573200491974,0.248079614339041,TRUE,TRUE,"POSITIVE","POSITIVE",-0.00849358615293225,0.00849358615293225,FALSE,FALSE,"UNCHANGED","ESTIMABLE_WITH_WARNINGS"
"S09_D19_MODE","ALL_INTERNET",2024,"VCF0888--VCF9223","VCF0888","VCF9223",-0.145761836891145,-0.141979460919142,TRUE,TRUE,"NEGATIVE","NEGATIVE",0.00378237597200307,0.00378237597200307,FALSE,FALSE,"UNCHANGED","ESTIMABLE_WITH_WARNINGS"
"S09_D19_MODE","ALL_INTERNET",2024,"VCF0890--VCF9223","VCF0890","VCF9223",0.0975600014349317,0.116379875700117,TRUE,TRUE,"POSITIVE","POSITIVE",0.0188198742651856,0.0188198742651856,FALSE,FALSE,"UNCHANGED","ESTIMABLE_WITH_WARNINGS"
"S09_D19_MODE","ALL_INTERNET",2024,"VCF0894--VCF9223","VCF0894","VCF9223",0.0723685538416249,0.076439959852633,TRUE,TRUE,"POSITIVE","POSITIVE",0.0040714060110081,0.0040714060110081,FALSE,FALSE,"UNCHANGED","ESTIMABLE_WITH_WARNINGS"
