"Arm_ID","Wave","Repetition","Seed","Fixed_sample","N","Sample_hash","Minimum_observed_categories","Zero_cell_pairs","Sparse_cell_pairs","Minimum_cell_count","Correlation_success","Minimum_correlation_eigenvalue","Correlation_warning","Correlation_message","Correlation_error","Network_success","Selected_lambda","Lambda_max","Lambda_ratio","Dense_warning","Retained_edges","Global_strength","Network_warning","Network_message","Network_error","Elapsed_seconds","Success"
"A2",2012,1,20780832,FALSE,789,"A5A38007C16723B1EAC38ED59208B0FD5B3EC3659B953F9FEC32D1716EF9513C",3,2,11,0,TRUE,0.368746315434137,"","","",TRUE,0.0341353021117564,0.556320371066628,0.0613590727341317,TRUE,27,3.53126669221125,"A dense regularized network was selected (lambda < 0.1 * lambda.max). Recent work indicates a possible drop in specificity. Interpret the presence of the smallest edges with care. Setting threshold = TRUE will enforce higher specificity, at the cost of sensitivity.","","",0.15,TRUE
"A3",2012,1,20780832,FALSE,789,"A5A38007C16723B1EAC38ED59208B0FD5B3EC3659B953F9FEC32D1716EF9513C",3,2,11,0,TRUE,0.368746315434137,"","","",TRUE,0.00556320371066628,0.556320371066628,0.01,TRUE,18,3.53665747093323,"","Note: Network with lowest lambda selected as best network: assumption of sparsity might be violated.","",0.17,TRUE
"A2",2012,2,20780833,FALSE,789,"BADAF8B711C134F1C18FE6E88A8ECBAA7CDFFCB4BB67C8E458C634A0E3C08652",3,1,14,0,TRUE,0.35354721851728,"","","",TRUE,0.0355660937836867,0.607238643817683,0.0585702081805667,TRUE,23,3.51171471966258,"A dense regularized network was selected (lambda < 0.1 * lambda.max). Recent work indicates a possible drop in specificity. Interpret the presence of the smallest edges with care. Setting threshold = TRUE will enforce higher specificity, at the cost of sensitivity.","","",0.11,TRUE
"A3",2012,2,20780833,FALSE,789,"BADAF8B711C134F1C18FE6E88A8ECBAA7CDFFCB4BB67C8E458C634A0E3C08652",3,1,14,0,TRUE,0.35354721851728,"","","",TRUE,0.00607238643817683,0.607238643817683,0.01,TRUE,19,3.74428634979459,"","Note: Network with lowest lambda selected as best network: assumption of sparsity might be violated.","",0.0899999999999999,TRUE
"A2",2012,3,20780834,FALSE,789,"8886C6400E6ED3EFC20EFCB11DCCCACC2E7AF6288017145C2D72F09D11C3B1C1",3,3,16,0,TRUE,0.320582515898846,"","","",TRUE,0.0695098600960046,0.648251281669183,0.107226722201032,FALSE,20,3.1301076436105,"","","",0.0999999999999996,TRUE
"A3",2012,3,20780834,FALSE,789,"8886C6400E6ED3EFC20EFCB11DCCCACC2E7AF6288017145C2D72F09D11C3B1C1",3,3,16,0,TRUE,0.320582515898846,"","","",TRUE,0.0113283752505828,0.648251281669183,0.0174752840000768,FALSE,17,3.44196678836511,"","","",0.0999999999999996,TRUE
"A2",2012,4,20780835,FALSE,789,"70B22664F83EEE000F413F4A17FE947570ED286DAB1402771FA0EAF099B5AE6E",3,4,14,0,TRUE,0.32259816923611,"","","",TRUE,0.0284768629537142,0.613515414107657,0.0464158883361278,TRUE,24,3.57744745856839,"A dense regularized network was selected (lambda < 0.1 * lambda.max). Recent work indicates a possible drop in specificity. Interpret the presence of the smallest edges with care. Setting threshold = TRUE will enforce higher specificity, at the cost of sensitivity.","","",0.11,TRUE
"A3",2012,4,20780835,FALSE,789,"70B22664F83EEE000F413F4A17FE947570ED286DAB1402771FA0EAF099B5AE6E",3,4,14,0,TRUE,0.32259816923611,"","","",TRUE,0.00774168648158846,0.613515414107657,0.0126185688306602,FALSE,18,3.6789730920642,"","","",0.1,TRUE
"A2",2012,5,20780836,FALSE,789,"952DA0E20EB4E90040C56ED71F3764D58B6F8A159BE42A227D6C15012D1EFB50",3,3,11,0,TRUE,0.282663538249548,"","","",TRUE,0.0272884806770812,0.675956502761344,0.0403701725859655,TRUE,24,3.56516771302506,"A dense regularized network was selected (lambda < 0.1 * lambda.max). Recent work indicates a possible drop in specificity. Interpret the presence of the smallest edges with care. Setting threshold = TRUE will enforce higher specificity, at the cost of sensitivity.","","",0.0899999999999999,TRUE
"A3",2012,5,20780836,FALSE,789,"952DA0E20EB4E90040C56ED71F3764D58B6F8A159BE42A227D6C15012D1EFB50",3,3,11,0,TRUE,0.282663538249548,"","","",TRUE,0.00708142680493395,0.675956502761344,0.0104761575278967,FALSE,17,3.683208770764,"","","",0.11,TRUE
"A2",2012,6,20780837,FALSE,789,"B099AB9FB33A999372BD9944B22B8921C7137E8C84564F24201E00214E936D31",3,2,15,0,TRUE,0.339814514483658,"","","",TRUE,0.05097550414432,0.599885825584356,0.0849753435908644,TRUE,22,3.44437123226227,"A dense regularized network was selected (lambda < 0.1 * lambda.max). Recent work indicates a possible drop in specificity. Interpret the presence of the smallest edges with care. Setting threshold = TRUE will enforce higher specificity, at the cost of sensitivity.","","",0.0999999999999996,TRUE
"A3",2012,6,20780837,FALSE,789,"B099AB9FB33A999372BD9944B22B8921C7137E8C84564F24201E00214E936D31",3,2,15,0,TRUE,0.339814514483658,"","","",TRUE,0.00722564600667419,0.599885825584356,0.0120450354025878,FALSE,18,3.71807448280217,"","","",0.0999999999999996,TRUE
"A2",2012,7,20780838,FALSE,789,"DAD2C6605EC0667BECE2BCC5DCA777EF43EBAA52F8D4ABC3C6B9270A62E904A3",3,2,14,0,TRUE,0.329074017831295,"","","",TRUE,0.029740485067462,0.583817811393435,0.0509413801481638,TRUE,26,3.76554971517769,"A dense regularized network was selected (lambda < 0.1 * lambda.max). Recent work indicates a possible drop in specificity. Interpret the presence of the smallest edges with care. Setting threshold = TRUE will enforce higher specificity, at the cost of sensitivity.","","",0.109999999999999,TRUE
"A3",2012,7,20780838,FALSE,789,"DAD2C6605EC0667BECE2BCC5DCA777EF43EBAA52F8D4ABC3C6B9270A62E904A3",3,2,14,0,TRUE,0.329074017831295,"","","",TRUE,0.0178289523947891,0.583817811393435,0.0305385550883341,FALSE,16,3.43705936903015,"","","",0.0999999999999996,TRUE
"A2",2012,8,20780839,FALSE,789,"406D43562ADF02DFA6F51126810868E3F1C34B8E2E1C9FED447E30E7DDE7C63F",3,1,12,0,TRUE,0.357134658725872,"","","",TRUE,0.033055247750411,0.564369647594637,0.0585702081805667,TRUE,29,3.83609398721044,"A dense regularized network was selected (lambda < 0.1 * lambda.max). Recent work indicates a possible drop in specificity. Interpret the presence of the smallest edges with care. Setting threshold = TRUE will enforce higher specificity, at the cost of sensitivity.","","",0.109999999999999,TRUE
"A3",2012,8,20780839,FALSE,789,"406D43562ADF02DFA6F51126810868E3F1C34B8E2E1C9FED447E30E7DDE7C63F",3,1,12,0,TRUE,0.357134658725872,"","","",TRUE,0.0136584693593583,0.564369647594637,0.0242012826479438,FALSE,18,3.62073313481529,"","","",0.0899999999999999,TRUE
"A2",2012,9,20780840,FALSE,789,"CCB6E3638CD307ED9A39BD9F0F1EBFE0B86C06C429AC1ECC8490B693D10BAA38",3,1,11,0,TRUE,0.345669389058626,"","","",TRUE,0.0369193369566197,0.601693202186917,0.0613590727341317,TRUE,25,3.48375373373174,"A dense regularized network was selected (lambda < 0.1 * lambda.max). Recent work indicates a possible drop in specificity. Interpret the presence of the smallest edges with care. Setting threshold = TRUE will enforce higher specificity, at the cost of sensitivity.","","",0.0999999999999996,TRUE
"A3",2012,9,20780840,FALSE,789,"CCB6E3638CD307ED9A39BD9F0F1EBFE0B86C06C429AC1ECC8490B693D10BAA38",3,1,11,0,TRUE,0.345669389058626,"","","",TRUE,0.00833276715469,0.601693202186917,0.0138488637139387,FALSE,19,3.67989225736833,"","","",0.109999999999999,TRUE
"A2",2012,10,20780841,FALSE,789,"661A2BF1A37B9F1801F2393ABD6D03DC4A4E860CE8515F65663C89223DB7158C",3,1,12,0,TRUE,0.344474182954183,"","","",TRUE,0.0329426353586222,0.589228292201105,0.0559081018251222,TRUE,29,3.75892891907278,"A dense regularized network was selected (lambda < 0.1 * lambda.max). Recent work indicates a possible drop in specificity. Interpret the presence of the smallest edges with care. Setting threshold = TRUE will enforce higher specificity, at the cost of sensitivity.","","",0.12,TRUE
"A3",2012,10,20780841,FALSE,789,"661A2BF1A37B9F1801F2393ABD6D03DC4A4E860CE8515F65663C89223DB7158C",3,1,12,0,TRUE,0.344474182954183,"","","",TRUE,0.00589228292201105,0.589228292201105,0.01,TRUE,22,4.01275792332008,"","Note: Network with lowest lambda selected as best network: assumption of sparsity might be violated.","",0.109999999999999,TRUE
"A2",2012,11,20780842,FALSE,789,"15CDA481B3AF77A61A41A01C1D8F6FC8113EFE55BAEEEE3ACAD64453FE7D62E1",3,5,12,0,TRUE,0.363493144254198,"","","",TRUE,0.0267807844743565,0.604447586658886,0.0443062145758388,TRUE,27,3.59278847323961,"A dense regularized network was selected (lambda < 0.1 * lambda.max). Recent work indicates a possible drop in specificity. Interpret the presence of the smallest edges with care. Setting threshold = TRUE will enforce higher specificity, at the cost of sensitivity.","","",0.0899999999999999,TRUE
"A3",2012,11,20780842,FALSE,789,"15CDA481B3AF77A61A41A01C1D8F6FC8113EFE55BAEEEE3ACAD64453FE7D62E1",3,5,12,0,TRUE,0.363493144254198,"","","",TRUE,0.00604447586658886,0.604447586658886,0.01,TRUE,16,3.32054864309109,"","Note: Network with lowest lambda selected as best network: assumption of sparsity might be violated.","",0.11,TRUE
"A2",2012,12,20780843,FALSE,789,"C6C3FF800B3E0F95D51E2ABC05DC959A5878FE7CB661B3A049AF71D7CB334F83",3,3,13,0,TRUE,0.334662045787697,"","","",TRUE,0.0431062049165356,0.611019317310176,0.0705480231071864,TRUE,24,3.50704984955732,"A dense regularized network was selected (lambda < 0.1 * lambda.max). Recent work indicates a possible drop in specificity. Interpret the presence of the smallest edges with care. Setting threshold = TRUE will enforce higher specificity, at the cost of sensitivity.","","",0.0999999999999996,TRUE
"A3",2012,12,20780843,FALSE,789,"C6C3FF800B3E0F95D51E2ABC05DC959A5878FE7CB661B3A049AF71D7CB334F83",3,3,13,0,TRUE,0.334662045787697,"","","",TRUE,0.0134737747927524,0.611019317310176,0.0220513073990305,FALSE,17,3.54318816973174,"","","",0.11,TRUE
"A2",2012,13,20780844,FALSE,789,"A41BE40502DD1DA9B92F24BDC6D29771E1AD6939938F74BADD2768E619967FA8",3,6,11,0,TRUE,0.343640642415769,"","","",TRUE,0.0400177471007591,0.622546544984938,0.0642807311728432,TRUE,26,3.58329318618959,"A dense regularized network was selected (lambda < 0.1 * lambda.max). Recent work indicates a possible drop in specificity. Interpret the presence of the smallest edges with care. Setting threshold = TRUE will enforce higher specificity, at the cost of sensitivity.","","",0.33,TRUE
"A3",2012,13,20780844,FALSE,789,"A41BE40502DD1DA9B92F24BDC6D29771E1AD6939938F74BADD2768E619967FA8",3,6,11,0,TRUE,0.343640642415769,"","","",TRUE,0.0125084106381658,0.622546544984938,0.0200923300256505,FALSE,18,3.62893665686082,"","","",0.31,TRUE
"A2",2012,14,20780845,FALSE,789,"098D768FDD6391BE5F58F66415488EE1CD8C4B84855DF3D9318447D8C65EAD11",3,4,15,0,TRUE,0.331409987903974,"","","",TRUE,0.0188909169371455,0.618592362425225,0.0305385550883342,TRUE,26,3.63594211429554,"A dense regularized network was selected (lambda < 0.1 * lambda.max). Recent work indicates a possible drop in specificity. Interpret the presence of the smallest edges with care. Setting threshold = TRUE will enforce higher specificity, at the cost of sensitivity.","","",0.0899999999999999,TRUE
"A3",2012,14,20780845,FALSE,789,"098D768FDD6391BE5F58F66415488EE1CD8C4B84855DF3D9318447D8C65EAD11",3,4,15,0,TRUE,0.331409987903974,"","","",TRUE,0.00618592362425225,0.618592362425225,0.01,TRUE,16,3.40806955081297,"","Note: Network with lowest lambda selected as best network: assumption of sparsity might be violated.","",0.11,TRUE
"A2",2012,15,20780846,FALSE,789,"BD24CDB1BA855AC987447FCD35A0897A2AB357D3D9496C8A0C1D16B5812C80B1",3,4,14,0,TRUE,0.31894088218459,"","","",TRUE,0.0206843428835794,0.617147825616659,0.0335160265093884,TRUE,28,3.95040337563401,"A dense regularized network was selected (lambda < 0.1 * lambda.max). Recent work indicates a possible drop in specificity. Interpret the presence of the smallest edges with care. Setting threshold = TRUE will enforce higher specificity, at the cost of sensitivity.","","",0.12,TRUE
"A3",2012,15,20780846,FALSE,789,"BD24CDB1BA855AC987447FCD35A0897A2AB357D3D9496C8A0C1D16B5812C80B1",3,4,14,0,TRUE,0.31894088218459,"","","",TRUE,0.00617147825616659,0.617147825616659,0.01,TRUE,17,3.74150791142804,"","Note: Network with lowest lambda selected as best network: assumption of sparsity might be violated.","",0.11,TRUE
"A2",2012,16,20780847,FALSE,789,"FDA6CC4BC982BC2D20374518FE0670584605CBF51A96CF7C06E19C54378B6F81",3,2,10,0,TRUE,0.354682946967732,"","","",TRUE,0.0328685651257764,0.587903435330135,0.0559081018251222,TRUE,25,3.4427557427494,"A dense regularized network was selected (lambda < 0.1 * lambda.max). Recent work indicates a possible drop in specificity. Interpret the presence of the smallest edges with care. Setting threshold = TRUE will enforce higher specificity, at the cost of sensitivity.","","",0.0899999999999999,TRUE
"A3",2012,16,20780847,FALSE,789,"FDA6CC4BC982BC2D20374518FE0670584605CBF51A96CF7C06E19C54378B6F81",3,2,10,0,TRUE,0.354682946967732,"","","",TRUE,0.00587903435330135,0.587903435330135,0.01,TRUE,15,3.24595112087729,"","Note: Network with lowest lambda selected as best network: assumption of sparsity might be violated.","",0.0699999999999994,TRUE
"A2",2012,17,20780848,FALSE,789,"057BDE285DA21EC8FBD27BD6C0C594FBCD54EB701106BFB2A4A302184BD16EE9",3,4,14,0,TRUE,0.337602052510185,"","","",TRUE,0.0369479143450338,0.630831193755138,0.0585702081805667,TRUE,25,3.59295480573951,"A dense regularized network was selected (lambda < 0.1 * lambda.max). Recent work indicates a possible drop in specificity. Interpret the presence of the smallest edges with care. Setting threshold = TRUE will enforce higher specificity, at the cost of sensitivity.","","",0.0900000000000007,TRUE
"A3",2012,17,20780848,FALSE,789,"057BDE285DA21EC8FBD27BD6C0C594FBCD54EB701106BFB2A4A302184BD16EE9",3,4,14,0,TRUE,0.337602052510185,"","","",TRUE,0.0110239542669785,0.630831193755138,0.0174752840000768,FALSE,19,3.75350934302135,"","","",0.0900000000000007,TRUE
"A2",2012,18,20780849,FALSE,789,"A4353E7A9CE2EFC70DD829F3B97053879F085ABFB1124F4A36B3A6B4DD137FA5",3,2,12,0,TRUE,0.315192554679885,"","","",TRUE,0.0281268739990632,0.605975130657375,0.0464158883361278,TRUE,24,3.63598571143345,"A dense regularized network was selected (lambda < 0.1 * lambda.max). Recent work indicates a possible drop in specificity. Interpret the presence of the smallest edges with care. Setting threshold = TRUE will enforce higher specificity, at the cost of sensitivity.","","",0.0899999999999999,TRUE
"A3",2012,18,20780849,FALSE,789,"A4353E7A9CE2EFC70DD829F3B97053879F085ABFB1124F4A36B3A6B4DD137FA5",3,2,12,0,TRUE,0.315192554679885,"","","",TRUE,0.00605975130657375,0.605975130657375,0.01,TRUE,17,3.72697923996588,"","Note: Network with lowest lambda selected as best network: assumption of sparsity might be violated.","",0.0999999999999996,TRUE
"A2",2012,19,20780850,FALSE,789,"C6164F687750E2E53D872166C7D8BC1626D09A9DB12BA98B9F1BD627D591C16D",3,4,14,0,TRUE,0.308520422271781,"","","",TRUE,0.0300124355562166,0.617209431248801,0.0486260158006536,TRUE,25,3.64836550491105,"A dense regularized network was selected (lambda < 0.1 * lambda.max). Recent work indicates a possible drop in specificity. Interpret the presence of the smallest edges with care. Setting threshold = TRUE will enforce higher specificity, at the cost of sensitivity.","","",0.0899999999999999,TRUE
"A3",2012,19,20780850,FALSE,789,"C6164F687750E2E53D872166C7D8BC1626D09A9DB12BA98B9F1BD627D591C16D",3,4,14,0,TRUE,0.308520422271781,"","","",TRUE,0.0118375230179312,0.617209431248801,0.0191791026167249,FALSE,19,3.7906696675547,"","","",0.0899999999999999,TRUE
"A2",2012,20,20780851,FALSE,789,"3DFA4D6930D0D907FA6C11DA47974DB448C3A6E40AA9D2D9ED5B0043766B96E8",3,2,13,0,TRUE,0.29771502352007,"","","",TRUE,0.0204610650663676,0.610486003185254,0.0335160265093884,TRUE,30,4.05139849020476,"A dense regularized network was selected (lambda < 0.1 * lambda.max). Recent work indicates a possible drop in specificity. Interpret the presence of the smallest edges with care. Setting threshold = TRUE will enforce higher specificity, at the cost of sensitivity.","","",0.0899999999999999,TRUE
"A3",2012,20,20780851,FALSE,789,"3DFA4D6930D0D907FA6C11DA47974DB448C3A6E40AA9D2D9ED5B0043766B96E8",3,2,13,0,TRUE,0.29771502352007,"","","",TRUE,0.0101835202986644,0.610486003185254,0.0166810053720006,FALSE,18,3.81783499328909,"","","",0.109999999999999,TRUE
"A2",2012,21,20780852,FALSE,789,"1F1270FB9FFF22FF6076E3E662C61870F3C941ACC7D211B952678D54F9B91CEC",3,4,14,0,TRUE,0.339152958901038,"","","",TRUE,0.0360383990182486,0.587336108783825,0.0613590727341317,TRUE,24,3.60379716773356,"A dense regularized network was selected (lambda < 0.1 * lambda.max). Recent work indicates a possible drop in specificity. Interpret the presence of the smallest edges with care. Setting threshold = TRUE will enforce higher specificity, at the cost of sensitivity.","","",0.100000000000001,TRUE
"A3",2012,21,20780852,FALSE,789,"1F1270FB9FFF22FF6076E3E662C61870F3C941ACC7D211B952678D54F9B91CEC",3,4,14,0,TRUE,0.339152958901038,"","","",TRUE,0.00892698661158985,0.587336108783825,0.0151991108295293,FALSE,19,3.73980139714456,"","","",0.120000000000001,TRUE
"A2",2012,22,20780853,FALSE,789,"5B27CCA665B0D12C3736A33E2B2739A71C4C777CD1EBC61BC7C0A577539F9B76",3,2,12,0,TRUE,0.343457692443081,"","","",TRUE,0.02859486463594,0.616057683284352,0.0464158883361278,TRUE,27,3.75295779314204,"A dense regularized network was selected (lambda < 0.1 * lambda.max). Recent work indicates a possible drop in specificity. Interpret the presence of the smallest edges with care. Setting threshold = TRUE will enforce higher specificity, at the cost of sensitivity.","","",0.0899999999999999,TRUE
"A3",2012,22,20780853,FALSE,789,"5B27CCA665B0D12C3736A33E2B2739A71C4C777CD1EBC61BC7C0A577539F9B76",3,2,12,0,TRUE,0.343457692443081,"","","",TRUE,0.00616057683284352,0.616057683284352,0.01,TRUE,20,3.80198502320905,"","Note: Network with lowest lambda selected as best network: assumption of sparsity might be violated.","",0.109999999999999,TRUE
"A2",2012,23,20780854,FALSE,789,"5E2612E89366F19E94A0D52A90346E3F59800942C0079DF019B3ACB852C4296C",3,3,10,0,TRUE,0.331027929037475,"","","",TRUE,0.0114521751025062,0.625549551553514,0.0183073828029537,TRUE,29,4.06351480221943,"A dense regularized network was selected (lambda < 0.1 * lambda.max). Recent work indicates a possible drop in specificity. Interpret the presence of the smallest edges with care. Setting threshold = TRUE will enforce higher specificity, at the cost of sensitivity.","","",0.0800000000000001,TRUE
"A3",2012,23,20780854,FALSE,789,"5E2612E89366F19E94A0D52A90346E3F59800942C0079DF019B3ACB852C4296C",3,3,10,0,TRUE,0.331027929037475,"","","",TRUE,0.00907565291769069,0.625549551553514,0.0145082877849594,FALSE,18,3.60225345121183,"","","",0.100000000000001,TRUE
"A2",2012,24,20780855,FALSE,789,"8EC41197A1F76D0D5D5AE406518F636A924E1C1D249688C8F128BF69059BA0D0",3,1,14,0,TRUE,0.362060884122798,"","","",TRUE,0.0436859663960761,0.59109199612579,0.0739072203352578,TRUE,25,3.44617870239623,"A dense regularized network was selected (lambda < 0.1 * lambda.max). Recent work indicates a possible drop in specificity. Interpret the presence of the smallest edges with care. Setting threshold = TRUE will enforce higher specificity, at the cost of sensitivity.","","",0.11,TRUE
"A3",2012,24,20780855,FALSE,789,"8EC41197A1F76D0D5D5AE406518F636A924E1C1D249688C8F128BF69059BA0D0",3,1,14,0,TRUE,0.362060884122798,"","","",TRUE,0.0059109199612579,0.59109199612579,0.01,TRUE,21,3.92943761441049,"","Note: Network with lowest lambda selected as best network: assumption of sparsity might be violated.","",0.11,TRUE
"A2",2012,25,20780856,FALSE,789,"6804808E658F67E85EE75C684BDA988CD342CF4207188588DC6D719B03A592E9",3,2,14,0,TRUE,0.363279463411691,"","","",TRUE,0.0555066171317876,0.568127445550565,0.0977009957299225,TRUE,20,3.12043790299714,"A dense regularized network was selected (lambda < 0.1 * lambda.max). Recent work indicates a possible drop in specificity. Interpret the presence of the smallest edges with care. Setting threshold = TRUE will enforce higher specificity, at the cost of sensitivity.","","",0.11,TRUE
"A3",2012,25,20780856,FALSE,789,"6804808E658F67E85EE75C684BDA988CD342CF4207188588DC6D719B03A592E9",3,2,14,0,TRUE,0.363279463411691,"","","",TRUE,0.019948043907979,0.568127445550565,0.0351119173421513,FALSE,16,3.20873071303363,"","","",0.12,TRUE
"A2",2012,26,20780857,FALSE,789,"BFF2AFADFA0DC24947FACD0121FDF20B00544E18C4C638E689EDF220D7E264C5",3,2,11,0,TRUE,0.330398881972773,"","","",TRUE,0.0282818447376987,0.638326812806109,0.0443062145758388,TRUE,26,3.66284870804227,"A dense regularized network was selected (lambda < 0.1 * lambda.max). Recent work indicates a possible drop in specificity. Interpret the presence of the smallest edges with care. Setting threshold = TRUE will enforce higher specificity, at the cost of sensitivity.","","",0.109999999999999,TRUE
"A3",2012,26,20780857,FALSE,789,"BFF2AFADFA0DC24947FACD0121FDF20B00544E18C4C638E689EDF220D7E264C5",3,2,11,0,TRUE,0.330398881972773,"","","",TRUE,0.016954520490216,0.638326812806109,0.0265608778294669,FALSE,16,3.29201941291776,"","","",0.0999999999999996,TRUE
"A2",2012,27,20780858,FALSE,789,"69A360FCF00797D6159ED775B37FA10327D4EFDAF0F73336055E7B029170B83E",3,3,11,0,TRUE,0.328158531853003,"","","",TRUE,0.0444290717968652,0.629770613548764,0.0705480231071864,TRUE,21,3.3591216634025,"A dense regularized network was selected (lambda < 0.1 * lambda.max). Recent work indicates a possible drop in specificity. Interpret the presence of the smallest edges with care. Setting threshold = TRUE will enforce higher specificity, at the cost of sensitivity.","","",0.0800000000000001,TRUE
"A3",2012,27,20780858,FALSE,789,"69A360FCF00797D6159ED775B37FA10327D4EFDAF0F73336055E7B029170B83E",3,3,11,0,TRUE,0.328158531853003,"","","",TRUE,0.0159669805293731,0.629770613548764,0.0253536449397011,FALSE,16,3.409884771809,"","","",0.0899999999999999,TRUE
"A2",2012,28,20780859,FALSE,789,"9A9045D0F031A67B926944DE3E1B0C93DB020C63745344785F73A2CBA8725468",3,3,11,0,TRUE,0.319094793304017,"","","",TRUE,0.0279077172198416,0.629882680951495,0.0443062145758388,TRUE,28,3.89859247758636,"A dense regularized network was selected (lambda < 0.1 * lambda.max). Recent work indicates a possible drop in specificity. Interpret the presence of the smallest edges with care. Setting threshold = TRUE will enforce higher specificity, at the cost of sensitivity.","","",0.0899999999999999,TRUE
"A3",2012,28,20780859,FALSE,789,"9A9045D0F031A67B926944DE3E1B0C93DB020C63745344785F73A2CBA8725468",3,3,11,0,TRUE,0.319094793304017,"","","",TRUE,0.0115315033611298,0.629882680951495,0.0183073828029537,FALSE,21,4.01389436652483,"","","",0.109999999999999,TRUE
"A2",2012,29,20780860,FALSE,789,"82C62C09DED37EA5B4E0F9FD23EFAF4361B221843900B687310FFA9ED487D44D",3,2,12,0,TRUE,0.325533775634323,"","","",TRUE,0.0263358865418595,0.622709249008575,0.042292428743895,TRUE,27,3.69291884525642,"A dense regularized network was selected (lambda < 0.1 * lambda.max). Recent work indicates a possible drop in specificity. Interpret the presence of the smallest edges with care. Setting threshold = TRUE will enforce higher specificity, at the cost of sensitivity.","","",0.0800000000000001,TRUE
"A3",2012,29,20780860,FALSE,789,"82C62C09DED37EA5B4E0F9FD23EFAF4361B221843900B687310FFA9ED487D44D",3,2,12,0,TRUE,0.325533775634323,"","","",TRUE,0.0119430045871191,0.622709249008575,0.0191791026167249,FALSE,19,3.55041703326169,"","","",0.100000000000001,TRUE
"A2",2012,30,20780861,FALSE,789,"AC4A7FE0BE4449575F4399293830E03210D67BBEF5D2C41BE757C4F6A1F1E9E9",3,5,13,0,TRUE,0.333829931378992,"","","",TRUE,0.0184923798670396,0.634375411647476,0.0291505306282518,TRUE,28,3.86454526606432,"A dense regularized network was selected (lambda < 0.1 * lambda.max). Recent work indicates a possible drop in specificity. Interpret the presence of the smallest edges with care. Setting threshold = TRUE will enforce higher specificity, at the cost of sensitivity.","","",0.0999999999999996,TRUE
"A3",2012,30,20780861,FALSE,789,"AC4A7FE0BE4449575F4399293830E03210D67BBEF5D2C41BE757C4F6A1F1E9E9",3,5,13,0,TRUE,0.333829931378992,"","","",TRUE,0.00634375411647476,0.634375411647476,0.01,TRUE,18,3.70407302648026,"","Note: Network with lowest lambda selected as best network: assumption of sparsity might be violated.","",0.0999999999999996,TRUE
"A2",2012,31,20780862,FALSE,789,"18A4DA5A01493C0555C1265E539AED27D11A8CE32C2E435FAAA4F630A3E4948F",3,4,13,0,TRUE,0.319837117157309,"","","",TRUE,0.0529752977562129,0.623419635833143,0.0849753435908644,TRUE,23,3.44003465015478,"A dense regularized network was selected (lambda < 0.1 * lambda.max). Recent work indicates a possible drop in specificity. Interpret the presence of the smallest edges with care. Setting threshold = TRUE will enforce higher specificity, at the cost of sensitivity.","","",0.109999999999999,TRUE
"A3",2012,31,20780862,FALSE,789,"18A4DA5A01493C0555C1265E539AED27D11A8CE32C2E435FAAA4F630A3E4948F",3,4,13,0,TRUE,0.319837117157309,"","","",TRUE,0.00992660359168084,0.623419635833143,0.0159228279334109,FALSE,18,3.70227443581853,"","","",0.109999999999999,TRUE
"A2",2012,32,20780863,FALSE,789,"3D1965095CFE9049F14B0886DBFE1EF164AC27863629EA92B7D1D88EAEFA7A17",3,4,12,0,TRUE,0.343459867877425,"","","",TRUE,0.0415164818013898,0.616506578355289,0.0673415065775082,TRUE,24,3.49025730567013,"A dense regularized network was selected (lambda < 0.1 * lambda.max). Recent work indicates a possible drop in specificity. Interpret the presence of the smallest edges with care. Setting threshold = TRUE will enforce higher specificity, at the cost of sensitivity.","","",0.11,TRUE
"A3",2012,32,20780863,FALSE,789,"3D1965095CFE9049F14B0886DBFE1EF164AC27863629EA92B7D1D88EAEFA7A17",3,4,12,0,TRUE,0.343459867877425,"","","",TRUE,0.00616506578355289,0.616506578355289,0.01,TRUE,17,3.64867038281955,"","Note: Network with lowest lambda selected as best network: assumption of sparsity might be violated.","",0.0999999999999996,TRUE
"A2",2012,33,20780864,FALSE,789,"7BEC95ED88F19777D74327D3C85A671DBBFF3DD700A7719DA06502DC31AF43B3",3,3,10,0,TRUE,0.343156234992316,"","","",TRUE,0.0301609003716802,0.592070734714231,0.0509413801481638,TRUE,24,3.51646094393207,"A dense regularized network was selected (lambda < 0.1 * lambda.max). Recent work indicates a possible drop in specificity. Interpret the presence of the smallest edges with care. Setting threshold = TRUE will enforce higher specificity, at the cost of sensitivity.","","",0.100000000000001,TRUE
"A3",2012,33,20780864,FALSE,789,"7BEC95ED88F19777D74327D3C85A671DBBFF3DD700A7719DA06502DC31AF43B3",3,3,10,0,TRUE,0.343156234992316,"","","",TRUE,0.00592070734714231,0.592070734714231,0.01,TRUE,16,3.44705632890373,"","Note: Network with lowest lambda selected as best network: assumption of sparsity might be violated.","",0.0800000000000001,TRUE
"A2",2012,34,20780865,FALSE,789,"D9C968F220FBB98C7C23AD47F46B97544492F30B2007DE9C1201650554DB4315",3,3,13,0,TRUE,0.377231708490032,"","","",TRUE,0.0388346993560581,0.576682960179402,0.0673415065775082,TRUE,25,3.36443224178667,"A dense regularized network was selected (lambda < 0.1 * lambda.max). Recent work indicates a possible drop in specificity. Interpret the presence of the smallest edges with care. Setting threshold = TRUE will enforce higher specificity, at the cost of sensitivity.","","",0.11,TRUE
"A3",2012,34,20780865,FALSE,789,"D9C968F220FBB98C7C23AD47F46B97544492F30B2007DE9C1201650554DB4315",3,3,13,0,TRUE,0.377231708490032,"","","",TRUE,0.00576682960179402,0.576682960179402,0.01,TRUE,17,3.30819070931736,"","Note: Network with lowest lambda selected as best network: assumption of sparsity might be violated.","",0.0999999999999996,TRUE
"A2",2012,35,20780866,FALSE,789,"B9C21848D4F5D533625786309D818BB4D2D84232408911714EFA161CB20B6B72",3,4,12,0,TRUE,0.332520693084196,"","","",TRUE,0.0166665349952956,0.598964211943713,0.0278255940220712,TRUE,31,4.03977909416576,"A dense regularized network was selected (lambda < 0.1 * lambda.max). Recent work indicates a possible drop in specificity. Interpret the presence of the smallest edges with care. Setting threshold = TRUE will enforce higher specificity, at the cost of sensitivity.","","",0.0899999999999999,TRUE
"A3",2012,35,20780866,FALSE,789,"B9C21848D4F5D533625786309D818BB4D2D84232408911714EFA161CB20B6B72",3,4,12,0,TRUE,0.332520693084196,"","","",TRUE,0.00999132523706917,0.598964211943713,0.0166810053720006,FALSE,19,3.58996565228687,"","","",0.11,TRUE
"A2",2012,36,20780867,FALSE,789,"CCA4E8DE0E7C55E83CB5F9E0B3C2AA5232DB07873E29F53B35C08D698199F7A5",3,5,13,0,TRUE,0.305611484875769,"","","",TRUE,0.0157923174460717,0.62288154163359,0.0253536449397011,TRUE,29,4.08173682438219,"A dense regularized network was selected (lambda < 0.1 * lambda.max). Recent work indicates a possible drop in specificity. Interpret the presence of the smallest edges with care. Setting threshold = TRUE will enforce higher specificity, at the cost of sensitivity.","","",0.11,TRUE
"A3",2012,36,20780867,FALSE,789,"CCA4E8DE0E7C55E83CB5F9E0B3C2AA5232DB07873E29F53B35C08D698199F7A5",3,5,13,0,TRUE,0.305611484875769,"","","",TRUE,0.012515141501388,0.62288154163359,0.0200923300256505,FALSE,17,3.59933188406453,"","","",0.100000000000001,TRUE
"A2",2012,37,20780868,FALSE,789,"84EE82E61C79A0F5F06C9991620E10A8909A9FF9838C9DFE2878EC5EFAA768D1",3,2,15,0,TRUE,0.32831105464538,"","","",TRUE,0.0388774140581072,0.604806655879045,0.0642807311728432,TRUE,24,3.48426803522101,"A dense regularized network was selected (lambda < 0.1 * lambda.max). Recent work indicates a possible drop in specificity. Interpret the presence of the smallest edges with care. Setting threshold = TRUE will enforce higher specificity, at the cost of sensitivity.","","",0.0899999999999999,TRUE
"A3",2012,37,20780868,FALSE,789,"84EE82E61C79A0F5F06C9991620E10A8909A9FF9838C9DFE2878EC5EFAA768D1",3,2,15,0,TRUE,0.32831105464538,"","","",TRUE,0.00604806655879045,0.604806655879045,0.01,TRUE,17,3.50183758702716,"","Note: Network with lowest lambda selected as best network: assumption of sparsity might be violated.","",0.109999999999999,TRUE
"A2",2012,38,20780869,FALSE,789,"2984CB3BB2D0C2B99FA2FE4B66E427BAFB0FBD67797577595DDC713C921888E8",3,3,12,0,TRUE,0.343201218286946,"","","",TRUE,0.0357880498226001,0.611028216124292,0.0585702081805667,TRUE,25,3.63030339080285,"A dense regularized network was selected (lambda < 0.1 * lambda.max). Recent work indicates a possible drop in specificity. Interpret the presence of the smallest edges with care. Setting threshold = TRUE will enforce higher specificity, at the cost of sensitivity.","","",0.0999999999999996,TRUE
"A3",2012,38,20780869,FALSE,789,"2984CB3BB2D0C2B99FA2FE4B66E427BAFB0FBD67797577595DDC713C921888E8",3,3,12,0,TRUE,0.343201218286946,"","","",TRUE,0.00611028216124293,0.611028216124292,0.01,TRUE,20,3.87166436560701,"","Note: Network with lowest lambda selected as best network: assumption of sparsity might be violated.","",0.109999999999999,TRUE
"A2",2012,39,20780870,FALSE,789,"AAAB5D1EF66CA22FED2C7C263B9276F481A0B4BCDCD196E7C5BC4CB3D3ED696D",3,2,13,0,TRUE,0.388025692576742,"","","",TRUE,0.0252661176190229,0.570261257047248,0.0443062145758388,TRUE,27,3.53270097446358,"A dense regularized network was selected (lambda < 0.1 * lambda.max). Recent work indicates a possible drop in specificity. Interpret the presence of the smallest edges with care. Setting threshold = TRUE will enforce higher specificity, at the cost of sensitivity.","","",0.0899999999999999,TRUE
"A3",2012,39,20780870,FALSE,789,"AAAB5D1EF66CA22FED2C7C263B9276F481A0B4BCDCD196E7C5BC4CB3D3ED696D",3,2,13,0,TRUE,0.388025692576742,"","","",TRUE,0.0114578773774356,0.570261257047248,0.0200923300256505,FALSE,15,3.18302470429426,"","","",0.109999999999999,TRUE
"A2",2012,40,20780871,FALSE,789,"D20F0D6CD3A5A9915C6AF003A36EA858BC90BFB2E581B965C793991CC3A34193",3,3,16,0,TRUE,0.337759055667472,"","","",TRUE,0.028833766085584,0.650783786464749,0.0443062145758388,TRUE,24,3.72530094640177,"A dense regularized network was selected (lambda < 0.1 * lambda.max). Recent work indicates a possible drop in specificity. Interpret the presence of the smallest edges with care. Setting threshold = TRUE will enforce higher specificity, at the cost of sensitivity.","","",0.129999999999999,TRUE
"A3",2012,40,20780871,FALSE,789,"D20F0D6CD3A5A9915C6AF003A36EA858BC90BFB2E581B965C793991CC3A34193",3,3,16,0,TRUE,0.337759055667472,"","","",TRUE,0.0113726314911168,0.650783786464749,0.0174752840000768,FALSE,18,3.70056716113679,"","","",0.129999999999999,TRUE
"A2",2012,41,20780872,FALSE,789,"086A5EA8AA17616367F85BD8FA18F6EFF79AC0396E2584665AA05C3DDA6E661E",3,3,13,0,TRUE,0.315372895797717,"","","",TRUE,0.0329012727240651,0.588488459632892,0.0559081018251223,TRUE,25,3.6479504035939,"A dense regularized network was selected (lambda < 0.1 * lambda.max). Recent work indicates a possible drop in specificity. Interpret the presence of the smallest edges with care. Setting threshold = TRUE will enforce higher specificity, at the cost of sensitivity.","","",0.0999999999999996,TRUE
"A3",2012,41,20780872,FALSE,789,"086A5EA8AA17616367F85BD8FA18F6EFF79AC0396E2584665AA05C3DDA6E661E",3,3,13,0,TRUE,0.315372895797717,"","","",TRUE,0.0163750409644189,0.588488459632892,0.0278255940220713,FALSE,18,3.50453193546108,"","","",0.0999999999999996,TRUE
"A2",2012,42,20780873,FALSE,789,"1D22558ED69B109A669F5CEEF77E4D1D70985CB6CFC8E5C0907EC0F54DD6A926",3,3,13,0,TRUE,0.365539107025362,"","","",TRUE,0.0270817665429103,0.611240811298708,0.0443062145758388,TRUE,27,3.5655694474444,"A dense regularized network was selected (lambda < 0.1 * lambda.max). Recent work indicates a possible drop in specificity. Interpret the presence of the smallest edges with care. Setting threshold = TRUE will enforce higher specificity, at the cost of sensitivity.","","",0.109999999999999,TRUE
"A3",2012,42,20780873,FALSE,789,"1D22558ED69B109A669F5CEEF77E4D1D70985CB6CFC8E5C0907EC0F54DD6A926",3,3,13,0,TRUE,0.365539107025362,"","","",TRUE,0.0162350925132892,0.611240811298708,0.0265608778294669,FALSE,17,3.28449776272899,"","","",0.109999999999999,TRUE
"A2",2012,43,20780874,FALSE,789,"83672E24DE24997587CEFF0A9F554B74A906C6215B94A3770D0257453ABF565D",3,3,14,0,TRUE,0.307850498824796,"","","",TRUE,0.013649240553527,0.590843040242962,0.0231012970008316,TRUE,29,4.18351781345793,"A dense regularized network was selected (lambda < 0.1 * lambda.max). Recent work indicates a possible drop in specificity. Interpret the presence of the smallest edges with care. Setting threshold = TRUE will enforce higher specificity, at the cost of sensitivity.","","",0.0999999999999996,TRUE
"A3",2012,43,20780874,FALSE,789,"83672E24DE24997587CEFF0A9F554B74A906C6215B94A3770D0257453ABF565D",3,3,14,0,TRUE,0.307850498824796,"","","",TRUE,0.00590843040242962,0.590843040242962,0.01,TRUE,18,3.91945920251389,"","Note: Network with lowest lambda selected as best network: assumption of sparsity might be violated.","",0.110000000000001,TRUE
"A2",2012,44,20780875,FALSE,789,"11C2473B91228CBD46A191B75FD1B2E6A2B2C5468917B7F3AAF162B5C5109572",3,3,12,0,TRUE,0.324183911038514,"","","",TRUE,0.0136628614065624,0.591432654455315,0.0231012970008316,TRUE,29,4.2875926117004,"A dense regularized network was selected (lambda < 0.1 * lambda.max). Recent work indicates a possible drop in specificity. Interpret the presence of the smallest edges with care. Setting threshold = TRUE will enforce higher specificity, at the cost of sensitivity.","","",0.0899999999999999,TRUE
"A3",2012,44,20780875,FALSE,789,"11C2473B91228CBD46A191B75FD1B2E6A2B2C5468917B7F3AAF162B5C5109572",3,3,12,0,TRUE,0.324183911038514,"","","",TRUE,0.0164569649342695,0.591432654455315,0.0278255940220712,FALSE,18,3.78847455549365,"","","",0.0899999999999999,TRUE
"A2",2012,45,20780876,FALSE,789,"370996154BA3B5BE09F0249ED97332D7F6BF0FC7734B730A2D9221B03FF1E445",3,3,13,0,TRUE,0.335390071445757,"","","",TRUE,0.0169718711101828,0.555752263363179,0.0305385550883342,TRUE,31,4.1826980544743,"A dense regularized network was selected (lambda < 0.1 * lambda.max). Recent work indicates a possible drop in specificity. Interpret the presence of the smallest edges with care. Setting threshold = TRUE will enforce higher specificity, at the cost of sensitivity.","","",0.0999999999999996,TRUE
"A3",2012,45,20780876,FALSE,789,"370996154BA3B5BE09F0249ED97332D7F6BF0FC7734B730A2D9221B03FF1E445",3,3,13,0,TRUE,0.335390071445757,"","","",TRUE,0.00555752263363179,0.555752263363179,0.01,TRUE,20,3.94533728316279,"","Note: Network with lowest lambda selected as best network: assumption of sparsity might be violated.","",0.0800000000000001,TRUE
"A2",2012,46,20780877,FALSE,789,"53A61F47CEB4391AD15F23903544C92AEFDA2518C44BD8256AF51374D90D6420",3,4,11,0,TRUE,0.339944455130143,"","","",TRUE,0.0548014611057763,0.615597983024291,0.0890215085445039,TRUE,22,3.29990276171575,"A dense regularized network was selected (lambda < 0.1 * lambda.max). Recent work indicates a possible drop in specificity. Interpret the presence of the smallest edges with care. Setting threshold = TRUE will enforce higher specificity, at the cost of sensitivity.","","",0.0999999999999996,TRUE
"A3",2012,46,20780877,FALSE,789,"53A61F47CEB4391AD15F23903544C92AEFDA2518C44BD8256AF51374D90D6420",3,4,11,0,TRUE,0.339944455130143,"","","",TRUE,0.0112699879279519,0.615597983024291,0.0183073828029537,FALSE,17,3.47098176842594,"","","",0.0999999999999996,TRUE
"A2",2012,47,20780878,FALSE,789,"717515D8B32206390270FE9E69BE33A504B3DD3E7FB90CF6A0B32F87AD24DD33",3,3,13,0,TRUE,0.322190727236402,"","","",TRUE,0.0123855228958205,0.616430393090736,0.0200923300256505,TRUE,31,4.30576411179676,"A dense regularized network was selected (lambda < 0.1 * lambda.max). Recent work indicates a possible drop in specificity. Interpret the presence of the smallest edges with care. Setting threshold = TRUE will enforce higher specificity, at the cost of sensitivity.","","",0.0899999999999999,TRUE
"A3",2012,47,20780878,FALSE,789,"717515D8B32206390270FE9E69BE33A504B3DD3E7FB90CF6A0B32F87AD24DD33",3,3,13,0,TRUE,0.322190727236402,"","","",TRUE,0.0179692730539768,0.616430393090736,0.0291505306282518,FALSE,17,3.41365240095862,"","","",0.0800000000000001,TRUE
"A2",2012,48,20780879,FALSE,789,"C59B8C4C1FEF0C95533CD8C5CCCEA8C02F88A00FEA4BB353F10AD4838453E6E9",3,2,15,0,TRUE,0.339532112405908,"","","",TRUE,0.0309215574476403,0.579413530873667,0.0533669923120631,TRUE,25,3.73459724826404,"A dense regularized network was selected (lambda < 0.1 * lambda.max). Recent work indicates a possible drop in specificity. Interpret the presence of the smallest edges with care. Setting threshold = TRUE will enforce higher specificity, at the cost of sensitivity.","","",0.0899999999999999,TRUE
"A3",2012,48,20780879,FALSE,789,"C59B8C4C1FEF0C95533CD8C5CCCEA8C02F88A00FEA4BB353F10AD4838453E6E9",3,2,15,0,TRUE,0.339532112405908,"","","",TRUE,0.00579413530873667,0.579413530873667,0.01,TRUE,18,3.84873919715225,"","Note: Network with lowest lambda selected as best network: assumption of sparsity might be violated.","",0.110000000000001,TRUE
"A2",2012,49,20780880,FALSE,789,"003B765AB5FA7C7798255E3183862DF9CF06BE798434B6E9858597DD5C23DA75",3,4,11,0,TRUE,0.366362408647334,"","","",TRUE,0.0430841266793131,0.582948817231591,0.0739072203352578,TRUE,23,3.28212147411635,"A dense regularized network was selected (lambda < 0.1 * lambda.max). Recent work indicates a possible drop in specificity. Interpret the presence of the smallest edges with care. Setting threshold = TRUE will enforce higher specificity, at the cost of sensitivity.","","",0.0999999999999996,TRUE
"A3",2012,49,20780880,FALSE,789,"003B765AB5FA7C7798255E3183862DF9CF06BE798434B6E9858597DD5C23DA75",3,4,11,0,TRUE,0.366362408647334,"","","",TRUE,0.00582948817231591,0.582948817231591,0.01,TRUE,16,3.31957660500066,"","Note: Network with lowest lambda selected as best network: assumption of sparsity might be violated.","",0.0800000000000001,TRUE
"A2",2012,50,20780881,FALSE,789,"4F5BFF144816FFE1225F583925EBAF88477F832DF42DA13AE29FE5B25D54B7E7",3,5,14,0,TRUE,0.358964214274894,"","","",TRUE,0.0518804745056047,0.610535624961948,0.0849753435908644,TRUE,24,3.26044746617148,"A dense regularized network was selected (lambda < 0.1 * lambda.max). Recent work indicates a possible drop in specificity. Interpret the presence of the smallest edges with care. Setting threshold = TRUE will enforce higher specificity, at the cost of sensitivity.","","",0.0899999999999999,TRUE
"A3",2012,50,20780881,FALSE,789,"4F5BFF144816FFE1225F583925EBAF88477F832DF42DA13AE29FE5B25D54B7E7",3,5,14,0,TRUE,0.358964214274894,"","","",TRUE,0.00735392321720774,0.610535624961948,0.0120450354025878,FALSE,19,3.68748069090495,"","","",0.0800000000000001,TRUE
"A2",2016,1,20790832,FALSE,789,"64C34F2165C0CAD5242B5400A3ADE8E37E9E67E5D795FDC7327A852DBA0047C9",3,6,14,0,TRUE,0.306023442507563,"","","",TRUE,0.0140433746387975,0.636849978310807,0.0220513073990305,TRUE,30,4.1406529455673,"A dense regularized network was selected (lambda < 0.1 * lambda.max). Recent work indicates a possible drop in specificity. Interpret the presence of the smallest edges with care. Setting threshold = TRUE will enforce higher specificity, at the cost of sensitivity.","","",0.0899999999999999,TRUE
"A3",2016,1,20790832,FALSE,789,"64C34F2165C0CAD5242B5400A3ADE8E37E9E67E5D795FDC7327A852DBA0047C9",3,6,14,0,TRUE,0.306023442507563,"","","",TRUE,0.00767088053489095,0.636849978310807,0.0120450354025878,FALSE,20,3.69135335140758,"","","",0.0999999999999996,TRUE
"A2",2016,2,20790833,FALSE,789,"E93CDF2A68A36DD0A64BD27D36CC4BFAECCF804EFEB5B0ED8549C783E5D7C0B9",3,3,16,0,TRUE,0.308310572990828,"","","",TRUE,0.020180805982689,0.630794651195743,0.0319926713779738,TRUE,28,4.02674954628999,"A dense regularized network was selected (lambda < 0.1 * lambda.max). Recent work indicates a possible drop in specificity. Interpret the presence of the smallest edges with care. Setting threshold = TRUE will enforce higher specificity, at the cost of sensitivity.","","",0.0999999999999996,TRUE
"A3",2016,2,20790833,FALSE,789,"E93CDF2A68A36DD0A64BD27D36CC4BFAECCF804EFEB5B0ED8549C783E5D7C0B9",3,3,16,0,TRUE,0.308310572990828,"","","",TRUE,0.00833873405647929,0.630794651195743,0.0132194114846603,FALSE,19,3.90109537929491,"","","",0.0800000000000001,TRUE
"A2",2016,3,20790834,FALSE,789,"E0D1024A4F1FC6AB25FB423D6B44FCDC822FC81F3A609E8E492D4E2954E87A26",3,5,16,0,TRUE,0.315024045282232,"","","",TRUE,0.0346575040098723,0.619901282255641,0.0559081018251223,TRUE,25,3.69519483868632,"A dense regularized network was selected (lambda < 0.1 * lambda.max). Recent work indicates a possible drop in specificity. Interpret the presence of the smallest edges with care. Setting threshold = TRUE will enforce higher specificity, at the cost of sensitivity.","","",0.100000000000001,TRUE
"A3",2016,3,20790834,FALSE,789,"E0D1024A4F1FC6AB25FB423D6B44FCDC822FC81F3A609E8E492D4E2954E87A26",3,5,16,0,TRUE,0.315024045282232,"","","",TRUE,0.00619901282255641,0.619901282255641,0.01,TRUE,21,3.84570054901756,"","Note: Network with lowest lambda selected as best network: assumption of sparsity might be violated.","",0.110000000000001,TRUE
"A2",2016,4,20790835,FALSE,789,"DAA816AA1D2D2CF1396C8123B2B99B4F427BE0BD15C41171556BE25D8FAB3331",3,4,16,0,TRUE,0.334641591113211,"","","",TRUE,0.023486881941145,0.638511611036535,0.0367837977182863,TRUE,29,3.90915060387878,"A dense regularized network was selected (lambda < 0.1 * lambda.max). Recent work indicates a possible drop in specificity. Interpret the presence of the smallest edges with care. Setting threshold = TRUE will enforce higher specificity, at the cost of sensitivity.","","",0.0999999999999996,TRUE
"A3",2016,4,20790835,FALSE,789,"DAA816AA1D2D2CF1396C8123B2B99B4F427BE0BD15C41171556BE25D8FAB3331",3,4,16,0,TRUE,0.334641591113211,"","","",TRUE,0.00638511611036535,0.638511611036535,0.01,TRUE,19,3.76104107531832,"","Note: Network with lowest lambda selected as best network: assumption of sparsity might be violated.","",0.0999999999999996,TRUE
"A2",2016,5,20790836,FALSE,789,"538E44F3CD828DD280193788851BBA70FE3089203F65B9F6365455EBF04AA18E",3,2,12,0,TRUE,0.315918966171887,"","","",TRUE,0.0293615467514075,0.632575348742253,0.0464158883361278,TRUE,27,3.76390612714534,"A dense regularized network was selected (lambda < 0.1 * lambda.max). Recent work indicates a possible drop in specificity. Interpret the presence of the smallest edges with care. Setting threshold = TRUE will enforce higher specificity, at the cost of sensitivity.","","",0.0899999999999999,TRUE
"A3",2016,5,20790836,FALSE,789,"538E44F3CD828DD280193788851BBA70FE3089203F65B9F6365455EBF04AA18E",3,2,12,0,TRUE,0.315918966171887,"","","",TRUE,0.00632575348742253,0.632575348742253,0.01,TRUE,19,3.67851355334126,"","Note: Network with lowest lambda selected as best network: assumption of sparsity might be violated.","",0.110000000000001,TRUE
"A2",2016,6,20790837,FALSE,789,"57FBDB2C3659BAB4FC6AC8F31E7694C9CF7C87B4070E64DF2858B89A1829D0E5",3,4,13,0,TRUE,0.334015412923057,"","","",TRUE,0.0336376893501426,0.601660372147129,0.0559081018251222,TRUE,29,3.7772230638897,"A dense regularized network was selected (lambda < 0.1 * lambda.max). Recent work indicates a possible drop in specificity. Interpret the presence of the smallest edges with care. Setting threshold = TRUE will enforce higher specificity, at the cost of sensitivity.","","",0.0999999999999996,TRUE
"A3",2016,6,20790837,FALSE,789,"57FBDB2C3659BAB4FC6AC8F31E7694C9CF7C87B4070E64DF2858B89A1829D0E5",3,4,13,0,TRUE,0.334015412923057,"","","",TRUE,0.00691763221729766,0.601660372147129,0.0114975699539774,FALSE,23,3.89699636852946,"","","",0.0800000000000001,TRUE
"A2",2016,7,20790838,FALSE,789,"9A46AFAC7669D5CBDA6B8001F787CF4BF8082E4736537AF769F831BDA1CB4270",3,2,12,0,TRUE,0.350214582962428,"","","",TRUE,0.0268878919123955,0.60686502265662,0.0443062145758388,TRUE,30,3.72800702529169,"A dense regularized network was selected (lambda < 0.1 * lambda.max). Recent work indicates a possible drop in specificity. Interpret the presence of the smallest edges with care. Setting threshold = TRUE will enforce higher specificity, at the cost of sensitivity.","","",0.0899999999999999,TRUE
"A3",2016,7,20790838,FALSE,789,"9A46AFAC7669D5CBDA6B8001F787CF4BF8082E4736537AF769F831BDA1CB4270",3,2,12,0,TRUE,0.350214582962428,"","","",TRUE,0.0060686502265662,0.60686502265662,0.01,TRUE,19,3.44840023006551,"","Note: Network with lowest lambda selected as best network: assumption of sparsity might be violated.","",0.109999999999999,TRUE
"A2",2016,8,20790839,FALSE,789,"A09A98C5CC4E39820C16E450B25B8C40AF5B180BDE9A33000768B3277B9DEA3D",3,5,13,0,TRUE,0.304461736009602,"","","",TRUE,0.0188910321754456,0.618596135960016,0.0305385550883342,TRUE,29,3.9878070638735,"A dense regularized network was selected (lambda < 0.1 * lambda.max). Recent work indicates a possible drop in specificity. Interpret the presence of the smallest edges with care. Setting threshold = TRUE will enforce higher specificity, at the cost of sensitivity.","","",0.0899999999999999,TRUE
"A3",2016,8,20790839,FALSE,789,"A09A98C5CC4E39820C16E450B25B8C40AF5B180BDE9A33000768B3277B9DEA3D",3,5,13,0,TRUE,0.304461736009602,"","","",TRUE,0.00618596135960015,0.618596135960016,0.01,TRUE,20,3.83312418799731,"","Note: Network with lowest lambda selected as best network: assumption of sparsity might be violated.","",0.0899999999999999,TRUE
"A2",2016,9,20790840,FALSE,789,"11BA1090FFFCD8CD118364F603E4089BB10D0AC2E6D0A8C34FBBD6A864ADA404",3,0,13,1,TRUE,0.327012180228469,"","","",TRUE,0.0251619613364671,0.623280994969404,0.0403701725859655,TRUE,28,3.79309668360258,"A dense regularized network was selected (lambda < 0.1 * lambda.max). Recent work indicates a possible drop in specificity. Interpret the presence of the smallest edges with care. Setting threshold = TRUE will enforce higher specificity, at the cost of sensitivity.","","",0.0899999999999999,TRUE
"A3",2016,9,20790840,FALSE,789,"11BA1090FFFCD8CD118364F603E4089BB10D0AC2E6D0A8C34FBBD6A864ADA404",3,0,13,1,TRUE,0.327012180228469,"","","",TRUE,0.00623280994969404,0.623280994969404,0.01,TRUE,19,3.5694060689298,"","Note: Network with lowest lambda selected as best network: assumption of sparsity might be violated.","",0.109999999999999,TRUE
"A2",2016,10,20790841,FALSE,789,"D0D2D4448E7D67917D4560BDEA0DC2F9D74EF1613E9DC00EF2E52E9D108DA983",3,5,18,0,TRUE,0.347920912398097,"","","",TRUE,0.00622160066096761,0.622160066096761,0.01,TRUE,33,4.28465617125197,"A dense regularized network was selected (lambda < 0.1 * lambda.max). Recent work indicates a possible drop in specificity. Interpret the presence of the smallest edges with care. Setting threshold = TRUE will enforce higher specificity, at the cost of sensitivity.","Note: Network with lowest lambda selected as best network: assumption of sparsity might be violated.","",0.110000000000001,TRUE
"A3",2016,10,20790841,FALSE,789,"D0D2D4448E7D67917D4560BDEA0DC2F9D74EF1613E9DC00EF2E52E9D108DA983",3,5,18,0,TRUE,0.347920912398097,"","","",TRUE,0.00715332888251868,0.622160066096761,0.0114975699539774,FALSE,17,3.36319121431998,"","","",0.110000000000001,TRUE
"A2",2016,11,20790842,FALSE,789,"B9F2F4C048AFC8DAC614F192B85F885045BB7256AEFC906EB4B299E5FDE5E3F6",3,4,18,0,TRUE,0.297328553367357,"","","",TRUE,0.0192149509747024,0.629203016289484,0.0305385550883342,TRUE,29,3.97241998263132,"A dense regularized network was selected (lambda < 0.1 * lambda.max). Recent work indicates a possible drop in specificity. Interpret the presence of the smallest edges with care. Setting threshold = TRUE will enforce higher specificity, at the cost of sensitivity.","","",0.0899999999999999,TRUE
"A3",2016,11,20790842,FALSE,789,"B9F2F4C048AFC8DAC614F192B85F885045BB7256AEFC906EB4B299E5FDE5E3F6",3,4,18,0,TRUE,0.297328553367357,"","","",TRUE,0.0100186913635606,0.629203016289484,0.0159228279334109,FALSE,19,3.74156245545184,"","","",0.0999999999999996,TRUE
"A2",2016,12,20790843,FALSE,789,"47F33AB2264BA4599A670C1A89F213CD3119C8F7ED49F928F0B1A26E038F6737",3,3,13,0,TRUE,0.339791851695362,"","","",TRUE,0.0246514649236199,0.639711483232649,0.0385352859371053,TRUE,30,3.75828207074273,"A dense regularized network was selected (lambda < 0.1 * lambda.max). Recent work indicates a possible drop in specificity. Interpret the presence of the smallest edges with care. Setting threshold = TRUE will enforce higher specificity, at the cost of sensitivity.","","",0.110000000000001,TRUE
"A3",2016,12,20790843,FALSE,789,"47F33AB2264BA4599A670C1A89F213CD3119C8F7ED49F928F0B1A26E038F6737",3,3,13,0,TRUE,0.339791851695362,"","","",TRUE,0.00639711483232649,0.639711483232649,0.01,TRUE,19,3.44000445263058,"","Note: Network with lowest lambda selected as best network: assumption of sparsity might be violated.","",0.130000000000001,TRUE
"A2",2016,13,20790844,FALSE,789,"B4CC8A429AE930A73658CB4D8241EBEA1194546BCD0B74AF1A52FB7A506A3430",3,5,14,0,TRUE,0.312315663907937,"","","",TRUE,0.027193201796211,0.642980377430709,0.042292428743895,TRUE,28,3.7589277214189,"A dense regularized network was selected (lambda < 0.1 * lambda.max). Recent work indicates a possible drop in specificity. Interpret the presence of the smallest edges with care. Setting threshold = TRUE will enforce higher specificity, at the cost of sensitivity.","","",0.109999999999999,TRUE
"A3",2016,13,20790844,FALSE,789,"B4CC8A429AE930A73658CB4D8241EBEA1194546BCD0B74AF1A52FB7A506A3430",3,5,14,0,TRUE,0.312315663907937,"","","",TRUE,0.00642980377430709,0.642980377430709,0.01,TRUE,20,3.7161017361234,"","Note: Network with lowest lambda selected as best network: assumption of sparsity might be violated.","",0.0899999999999999,TRUE
"A2",2016,14,20790845,FALSE,789,"C031B388BDD7EB788B164E58878608706687BA97834BC31F89E0045A28C89C20",3,5,16,0,TRUE,0.30030969919859,"","","",TRUE,0.0195195794259671,0.669613177025648,0.0291505306282518,TRUE,27,3.78178211754942,"A dense regularized network was selected (lambda < 0.1 * lambda.max). Recent work indicates a possible drop in specificity. Interpret the presence of the smallest edges with care. Setting threshold = TRUE will enforce higher specificity, at the cost of sensitivity.","","",0.0899999999999999,TRUE
"A3",2016,14,20790845,FALSE,789,"C031B388BDD7EB788B164E58878608706687BA97834BC31F89E0045A28C89C20",3,5,16,0,TRUE,0.30030969919859,"","","",TRUE,0.00669613177025648,0.669613177025648,0.01,TRUE,18,3.60179515903605,"","Note: Network with lowest lambda selected as best network: assumption of sparsity might be violated.","",0.109999999999999,TRUE
"A2",2016,15,20790846,FALSE,789,"D19D1F8D11D5D48A9BAA1454FBB163BC2DB60D02A3EF7FCA34CADA8FD50C4561",3,4,14,0,TRUE,0.288625221795009,"","","",TRUE,0.0257896043713533,0.669246477460824,0.0385352859371053,TRUE,28,3.89905244387407,"A dense regularized network was selected (lambda < 0.1 * lambda.max). Recent work indicates a possible drop in specificity. Interpret the presence of the smallest edges with care. Setting threshold = TRUE will enforce higher specificity, at the cost of sensitivity.","","",0.0899999999999999,TRUE
"A3",2016,15,20790846,FALSE,789,"D19D1F8D11D5D48A9BAA1454FBB163BC2DB60D02A3EF7FCA34CADA8FD50C4561",3,4,14,0,TRUE,0.288625221795009,"","","",TRUE,0.00669246477460824,0.669246477460824,0.01,TRUE,18,3.67865272056276,"","Note: Network with lowest lambda selected as best network: assumption of sparsity might be violated.","",0.0800000000000001,TRUE
"A2",2016,16,20790847,FALSE,789,"77F7FC2D46CDF4AC844D164ABCD130C2762FAA9362AAC1B551D1A6AA5C23841F",3,3,15,0,TRUE,0.310893136217108,"","","",TRUE,0.025068719252337,0.650539334085972,0.0385352859371053,TRUE,29,3.73955803302324,"A dense regularized network was selected (lambda < 0.1 * lambda.max). Recent work indicates a possible drop in specificity. Interpret the presence of the smallest edges with care. Setting threshold = TRUE will enforce higher specificity, at the cost of sensitivity.","","",0.0899999999999999,TRUE
"A3",2016,16,20790847,FALSE,789,"77F7FC2D46CDF4AC844D164ABCD130C2762FAA9362AAC1B551D1A6AA5C23841F",3,3,15,0,TRUE,0.310893136217108,"","","",TRUE,0.00988761943774091,0.650539334085972,0.0151991108295293,FALSE,19,3.52515368530662,"","","",0.0899999999999999,TRUE
"A2",2016,17,20790848,FALSE,789,"9C556DCF8AE84EFFE7E8091ACBA5D0A60E467ABA6E26C5A1D16261B741905066",3,5,11,0,TRUE,0.335807259600855,"","","",TRUE,0.0302111422314641,0.621295858482777,0.0486260158006535,TRUE,27,3.84831020831636,"A dense regularized network was selected (lambda < 0.1 * lambda.max). Recent work indicates a possible drop in specificity. Interpret the presence of the smallest edges with care. Setting threshold = TRUE will enforce higher specificity, at the cost of sensitivity.","","",0.0899999999999999,TRUE
"A3",2016,17,20790848,FALSE,789,"9C556DCF8AE84EFFE7E8091ACBA5D0A60E467ABA6E26C5A1D16261B741905066",3,5,11,0,TRUE,0.335807259600855,"","","",TRUE,0.00621295858482777,0.621295858482777,0.01,TRUE,22,3.93831804189888,"","Note: Network with lowest lambda selected as best network: assumption of sparsity might be violated.","",0.0999999999999996,TRUE
"A2",2016,18,20790849,FALSE,789,"E02331D33B9BE75F5AFF86612E3E54A9F77DD7CED1322262800E5B55AB30C2C3",3,1,14,0,TRUE,0.335630912922183,"","","",TRUE,0.0220930517073484,0.600619106176882,0.0367837977182863,TRUE,30,3.94626041247865,"A dense regularized network was selected (lambda < 0.1 * lambda.max). Recent work indicates a possible drop in specificity. Interpret the presence of the smallest edges with care. Setting threshold = TRUE will enforce higher specificity, at the cost of sensitivity.","","",0.0900000000000016,TRUE
"A3",2016,18,20790849,FALSE,789,"E02331D33B9BE75F5AFF86612E3E54A9F77DD7CED1322262800E5B55AB30C2C3",3,1,14,0,TRUE,0.335630912922183,"","","",TRUE,0.00690566018896406,0.600619106176882,0.0114975699539774,FALSE,20,3.74733161771244,"","","",0.110000000000001,TRUE
"A2",2016,19,20790850,FALSE,789,"27F9216CA47049D2D25093F10BF1E392B3BC378B7509AB75F8E9DC62FC6B583A",3,2,16,0,TRUE,0.298857430376568,"","","",TRUE,0.0164465131408008,0.648684367865677,0.0253536449397011,TRUE,29,4.1122189499809,"A dense regularized network was selected (lambda < 0.1 * lambda.max). Recent work indicates a possible drop in specificity. Interpret the presence of the smallest edges with care. Setting threshold = TRUE will enforce higher specificity, at the cost of sensitivity.","","",0.0899999999999999,TRUE
"A3",2016,19,20790850,FALSE,789,"27F9216CA47049D2D25093F10BF1E392B3BC378B7509AB75F8E9DC62FC6B583A",3,2,16,0,TRUE,0.298857430376568,"","","",TRUE,0.00648684367865677,0.648684367865677,0.01,TRUE,22,3.99940730335443,"","Note: Network with lowest lambda selected as best network: assumption of sparsity might be violated.","",0.0999999999999996,TRUE
"A2",2016,20,20790851,FALSE,789,"1F638E0E1E479DA50659849A3EA766C11DCF84DBB6419DD912FC38EB8E13D075",3,2,16,0,TRUE,0.249853950249383,"","","",TRUE,0.0370748003640817,0.694714068712869,0.0533669923120631,TRUE,28,3.66709397514602,"A dense regularized network was selected (lambda < 0.1 * lambda.max). Recent work indicates a possible drop in specificity. Interpret the presence of the smallest edges with care. Setting threshold = TRUE will enforce higher specificity, at the cost of sensitivity.","","",0.0900000000000016,TRUE
"A3",2016,20,20790851,FALSE,789,"1F638E0E1E479DA50659849A3EA766C11DCF84DBB6419DD912FC38EB8E13D075",3,2,16,0,TRUE,0.249853950249383,"","","",TRUE,0.0105590361252001,0.694714068712869,0.0151991108295293,FALSE,19,3.63327694434428,"","","",0.110000000000001,TRUE
"A2",2016,21,20790852,FALSE,789,"E4E631E27AAE983547DB0479E2C8B31B88D6B196CE4305133C4C58AAE9392D4E",3,4,17,0,TRUE,0.311812488443081,"","","",TRUE,0.0178147925370882,0.640230448376323,0.0278255940220713,TRUE,30,3.9346255347306,"A dense regularized network was selected (lambda < 0.1 * lambda.max). Recent work indicates a possible drop in specificity. Interpret the presence of the smallest edges with care. Setting threshold = TRUE will enforce higher specificity, at the cost of sensitivity.","","",0.0899999999999999,TRUE
"A3",2016,21,20790852,FALSE,789,"E4E631E27AAE983547DB0479E2C8B31B88D6B196CE4305133C4C58AAE9392D4E",3,4,17,0,TRUE,0.311812488443081,"","","",TRUE,0.0122790454677613,0.640230448376323,0.0191791026167249,FALSE,18,3.46343779215633,"","","",0.0700000000000003,TRUE
"A2",2016,22,20790853,FALSE,789,"5A4CE105CF4B72605915F0E4E010F8F0596E8E23B308464AE11AAFBD9F29E825",3,4,14,0,TRUE,0.306341141392418,"","","",TRUE,0.0282888969092372,0.668887972373088,0.042292428743895,TRUE,31,3.86894568255024,"A dense regularized network was selected (lambda < 0.1 * lambda.max). Recent work indicates a possible drop in specificity. Interpret the presence of the smallest edges with care. Setting threshold = TRUE will enforce higher specificity, at the cost of sensitivity.","","",0.0900000000000016,TRUE
"A3",2016,22,20790853,FALSE,789,"5A4CE105CF4B72605915F0E4E010F8F0596E8E23B308464AE11AAFBD9F29E825",3,4,14,0,TRUE,0.306341141392418,"","","",TRUE,0.00668887972373088,0.668887972373088,0.01,TRUE,18,3.6889757123306,"","Note: Network with lowest lambda selected as best network: assumption of sparsity might be violated.","",0.0900000000000016,TRUE
"A2",2016,23,20790854,FALSE,789,"B09A60EA578FE40DFAE4115B466EE1373D74251D6424D632DE284A030B10C753",3,3,20,0,TRUE,0.287326044320786,"","","",TRUE,0.00927156553856525,0.669482040554239,0.0138488637139387,TRUE,31,4.15805521305097,"A dense regularized network was selected (lambda < 0.1 * lambda.max). Recent work indicates a possible drop in specificity. Interpret the presence of the smallest edges with care. Setting threshold = TRUE will enforce higher specificity, at the cost of sensitivity.","","",0.0899999999999999,TRUE
"A3",2016,23,20790854,FALSE,789,"B09A60EA578FE40DFAE4115B466EE1373D74251D6424D632DE284A030B10C753",3,3,20,0,TRUE,0.287326044320786,"","","",TRUE,0.010660047336254,0.669482040554239,0.0159228279334109,FALSE,17,3.47666656568273,"","","",0.109999999999999,TRUE
"A2",2016,24,20790855,FALSE,789,"508E54085FA2D1C2EA02CBB41BA709B1759F4D9C2B8228A8ACA8AEDDE41691C6",3,3,16,0,TRUE,0.334565781907403,"","","",TRUE,0.0203254967355513,0.635317272990992,0.0319926713779738,TRUE,27,3.9871369878108,"A dense regularized network was selected (lambda < 0.1 * lambda.max). Recent work indicates a possible drop in specificity. Interpret the presence of the smallest edges with care. Setting threshold = TRUE will enforce higher specificity, at the cost of sensitivity.","","",0.0999999999999996,TRUE
"A3",2016,24,20790855,FALSE,789,"508E54085FA2D1C2EA02CBB41BA709B1759F4D9C2B8228A8ACA8AEDDE41691C6",3,3,16,0,TRUE,0.334565781907403,"","","",TRUE,0.00635317272990993,0.635317272990992,0.01,TRUE,20,3.87872476185219,"","Note: Network with lowest lambda selected as best network: assumption of sparsity might be violated.","",0.0800000000000001,TRUE
"A2",2016,25,20790856,FALSE,789,"EBBFA3F9F4A2FE37283A9F43DDB46ECD227C57B0A6A2896AE87E320A3F52F78D",3,2,12,0,TRUE,0.328421675780932,"","","",TRUE,0.0202679784353193,0.633519414364169,0.0319926713779738,TRUE,30,3.82961267427305,"A dense regularized network was selected (lambda < 0.1 * lambda.max). Recent work indicates a possible drop in specificity. Interpret the presence of the smallest edges with care. Setting threshold = TRUE will enforce higher specificity, at the cost of sensitivity.","","",0.0899999999999999,TRUE
"A3",2016,25,20790856,FALSE,789,"EBBFA3F9F4A2FE37283A9F43DDB46ECD227C57B0A6A2896AE87E320A3F52F78D",3,2,12,0,TRUE,0.328421675780932,"","","",TRUE,0.00633519414364169,0.633519414364169,0.01,TRUE,19,3.56405769882754,"","Note: Network with lowest lambda selected as best network: assumption of sparsity might be violated.","",0.109999999999999,TRUE
"A2",2016,26,20790857,FALSE,789,"43A6DA1B370B37A318FDF263D73CC5EDC3B36CE08C427E8051DA599BA9842C1B",3,2,16,0,TRUE,0.282498392002106,"","","",TRUE,0.021385790814807,0.668459053079592,0.0319926713779738,TRUE,30,3.76235553114482,"A dense regularized network was selected (lambda < 0.1 * lambda.max). Recent work indicates a possible drop in specificity. Interpret the presence of the smallest edges with care. Setting threshold = TRUE will enforce higher specificity, at the cost of sensitivity.","","",0.0999999999999996,TRUE
"A3",2016,26,20790857,FALSE,789,"43A6DA1B370B37A318FDF263D73CC5EDC3B36CE08C427E8051DA599BA9842C1B",3,2,16,0,TRUE,0.282498392002106,"","","",TRUE,0.00668459053079592,0.668459053079592,0.01,TRUE,15,3.21789965948492,"","Note: Network with lowest lambda selected as best network: assumption of sparsity might be violated.","",0.0800000000000001,TRUE
"A2",2016,27,20790858,FALSE,789,"52FA1B321FB35302828C2F479517FF0BF9263E93B999FEB7882BDF00AFA445F0",3,3,16,0,TRUE,0.289050727422372,"","","",TRUE,0.0188745831232569,0.647486776963307,0.0291505306282518,TRUE,30,3.97965438126853,"A dense regularized network was selected (lambda < 0.1 * lambda.max). Recent work indicates a possible drop in specificity. Interpret the presence of the smallest edges with care. Setting threshold = TRUE will enforce higher specificity, at the cost of sensitivity.","","",0.129999999999999,TRUE
"A3",2016,27,20790858,FALSE,789,"52FA1B321FB35302828C2F479517FF0BF9263E93B999FEB7882BDF00AFA445F0",3,3,16,0,TRUE,0.289050727422372,"","","",TRUE,0.00647486776963307,0.647486776963307,0.01,TRUE,17,3.63162563014689,"","Note: Network with lowest lambda selected as best network: assumption of sparsity might be violated.","",0.109999999999999,TRUE
"A2",2016,28,20790859,FALSE,789,"BC9A1A0519F4F5FFEFC1A9CA8DA1C11D123307992C77F8354EEA6F5634DDEED8",3,7,15,0,TRUE,0.291954957919037,"","","",TRUE,0.0181584722372327,0.65258165639984,0.0278255940220712,TRUE,29,3.99739361787855,"A dense regularized network was selected (lambda < 0.1 * lambda.max). Recent work indicates a possible drop in specificity. Interpret the presence of the smallest edges with care. Setting threshold = TRUE will enforce higher specificity, at the cost of sensitivity.","","",0.110000000000001,TRUE
"A3",2016,28,20790859,FALSE,789,"BC9A1A0519F4F5FFEFC1A9CA8DA1C11D123307992C77F8354EEA6F5634DDEED8",3,7,15,0,TRUE,0.291954957919037,"","","",TRUE,0.0065258165639984,0.65258165639984,0.01,TRUE,21,3.90186544147732,"","Note: Network with lowest lambda selected as best network: assumption of sparsity might be violated.","",0.130000000000001,TRUE
"A2",2016,29,20790860,FALSE,789,"FB28836A56E0CF3E114B7E91F7728B0BCC2B565E1ED1386C92FF1F71D7CB5F4D",3,4,14,0,TRUE,0.330116596594337,"","","",TRUE,0.0422504788686875,0.627406201850539,0.0673415065775082,TRUE,29,3.56032375056995,"A dense regularized network was selected (lambda < 0.1 * lambda.max). Recent work indicates a possible drop in specificity. Interpret the presence of the smallest edges with care. Setting threshold = TRUE will enforce higher specificity, at the cost of sensitivity.","","",0.0999999999999996,TRUE
"A3",2016,29,20790860,FALSE,789,"FB28836A56E0CF3E114B7E91F7728B0BCC2B565E1ED1386C92FF1F71D7CB5F4D",3,4,14,0,TRUE,0.330116596594337,"","","",TRUE,0.0174579502596228,0.627406201850539,0.0278255940220712,FALSE,17,3.23609644038723,"","","",0.0899999999999999,TRUE
"A2",2016,30,20790861,FALSE,789,"4784DD685A85109FB0F14770C879016790ADA368A5590397F347F9F1EDF30505",3,5,16,0,TRUE,0.305876048220055,"","","",TRUE,0.035768091628068,0.670228732751405,0.0533669923120631,TRUE,27,3.55713331339887,"A dense regularized network was selected (lambda < 0.1 * lambda.max). Recent work indicates a possible drop in specificity. Interpret the presence of the smallest edges with care. Setting threshold = TRUE will enforce higher specificity, at the cost of sensitivity.","","",0.0900000000000016,TRUE
"A3",2016,30,20790861,FALSE,789,"4784DD685A85109FB0F14770C879016790ADA368A5590397F347F9F1EDF30505",3,5,16,0,TRUE,0.305876048220055,"","","",TRUE,0.0154831530137812,0.670228732751405,0.0231012970008316,FALSE,19,3.45232484151416,"","","",0.0900000000000016,TRUE
"A2",2016,31,20790862,FALSE,789,"FECB6F758FC21191F8C92000AB1D391008289A39F79BC364B46876E0DA41CA14",3,5,11,0,TRUE,0.316228950873754,"","","",TRUE,0.015019721377789,0.650167883528284,0.0231012970008316,TRUE,32,4.11531652918467,"A dense regularized network was selected (lambda < 0.1 * lambda.max). Recent work indicates a possible drop in specificity. Interpret the presence of the smallest edges with care. Setting threshold = TRUE will enforce higher specificity, at the cost of sensitivity.","","",0.109999999999999,TRUE
"A3",2016,31,20790862,FALSE,789,"FECB6F758FC21191F8C92000AB1D391008289A39F79BC364B46876E0DA41CA14",3,5,11,0,TRUE,0.316228950873754,"","","",TRUE,0.00650167883528284,0.650167883528284,0.01,TRUE,20,3.7431421386148,"","Note: Network with lowest lambda selected as best network: assumption of sparsity might be violated.","",0.109999999999999,TRUE
"A2",2016,32,20790863,FALSE,789,"036123F56405A7B243761AF75E07BA4110379E71B977B5408585EA399AD3AC38",3,5,15,0,TRUE,0.314369052714922,"","","",TRUE,0.0228908331929832,0.65193913991997,0.0351119173421513,TRUE,27,3.72217475316836,"A dense regularized network was selected (lambda < 0.1 * lambda.max). Recent work indicates a possible drop in specificity. Interpret the presence of the smallest edges with care. Setting threshold = TRUE will enforce higher specificity, at the cost of sensitivity.","","",0.0999999999999996,TRUE
"A3",2016,32,20790863,FALSE,789,"036123F56405A7B243761AF75E07BA4110379E71B977B5408585EA399AD3AC38",3,5,15,0,TRUE,0.314369052714922,"","","",TRUE,0.0065193913991997,0.65193913991997,0.01,TRUE,17,3.38571332148426,"","Note: Network with lowest lambda selected as best network: assumption of sparsity might be violated.","",0.110000000000001,TRUE
"A2",2016,33,20790864,FALSE,789,"D94B2ECCE6755F8E5241D211FAA3DE79BCAAEA8191C1533E67CD23C99A63D1CB",3,3,19,0,TRUE,0.306660623954948,"","","",TRUE,0.0260503817448525,0.676013713440979,0.0385352859371053,TRUE,30,3.76843196844299,"A dense regularized network was selected (lambda < 0.1 * lambda.max). Recent work indicates a possible drop in specificity. Interpret the presence of the smallest edges with care. Setting threshold = TRUE will enforce higher specificity, at the cost of sensitivity.","","",0.0899999999999999,TRUE
"A3",2016,33,20790864,FALSE,789,"D94B2ECCE6755F8E5241D211FAA3DE79BCAAEA8191C1533E67CD23C99A63D1CB",3,3,19,0,TRUE,0.306660623954948,"","","",TRUE,0.00676013713440979,0.676013713440979,0.01,TRUE,19,3.65306910483805,"","Note: Network with lowest lambda selected as best network: assumption of sparsity might be violated.","",0.109999999999999,TRUE
"A2",2016,34,20790865,FALSE,789,"6B615C9C84F03D401621D2DF77F1A478789F85926D78C4CD9EE49052A5087298",3,3,13,0,TRUE,0.322305386987544,"","","",TRUE,0.0177064421070802,0.636336535817904,0.0278255940220712,TRUE,29,3.96212380487742,"A dense regularized network was selected (lambda < 0.1 * lambda.max). Recent work indicates a possible drop in specificity. Interpret the presence of the smallest edges with care. Setting threshold = TRUE will enforce higher specificity, at the cost of sensitivity.","","",0.0999999999999996,TRUE
"A3",2016,34,20790865,FALSE,789,"6B615C9C84F03D401621D2DF77F1A478789F85926D78C4CD9EE49052A5087298",3,3,13,0,TRUE,0.322305386987544,"","","",TRUE,0.00636336535817904,0.636336535817904,0.01,TRUE,19,3.61517067365374,"","Note: Network with lowest lambda selected as best network: assumption of sparsity might be violated.","",0.0900000000000016,TRUE
"A2",2016,35,20790866,FALSE,789,"4E7319F56CA0CE3B7FD4EC81003AE2BED0CE1FC5B3BD010F8825E3238D555134",3,3,16,0,TRUE,0.302076821386379,"","","",TRUE,0.00915009574991472,0.660710939100747,0.0138488637139387,TRUE,28,3.95739143904272,"A dense regularized network was selected (lambda < 0.1 * lambda.max). Recent work indicates a possible drop in specificity. Interpret the presence of the smallest edges with care. Setting threshold = TRUE will enforce higher specificity, at the cost of sensitivity.","","",0.0899999999999999,TRUE
"A3",2016,35,20790866,FALSE,789,"4E7319F56CA0CE3B7FD4EC81003AE2BED0CE1FC5B3BD010F8825E3238D555134",3,3,16,0,TRUE,0.302076821386379,"","","",TRUE,0.00660710939100747,0.660710939100747,0.01,TRUE,17,3.41714164109524,"","Note: Network with lowest lambda selected as best network: assumption of sparsity might be violated.","",0.0899999999999999,TRUE
"A2",2016,36,20790867,FALSE,789,"B4DA2D86EF936B9FA93264EC773A35A9F979A3CFAB152502F0BD7337BCE985ED",3,3,18,0,TRUE,0.308762664436511,"","","",TRUE,0.0179186778476334,0.61469474007678,0.0291505306282518,TRUE,27,4.00537175070917,"A dense regularized network was selected (lambda < 0.1 * lambda.max). Recent work indicates a possible drop in specificity. Interpret the presence of the smallest edges with care. Setting threshold = TRUE will enforce higher specificity, at the cost of sensitivity.","","",0.109999999999999,TRUE
"A3",2016,36,20790867,FALSE,789,"B4DA2D86EF936B9FA93264EC773A35A9F979A3CFAB152502F0BD7337BCE985ED",3,3,18,0,TRUE,0.308762664436511,"","","",TRUE,0.0061469474007678,0.61469474007678,0.01,TRUE,19,3.77302419172822,"","Note: Network with lowest lambda selected as best network: assumption of sparsity might be violated.","",0.0899999999999999,TRUE
"A2",2016,37,20790868,FALSE,789,"D599D6080A1BA321CD63D39EA85E085DEDEA8110650E2FDCBBFD5046C51DC0E0",3,3,9,0,TRUE,0.292950550887934,"","","",TRUE,0.00930316296799495,0.612086001104779,0.0151991108295293,TRUE,32,4.51798963264955,"A dense regularized network was selected (lambda < 0.1 * lambda.max). Recent work indicates a possible drop in specificity. Interpret the presence of the smallest edges with care. Setting threshold = TRUE will enforce higher specificity, at the cost of sensitivity.","","",0.0999999999999996,TRUE
"A3",2016,37,20790868,FALSE,789,"D599D6080A1BA321CD63D39EA85E085DEDEA8110650E2FDCBBFD5046C51DC0E0",3,3,9,0,TRUE,0.292950550887934,"","","",TRUE,0.00612086001104779,0.612086001104779,0.01,TRUE,22,4.14088556069934,"","Note: Network with lowest lambda selected as best network: assumption of sparsity might be violated.","",0.0799999999999983,TRUE
"A2",2016,38,20790869,FALSE,789,"FF0F52E17CF589FB48C0A816877195CAE1D5F86D279D5BEAAB7D8CAE5720F4F3",3,3,18,0,TRUE,0.308651694917351,"","","",TRUE,0.0321897991139216,0.661987180810503,0.0486260158006536,TRUE,31,3.91899431175696,"A dense regularized network was selected (lambda < 0.1 * lambda.max). Recent work indicates a possible drop in specificity. Interpret the presence of the smallest edges with care. Setting threshold = TRUE will enforce higher specificity, at the cost of sensitivity.","","",0.33,TRUE
"A3",2016,38,20790869,FALSE,789,"FF0F52E17CF589FB48C0A816877195CAE1D5F86D279D5BEAAB7D8CAE5720F4F3",3,3,18,0,TRUE,0.308651694917351,"","","",TRUE,0.00661987180810503,0.661987180810503,0.01,TRUE,20,3.94000877884727,"","Note: Network with lowest lambda selected as best network: assumption of sparsity might be violated.","",0.35,TRUE
"A2",2016,39,20790870,FALSE,789,"3DA9842EA9EE69DB60566E7C83D5370C6494F1B20D35D88ACD626688C691AEE1",3,4,15,0,TRUE,0.326120366052319,"","","",TRUE,0.0224350165784977,0.638957319245134,0.0351119173421513,TRUE,31,3.60497021045235,"A dense regularized network was selected (lambda < 0.1 * lambda.max). Recent work indicates a possible drop in specificity. Interpret the presence of the smallest edges with care. Setting threshold = TRUE will enforce higher specificity, at the cost of sensitivity.","","",0.0899999999999999,TRUE
"A3",2016,39,20790870,FALSE,789,"3DA9842EA9EE69DB60566E7C83D5370C6494F1B20D35D88ACD626688C691AEE1",3,4,15,0,TRUE,0.326120366052319,"","","",TRUE,0.00638957319245133,0.638957319245134,0.01,TRUE,15,3.1099239535241,"","Note: Network with lowest lambda selected as best network: assumption of sparsity might be violated.","",0.109999999999999,TRUE
"A2",2016,40,20790871,FALSE,789,"61FB5B69651B213E109248C46EF73171258C765BBE3E6A4504430C270C313077",3,1,14,0,TRUE,0.304042960031609,"","","",TRUE,0.0149831289853694,0.648583886213405,0.0231012970008316,TRUE,28,4.0331042880271,"A dense regularized network was selected (lambda < 0.1 * lambda.max). Recent work indicates a possible drop in specificity. Interpret the presence of the smallest edges with care. Setting threshold = TRUE will enforce higher specificity, at the cost of sensitivity.","","",0.100000000000001,TRUE
"A3",2016,40,20790871,FALSE,789,"61FB5B69651B213E109248C46EF73171258C765BBE3E6A4504430C270C313077",3,1,14,0,TRUE,0.304042960031609,"","","",TRUE,0.00648583886213404,0.648583886213405,0.01,TRUE,20,3.78296228946466,"","Note: Network with lowest lambda selected as best network: assumption of sparsity might be violated.","",0.100000000000001,TRUE
"A2",2016,41,20790872,FALSE,789,"D8752117CDB96C9C2F661A2922003E708D23481B399E3AF1B0AFBE6F66DC3674",3,4,9,0,TRUE,0.298788200108314,"","","",TRUE,0.0166778209482383,0.657807624422576,0.0253536449397011,TRUE,30,4.27092194267903,"A dense regularized network was selected (lambda < 0.1 * lambda.max). Recent work indicates a possible drop in specificity. Interpret the presence of the smallest edges with care. Setting threshold = TRUE will enforce higher specificity, at the cost of sensitivity.","","",0.0999999999999996,TRUE
"A3",2016,41,20790872,FALSE,789,"D8752117CDB96C9C2F661A2922003E708D23481B399E3AF1B0AFBE6F66DC3674",3,4,9,0,TRUE,0.298788200108314,"","","",TRUE,0.00756318917805823,0.657807624422576,0.0114975699539774,FALSE,23,4.20311194461448,"","","",0.109999999999999,TRUE
"A2",2016,42,20790873,FALSE,789,"0A9EE4F20524B9E80CA582AF42A87D678C1A3C3CBABFE20DC71CB68FF9B8310A",3,3,14,0,TRUE,0.330623576535674,"","","",TRUE,0.00824117725045725,0.62341483658484,0.0132194114846603,TRUE,33,4.21861818551363,"A dense regularized network was selected (lambda < 0.1 * lambda.max). Recent work indicates a possible drop in specificity. Interpret the presence of the smallest edges with care. Setting threshold = TRUE will enforce higher specificity, at the cost of sensitivity.","","",0.110000000000001,TRUE
"A3",2016,42,20790873,FALSE,789,"0A9EE4F20524B9E80CA582AF42A87D678C1A3C3CBABFE20DC71CB68FF9B8310A",3,3,14,0,TRUE,0.330623576535674,"","","",TRUE,0.018172873287973,0.62341483658484,0.0291505306282518,FALSE,17,3.2935220591488,"","","",0.0899999999999999,TRUE
"A2",2016,43,20790874,FALSE,789,"E62BFF1A22914992B5BA6FE5A255F70182612EFE71408786C4DB0EB4B2BE8CBB",3,2,19,0,TRUE,0.328103956213634,"","","",TRUE,0.00626072811888183,0.626072811888183,0.01,TRUE,31,4.11097017345029,"A dense regularized network was selected (lambda < 0.1 * lambda.max). Recent work indicates a possible drop in specificity. Interpret the presence of the smallest edges with care. Setting threshold = TRUE will enforce higher specificity, at the cost of sensitivity.","Note: Network with lowest lambda selected as best network: assumption of sparsity might be violated.","",0.109999999999999,TRUE
"A3",2016,43,20790874,FALSE,789,"E62BFF1A22914992B5BA6FE5A255F70182612EFE71408786C4DB0EB4B2BE8CBB",3,2,19,0,TRUE,0.328103956213634,"","","",TRUE,0.00626072811888183,0.626072811888183,0.01,TRUE,16,3.37469946097955,"","Note: Network with lowest lambda selected as best network: assumption of sparsity might be violated.","",0.119999999999999,TRUE
"A2",2016,44,20790875,FALSE,789,"23D3CED3BDD96998B3D0187A7C7D4E3F0BB8F347A645084C79CA7C95781C661D",3,3,16,0,TRUE,0.322643914971625,"","","",TRUE,0.0326339895287918,0.611501381564934,0.0533669923120631,TRUE,29,3.7445208877115,"A dense regularized network was selected (lambda < 0.1 * lambda.max). Recent work indicates a possible drop in specificity. Interpret the presence of the smallest edges with care. Setting threshold = TRUE will enforce higher specificity, at the cost of sensitivity.","","",0.100000000000001,TRUE
"A3",2016,44,20790875,FALSE,789,"23D3CED3BDD96998B3D0187A7C7D4E3F0BB8F347A645084C79CA7C95781C661D",3,3,16,0,TRUE,0.322643914971625,"","","",TRUE,0.00611501381564934,0.611501381564934,0.01,TRUE,19,3.82107294982936,"","Note: Network with lowest lambda selected as best network: assumption of sparsity might be violated.","",0.110000000000001,TRUE
"A2",2016,45,20790876,FALSE,789,"7F835732F6D032E77888B852626B0EAD95AF80B622E1CF1A1F36FAA6F640450B",3,7,14,0,TRUE,0.347904737507367,"","","",TRUE,0.0174292128157984,0.626373431667749,0.0278255940220712,TRUE,29,3.99082339676544,"A dense regularized network was selected (lambda < 0.1 * lambda.max). Recent work indicates a possible drop in specificity. Interpret the presence of the smallest edges with care. Setting threshold = TRUE will enforce higher specificity, at the cost of sensitivity.","","",0.0800000000000001,TRUE
"A3",2016,45,20790876,FALSE,789,"7F835732F6D032E77888B852626B0EAD95AF80B622E1CF1A1F36FAA6F640450B",3,7,14,0,TRUE,0.347904737507367,"","","",TRUE,0.00626373431667749,0.626373431667749,0.01,TRUE,20,3.70860737193459,"","Note: Network with lowest lambda selected as best network: assumption of sparsity might be violated.","",0.0899999999999999,TRUE
"A2",2016,46,20790877,FALSE,789,"9980E1E07D18E2E0B4920C228F54486C5FFD98018713CA514C7A75EB467AF526",3,1,14,0,TRUE,0.340796726924491,"","","",TRUE,0.0133090682902759,0.603550077527876,0.0220513073990305,TRUE,32,4.06688388326087,"A dense regularized network was selected (lambda < 0.1 * lambda.max). Recent work indicates a possible drop in specificity. Interpret the presence of the smallest edges with care. Setting threshold = TRUE will enforce higher specificity, at the cost of sensitivity.","","",0.0899999999999999,TRUE
"A3",2016,46,20790877,FALSE,789,"9980E1E07D18E2E0B4920C228F54486C5FFD98018713CA514C7A75EB467AF526",3,1,14,0,TRUE,0.340796726924491,"","","",TRUE,0.00603550077527877,0.603550077527876,0.01,TRUE,19,3.65527330048261,"","Note: Network with lowest lambda selected as best network: assumption of sparsity might be violated.","",0.0899999999999999,TRUE
"A2",2016,47,20790878,FALSE,789,"1E99338BDC3B498C948623E5E57F9AE18AE150558E5A99B45B22EA6BF05220D6",3,1,13,0,TRUE,0.270396119263875,"","","",TRUE,0.0281789622566892,0.666288579152762,0.042292428743895,TRUE,26,3.94216887027529,"A dense regularized network was selected (lambda < 0.1 * lambda.max). Recent work indicates a possible drop in specificity. Interpret the presence of the smallest edges with care. Setting threshold = TRUE will enforce higher specificity, at the cost of sensitivity.","","",0.0899999999999999,TRUE
"A3",2016,47,20790878,FALSE,789,"1E99338BDC3B498C948623E5E57F9AE18AE150558E5A99B45B22EA6BF05220D6",3,1,13,0,TRUE,0.270396119263875,"","","",TRUE,0.00698014411424277,0.666288579152762,0.0104761575278966,FALSE,19,3.9185103563925,"","","",0.109999999999999,TRUE
"A2",2016,48,20790879,FALSE,789,"996D12411C382616DD0EDC78F4BDB2F1C5A340A98581B5B362EE8492B7274996",3,3,14,0,TRUE,0.319887416459316,"","","",TRUE,0.0142244329999763,0.645060755019075,0.0220513073990305,TRUE,29,4.07405498718111,"A dense regularized network was selected (lambda < 0.1 * lambda.max). Recent work indicates a possible drop in specificity. Interpret the presence of the smallest edges with care. Setting threshold = TRUE will enforce higher specificity, at the cost of sensitivity.","","",0.0899999999999999,TRUE
"A3",2016,48,20790879,FALSE,789,"996D12411C382616DD0EDC78F4BDB2F1C5A340A98581B5B362EE8492B7274996",3,3,14,0,TRUE,0.319887416459316,"","","",TRUE,0.00645060755019075,0.645060755019075,0.01,TRUE,20,3.73759376284743,"","Note: Network with lowest lambda selected as best network: assumption of sparsity might be violated.","",0.109999999999999,TRUE
"A2",2016,49,20790880,FALSE,789,"9B3DE27193294808155F3661867674AAEA2E057AE6C676349E1F2FCE591509AC",3,3,10,0,TRUE,0.346349205603322,"","","",TRUE,0.0161709567204358,0.6088261398686,0.0265608778294669,TRUE,29,4.06879951776102,"A dense regularized network was selected (lambda < 0.1 * lambda.max). Recent work indicates a possible drop in specificity. Interpret the presence of the smallest edges with care. Setting threshold = TRUE will enforce higher specificity, at the cost of sensitivity.","","",0.0899999999999999,TRUE
"A3",2016,49,20790880,FALSE,789,"9B3DE27193294808155F3661867674AAEA2E057AE6C676349E1F2FCE591509AC",3,3,10,0,TRUE,0.346349205603322,"","","",TRUE,0.006088261398686,0.6088261398686,0.01,TRUE,18,3.64659517516431,"","Note: Network with lowest lambda selected as best network: assumption of sparsity might be violated.","",0.0700000000000003,TRUE
"A2",2016,50,20790881,FALSE,789,"B65AB080C31AA05B9DA3CC7C72669AE899C8E14CF0F9E27ADF05D25BD5B90D93",3,4,13,0,TRUE,0.315260764261207,"","","",TRUE,0.0354900998929597,0.634793504597437,0.0559081018251223,TRUE,28,3.68931881492893,"A dense regularized network was selected (lambda < 0.1 * lambda.max). Recent work indicates a possible drop in specificity. Interpret the presence of the smallest edges with care. Setting threshold = TRUE will enforce higher specificity, at the cost of sensitivity.","","",0.100000000000001,TRUE
"A3",2016,50,20790881,FALSE,789,"B65AB080C31AA05B9DA3CC7C72669AE899C8E14CF0F9E27ADF05D25BD5B90D93",3,4,13,0,TRUE,0.315260764261207,"","","",TRUE,0.00634793504597437,0.634793504597437,0.01,TRUE,18,3.68915239212371,"","Note: Network with lowest lambda selected as best network: assumption of sparsity might be violated.","",0.100000000000001,TRUE
"A2",2020,1,20800832,FALSE,789,"4C300AA0E48736D30E97A5CE1C834E48DD430C55C197FE6A5E57AA20D814A0CE",3,6,20,0,TRUE,0.275054403508999,"","","",TRUE,0.020003478571178,0.686213188578847,0.0291505306282518,TRUE,30,4.16989095904884,"A dense regularized network was selected (lambda < 0.1 * lambda.max). Recent work indicates a possible drop in specificity. Interpret the presence of the smallest edges with care. Setting threshold = TRUE will enforce higher specificity, at the cost of sensitivity.","","",0.0700000000000003,TRUE
"A3",2020,1,20800832,FALSE,789,"4C300AA0E48736D30E97A5CE1C834E48DD430C55C197FE6A5E57AA20D814A0CE",3,6,20,0,TRUE,0.275054403508999,"","","",TRUE,0.00686213188578847,0.686213188578847,0.01,TRUE,23,4.22613032917024,"","Note: Network with lowest lambda selected as best network: assumption of sparsity might be violated.","",0.0899999999999999,TRUE
"A2",2020,2,20800833,FALSE,789,"3AE46056CEE51E38398F6178DF40548695FCB5BD5B6253A2F7BE3DA0F1DD1759",3,5,19,0,TRUE,0.26094526869828,"","","",TRUE,0.0208620906312994,0.683139414126008,0.0305385550883342,TRUE,29,4.22728076097545,"A dense regularized network was selected (lambda < 0.1 * lambda.max). Recent work indicates a possible drop in specificity. Interpret the presence of the smallest edges with care. Setting threshold = TRUE will enforce higher specificity, at the cost of sensitivity.","","",0.100000000000001,TRUE
"A3",2020,2,20800833,FALSE,789,"3AE46056CEE51E38398F6178DF40548695FCB5BD5B6253A2F7BE3DA0F1DD1759",3,5,19,0,TRUE,0.26094526869828,"","","",TRUE,0.00683139414126008,0.683139414126008,0.01,TRUE,22,4.22014182920441,"","Note: Network with lowest lambda selected as best network: assumption of sparsity might be violated.","",0.0899999999999999,TRUE
"A2",2020,3,20800834,FALSE,789,"A0AA81966819F25BF746C4FBDB21C4989854E1E06CE02F1BF0FC5024DDF1AFD3",3,4,21,0,TRUE,0.225131667406767,"","","",TRUE,0.011103828646177,0.697352800181793,0.0159228279334109,TRUE,30,4.54780664084589,"A dense regularized network was selected (lambda < 0.1 * lambda.max). Recent work indicates a possible drop in specificity. Interpret the presence of the smallest edges with care. Setting threshold = TRUE will enforce higher specificity, at the cost of sensitivity.","","",0.0899999999999999,TRUE
"A3",2020,3,20800834,FALSE,789,"A0AA81966819F25BF746C4FBDB21C4989854E1E06CE02F1BF0FC5024DDF1AFD3",3,4,21,0,TRUE,0.225131667406767,"","","",TRUE,0.00697352800181793,0.697352800181793,0.01,TRUE,22,4.45256912833907,"","Note: Network with lowest lambda selected as best network: assumption of sparsity might be violated.","",0.109999999999999,TRUE
"A2",2020,4,20800835,FALSE,789,"D09F5279E4F1EC8AFBE0602F5A702B021107CC92D9B1E44CBB2E66890A411F19",3,7,22,0,TRUE,0.28533870728973,"","","",TRUE,0.0355434721116778,0.66601977311814,0.0533669923120631,TRUE,29,3.85425231346707,"A dense regularized network was selected (lambda < 0.1 * lambda.max). Recent work indicates a possible drop in specificity. Interpret the presence of the smallest edges with care. Setting threshold = TRUE will enforce higher specificity, at the cost of sensitivity.","","",0.0700000000000003,TRUE
"A3",2020,4,20800835,FALSE,789,"D09F5279E4F1EC8AFBE0602F5A702B021107CC92D9B1E44CBB2E66890A411F19",3,7,22,0,TRUE,0.28533870728973,"","","",TRUE,0.0066601977311814,0.66601977311814,0.01,TRUE,21,3.89965893460727,"","Note: Network with lowest lambda selected as best network: assumption of sparsity might be violated.","",0.0700000000000003,TRUE
"A2",2020,5,20800836,FALSE,789,"4079D874AEB641DE5E7B90A646A8AD2DE020C5DE26C483AFE0E21267AC6E5CEA",3,3,20,0,TRUE,0.281451759900781,"","","",TRUE,0.0293407518350201,0.662226554805254,0.0443062145758388,TRUE,31,3.98730913865072,"A dense regularized network was selected (lambda < 0.1 * lambda.max). Recent work indicates a possible drop in specificity. Interpret the presence of the smallest edges with care. Setting threshold = TRUE will enforce higher specificity, at the cost of sensitivity.","","",0.0999999999999979,TRUE
"A3",2020,5,20800836,FALSE,789,"4079D874AEB641DE5E7B90A646A8AD2DE020C5DE26C483AFE0E21267AC6E5CEA",3,3,20,0,TRUE,0.281451759900781,"","","",TRUE,0.013939234198155,0.662226554805254,0.0210490414451202,FALSE,24,3.91112199285288,"","","",0.109999999999999,TRUE
"A2",2020,6,20800837,FALSE,789,"884ACAC328928514307755A39AE33576B3E2268AD98D259AE4658E47C1E48ED4",3,4,20,0,TRUE,0.262149843295244,"","","",TRUE,0.0330136620277067,0.711257787174796,0.0464158883361278,TRUE,28,4.08655076398221,"A dense regularized network was selected (lambda < 0.1 * lambda.max). Recent work indicates a possible drop in specificity. Interpret the presence of the smallest edges with care. Setting threshold = TRUE will enforce higher specificity, at the cost of sensitivity.","","",0.109999999999999,TRUE
"A3",2020,6,20800837,FALSE,789,"884ACAC328928514307755A39AE33576B3E2268AD98D259AE4658E47C1E48ED4",3,4,20,0,TRUE,0.262149843295244,"","","",TRUE,0.00711257787174796,0.711257787174796,0.01,TRUE,21,4.07561446988683,"","Note: Network with lowest lambda selected as best network: assumption of sparsity might be violated.","",0.0899999999999999,TRUE
"A2",2020,7,20800838,FALSE,789,"62000B825824E4FA3AB0BFE84280330337656A451DE091E16D1563FD003907C0",3,8,25,0,TRUE,0.261517377797699,"","","",TRUE,0.0182143723740128,0.718412378864351,0.0253536449397011,TRUE,31,4.23039238031537,"A dense regularized network was selected (lambda < 0.1 * lambda.max). Recent work indicates a possible drop in specificity. Interpret the presence of the smallest edges with care. Setting threshold = TRUE will enforce higher specificity, at the cost of sensitivity.","","",0.0999999999999979,TRUE
"A3",2020,7,20800838,FALSE,789,"62000B825824E4FA3AB0BFE84280330337656A451DE091E16D1563FD003907C0",3,8,25,0,TRUE,0.261517377797699,"","","",TRUE,0.00718412378864351,0.718412378864351,0.01,TRUE,24,4.07704072285406,"","Note: Network with lowest lambda selected as best network: assumption of sparsity might be violated.","",0.109999999999999,TRUE
"A2",2020,8,20800839,FALSE,789,"08B70E4C9AE167F42AAB10C4F7484D580D6ABCDD68A248C0524F12F0068C366A",3,3,19,0,TRUE,0.299633731513435,"","","",TRUE,0.0175040568837403,0.690396072255899,0.0253536449397011,TRUE,32,4.12217297261901,"A dense regularized network was selected (lambda < 0.1 * lambda.max). Recent work indicates a possible drop in specificity. Interpret the presence of the smallest edges with care. Setting threshold = TRUE will enforce higher specificity, at the cost of sensitivity.","","",0.0899999999999999,TRUE
"A3",2020,8,20800839,FALSE,789,"08B70E4C9AE167F42AAB10C4F7484D580D6ABCDD68A248C0524F12F0068C366A",3,3,19,0,TRUE,0.299633731513435,"","","",TRUE,0.00690396072255899,0.690396072255899,0.01,TRUE,22,3.88835254172809,"","Note: Network with lowest lambda selected as best network: assumption of sparsity might be violated.","",0.109999999999999,TRUE
"A2",2020,9,20800840,FALSE,789,"E1D8A9F2F859E1343593442A1442EB672974DB37F3B0B5D6BD446C7D2A064317",3,4,20,0,TRUE,0.27168733700401,"","","",TRUE,0.0197987759493689,0.679190928009407,0.0291505306282518,TRUE,28,4.02598244251189,"A dense regularized network was selected (lambda < 0.1 * lambda.max). Recent work indicates a possible drop in specificity. Interpret the presence of the smallest edges with care. Setting threshold = TRUE will enforce higher specificity, at the cost of sensitivity.","","",0.0999999999999979,TRUE
"A3",2020,9,20800840,FALSE,789,"E1D8A9F2F859E1343593442A1442EB672974DB37F3B0B5D6BD446C7D2A064317",3,4,20,0,TRUE,0.27168733700401,"","","",TRUE,0.00679190928009406,0.679190928009407,0.01,TRUE,19,3.87347829233896,"","Note: Network with lowest lambda selected as best network: assumption of sparsity might be violated.","",0.0999999999999979,TRUE
"A2",2020,10,20800841,FALSE,789,"35CD0368230AC4C67B5A262DCF0B21F7F3DE9762E81F632DD7F376E0699AFBBC",3,7,21,0,TRUE,0.241692589564684,"","","",TRUE,0.0219552270551864,0.718934703743509,0.0305385550883342,TRUE,28,4.18393220980429,"A dense regularized network was selected (lambda < 0.1 * lambda.max). Recent work indicates a possible drop in specificity. Interpret the presence of the smallest edges with care. Setting threshold = TRUE will enforce higher specificity, at the cost of sensitivity.","","",0.0999999999999979,TRUE
"A3",2020,10,20800841,FALSE,789,"35CD0368230AC4C67B5A262DCF0B21F7F3DE9762E81F632DD7F376E0699AFBBC",3,7,21,0,TRUE,0.241692589564684,"","","",TRUE,0.00995642873136478,0.718934703743509,0.0138488637139387,FALSE,22,4.23380585718941,"","","",0.109999999999999,TRUE
"A2",2020,11,20800842,FALSE,789,"D33DB2C56073E5C643DCE006C690C7F11F292D93D765DE5BAA2DC06D7CE40141",3,5,17,0,TRUE,0.256157544475402,"","","",TRUE,0.0145369092411393,0.723505398457074,0.0200923300256505,TRUE,31,4.22128654293789,"A dense regularized network was selected (lambda < 0.1 * lambda.max). Recent work indicates a possible drop in specificity. Interpret the presence of the smallest edges with care. Setting threshold = TRUE will enforce higher specificity, at the cost of sensitivity.","","",0.0899999999999999,TRUE
"A3",2020,11,20800842,FALSE,789,"D33DB2C56073E5C643DCE006C690C7F11F292D93D765DE5BAA2DC06D7CE40141",3,5,17,0,TRUE,0.256157544475402,"","","",TRUE,0.00723505398457074,0.723505398457074,0.01,TRUE,20,3.82471760985295,"","Note: Network with lowest lambda selected as best network: assumption of sparsity might be violated.","",0.0899999999999999,TRUE
"A2",2020,12,20800843,FALSE,789,"5155FD0220D6CDC01BDA7211CA819CA8638E2EC049EFEFAFF4BEEF479434F76B",3,7,25,0,TRUE,0.265239182142798,"","","",TRUE,0.00907687963571732,0.686632657304757,0.0132194114846603,TRUE,29,4.38154342592165,"A dense regularized network was selected (lambda < 0.1 * lambda.max). Recent work indicates a possible drop in specificity. Interpret the presence of the smallest edges with care. Setting threshold = TRUE will enforce higher specificity, at the cost of sensitivity.","","",0.0899999999999999,TRUE
"A3",2020,12,20800843,FALSE,789,"5155FD0220D6CDC01BDA7211CA819CA8638E2EC049EFEFAFF4BEEF479434F76B",3,7,25,0,TRUE,0.265239182142798,"","","",TRUE,0.00686632657304757,0.686632657304757,0.01,TRUE,21,4.15720202673695,"","Note: Network with lowest lambda selected as best network: assumption of sparsity might be violated.","",0.109999999999999,TRUE
"A2",2020,13,20800844,FALSE,789,"8BDA6EC9A0FD210894B37CC6C26594BA3DCDFAC6DD1808BE65658B7625F7AF53",3,6,19,0,TRUE,0.264823658899263,"","","",TRUE,0.0144214188012289,0.717757412048183,0.0200923300256505,TRUE,32,4.15156498865387,"A dense regularized network was selected (lambda < 0.1 * lambda.max). Recent work indicates a possible drop in specificity. Interpret the presence of the smallest edges with care. Setting threshold = TRUE will enforce higher specificity, at the cost of sensitivity.","","",0.109999999999999,TRUE
"A3",2020,13,20800844,FALSE,789,"8BDA6EC9A0FD210894B37CC6C26594BA3DCDFAC6DD1808BE65658B7625F7AF53",3,6,19,0,TRUE,0.264823658899263,"","","",TRUE,0.00717757412048183,0.717757412048183,0.01,TRUE,23,4.00183709925199,"","Note: Network with lowest lambda selected as best network: assumption of sparsity might be violated.","",0.100000000000001,TRUE
"A2",2020,14,20800845,FALSE,789,"70D40E6FF1486A8E90E19F56A03BAD94A1B66363510680C8DC353BAB3D26C548",3,9,23,0,TRUE,0.274522445303346,"","","",TRUE,0.0147109275132519,0.69888823923915,0.0210490414451202,TRUE,28,4.06607168471586,"A dense regularized network was selected (lambda < 0.1 * lambda.max). Recent work indicates a possible drop in specificity. Interpret the presence of the smallest edges with care. Setting threshold = TRUE will enforce higher specificity, at the cost of sensitivity.","","",0.0899999999999999,TRUE
"A3",2020,14,20800845,FALSE,789,"70D40E6FF1486A8E90E19F56A03BAD94A1B66363510680C8DC353BAB3D26C548",3,9,23,0,TRUE,0.274522445303346,"","","",TRUE,0.0111282771780895,0.69888823923915,0.0159228279334109,FALSE,21,3.88586426345228,"","","",0.109999999999999,TRUE
"A2",2020,15,20800846,FALSE,789,"B36021B75512F84DA2929DC1CAF290D2BD88715D8F2B731C579052EC66A47151",3,7,19,0,TRUE,0.270532321766744,"","","",TRUE,0.0176202567940051,0.663391357286281,0.0265608778294669,TRUE,29,4.47050218989327,"A dense regularized network was selected (lambda < 0.1 * lambda.max). Recent work indicates a possible drop in specificity. Interpret the presence of the smallest edges with care. Setting threshold = TRUE will enforce higher specificity, at the cost of sensitivity.","","",0.100000000000001,TRUE
"A3",2020,15,20800846,FALSE,789,"B36021B75512F84DA2929DC1CAF290D2BD88715D8F2B731C579052EC66A47151",3,7,19,0,TRUE,0.270532321766744,"","","",TRUE,0.00663391357286281,0.663391357286281,0.01,TRUE,23,4.50582055713117,"","Note: Network with lowest lambda selected as best network: assumption of sparsity might be violated.","",0.109999999999999,TRUE
"A2",2020,16,20800847,FALSE,789,"106F5BA2A8A522C586BF2C8F40007DE1A7E78FF09E0100AEE3CC6FE3FE39FE46",3,5,17,0,TRUE,0.284911846781779,"","","",TRUE,0.0290887153901045,0.687799595673576,0.042292428743895,TRUE,28,4.04335437387534,"A dense regularized network was selected (lambda < 0.1 * lambda.max). Recent work indicates a possible drop in specificity. Interpret the presence of the smallest edges with care. Setting threshold = TRUE will enforce higher specificity, at the cost of sensitivity.","","",0.0899999999999999,TRUE
"A3",2020,16,20800847,FALSE,789,"106F5BA2A8A522C586BF2C8F40007DE1A7E78FF09E0100AEE3CC6FE3FE39FE46",3,5,17,0,TRUE,0.284911846781779,"","","",TRUE,0.00754859207158372,0.687799595673576,0.0109749876549306,FALSE,23,4.11164051907249,"","","",0.109999999999999,TRUE
"A2",2020,17,20800848,FALSE,789,"35DE2FCB14F87286CA7A0C41C6D65FE603C95198E5590A121808E080EBFB86B4",3,4,21,0,TRUE,0.259541089722903,"","","",TRUE,0.00890231593291871,0.673427553355827,0.0132194114846603,TRUE,32,4.44852836513759,"A dense regularized network was selected (lambda < 0.1 * lambda.max). Recent work indicates a possible drop in specificity. Interpret the presence of the smallest edges with care. Setting threshold = TRUE will enforce higher specificity, at the cost of sensitivity.","","",0.109999999999999,TRUE
"A3",2020,17,20800848,FALSE,789,"35DE2FCB14F87286CA7A0C41C6D65FE603C95198E5590A121808E080EBFB86B4",3,4,21,0,TRUE,0.259541089722903,"","","",TRUE,0.00673427553355828,0.673427553355827,0.01,TRUE,22,4.15525415889917,"","Note: Network with lowest lambda selected as best network: assumption of sparsity might be violated.","",0.100000000000001,TRUE
"A2",2020,18,20800849,FALSE,789,"FAA3A0C958B02D5535DAF38E5B5721BECAC2794D7F819158058347D842894746",3,8,18,0,TRUE,0.29671209273014,"","","",TRUE,0.0140183655846895,0.665985936758152,0.0210490414451202,TRUE,31,4.27554082909159,"A dense regularized network was selected (lambda < 0.1 * lambda.max). Recent work indicates a possible drop in specificity. Interpret the presence of the smallest edges with care. Setting threshold = TRUE will enforce higher specificity, at the cost of sensitivity.","","",0.0899999999999999,TRUE
"A3",2020,18,20800849,FALSE,789,"FAA3A0C958B02D5535DAF38E5B5721BECAC2794D7F819158058347D842894746",3,8,18,0,TRUE,0.29671209273014,"","","",TRUE,0.00665985936758152,0.665985936758152,0.01,TRUE,23,4.06428051465165,"","Note: Network with lowest lambda selected as best network: assumption of sparsity might be violated.","",0.0800000000000018,TRUE
"A2",2020,19,20800850,FALSE,789,"C78671640D1B4CC70F92CDF9CF63A3126A96381BF73D42E65181147B023448F3",3,7,22,0,TRUE,0.271853899132591,"","","",TRUE,0.0172007031950738,0.710735188927486,0.0242012826479438,TRUE,29,4.15372863138589,"A dense regularized network was selected (lambda < 0.1 * lambda.max). Recent work indicates a possible drop in specificity. Interpret the presence of the smallest edges with care. Setting threshold = TRUE will enforce higher specificity, at the cost of sensitivity.","","",0.100000000000001,TRUE
"A3",2020,19,20800850,FALSE,789,"C78671640D1B4CC70F92CDF9CF63A3126A96381BF73D42E65181147B023448F3",3,7,22,0,TRUE,0.271853899132591,"","","",TRUE,0.00710735188927486,0.710735188927486,0.01,TRUE,22,4.05332224259257,"","Note: Network with lowest lambda selected as best network: assumption of sparsity might be violated.","",0.109999999999999,TRUE
"A2",2020,20,20800851,FALSE,789,"2CD7A37ACBF9961FC936CD9C10F307E8B1C2D35E07ABA919151A8B5C081C76D7",3,2,21,0,TRUE,0.257363847777413,"","","",TRUE,0.0279204639717167,0.724542800001187,0.0385352859371053,TRUE,30,3.97771534970989,"A dense regularized network was selected (lambda < 0.1 * lambda.max). Recent work indicates a possible drop in specificity. Interpret the presence of the smallest edges with care. Setting threshold = TRUE will enforce higher specificity, at the cost of sensitivity.","","",0.0899999999999999,TRUE
"A3",2020,20,20800851,FALSE,789,"2CD7A37ACBF9961FC936CD9C10F307E8B1C2D35E07ABA919151A8B5C081C76D7",3,2,21,0,TRUE,0.257363847777413,"","","",TRUE,0.00724542800001188,0.724542800001187,0.01,TRUE,21,3.97418442030265,"","Note: Network with lowest lambda selected as best network: assumption of sparsity might be violated.","",0.120000000000001,TRUE
"A2",2020,21,20800852,FALSE,789,"C424D8285FCF96C9BC7DA4AE0EF4E4E42D7B68E3DA299E36977CB78BD4185C07",3,8,22,0,TRUE,0.260422717055788,"","","",TRUE,0.0203433744412312,0.697873212006475,0.0291505306282518,TRUE,28,4.01084883944247,"A dense regularized network was selected (lambda < 0.1 * lambda.max). Recent work indicates a possible drop in specificity. Interpret the presence of the smallest edges with care. Setting threshold = TRUE will enforce higher specificity, at the cost of sensitivity.","","",0.0899999999999999,TRUE
"A3",2020,21,20800852,FALSE,789,"C424D8285FCF96C9BC7DA4AE0EF4E4E42D7B68E3DA299E36977CB78BD4185C07",3,8,22,0,TRUE,0.260422717055788,"","","",TRUE,0.00697873212006475,0.697873212006475,0.01,TRUE,23,4.0444099917248,"","Note: Network with lowest lambda selected as best network: assumption of sparsity might be violated.","",0.0800000000000018,TRUE
"A2",2020,22,20800853,FALSE,789,"E9954305D9D7FDA30801631767FFEF73B11609FFCFB2A10BD0068C086F65E3A7",3,4,19,0,TRUE,0.250436626866304,"","","",TRUE,0.0201620429963236,0.691652692482488,0.0291505306282518,TRUE,29,4.08788302088795,"A dense regularized network was selected (lambda < 0.1 * lambda.max). Recent work indicates a possible drop in specificity. Interpret the presence of the smallest edges with care. Setting threshold = TRUE will enforce higher specificity, at the cost of sensitivity.","","",0.109999999999999,TRUE
"A3",2020,22,20800853,FALSE,789,"E9954305D9D7FDA30801631767FFEF73B11609FFCFB2A10BD0068C086F65E3A7",3,4,19,0,TRUE,0.250436626866304,"","","",TRUE,0.00691652692482487,0.691652692482488,0.01,TRUE,21,3.94755853934445,"","Note: Network with lowest lambda selected as best network: assumption of sparsity might be violated.","",0.100000000000001,TRUE
"A2",2020,23,20800854,FALSE,789,"A7A085D6F619A7730A15F36F2205A21F9285B7604208343AE01FC3FD2F35524F",3,10,20,0,TRUE,0.275306970356808,"","","",TRUE,0.0166401383165127,0.687572578634649,0.0242012826479438,TRUE,32,4.17039052591744,"A dense regularized network was selected (lambda < 0.1 * lambda.max). Recent work indicates a possible drop in specificity. Interpret the presence of the smallest edges with care. Setting threshold = TRUE will enforce higher specificity, at the cost of sensitivity.","","",0.0899999999999999,TRUE
"A3",2020,23,20800854,FALSE,789,"A7A085D6F619A7730A15F36F2205A21F9285B7604208343AE01FC3FD2F35524F",3,10,20,0,TRUE,0.275306970356808,"","","",TRUE,0.00687572578634649,0.687572578634649,0.01,TRUE,20,3.8352108829158,"","Note: Network with lowest lambda selected as best network: assumption of sparsity might be violated.","",0.0800000000000018,TRUE
"A2",2020,24,20800855,FALSE,789,"C01FDE87D5E4616009B527C48D9DFD4975F59D2D8A4203101F2F59563CDBFB7D",3,5,19,0,TRUE,0.256648551012288,"","","",TRUE,0.0152622545680447,0.725080740984665,0.0210490414451202,TRUE,30,4.34834695550208,"A dense regularized network was selected (lambda < 0.1 * lambda.max). Recent work indicates a possible drop in specificity. Interpret the presence of the smallest edges with care. Setting threshold = TRUE will enforce higher specificity, at the cost of sensitivity.","","",0.109999999999999,TRUE
"A3",2020,24,20800855,FALSE,789,"C01FDE87D5E4616009B527C48D9DFD4975F59D2D8A4203101F2F59563CDBFB7D",3,5,19,0,TRUE,0.256648551012288,"","","",TRUE,0.0279411936813323,0.725080740984665,0.0385352859371053,FALSE,23,3.99204150800969,"","","",0.100000000000001,TRUE
"A2",2020,25,20800856,FALSE,789,"00A3FF3B650543F3B67D4FD9E247217CC6C744D948FBAD1AA3492403344AFBDD",3,6,17,0,TRUE,0.263269420759185,"","","",TRUE,0.0145427794147588,0.723797558381386,0.0200923300256505,TRUE,29,3.92249848139249,"A dense regularized network was selected (lambda < 0.1 * lambda.max). Recent work indicates a possible drop in specificity. Interpret the presence of the smallest edges with care. Setting threshold = TRUE will enforce higher specificity, at the cost of sensitivity.","","",0.0899999999999999,TRUE
"A3",2020,25,20800856,FALSE,789,"00A3FF3B650543F3B67D4FD9E247217CC6C744D948FBAD1AA3492403344AFBDD",3,6,17,0,TRUE,0.263269420759185,"","","",TRUE,0.00723797558381386,0.723797558381386,0.01,TRUE,20,3.66047916749515,"","Note: Network with lowest lambda selected as best network: assumption of sparsity might be violated.","",0.0800000000000018,TRUE
"A2",2020,26,20800857,FALSE,789,"EEDA43A3B5DAA96153498871D0567D4E8D920FE4CC7C484157BF18C1D22EC4D7",3,4,21,0,TRUE,0.272423721487351,"","","",TRUE,0.0134931839293409,0.703535728390875,0.0191791026167249,TRUE,31,4.30029614976299,"A dense regularized network was selected (lambda < 0.1 * lambda.max). Recent work indicates a possible drop in specificity. Interpret the presence of the smallest edges with care. Setting threshold = TRUE will enforce higher specificity, at the cost of sensitivity.","","",0.120000000000001,TRUE
"A3",2020,26,20800857,FALSE,789,"EEDA43A3B5DAA96153498871D0567D4E8D920FE4CC7C484157BF18C1D22EC4D7",3,4,21,0,TRUE,0.272423721487351,"","","",TRUE,0.00703535728390875,0.703535728390875,0.01,TRUE,24,4.21688960791607,"","Note: Network with lowest lambda selected as best network: assumption of sparsity might be violated.","",0.140000000000001,TRUE
"A2",2020,27,20800858,FALSE,789,"22E48883E6509F3A576D2D2CB366229D8E98B5374AF7CCF80DEB34D4A50F5389",3,5,20,0,TRUE,0.27179351857805,"","","",TRUE,0.0147638409445477,0.701402055910266,0.0210490414451202,TRUE,31,4.19264287611187,"A dense regularized network was selected (lambda < 0.1 * lambda.max). Recent work indicates a possible drop in specificity. Interpret the presence of the smallest edges with care. Setting threshold = TRUE will enforce higher specificity, at the cost of sensitivity.","","",0.0999999999999979,TRUE
"A3",2020,27,20800858,FALSE,789,"22E48883E6509F3A576D2D2CB366229D8E98B5374AF7CCF80DEB34D4A50F5389",3,5,20,0,TRUE,0.27179351857805,"","","",TRUE,0.00701402055910266,0.701402055910266,0.01,TRUE,20,3.88673110062462,"","Note: Network with lowest lambda selected as best network: assumption of sparsity might be violated.","",0.0799999999999983,TRUE
"A2",2020,28,20800859,FALSE,789,"B161D416637286D68544DDD939682EE355554DA5B68E2003D1CCE0235636F5FF",3,6,19,0,TRUE,0.267575244388106,"","","",TRUE,0.0133076986655796,0.693864511365344,0.0191791026167249,TRUE,33,4.49729978767403,"A dense regularized network was selected (lambda < 0.1 * lambda.max). Recent work indicates a possible drop in specificity. Interpret the presence of the smallest edges with care. Setting threshold = TRUE will enforce higher specificity, at the cost of sensitivity.","","",0.109999999999999,TRUE
"A3",2020,28,20800859,FALSE,789,"B161D416637286D68544DDD939682EE355554DA5B68E2003D1CCE0235636F5FF",3,6,19,0,TRUE,0.267575244388106,"","","",TRUE,0.0139413547554392,0.693864511365344,0.0200923300256505,FALSE,23,4.13006952161011,"","","",0.109999999999999,TRUE
"A2",2020,29,20800860,FALSE,789,"7FBF699A84FAE91A856EF0E6B9FA19F732378DABF732976C694C28B656E26C4D",3,5,18,0,TRUE,0.307547073146185,"","","",TRUE,0.011893837364441,0.649674368666288,0.0183073828029537,TRUE,29,4.1107677793765,"A dense regularized network was selected (lambda < 0.1 * lambda.max). Recent work indicates a possible drop in specificity. Interpret the presence of the smallest edges with care. Setting threshold = TRUE will enforce higher specificity, at the cost of sensitivity.","","",0.0999999999999979,TRUE
"A3",2020,29,20800860,FALSE,789,"7FBF699A84FAE91A856EF0E6B9FA19F732378DABF732976C694C28B656E26C4D",3,5,18,0,TRUE,0.307547073146185,"","","",TRUE,0.00649674368666288,0.649674368666288,0.01,TRUE,24,3.92908438385999,"","Note: Network with lowest lambda selected as best network: assumption of sparsity might be violated.","",0.109999999999999,TRUE
"A2",2020,30,20800861,FALSE,789,"ECF157C3C68EAF920717BDC2F7FD1163581F1E2ED6393881907F8B7BEA96DC61",3,4,18,0,TRUE,0.269665098850747,"","","",TRUE,0.0170782313734985,0.705674638073347,0.0242012826479438,TRUE,31,4.38557784665825,"A dense regularized network was selected (lambda < 0.1 * lambda.max). Recent work indicates a possible drop in specificity. Interpret the presence of the smallest edges with care. Setting threshold = TRUE will enforce higher specificity, at the cost of sensitivity.","","",0.0899999999999999,TRUE
"A3",2020,30,20800861,FALSE,789,"ECF157C3C68EAF920717BDC2F7FD1163581F1E2ED6393881907F8B7BEA96DC61",3,4,18,0,TRUE,0.269665098850747,"","","",TRUE,0.0117713624285861,0.705674638073347,0.0166810053720006,FALSE,20,4.12809931982281,"","","",0.109999999999999,TRUE
"A2",2020,31,20800862,FALSE,789,"EBDFB4E27D7955927E0624525976E810EC5347835FCBE983D340D9C430C430BB",3,4,22,0,TRUE,0.300652470566506,"","","",TRUE,0.0271852588356066,0.642792566968169,0.042292428743895,TRUE,27,3.93449024923082,"A dense regularized network was selected (lambda < 0.1 * lambda.max). Recent work indicates a possible drop in specificity. Interpret the presence of the smallest edges with care. Setting threshold = TRUE will enforce higher specificity, at the cost of sensitivity.","","",0.109999999999999,TRUE
"A3",2020,31,20800862,FALSE,789,"EBDFB4E27D7955927E0624525976E810EC5347835FCBE983D340D9C430C430BB",3,4,22,0,TRUE,0.300652470566506,"","","",TRUE,0.00642792566968169,0.642792566968169,0.01,TRUE,21,3.89216053392473,"","Note: Network with lowest lambda selected as best network: assumption of sparsity might be violated.","",0.0999999999999979,TRUE
"A2",2020,32,20800863,FALSE,789,"103FBF01361F030CD756FE20C72E00DCFE9D0A975FB7EBA10C78F178A044005E",3,7,22,0,TRUE,0.265962881438393,"","","",TRUE,0.00863779092891354,0.717124577903503,0.0120450354025878,TRUE,30,4.3959353713257,"A dense regularized network was selected (lambda < 0.1 * lambda.max). Recent work indicates a possible drop in specificity. Interpret the presence of the smallest edges with care. Setting threshold = TRUE will enforce higher specificity, at the cost of sensitivity.","","",0.100000000000001,TRUE
"A3",2020,32,20800863,FALSE,789,"103FBF01361F030CD756FE20C72E00DCFE9D0A975FB7EBA10C78F178A044005E",3,7,22,0,TRUE,0.265962881438393,"","","",TRUE,0.011962358936402,0.717124577903503,0.0166810053720006,FALSE,20,4.0202132710981,"","","",0.0899999999999999,TRUE
"A2",2020,33,20800864,FALSE,789,"C8BD1F23260C6AAECF916B47528EA230BFF02C681F32EED1C03DE333AE9BE1D8",3,6,19,0,TRUE,0.295967197351887,"","","",TRUE,0.0134926368131058,0.671531713638025,0.0200923300256505,TRUE,31,4.15952644055236,"A dense regularized network was selected (lambda < 0.1 * lambda.max). Recent work indicates a possible drop in specificity. Interpret the presence of the smallest edges with care. Setting threshold = TRUE will enforce higher specificity, at the cost of sensitivity.","","",0.109999999999999,TRUE
"A3",2020,33,20800864,FALSE,789,"C8BD1F23260C6AAECF916B47528EA230BFF02C681F32EED1C03DE333AE9BE1D8",3,6,19,0,TRUE,0.295967197351887,"","","",TRUE,0.00671531713638025,0.671531713638025,0.01,TRUE,23,3.97426338236587,"","Note: Network with lowest lambda selected as best network: assumption of sparsity might be violated.","",0.0899999999999999,TRUE
"A2",2020,34,20800865,FALSE,789,"E920A9DE58E91434200A31A3EFC15EFD39EE00B2C9FE89A6FB5A3F3C4D7B6590",3,7,18,0,TRUE,0.264079891159121,"","","",TRUE,0.0138592814682529,0.689779704522061,0.0200923300256505,TRUE,31,4.1944693891265,"A dense regularized network was selected (lambda < 0.1 * lambda.max). Recent work indicates a possible drop in specificity. Interpret the presence of the smallest edges with care. Setting threshold = TRUE will enforce higher specificity, at the cost of sensitivity.","","",0.0899999999999999,TRUE
"A3",2020,34,20800865,FALSE,789,"E920A9DE58E91434200A31A3EFC15EFD39EE00B2C9FE89A6FB5A3F3C4D7B6590",3,7,18,0,TRUE,0.264079891159121,"","","",TRUE,0.00689779704522061,0.689779704522061,0.01,TRUE,22,4.05646195783483,"","Note: Network with lowest lambda selected as best network: assumption of sparsity might be violated.","",0.100000000000001,TRUE
"A2",2020,35,20800866,FALSE,789,"1BB96713545D7FF49FDB4DDA9EDBFDE1C2D29181533261F4EF3E454F01DB01AF",3,6,22,0,TRUE,0.300195064864185,"","","",TRUE,0.0160427280032489,0.662887510411019,0.0242012826479438,TRUE,32,4.31629761183167,"A dense regularized network was selected (lambda < 0.1 * lambda.max). Recent work indicates a possible drop in specificity. Interpret the presence of the smallest edges with care. Setting threshold = TRUE will enforce higher specificity, at the cost of sensitivity.","","",0.109999999999999,TRUE
"A3",2020,35,20800866,FALSE,789,"1BB96713545D7FF49FDB4DDA9EDBFDE1C2D29181533261F4EF3E454F01DB01AF",3,6,22,0,TRUE,0.300195064864185,"","","",TRUE,0.00762159552256858,0.662887510411019,0.0114975699539774,FALSE,24,4.27497453163889,"","","",0.0999999999999979,TRUE
"A2",2020,36,20800867,FALSE,789,"414BFD8FCBD23B6E2281D7C00CC8F4E03E2101707578DEE3F21FDF93F9EE316B",3,8,21,0,TRUE,0.288722021708307,"","","",TRUE,0.010188799515746,0.670354972078423,0.0151991108295293,TRUE,30,4.1257203104306,"A dense regularized network was selected (lambda < 0.1 * lambda.max). Recent work indicates a possible drop in specificity. Interpret the presence of the smallest edges with care. Setting threshold = TRUE will enforce higher specificity, at the cost of sensitivity.","","",0.0899999999999999,TRUE
"A3",2020,36,20800867,FALSE,789,"414BFD8FCBD23B6E2281D7C00CC8F4E03E2101707578DEE3F21FDF93F9EE316B",3,8,21,0,TRUE,0.288722021708307,"","","",TRUE,0.00670354972078423,0.670354972078423,0.01,TRUE,21,3.80100176623828,"","Note: Network with lowest lambda selected as best network: assumption of sparsity might be violated.","",0.109999999999999,TRUE
"A2",2020,37,20800868,FALSE,789,"66F31633B31DA842F8CEB578BA9890CD871D546822E768388E012D881386F410",3,4,23,0,TRUE,0.230083039292627,"","","",TRUE,0.00898769539509187,0.746174261402412,0.0120450354025878,TRUE,30,4.60227206184384,"A dense regularized network was selected (lambda < 0.1 * lambda.max). Recent work indicates a possible drop in specificity. Interpret the presence of the smallest edges with care. Setting threshold = TRUE will enforce higher specificity, at the cost of sensitivity.","","",0.0799999999999983,TRUE
"A3",2020,37,20800868,FALSE,789,"66F31633B31DA842F8CEB578BA9890CD871D546822E768388E012D881386F410",3,4,23,0,TRUE,0.230083039292627,"","","",TRUE,0.0207627420675024,0.746174261402412,0.0278255940220712,FALSE,23,4.05366203451272,"","","",0.0999999999999979,TRUE
"A2",2020,38,20800869,FALSE,789,"C597D2B283A64EB2D55AC4FA5FD727271A6BCEAEEDC85FA94AD4A304C6095E0A",3,7,20,0,TRUE,0.248842966729683,"","","",TRUE,0.0182847509415298,0.721188254588903,0.0253536449397011,TRUE,28,4.18365586397275,"A dense regularized network was selected (lambda < 0.1 * lambda.max). Recent work indicates a possible drop in specificity. Interpret the presence of the smallest edges with care. Setting threshold = TRUE will enforce higher specificity, at the cost of sensitivity.","","",0.109999999999999,TRUE
"A3",2020,38,20800869,FALSE,789,"C597D2B283A64EB2D55AC4FA5FD727271A6BCEAEEDC85FA94AD4A304C6095E0A",3,7,20,0,TRUE,0.248842966729683,"","","",TRUE,0.00755528176234219,0.721188254588903,0.0104761575278967,FALSE,23,4.20528572578153,"","","",0.0999999999999979,TRUE
"A2",2020,39,20800870,FALSE,789,"1982D0CD87369B0BB789B44DDB2C1CBE40B3C22ADB98332D206CF12AC7EED2D3",3,8,23,0,TRUE,0.291462390928887,"","","",TRUE,0.0183246042630737,0.689909587353479,0.0265608778294669,TRUE,31,4.10174208577503,"A dense regularized network was selected (lambda < 0.1 * lambda.max). Recent work indicates a possible drop in specificity. Interpret the presence of the smallest edges with care. Setting threshold = TRUE will enforce higher specificity, at the cost of sensitivity.","","",0.0899999999999999,TRUE
"A3",2020,39,20800870,FALSE,789,"1982D0CD87369B0BB789B44DDB2C1CBE40B3C22ADB98332D206CF12AC7EED2D3",3,8,23,0,TRUE,0.291462390928887,"","","",TRUE,0.00689909587353479,0.689909587353479,0.01,TRUE,23,3.98831201937396,"","Note: Network with lowest lambda selected as best network: assumption of sparsity might be violated.","",0.109999999999999,TRUE
"A2",2020,40,20800871,FALSE,789,"94BFCF2469EF4E72831683F426EDC113433EB94DEB6703E005C6342E89231516",3,7,21,0,TRUE,0.274983390347539,"","","",TRUE,0.0146443220100551,0.695723938224753,0.0210490414451202,TRUE,32,4.28392753504671,"A dense regularized network was selected (lambda < 0.1 * lambda.max). Recent work indicates a possible drop in specificity. Interpret the presence of the smallest edges with care. Setting threshold = TRUE will enforce higher specificity, at the cost of sensitivity.","","",0.0999999999999979,TRUE
"A3",2020,40,20800871,FALSE,789,"94BFCF2469EF4E72831683F426EDC113433EB94DEB6703E005C6342E89231516",3,7,21,0,TRUE,0.274983390347539,"","","",TRUE,0.00695723938224753,0.695723938224753,0.01,TRUE,23,4.16566771936935,"","Note: Network with lowest lambda selected as best network: assumption of sparsity might be violated.","",0.0799999999999983,TRUE
"A2",2020,41,20800872,FALSE,789,"DFF590E075C1A9C2BF26D3EAFDB5A959B122EED6E7659A0CC2FD01BDD1F46BB8",3,5,21,0,TRUE,0.289995749030871,"","","",TRUE,0.00709712293638212,0.677454774566285,0.0104761575278966,TRUE,32,4.26481872279023,"A dense regularized network was selected (lambda < 0.1 * lambda.max). Recent work indicates a possible drop in specificity. Interpret the presence of the smallest edges with care. Setting threshold = TRUE will enforce higher specificity, at the cost of sensitivity.","","",0.129999999999999,TRUE
"A3",2020,41,20800872,FALSE,789,"DFF590E075C1A9C2BF26D3EAFDB5A959B122EED6E7659A0CC2FD01BDD1F46BB8",3,5,21,0,TRUE,0.289995749030871,"","","",TRUE,0.00815996674330306,0.677454774566285,0.0120450354025878,FALSE,23,3.97047495824616,"","","",0.109999999999999,TRUE
"A2",2020,42,20800873,FALSE,789,"88881602549B80B6F38026CA4B3F3260605F9881BD59F182F2D81C5F4EE767BD",3,7,21,0,TRUE,0.256732852440012,"","","",TRUE,0.0110614126636014,0.694688952858131,0.0159228279334109,TRUE,32,4.43551121368785,"A dense regularized network was selected (lambda < 0.1 * lambda.max). Recent work indicates a possible drop in specificity. Interpret the presence of the smallest edges with care. Setting threshold = TRUE will enforce higher specificity, at the cost of sensitivity.","","",0.109999999999999,TRUE
"A3",2020,42,20800873,FALSE,789,"88881602549B80B6F38026CA4B3F3260605F9881BD59F182F2D81C5F4EE767BD",3,7,21,0,TRUE,0.256732852440012,"","","",TRUE,0.0091833791216794,0.694688952858131,0.0132194114846603,FALSE,23,4.16959348057184,"","","",0.0999999999999979,TRUE
"A2",2020,43,20800874,FALSE,789,"21E1F6925A4963789055C702BCF92AC98C00510FFBB2CD796F5357B296787D70",3,5,20,0,TRUE,0.250852923414766,"","","",TRUE,0.0072301286061469,0.72301286061469,0.01,TRUE,32,4.49999264715598,"A dense regularized network was selected (lambda < 0.1 * lambda.max). Recent work indicates a possible drop in specificity. Interpret the presence of the smallest edges with care. Setting threshold = TRUE will enforce higher specificity, at the cost of sensitivity.","Note: Network with lowest lambda selected as best network: assumption of sparsity might be violated.","",0.109999999999999,TRUE
"A3",2020,43,20800874,FALSE,789,"21E1F6925A4963789055C702BCF92AC98C00510FFBB2CD796F5357B296787D70",3,5,20,0,TRUE,0.250852923414766,"","","",TRUE,0.0072301286061469,0.72301286061469,0.01,TRUE,26,4.20991039148497,"","Note: Network with lowest lambda selected as best network: assumption of sparsity might be violated.","",0.120000000000001,TRUE
"A2",2020,44,20800875,FALSE,789,"7FB76E0C1B2D330BA6BD050BE6EEB220AD3A673677AE28B3896A2BE3FAC270C4",3,3,18,0,TRUE,0.273882163641575,"","","",TRUE,0.00842811252345395,0.667913504023974,0.0126185688306602,TRUE,32,4.39619781158612,"A dense regularized network was selected (lambda < 0.1 * lambda.max). Recent work indicates a possible drop in specificity. Interpret the presence of the smallest edges with care. Setting threshold = TRUE will enforce higher specificity, at the cost of sensitivity.","","",0.0799999999999983,TRUE
"A3",2020,44,20800875,FALSE,789,"7FB76E0C1B2D330BA6BD050BE6EEB220AD3A673677AE28B3896A2BE3FAC270C4",3,3,18,0,TRUE,0.273882163641575,"","","",TRUE,0.0203971133368784,0.667913504023974,0.0305385550883342,FALSE,20,3.80799221904726,"","","",0.0899999999999999,TRUE
"A2",2020,45,20800876,FALSE,789,"34F4FC266E39F3957E4C0AD69D0908CB082B04C662142453A557CD58647F2EEC",3,6,19,0,TRUE,0.26866253306073,"","","",TRUE,0.0117459825907499,0.704153156767503,0.0166810053720006,TRUE,29,4.59373790850626,"A dense regularized network was selected (lambda < 0.1 * lambda.max). Recent work indicates a possible drop in specificity. Interpret the presence of the smallest edges with care. Setting threshold = TRUE will enforce higher specificity, at the cost of sensitivity.","","",0.0899999999999999,TRUE
"A3",2020,45,20800876,FALSE,789,"34F4FC266E39F3957E4C0AD69D0908CB082B04C662142453A557CD58647F2EEC",3,6,19,0,TRUE,0.26866253306073,"","","",TRUE,0.0088854050759974,0.704153156767503,0.0126185688306602,FALSE,24,4.44869204932783,"","","",0.109999999999999,TRUE
"A2",2020,46,20800877,FALSE,789,"E86D00969334E8816CCE05726C3B4E569F960F31312EF0B39E4856217FB678EC",3,7,19,0,TRUE,0.275653369524555,"","","",TRUE,0.0177596444395511,0.700476972119358,0.0253536449397011,TRUE,30,4.06212269175976,"A dense regularized network was selected (lambda < 0.1 * lambda.max). Recent work indicates a possible drop in specificity. Interpret the presence of the smallest edges with care. Setting threshold = TRUE will enforce higher specificity, at the cost of sensitivity.","","",0.0999999999999979,TRUE
"A3",2020,46,20800877,FALSE,789,"E86D00969334E8816CCE05726C3B4E569F960F31312EF0B39E4856217FB678EC",3,7,19,0,TRUE,0.275653369524555,"","","",TRUE,0.00700476972119358,0.700476972119358,0.01,TRUE,21,3.89642163935813,"","Note: Network with lowest lambda selected as best network: assumption of sparsity might be violated.","",0.109999999999999,TRUE
"A2",2020,47,20800878,FALSE,789,"FDD69B47B714A4B061835797D11362CB11BD1071674B2FAEBD19E59187EBCA7F",3,4,19,0,TRUE,0.276192633029051,"","","",TRUE,0.0168010235933778,0.694220378224676,0.0242012826479438,TRUE,29,4.20137875069194,"A dense regularized network was selected (lambda < 0.1 * lambda.max). Recent work indicates a possible drop in specificity. Interpret the presence of the smallest edges with care. Setting threshold = TRUE will enforce higher specificity, at the cost of sensitivity.","","",0.0899999999999999,TRUE
"A3",2020,47,20800878,FALSE,789,"FDD69B47B714A4B061835797D11362CB11BD1071674B2FAEBD19E59187EBCA7F",3,4,19,0,TRUE,0.276192633029051,"","","",TRUE,0.00694220378224676,0.694220378224676,0.01,TRUE,23,4.19906540606195,"","Note: Network with lowest lambda selected as best network: assumption of sparsity might be violated.","",0.0800000000000018,TRUE
"A2",2020,48,20800879,FALSE,789,"EF04E23A21E74AA221052951E0F39640A7BF531A5AA0A8F0AD829F5BA8128846",3,3,21,0,TRUE,0.286505770896805,"","","",TRUE,0.0293583582435649,0.694175272395603,0.042292428743895,TRUE,32,4.07247414069899,"A dense regularized network was selected (lambda < 0.1 * lambda.max). Recent work indicates a possible drop in specificity. Interpret the presence of the smallest edges with care. Setting threshold = TRUE will enforce higher specificity, at the cost of sensitivity.","","",0.120000000000001,TRUE
"A3",2020,48,20800879,FALSE,789,"EF04E23A21E74AA221052951E0F39640A7BF531A5AA0A8F0AD829F5BA8128846",3,3,21,0,TRUE,0.286505770896805,"","","",TRUE,0.00694175272395603,0.694175272395603,0.01,TRUE,20,3.91745577593961,"","Note: Network with lowest lambda selected as best network: assumption of sparsity might be violated.","",0.140000000000001,TRUE
"A2",2020,49,20800880,FALSE,789,"C3B98947DDF30B16AEEE487CAC2F547D7CD9759A099BE36B8BE39F6DB4F30D85",3,6,21,0,TRUE,0.26531856098127,"","","",TRUE,0.0227094344304827,0.709832391368154,0.0319926713779738,TRUE,30,4.08443817062228,"A dense regularized network was selected (lambda < 0.1 * lambda.max). Recent work indicates a possible drop in specificity. Interpret the presence of the smallest edges with care. Setting threshold = TRUE will enforce higher specificity, at the cost of sensitivity.","","",0.0899999999999999,TRUE
"A3",2020,49,20800880,FALSE,789,"C3B98947DDF30B16AEEE487CAC2F547D7CD9759A099BE36B8BE39F6DB4F30D85",3,6,21,0,TRUE,0.26531856098127,"","","",TRUE,0.00779040173233533,0.709832391368154,0.0109749876549306,FALSE,22,4.07441532715547,"","","",0.0799999999999983,TRUE
"A2",2020,50,20800881,FALSE,789,"FE99A52A25BD7B607EB69407594606DBD9D23D41ADB6E3CBBC6C5EAA2DED79B7",3,4,17,0,TRUE,0.228310037501035,"","","",TRUE,0.0349275841097959,0.71829006622678,0.0486260158006535,TRUE,25,3.83791987926088,"A dense regularized network was selected (lambda < 0.1 * lambda.max). Recent work indicates a possible drop in specificity. Interpret the presence of the smallest edges with care. Setting threshold = TRUE will enforce higher specificity, at the cost of sensitivity.","","",0.109999999999999,TRUE
"A3",2020,50,20800881,FALSE,789,"FE99A52A25BD7B607EB69407594606DBD9D23D41ADB6E3CBBC6C5EAA2DED79B7",3,4,17,0,TRUE,0.228310037501035,"","","",TRUE,0.0119818004533836,0.71829006622678,0.0166810053720006,FALSE,21,3.82213752871447,"","","",0.120000000000001,TRUE
"A2",2024,1,20810832,FALSE,789,"3AD2C59CAC8838DAD646CBACEE7240A611BEFE4F1E24D93AF51163F42C06AF2C",3,6,19,0,TRUE,0.300286733048164,"","","",TRUE,0.0256018605303532,0.664374479331459,0.0385352859371053,TRUE,28,3.86166964125636,"A dense regularized network was selected (lambda < 0.1 * lambda.max). Recent work indicates a possible drop in specificity. Interpret the presence of the smallest edges with care. Setting threshold = TRUE will enforce higher specificity, at the cost of sensitivity.","","",0.0999999999999979,TRUE
"A3",2024,1,20810832,FALSE,789,"3AD2C59CAC8838DAD646CBACEE7240A611BEFE4F1E24D93AF51163F42C06AF2C",3,6,19,0,TRUE,0.300286733048164,"","","",TRUE,0.00664374479331459,0.664374479331459,0.01,TRUE,23,3.85459669614844,"","Note: Network with lowest lambda selected as best network: assumption of sparsity might be violated.","",0.109999999999999,TRUE
"A2",2024,2,20810833,FALSE,789,"CBBA2CDDB947D1DB1CDB126F43009FEEB66E9E95BD0937478075F3E804ACA865",3,5,20,0,TRUE,0.311599354742166,"","","",TRUE,0.0240030350229858,0.652543688033963,0.0367837977182863,TRUE,31,3.80686250791532,"A dense regularized network was selected (lambda < 0.1 * lambda.max). Recent work indicates a possible drop in specificity. Interpret the presence of the smallest edges with care. Setting threshold = TRUE will enforce higher specificity, at the cost of sensitivity.","","",0.109999999999999,TRUE
"A3",2024,2,20810833,FALSE,789,"CBBA2CDDB947D1DB1CDB126F43009FEEB66E9E95BD0937478075F3E804ACA865",3,5,20,0,TRUE,0.311599354742166,"","","",TRUE,0.00750266670119687,0.652543688033963,0.0114975699539774,FALSE,20,3.69662168733022,"","","",0.0899999999999999,TRUE
"A2",2024,3,20810834,FALSE,789,"1881F2BBC17CB2E22A68A71A07B51D17CD441F5514F39C8C386B352D46DB595F",3,4,17,0,TRUE,0.267057370784063,"","","",TRUE,0.0263846899485229,0.684689092266921,0.0385352859371053,TRUE,32,3.84893502625906,"A dense regularized network was selected (lambda < 0.1 * lambda.max). Recent work indicates a possible drop in specificity. Interpret the presence of the smallest edges with care. Setting threshold = TRUE will enforce higher specificity, at the cost of sensitivity.","","",0.0899999999999999,TRUE
"A3",2024,3,20810834,FALSE,789,"1881F2BBC17CB2E22A68A71A07B51D17CD441F5514F39C8C386B352D46DB595F",3,4,17,0,TRUE,0.267057370784063,"","","",TRUE,0.01375699920679,0.684689092266921,0.0200923300256505,FALSE,23,3.64158742208498,"","","",0.109999999999999,TRUE
"A2",2024,4,20810835,FALSE,789,"F0A1953E4DC0C3B31D63478A088EC4C073C19D74BAAFC32908A303D22079A9E4",3,8,18,0,TRUE,0.28042446512643,"","","",TRUE,0.0192020366248769,0.658719968763344,0.0291505306282518,TRUE,30,4.10507102736933,"A dense regularized network was selected (lambda < 0.1 * lambda.max). Recent work indicates a possible drop in specificity. Interpret the presence of the smallest edges with care. Setting threshold = TRUE will enforce higher specificity, at the cost of sensitivity.","","",0.0899999999999999,TRUE
"A3",2024,4,20810835,FALSE,789,"F0A1953E4DC0C3B31D63478A088EC4C073C19D74BAAFC32908A303D22079A9E4",3,8,18,0,TRUE,0.28042446512643,"","","",TRUE,0.00658719968763343,0.658719968763344,0.01,TRUE,23,3.92885083127429,"","Note: Network with lowest lambda selected as best network: assumption of sparsity might be violated.","",0.0799999999999983,TRUE
"A2",2024,5,20810836,FALSE,789,"8AEB8C0584889C75F5D83E70A849842793EBE759B6E8982CCA1BEEA9A3D688E8",3,5,19,0,TRUE,0.30423215781992,"","","",TRUE,0.0120903510119609,0.630391903811893,0.0191791026167249,TRUE,32,4.43400318312343,"A dense regularized network was selected (lambda < 0.1 * lambda.max). Recent work indicates a possible drop in specificity. Interpret the presence of the smallest edges with care. Setting threshold = TRUE will enforce higher specificity, at the cost of sensitivity.","","",0.109999999999999,TRUE
"A3",2024,5,20810836,FALSE,789,"8AEB8C0584889C75F5D83E70A849842793EBE759B6E8982CCA1BEEA9A3D688E8",3,5,19,0,TRUE,0.30423215781992,"","","",TRUE,0.00914590715781139,0.630391903811893,0.0145082877849594,FALSE,21,3.97757913942728,"","","",0.0899999999999999,TRUE
"A2",2024,6,20810837,FALSE,789,"BED1CAB283167C21442F6A195A8B41CEE6BF741CBAF3F9ECA7F12708D9501C94",3,2,18,0,TRUE,0.322722940582805,"","","",TRUE,0.0123078221136494,0.641730865077936,0.0191791026167249,TRUE,31,4.21928357106216,"A dense regularized network was selected (lambda < 0.1 * lambda.max). Recent work indicates a possible drop in specificity. Interpret the presence of the smallest edges with care. Setting threshold = TRUE will enforce higher specificity, at the cost of sensitivity.","","",0.100000000000001,TRUE
"A3",2024,6,20810837,FALSE,789,"BED1CAB283167C21442F6A195A8B41CEE6BF741CBAF3F9ECA7F12708D9501C94",3,2,18,0,TRUE,0.322722940582805,"","","",TRUE,0.00704298832201826,0.641730865077936,0.0109749876549306,FALSE,24,4.12184606226726,"","","",0.120000000000001,TRUE
"A2",2024,7,20810838,FALSE,789,"BAAEB4F2806B1E9CC7F4E13EF6AEFB3AA48096C967CC2DA53E81BA100DE4B460",3,6,22,0,TRUE,0.288112710563448,"","","",TRUE,0.0255515741645678,0.663069535964293,0.0385352859371053,TRUE,33,4.0009653807897,"A dense regularized network was selected (lambda < 0.1 * lambda.max). Recent work indicates a possible drop in specificity. Interpret the presence of the smallest edges with care. Setting threshold = TRUE will enforce higher specificity, at the cost of sensitivity.","","",0.0899999999999999,TRUE
"A3",2024,7,20810838,FALSE,789,"BAAEB4F2806B1E9CC7F4E13EF6AEFB3AA48096C967CC2DA53E81BA100DE4B460",3,6,22,0,TRUE,0.288112710563448,"","","",TRUE,0.00798669603506739,0.663069535964293,0.0120450354025878,FALSE,23,3.82590459464094,"","","",0.109999999999999,TRUE
"A2",2024,8,20810839,FALSE,789,"05337D97768B0D0F84D3DD6E62064195623255F65624A94CE19D1E042211E254",3,2,18,0,TRUE,0.299899678148062,"","","",TRUE,0.00682136669296428,0.651132504909349,0.0104761575278967,TRUE,32,4.43669406237921,"A dense regularized network was selected (lambda < 0.1 * lambda.max). Recent work indicates a possible drop in specificity. Interpret the presence of the smallest edges with care. Setting threshold = TRUE will enforce higher specificity, at the cost of sensitivity.","","",0.0899999999999999,TRUE
"A3",2024,8,20810839,FALSE,789,"05337D97768B0D0F84D3DD6E62064195623255F65624A94CE19D1E042211E254",3,2,18,0,TRUE,0.299899678148062,"","","",TRUE,0.0208314682530817,0.651132504909349,0.0319926713779738,FALSE,23,3.81005256538688,"","","",0.0799999999999983,TRUE
"A2",2024,9,20810840,FALSE,789,"DF941858931B9E5ECFB6306584F14B61529612FCB2236450C1DC0AAFA2608997",3,4,19,0,TRUE,0.298780245857143,"","","",TRUE,0.0227160471438761,0.646961170548377,0.0351119173421513,TRUE,29,3.95491235146748,"A dense regularized network was selected (lambda < 0.1 * lambda.max). Recent work indicates a possible drop in specificity. Interpret the presence of the smallest edges with care. Setting threshold = TRUE will enforce higher specificity, at the cost of sensitivity.","","",0.0899999999999999,TRUE
"A3",2024,9,20810840,FALSE,789,"DF941858931B9E5ECFB6306584F14B61529612FCB2236450C1DC0AAFA2608997",3,4,19,0,TRUE,0.298780245857143,"","","",TRUE,0.00646961170548377,0.646961170548377,0.01,TRUE,24,4.00005373377664,"","Note: Network with lowest lambda selected as best network: assumption of sparsity might be violated.","",0.0899999999999999,TRUE
"A2",2024,10,20810841,FALSE,789,"452C355EC1C1E4C9A0CF6A1F8088FBA730C3360E7FDC27699124F7338A71CC2F",3,7,19,0,TRUE,0.299041034254045,"","","",TRUE,0.0109673346316803,0.65747443796698,0.0166810053720006,TRUE,33,4.30122334168572,"A dense regularized network was selected (lambda < 0.1 * lambda.max). Recent work indicates a possible drop in specificity. Interpret the presence of the smallest edges with care. Setting threshold = TRUE will enforce higher specificity, at the cost of sensitivity.","","",0.100000000000001,TRUE
"A3",2024,10,20810841,FALSE,789,"452C355EC1C1E4C9A0CF6A1F8088FBA730C3360E7FDC27699124F7338A71CC2F",3,7,19,0,TRUE,0.299041034254045,"","","",TRUE,0.0065747443796698,0.65747443796698,0.01,TRUE,21,3.85412178391692,"","Note: Network with lowest lambda selected as best network: assumption of sparsity might be violated.","",0.100000000000001,TRUE
"A2",2024,11,20810842,FALSE,789,"0860A3F9F4066756DCDF9CF3E3BF33DBE4D96115E22D16B7DE77AC952D3D5252",3,8,20,0,TRUE,0.268517863190229,"","","",TRUE,0.0188399604584887,0.677073073212556,0.0278255940220712,TRUE,31,4.18992340081093,"A dense regularized network was selected (lambda < 0.1 * lambda.max). Recent work indicates a possible drop in specificity. Interpret the presence of the smallest edges with care. Setting threshold = TRUE will enforce higher specificity, at the cost of sensitivity.","","",0.0899999999999999,TRUE
"A3",2024,11,20810842,FALSE,789,"0860A3F9F4066756DCDF9CF3E3BF33DBE4D96115E22D16B7DE77AC952D3D5252",3,8,20,0,TRUE,0.268517863190229,"","","",TRUE,0.00677073073212556,0.677073073212556,0.01,TRUE,25,4.11738932719906,"","Note: Network with lowest lambda selected as best network: assumption of sparsity might be violated.","",0.109999999999999,TRUE
"A2",2024,12,20810843,FALSE,789,"AB317E2E1D0A16AC462743F4FC526F8A255685161107D5D472416A041590AEB9",3,4,21,0,TRUE,0.371167545621949,"","","",TRUE,0.0070778770922688,0.587617790708041,0.0120450354025878,TRUE,33,4.02991893806653,"A dense regularized network was selected (lambda < 0.1 * lambda.max). Recent work indicates a possible drop in specificity. Interpret the presence of the smallest edges with care. Setting threshold = TRUE will enforce higher specificity, at the cost of sensitivity.","","",0.109999999999999,TRUE
"A3",2024,12,20810843,FALSE,789,"AB317E2E1D0A16AC462743F4FC526F8A255685161107D5D472416A041590AEB9",3,4,21,0,TRUE,0.371167545621949,"","","",TRUE,0.00587617790708041,0.587617790708041,0.01,TRUE,20,3.4154751278691,"","Note: Network with lowest lambda selected as best network: assumption of sparsity might be violated.","",0.129999999999999,TRUE
"A2",2024,13,20810844,FALSE,789,"B62135C2CCBAE35E4B3DDB958379E775DE199761008FF9F48A91535A577D7C34",3,4,18,0,TRUE,0.318382816665638,"","","",TRUE,0.0155110253781004,0.640917492008146,0.0242012826479438,TRUE,33,4.15459526296559,"A dense regularized network was selected (lambda < 0.1 * lambda.max). Recent work indicates a possible drop in specificity. Interpret the presence of the smallest edges with care. Setting threshold = TRUE will enforce higher specificity, at the cost of sensitivity.","","",0.110000000000003,TRUE
"A3",2024,13,20810844,FALSE,789,"B62135C2CCBAE35E4B3DDB958379E775DE199761008FF9F48A91535A577D7C34",3,4,18,0,TRUE,0.318382816665638,"","","",TRUE,0.00640917492008146,0.640917492008146,0.01,TRUE,23,3.82597691158757,"","Note: Network with lowest lambda selected as best network: assumption of sparsity might be violated.","",0.100000000000001,TRUE
"A2",2024,14,20810845,FALSE,789,"66AAD30DD44FB515525CB228770DFF45B43D75E010CDC810751911C5AECD9660",3,5,20,0,TRUE,0.303992851084488,"","","",TRUE,0.0203285631035138,0.665668792931183,0.0305385550883342,TRUE,32,4.0311044217655,"A dense regularized network was selected (lambda < 0.1 * lambda.max). Recent work indicates a possible drop in specificity. Interpret the presence of the smallest edges with care. Setting threshold = TRUE will enforce higher specificity, at the cost of sensitivity.","","",0.0899999999999999,TRUE
"A3",2024,14,20810845,FALSE,789,"66AAD30DD44FB515525CB228770DFF45B43D75E010CDC810751911C5AECD9660",3,5,20,0,TRUE,0.303992851084488,"","","",TRUE,0.0389883597812859,0.665668792931183,0.0585702081805667,FALSE,20,3.34325515698409,"","","",0.0899999999999999,TRUE
"A2",2024,15,20810846,FALSE,789,"E7227FFDEAFE595E216539BE086139B195FDA43623E87655FEF855A595C2DD72",3,3,22,0,TRUE,0.314064098534452,"","","",TRUE,0.029982340788194,0.645949950824431,0.0464158883361278,TRUE,30,3.89718711811694,"A dense regularized network was selected (lambda < 0.1 * lambda.max). Recent work indicates a possible drop in specificity. Interpret the presence of the smallest edges with care. Setting threshold = TRUE will enforce higher specificity, at the cost of sensitivity.","","",0.120000000000001,TRUE
"A3",2024,15,20810846,FALSE,789,"E7227FFDEAFE595E216539BE086139B195FDA43623E87655FEF855A595C2DD72",3,3,22,0,TRUE,0.314064098534452,"","","",TRUE,0.00645949950824431,0.645949950824431,0.01,TRUE,23,3.88310008837586,"","Note: Network with lowest lambda selected as best network: assumption of sparsity might be violated.","",0.120000000000001,TRUE
"A2",2024,16,20810847,FALSE,789,"24F004C6E0203FED0A2BCF0AEB7E731A033B4ED65EC0F1DD7A63EF079D9F152B",3,4,21,0,TRUE,0.283393918715662,"","","",TRUE,0.022228181634886,0.663210527914445,0.0335160265093884,TRUE,29,3.96184112088777,"A dense regularized network was selected (lambda < 0.1 * lambda.max). Recent work indicates a possible drop in specificity. Interpret the presence of the smallest edges with care. Setting threshold = TRUE will enforce higher specificity, at the cost of sensitivity.","","",0.109999999999999,TRUE
"A3",2024,16,20810847,FALSE,789,"24F004C6E0203FED0A2BCF0AEB7E731A033B4ED65EC0F1DD7A63EF079D9F152B",3,4,21,0,TRUE,0.283393918715662,"","","",TRUE,0.00663210527914445,0.663210527914445,0.01,TRUE,21,3.85723112646118,"","Note: Network with lowest lambda selected as best network: assumption of sparsity might be violated.","",0.0899999999999999,TRUE
"A2",2024,17,20810848,FALSE,789,"A1933DCF119F103016AB6C9C444036AE26456D2D3844A53C9ECAF0572D75475F",3,4,18,0,TRUE,0.305277969351011,"","","",TRUE,0.0173898196726058,0.624957715505092,0.0278255940220712,TRUE,31,4.226048390371,"A dense regularized network was selected (lambda < 0.1 * lambda.max). Recent work indicates a possible drop in specificity. Interpret the presence of the smallest edges with care. Setting threshold = TRUE will enforce higher specificity, at the cost of sensitivity.","","",0.110000000000003,TRUE
"A3",2024,17,20810848,FALSE,789,"A1933DCF119F103016AB6C9C444036AE26456D2D3844A53C9ECAF0572D75475F",3,4,18,0,TRUE,0.305277969351011,"","","",TRUE,0.00624957715505092,0.624957715505092,0.01,TRUE,23,4.07238171532804,"","Note: Network with lowest lambda selected as best network: assumption of sparsity might be violated.","",0.100000000000001,TRUE
"A2",2024,18,20810849,FALSE,789,"73CE28A193F17962432DF0DA9F5FDE763D91406592A96184AD0A21F0BF604BE8",3,7,21,0,TRUE,0.298647620462415,"","","",TRUE,0.0180562695323459,0.648908681626837,0.0278255940220712,TRUE,31,4.19381315004221,"A dense regularized network was selected (lambda < 0.1 * lambda.max). Recent work indicates a possible drop in specificity. Interpret the presence of the smallest edges with care. Setting threshold = TRUE will enforce higher specificity, at the cost of sensitivity.","","",0.0800000000000018,TRUE
"A3",2024,18,20810849,FALSE,789,"73CE28A193F17962432DF0DA9F5FDE763D91406592A96184AD0A21F0BF604BE8",3,7,21,0,TRUE,0.298647620462415,"","","",TRUE,0.00648908681626837,0.648908681626837,0.01,TRUE,25,4.13778837088062,"","Note: Network with lowest lambda selected as best network: assumption of sparsity might be violated.","",0.100000000000001,TRUE
"A2",2024,19,20810850,FALSE,789,"DCAA8BBD9AAD59400D0B27DEF169F0363A63439959D319EADC8D29B1DDA8AA36",3,3,18,0,TRUE,0.296289128895636,"","","",TRUE,0.0119064550365148,0.650363580893378,0.0183073828029537,TRUE,30,3.93156925639727,"A dense regularized network was selected (lambda < 0.1 * lambda.max). Recent work indicates a possible drop in specificity. Interpret the presence of the smallest edges with care. Setting threshold = TRUE will enforce higher specificity, at the cost of sensitivity.","","",0.110000000000003,TRUE
"A3",2024,19,20810850,FALSE,789,"DCAA8BBD9AAD59400D0B27DEF169F0363A63439959D319EADC8D29B1DDA8AA36",3,3,18,0,TRUE,0.296289128895636,"","","",TRUE,0.00650363580893378,0.650363580893378,0.01,TRUE,21,3.7447285339488,"","Note: Network with lowest lambda selected as best network: assumption of sparsity might be violated.","",0.100000000000001,TRUE
"A2",2024,20,20810851,FALSE,789,"C332DF4675374FDABE7F0E78FFB8122086CA4D367F6E4A525DAA9CD932B87763",3,5,18,0,TRUE,0.295589182068773,"","","",TRUE,0.00640299743508813,0.640299743508813,0.01,TRUE,35,4.12563022922922,"A dense regularized network was selected (lambda < 0.1 * lambda.max). Recent work indicates a possible drop in specificity. Interpret the presence of the smallest edges with care. Setting threshold = TRUE will enforce higher specificity, at the cost of sensitivity.","Note: Network with lowest lambda selected as best network: assumption of sparsity might be violated.","",0.109999999999999,TRUE
"A3",2024,20,20810851,FALSE,789,"C332DF4675374FDABE7F0E78FFB8122086CA4D367F6E4A525DAA9CD932B87763",3,5,18,0,TRUE,0.295589182068773,"","","",TRUE,0.00670788097807015,0.640299743508813,0.0104761575278966,FALSE,22,3.69320021799743,"","","",0.109999999999999,TRUE
"A2",2024,21,20810852,FALSE,789,"D82655D0C92B19BE8F7466B34CB15EF25165A7FB753B5B35A6BD2E66437C5D4C",3,5,21,0,TRUE,0.309018396978452,"","","",TRUE,0.0320720770832283,0.659566212759657,0.0486260158006536,TRUE,30,3.89999401679078,"A dense regularized network was selected (lambda < 0.1 * lambda.max). Recent work indicates a possible drop in specificity. Interpret the presence of the smallest edges with care. Setting threshold = TRUE will enforce higher specificity, at the cost of sensitivity.","","",0.100000000000001,TRUE
"A3",2024,21,20810852,FALSE,789,"D82655D0C92B19BE8F7466B34CB15EF25165A7FB753B5B35A6BD2E66437C5D4C",3,5,21,0,TRUE,0.309018396978452,"","","",TRUE,0.00659566212759657,0.659566212759657,0.01,TRUE,21,3.7200626117954,"","Note: Network with lowest lambda selected as best network: assumption of sparsity might be violated.","",0.110000000000003,TRUE
"A2",2024,22,20810853,FALSE,789,"04B9DBCF56C38067659FC88A6ABA9F5054A97E2763DA7BB0DB98249F34130917",3,4,18,0,TRUE,0.308222587840279,"","","",TRUE,0.0191527788419547,0.62716715923705,0.0305385550883342,TRUE,29,4.0430965645541,"A dense regularized network was selected (lambda < 0.1 * lambda.max). Recent work indicates a possible drop in specificity. Interpret the presence of the smallest edges with care. Setting threshold = TRUE will enforce higher specificity, at the cost of sensitivity.","","",0.109999999999999,TRUE
"A3",2024,22,20810853,FALSE,789,"04B9DBCF56C38067659FC88A6ABA9F5054A97E2763DA7BB0DB98249F34130917",3,4,18,0,TRUE,0.308222587840279,"","","",TRUE,0.0062716715923705,0.62716715923705,0.01,TRUE,20,3.79913463380297,"","Note: Network with lowest lambda selected as best network: assumption of sparsity might be violated.","",0.0999999999999979,TRUE
"A2",2024,23,20810854,FALSE,789,"F89A81030EB53E387F01DC2B9577C0AD478C7F22FA8EA39B5F4B06F42CAB7DFE",3,3,19,0,TRUE,0.290473557042591,"","","",TRUE,0.0120601535322946,0.690126325400012,0.0174752840000768,TRUE,33,3.9848763482959,"A dense regularized network was selected (lambda < 0.1 * lambda.max). Recent work indicates a possible drop in specificity. Interpret the presence of the smallest edges with care. Setting threshold = TRUE will enforce higher specificity, at the cost of sensitivity.","","",0.109999999999999,TRUE
"A3",2024,23,20810854,FALSE,789,"F89A81030EB53E387F01DC2B9577C0AD478C7F22FA8EA39B5F4B06F42CAB7DFE",3,3,19,0,TRUE,0.290473557042591,"","","",TRUE,0.00690126325400012,0.690126325400012,0.01,TRUE,21,3.62876208575256,"","Note: Network with lowest lambda selected as best network: assumption of sparsity might be violated.","",0.129999999999999,TRUE
"A2",2024,24,20810855,FALSE,789,"632EA288ABA469C6ADBA6FD3E9EAF9404D2431CF701FC882656FEBBC92186F87",3,5,19,0,TRUE,0.303355010909453,"","","",TRUE,0.0200422175955503,0.656292268497226,0.0305385550883342,TRUE,30,3.84596200372613,"A dense regularized network was selected (lambda < 0.1 * lambda.max). Recent work indicates a possible drop in specificity. Interpret the presence of the smallest edges with care. Setting threshold = TRUE will enforce higher specificity, at the cost of sensitivity.","","",0.100000000000001,TRUE
"A3",2024,24,20810855,FALSE,789,"632EA288ABA469C6ADBA6FD3E9EAF9404D2431CF701FC882656FEBBC92186F87",3,5,19,0,TRUE,0.303355010909453,"","","",TRUE,0.0104500288653093,0.656292268497226,0.0159228279334109,FALSE,20,3.64693392700811,"","","",0.109999999999999,TRUE
"A2",2024,25,20810856,FALSE,789,"0CC98E32379B72487317E9FE4E4F63D02A322EC756958FA0A249323B755F01DE",3,6,19,0,TRUE,0.265358197621558,"","","",TRUE,0.0097083808093498,0.701023637020734,0.0138488637139387,TRUE,33,4.17930935980908,"A dense regularized network was selected (lambda < 0.1 * lambda.max). Recent work indicates a possible drop in specificity. Interpret the presence of the smallest edges with care. Setting threshold = TRUE will enforce higher specificity, at the cost of sensitivity.","","",0.0899999999999999,TRUE
"A3",2024,25,20810856,FALSE,789,"0CC98E32379B72487317E9FE4E4F63D02A322EC756958FA0A249323B755F01DE",3,6,19,0,TRUE,0.265358197621558,"","","",TRUE,0.0140851982708024,0.701023637020734,0.0200923300256505,FALSE,22,3.57599347270634,"","","",0.109999999999999,TRUE
"A2",2024,26,20810857,FALSE,789,"AACBE2983221779A0BC28A02A39AA43B603815A0BC0141BA7B1BE21943003DF3",3,4,19,0,TRUE,0.29171787029895,"","","",TRUE,0.0133008347278191,0.69350662508163,0.0191791026167249,TRUE,32,4.03475821074304,"A dense regularized network was selected (lambda < 0.1 * lambda.max). Recent work indicates a possible drop in specificity. Interpret the presence of the smallest edges with care. Setting threshold = TRUE will enforce higher specificity, at the cost of sensitivity.","","",0.110000000000003,TRUE
"A3",2024,26,20810857,FALSE,789,"AACBE2983221779A0BC28A02A39AA43B603815A0BC0141BA7B1BE21943003DF3",3,4,19,0,TRUE,0.29171787029895,"","","",TRUE,0.00761122664888344,0.69350662508163,0.0109749876549306,FALSE,21,3.5488668434814,"","","",0.0899999999999999,TRUE
"A2",2024,27,20810858,FALSE,789,"F5F24992C293CBEAA89B1A424E58235A544481360946D6680AE352A0551C8A19",3,3,21,0,TRUE,0.286720074048272,"","","",TRUE,0.0178036077874287,0.670294404489794,0.0265608778294669,TRUE,30,4.1873932087542,"A dense regularized network was selected (lambda < 0.1 * lambda.max). Recent work indicates a possible drop in specificity. Interpret the presence of the smallest edges with care. Setting threshold = TRUE will enforce higher specificity, at the cost of sensitivity.","","",0.109999999999999,TRUE
"A3",2024,27,20810858,FALSE,789,"F5F24992C293CBEAA89B1A424E58235A544481360946D6680AE352A0551C8A19",3,3,21,0,TRUE,0.286720074048272,"","","",TRUE,0.00670294404489794,0.670294404489794,0.01,TRUE,26,4.2672513406823,"","Note: Network with lowest lambda selected as best network: assumption of sparsity might be violated.","",0.109999999999999,TRUE
"A2",2024,28,20810859,FALSE,789,"B23192BD38454C7EBFDC2DC8CE0B59E18543054C87B9CB191F05131368A87528",3,8,20,0,TRUE,0.28037993816303,"","","",TRUE,0.0193463760596657,0.663671488741814,0.0291505306282518,TRUE,29,3.86338191050634,"A dense regularized network was selected (lambda < 0.1 * lambda.max). Recent work indicates a possible drop in specificity. Interpret the presence of the smallest edges with care. Setting threshold = TRUE will enforce higher specificity, at the cost of sensitivity.","","",0.310000000000002,TRUE
"A3",2024,28,20810859,FALSE,789,"B23192BD38454C7EBFDC2DC8CE0B59E18543054C87B9CB191F05131368A87528",3,8,20,0,TRUE,0.28037993816303,"","","",TRUE,0.00663671488741814,0.663671488741814,0.01,TRUE,20,3.67339614926978,"","Note: Network with lowest lambda selected as best network: assumption of sparsity might be violated.","",0.310000000000002,TRUE
"A2",2024,29,20810860,FALSE,789,"45088724EB9C1ECB09E12F538D863F9226E0E54B28C5F6D8E920FB224773D128",3,4,19,0,TRUE,0.293846884909682,"","","",TRUE,0.0176681362265238,0.665193987185268,0.0265608778294669,TRUE,30,4.02119136737955,"A dense regularized network was selected (lambda < 0.1 * lambda.max). Recent work indicates a possible drop in specificity. Interpret the presence of the smallest edges with care. Setting threshold = TRUE will enforce higher specificity, at the cost of sensitivity.","","",0.110000000000003,TRUE
"A3",2024,29,20810860,FALSE,789,"45088724EB9C1ECB09E12F538D863F9226E0E54B28C5F6D8E920FB224773D128",3,4,19,0,TRUE,0.293846884909682,"","","",TRUE,0.00665193987185268,0.665193987185268,0.01,TRUE,21,3.7529415558574,"","Note: Network with lowest lambda selected as best network: assumption of sparsity might be violated.","",0.100000000000001,TRUE
"A2",2024,30,20810861,FALSE,789,"A5C63B9BB5BEB4C32DFE99D5A39E01929664CCF10BD91F4E7256811A7D0FD3C1",3,5,17,0,TRUE,0.292643646746151,"","","",TRUE,0.0292523412235424,0.691668511181569,0.042292428743895,TRUE,27,3.78453360525431,"A dense regularized network was selected (lambda < 0.1 * lambda.max). Recent work indicates a possible drop in specificity. Interpret the presence of the smallest edges with care. Setting threshold = TRUE will enforce higher specificity, at the cost of sensitivity.","","",0.109999999999999,TRUE
"A3",2024,30,20810861,FALSE,789,"A5C63B9BB5BEB4C32DFE99D5A39E01929664CCF10BD91F4E7256811A7D0FD3C1",3,5,17,0,TRUE,0.292643646746151,"","","",TRUE,0.00691668511181568,0.691668511181569,0.01,TRUE,23,3.87564291088286,"","Note: Network with lowest lambda selected as best network: assumption of sparsity might be violated.","",0.0899999999999999,TRUE
"A2",2024,31,20810862,FALSE,789,"A1CDFD26E0A443F15A08A1171FE3FA46DE8318BFF945C56E0AFEFAECDADE3CF0",3,4,19,0,TRUE,0.283298920861925,"","","",TRUE,0.00650203963481104,0.650203963481104,0.01,TRUE,33,4.52321600504691,"A dense regularized network was selected (lambda < 0.1 * lambda.max). Recent work indicates a possible drop in specificity. Interpret the presence of the smallest edges with care. Setting threshold = TRUE will enforce higher specificity, at the cost of sensitivity.","Note: Network with lowest lambda selected as best network: assumption of sparsity might be violated.","",0.100000000000001,TRUE
"A3",2024,31,20810862,FALSE,789,"A1CDFD26E0A443F15A08A1171FE3FA46DE8318BFF945C56E0AFEFAECDADE3CF0",3,4,19,0,TRUE,0.283298920861925,"","","",TRUE,0.0143378474707898,0.650203963481104,0.0220513073990305,FALSE,22,3.93692386016198,"","","",0.0800000000000018,TRUE
"A2",2024,32,20810863,FALSE,789,"BA5768CDBF48C9FAE1E8953269C77B002670C4463F13178461514EB03CA2A62B",3,5,19,0,TRUE,0.266882242360606,"","","",TRUE,0.0202919600995629,0.696109458806784,0.0291505306282518,TRUE,29,4.19119755397188,"A dense regularized network was selected (lambda < 0.1 * lambda.max). Recent work indicates a possible drop in specificity. Interpret the presence of the smallest edges with care. Setting threshold = TRUE will enforce higher specificity, at the cost of sensitivity.","","",0.0899999999999999,TRUE
"A3",2024,32,20810863,FALSE,789,"BA5768CDBF48C9FAE1E8953269C77B002670C4463F13178461514EB03CA2A62B",3,5,19,0,TRUE,0.266882242360606,"","","",TRUE,0.00696109458806785,0.696109458806784,0.01,TRUE,23,4.17452124047527,"","Note: Network with lowest lambda selected as best network: assumption of sparsity might be violated.","",0.109999999999999,TRUE
"A2",2024,33,20810864,FALSE,789,"1FD501FB70319900D8A5F118D97293661DF42BF6496BED8BD5D3861A12B78AE8",3,4,18,0,TRUE,0.321372841308174,"","","",TRUE,0.0187178221191525,0.612924287511651,0.0305385550883342,TRUE,32,4.08144123340457,"A dense regularized network was selected (lambda < 0.1 * lambda.max). Recent work indicates a possible drop in specificity. Interpret the presence of the smallest edges with care. Setting threshold = TRUE will enforce higher specificity, at the cost of sensitivity.","","",0.0899999999999999,TRUE
"A3",2024,33,20810864,FALSE,789,"1FD501FB70319900D8A5F118D97293661DF42BF6496BED8BD5D3861A12B78AE8",3,4,18,0,TRUE,0.321372841308174,"","","",TRUE,0.00612924287511651,0.612924287511651,0.01,TRUE,22,3.85570857741778,"","Note: Network with lowest lambda selected as best network: assumption of sparsity might be violated.","",0.109999999999999,TRUE
"A2",2024,34,20810865,FALSE,789,"6D38B35F6EC72DD05C0711F1B46471405D5032366598F83D23640D90BD581C16",3,4,16,0,TRUE,0.324129906671502,"","","",TRUE,0.00625844995083882,0.625844995083882,0.01,TRUE,35,4.66410724984703,"A dense regularized network was selected (lambda < 0.1 * lambda.max). Recent work indicates a possible drop in specificity. Interpret the presence of the smallest edges with care. Setting threshold = TRUE will enforce higher specificity, at the cost of sensitivity.","Note: Network with lowest lambda selected as best network: assumption of sparsity might be violated.","",0.0899999999999999,TRUE
"A3",2024,34,20810865,FALSE,789,"6D38B35F6EC72DD05C0711F1B46471405D5032366598F83D23640D90BD581C16",3,4,16,0,TRUE,0.324129906671502,"","","",TRUE,0.00789726814779015,0.625844995083882,0.0126185688306602,FALSE,26,4.0800461704793,"","","",0.109999999999999,TRUE
"A2",2024,35,20810866,FALSE,789,"0B8B370855740311B68BD9754E94E86CEFCCFF3E45E5EC4CC57ADEC50A1E0F63",3,6,22,0,TRUE,0.269379377818576,"","","",TRUE,0.0185107021065072,0.696916051696579,0.0265608778294669,TRUE,30,3.98614861922987,"A dense regularized network was selected (lambda < 0.1 * lambda.max). Recent work indicates a possible drop in specificity. Interpret the presence of the smallest edges with care. Setting threshold = TRUE will enforce higher specificity, at the cost of sensitivity.","","",0.0899999999999999,TRUE
"A3",2024,35,20810866,FALSE,789,"0B8B370855740311B68BD9754E94E86CEFCCFF3E45E5EC4CC57ADEC50A1E0F63",3,6,22,0,TRUE,0.269379377818576,"","","",TRUE,0.00696916051696578,0.696916051696579,0.01,TRUE,21,3.70994896571248,"","Note: Network with lowest lambda selected as best network: assumption of sparsity might be violated.","",0.109999999999999,TRUE
"A2",2024,36,20810867,FALSE,789,"DA9CD9EDDB721CC33BAD679A29A88A202D82D407D7E0FDD3532EBD27BA385A68",3,7,19,0,TRUE,0.302387138658726,"","","",TRUE,0.0161013978920745,0.665311757492428,0.0242012826479438,TRUE,29,4.13180017722781,"A dense regularized network was selected (lambda < 0.1 * lambda.max). Recent work indicates a possible drop in specificity. Interpret the presence of the smallest edges with care. Setting threshold = TRUE will enforce higher specificity, at the cost of sensitivity.","","",0.0899999999999999,TRUE
"A3",2024,36,20810867,FALSE,789,"DA9CD9EDDB721CC33BAD679A29A88A202D82D407D7E0FDD3532EBD27BA385A68",3,7,19,0,TRUE,0.302387138658726,"","","",TRUE,0.00665311757492428,0.665311757492428,0.01,TRUE,24,4.09335584412428,"","Note: Network with lowest lambda selected as best network: assumption of sparsity might be violated.","",0.0799999999999983,TRUE
"A2",2024,37,20810868,FALSE,789,"A0741EAA6E48219A8D354DD250EC055D78C379C53A800116E9A5CB5C13E7C51E",3,4,19,0,TRUE,0.308197595540483,"","","",TRUE,0.0316764934288772,0.651430986218111,0.0486260158006536,TRUE,28,3.76782966762052,"A dense regularized network was selected (lambda < 0.1 * lambda.max). Recent work indicates a possible drop in specificity. Interpret the presence of the smallest edges with care. Setting threshold = TRUE will enforce higher specificity, at the cost of sensitivity.","","",0.109999999999999,TRUE
"A3",2024,37,20810868,FALSE,789,"A0741EAA6E48219A8D354DD250EC055D78C379C53A800116E9A5CB5C13E7C51E",3,4,19,0,TRUE,0.308197595540483,"","","",TRUE,0.00714944703178301,0.651430986218111,0.0109749876549306,FALSE,22,3.79961369695147,"","","",0.0899999999999999,TRUE
"A2",2024,38,20810869,FALSE,789,"17469255EF096E209E50A443617D8B0F8B819728042FDCF1616C0DAA40C2DAC8",3,3,22,0,TRUE,0.328250128976853,"","","",TRUE,0.00677299179033749,0.617129786683149,0.0109749876549306,TRUE,31,4.04219974128495,"A dense regularized network was selected (lambda < 0.1 * lambda.max). Recent work indicates a possible drop in specificity. Interpret the presence of the smallest edges with care. Setting threshold = TRUE will enforce higher specificity, at the cost of sensitivity.","","",0.0899999999999999,TRUE
"A3",2024,38,20810869,FALSE,789,"17469255EF096E209E50A443617D8B0F8B819728042FDCF1616C0DAA40C2DAC8",3,3,22,0,TRUE,0.328250128976853,"","","",TRUE,0.00617129786683149,0.617129786683149,0.01,TRUE,24,3.87898088554197,"","Note: Network with lowest lambda selected as best network: assumption of sparsity might be violated.","",0.100000000000001,TRUE
"A2",2024,39,20810870,FALSE,789,"BCBB8A3B580304475492FC77D994F0334FCBB84A9065DE8A842931979CAB606D",3,8,17,0,TRUE,0.30752025702785,"","","",TRUE,0.0265207408464197,0.656939000940497,0.0403701725859655,TRUE,29,4.01232204783633,"A dense regularized network was selected (lambda < 0.1 * lambda.max). Recent work indicates a possible drop in specificity. Interpret the presence of the smallest edges with care. Setting threshold = TRUE will enforce higher specificity, at the cost of sensitivity.","","",0.0899999999999999,TRUE
"A3",2024,39,20810870,FALSE,789,"BCBB8A3B580304475492FC77D994F0334FCBB84A9065DE8A842931979CAB606D",3,8,17,0,TRUE,0.30752025702785,"","","",TRUE,0.00656939000940497,0.656939000940497,0.01,TRUE,23,3.98733802840021,"","Note: Network with lowest lambda selected as best network: assumption of sparsity might be violated.","",0.0799999999999983,TRUE
"A2",2024,40,20810871,FALSE,789,"E5F6BCA5C86922D1BD2E982A3088ED749981AF1CFD6ED6FDB7C4387BFFE98B93",3,6,21,0,TRUE,0.276582645620819,"","","",TRUE,0.00653495871438386,0.653495871438386,0.01,TRUE,34,4.49344609356855,"A dense regularized network was selected (lambda < 0.1 * lambda.max). Recent work indicates a possible drop in specificity. Interpret the presence of the smallest edges with care. Setting threshold = TRUE will enforce higher specificity, at the cost of sensitivity.","Note: Network with lowest lambda selected as best network: assumption of sparsity might be violated.","",0.109999999999999,TRUE
"A3",2024,40,20810871,FALSE,789,"E5F6BCA5C86922D1BD2E982A3088ED749981AF1CFD6ED6FDB7C4387BFFE98B93",3,6,21,0,TRUE,0.276582645620819,"","","",TRUE,0.0144104383450851,0.653495871438386,0.0220513073990305,FALSE,21,3.70716637997257,"","","",0.0899999999999999,TRUE
"A2",2024,41,20810872,FALSE,789,"BE02577DAFFE9B01115DFB849FDA2A4A1B156E38D2ACFAAB67012141E108CA67",3,2,20,0,TRUE,0.290478246637572,"","","",TRUE,0.00698477792289612,0.666730898642614,0.0104761575278967,TRUE,35,4.24842419172009,"A dense regularized network was selected (lambda < 0.1 * lambda.max). Recent work indicates a possible drop in specificity. Interpret the presence of the smallest edges with care. Setting threshold = TRUE will enforce higher specificity, at the cost of sensitivity.","","",0.0999999999999979,TRUE
"A3",2024,41,20810872,FALSE,789,"BE02577DAFFE9B01115DFB849FDA2A4A1B156E38D2ACFAAB67012141E108CA67",3,2,20,0,TRUE,0.290478246637572,"","","",TRUE,0.0106162413769748,0.666730898642614,0.0159228279334109,FALSE,20,3.52559352097184,"","","",0.109999999999999,TRUE
"A2",2024,42,20810873,FALSE,789,"01919433EF359D25D87FC9084F24B7F134ADC2A77BEB5CA1C98BE402EE076738",3,5,20,0,TRUE,0.303233239879122,"","","",TRUE,0.0154799307636626,0.670089249235893,0.0231012970008316,TRUE,34,4.16892542182448,"A dense regularized network was selected (lambda < 0.1 * lambda.max). Recent work indicates a possible drop in specificity. Interpret the presence of the smallest edges with care. Setting threshold = TRUE will enforce higher specificity, at the cost of sensitivity.","","",0.0899999999999999,TRUE
"A3",2024,42,20810873,FALSE,789,"01919433EF359D25D87FC9084F24B7F134ADC2A77BEB5CA1C98BE402EE076738",3,5,20,0,TRUE,0.303233239879122,"","","",TRUE,0.0283397018253591,0.670089249235893,0.042292428743895,FALSE,23,3.61289836183373,"","","",0.109999999999999,TRUE
"A2",2024,43,20810874,FALSE,789,"FE2593DAFA6DDBBF3F6719580BE0BBD2A67690B06F882C363513BC1BACDA0950",3,2,19,0,TRUE,0.314834622182506,"","","",TRUE,0.02343250096759,0.637033216283184,0.0367837977182863,TRUE,28,3.90275681135859,"A dense regularized network was selected (lambda < 0.1 * lambda.max). Recent work indicates a possible drop in specificity. Interpret the presence of the smallest edges with care. Setting threshold = TRUE will enforce higher specificity, at the cost of sensitivity.","","",0.0999999999999979,TRUE
"A3",2024,43,20810874,FALSE,789,"FE2593DAFA6DDBBF3F6719580BE0BBD2A67690B06F882C363513BC1BACDA0950",3,2,19,0,TRUE,0.314834622182506,"","","",TRUE,0.00637033216283184,0.637033216283184,0.01,TRUE,21,3.80935512466699,"","Note: Network with lowest lambda selected as best network: assumption of sparsity might be violated.","",0.0799999999999983,TRUE
"A2",2024,44,20810875,FALSE,789,"8A830A4EF76180F782D9D52962D256DAA9C12975B61AC20EA42D581250D2E5F8",3,2,20,0,TRUE,0.286543084965401,"","","",TRUE,0.0128215685039506,0.668517644447541,0.0191791026167249,TRUE,33,4.13296205939453,"A dense regularized network was selected (lambda < 0.1 * lambda.max). Recent work indicates a possible drop in specificity. Interpret the presence of the smallest edges with care. Setting threshold = TRUE will enforce higher specificity, at the cost of sensitivity.","","",0.109999999999999,TRUE
"A3",2024,44,20810875,FALSE,789,"8A830A4EF76180F782D9D52962D256DAA9C12975B61AC20EA42D581250D2E5F8",3,2,20,0,TRUE,0.286543084965401,"","","",TRUE,0.00668517644447541,0.668517644447541,0.01,TRUE,21,3.66670499469424,"","Note: Network with lowest lambda selected as best network: assumption of sparsity might be violated.","",0.0899999999999999,TRUE
"A2",2024,45,20810876,FALSE,789,"B0BB9C661A924728B30073C5F1A62DCE5953D0E65A2BCC867F2ABF5452EB25C3",3,4,18,0,TRUE,0.273088381469761,"","","",TRUE,0.0136038517671652,0.677066908108623,0.0200923300256505,TRUE,33,4.17879003604942,"A dense regularized network was selected (lambda < 0.1 * lambda.max). Recent work indicates a possible drop in specificity. Interpret the presence of the smallest edges with care. Setting threshold = TRUE will enforce higher specificity, at the cost of sensitivity.","","",0.109999999999999,TRUE
"A3",2024,45,20810876,FALSE,789,"B0BB9C661A924728B30073C5F1A62DCE5953D0E65A2BCC867F2ABF5452EB25C3",3,4,18,0,TRUE,0.273088381469761,"","","",TRUE,0.00677066908108623,0.677066908108623,0.01,TRUE,22,3.93457111963645,"","Note: Network with lowest lambda selected as best network: assumption of sparsity might be violated.","",0.0999999999999979,TRUE
"A2",2024,46,20810877,FALSE,789,"1773F2AEB2D4450AF3EB4AE692ED414B25D8A19D636D86D213BCFAF757EDD3B6",3,4,20,0,TRUE,0.284413646189605,"","","",TRUE,0.0193024094215802,0.662163226726064,0.0291505306282518,TRUE,31,3.95660347673761,"A dense regularized network was selected (lambda < 0.1 * lambda.max). Recent work indicates a possible drop in specificity. Interpret the presence of the smallest edges with care. Setting threshold = TRUE will enforce higher specificity, at the cost of sensitivity.","","",0.0899999999999999,TRUE
"A3",2024,46,20810877,FALSE,789,"1773F2AEB2D4450AF3EB4AE692ED414B25D8A19D636D86D213BCFAF757EDD3B6",3,4,20,0,TRUE,0.284413646189605,"","","",TRUE,0.0076132680202343,0.662163226726064,0.0114975699539774,FALSE,24,3.88097256427098,"","","",0.109999999999999,TRUE
"A2",2024,47,20810878,FALSE,789,"39EA66C06AAF082B1C03D13107F3FBFD3B4F359E9224335B13D63566565A16CA",3,3,18,0,TRUE,0.295276334586414,"","","",TRUE,0.0223898959318126,0.668035512071838,0.0335160265093884,TRUE,32,4.15042617098071,"A dense regularized network was selected (lambda < 0.1 * lambda.max). Recent work indicates a possible drop in specificity. Interpret the presence of the smallest edges with care. Setting threshold = TRUE will enforce higher specificity, at the cost of sensitivity.","","",0.129999999999999,TRUE
"A3",2024,47,20810878,FALSE,789,"39EA66C06AAF082B1C03D13107F3FBFD3B4F359E9224335B13D63566565A16CA",3,3,18,0,TRUE,0.295276334586414,"","","",TRUE,0.00668035512071838,0.668035512071838,0.01,TRUE,25,4.06933097298708,"","Note: Network with lowest lambda selected as best network: assumption of sparsity might be violated.","",0.149999999999999,TRUE
"A2",2024,48,20810879,FALSE,789,"C0BF77A7F9F7EB837C0B0E9C148D23CC82DE639AC3A1015E77B1E0A4786F34BA",3,2,19,0,TRUE,0.335214495471026,"","","",TRUE,0.0146557400560141,0.634412001000921,0.0231012970008316,TRUE,32,4.07266900940202,"A dense regularized network was selected (lambda < 0.1 * lambda.max). Recent work indicates a possible drop in specificity. Interpret the presence of the smallest edges with care. Setting threshold = TRUE will enforce higher specificity, at the cost of sensitivity.","","",0.0899999999999999,TRUE
"A3",2024,48,20810879,FALSE,789,"C0BF77A7F9F7EB837C0B0E9C148D23CC82DE639AC3A1015E77B1E0A4786F34BA",3,2,19,0,TRUE,0.335214495471026,"","","",TRUE,0.00878588534034892,0.634412001000921,0.0138488637139387,FALSE,22,3.64815813494897,"","","",0.0799999999999983,TRUE
"A2",2024,49,20810880,FALSE,789,"C57EC0F3437A299F76CBCD7F758D744A39D6C0526D587BBE9AC04F6BFE6D31EF",3,3,20,0,TRUE,0.280127117225419,"","","",TRUE,0.0270497864915924,0.670043865529475,0.0403701725859655,TRUE,27,3.92534285876046,"A dense regularized network was selected (lambda < 0.1 * lambda.max). Recent work indicates a possible drop in specificity. Interpret the presence of the smallest edges with care. Setting threshold = TRUE will enforce higher specificity, at the cost of sensitivity.","","",0.109999999999999,TRUE
"A3",2024,49,20810880,FALSE,789,"C57EC0F3437A299F76CBCD7F758D744A39D6C0526D587BBE9AC04F6BFE6D31EF",3,3,20,0,TRUE,0.280127117225419,"","","",TRUE,0.00670043865529475,0.670043865529475,0.01,TRUE,21,3.92289418614419,"","Note: Network with lowest lambda selected as best network: assumption of sparsity might be violated.","",0.129999999999999,TRUE
"A2",2024,50,20810881,FALSE,789,"B63D4E1CCEBCE694D0B0CC885A0169C2135AC823CE9C20A9FD21125C21ADADFA",3,3,17,0,TRUE,0.299465537807757,"","","",TRUE,0.0111746695965029,0.669903842562142,0.0166810053720006,TRUE,32,3.98836477064165,"A dense regularized network was selected (lambda < 0.1 * lambda.max). Recent work indicates a possible drop in specificity. Interpret the presence of the smallest edges with care. Setting threshold = TRUE will enforce higher specificity, at the cost of sensitivity.","","",0.0899999999999999,TRUE
"A3",2024,50,20810881,FALSE,789,"B63D4E1CCEBCE694D0B0CC885A0169C2135AC823CE9C20A9FD21125C21ADADFA",3,3,17,0,TRUE,0.299465537807757,"","","",TRUE,0.00669903842562142,0.669903842562142,0.01,TRUE,21,3.61988297821685,"","Note: Network with lowest lambda selected as best network: assumption of sparsity might be violated.","",0.0799999999999983,TRUE
