"Wave","Repetition","Seed","Fixed_sample","Sample_hash"
2004,1,,TRUE,"0697394945D0C4FA66BC81A948AD5C35E4D0D0669E0F5C2460DA4ABE3F8726DB"
2004,2,,TRUE,"0697394945D0C4FA66BC81A948AD5C35E4D0D0669E0F5C2460DA4ABE3F8726DB"
2004,3,,TRUE,"0697394945D0C4FA66BC81A948AD5C35E4D0D0669E0F5C2460DA4ABE3F8726DB"
2004,4,,TRUE,"0697394945D0C4FA66BC81A948AD5C35E4D0D0669E0F5C2460DA4ABE3F8726DB"
2004,5,,TRUE,"0697394945D0C4FA66BC81A948AD5C35E4D0D0669E0F5C2460DA4ABE3F8726DB"
2004,6,,TRUE,"0697394945D0C4FA66BC81A948AD5C35E4D0D0669E0F5C2460DA4ABE3F8726DB"
2004,7,,TRUE,"0697394945D0C4FA66BC81A948AD5C35E4D0D0669E0F5C2460DA4ABE3F8726DB"
2004,8,,TRUE,"0697394945D0C4FA66BC81A948AD5C35E4D0D0669E0F5C2460DA4ABE3F8726DB"
2004,9,,TRUE,"0697394945D0C4FA66BC81A948AD5C35E4D0D0669E0F5C2460DA4ABE3F8726DB"
2004,10,,TRUE,"0697394945D0C4FA66BC81A948AD5C35E4D0D0669E0F5C2460DA4ABE3F8726DB"
2004,11,,TRUE,"0697394945D0C4FA66BC81A948AD5C35E4D0D0669E0F5C2460DA4ABE3F8726DB"
2004,12,,TRUE,"0697394945D0C4FA66BC81A948AD5C35E4D0D0669E0F5C2460DA4ABE3F8726DB"
2004,13,,TRUE,"0697394945D0C4FA66BC81A948AD5C35E4D0D0669E0F5C2460DA4ABE3F8726DB"
2004,14,,TRUE,"0697394945D0C4FA66BC81A948AD5C35E4D0D0669E0F5C2460DA4ABE3F8726DB"
2004,15,,TRUE,"0697394945D0C4FA66BC81A948AD5C35E4D0D0669E0F5C2460DA4ABE3F8726DB"
2004,16,,TRUE,"0697394945D0C4FA66BC81A948AD5C35E4D0D0669E0F5C2460DA4ABE3F8726DB"
2004,17,,TRUE,"0697394945D0C4FA66BC81A948AD5C35E4D0D0669E0F5C2460DA4ABE3F8726DB"
2004,18,,TRUE,"0697394945D0C4FA66BC81A948AD5C35E4D0D0669E0F5C2460DA4ABE3F8726DB"
2004,19,,TRUE,"0697394945D0C4FA66BC81A948AD5C35E4D0D0669E0F5C2460DA4ABE3F8726DB"
2004,20,,TRUE,"0697394945D0C4FA66BC81A948AD5C35E4D0D0669E0F5C2460DA4ABE3F8726DB"
2004,21,,TRUE,"0697394945D0C4FA66BC81A948AD5C35E4D0D0669E0F5C2460DA4ABE3F8726DB"
2004,22,,TRUE,"0697394945D0C4FA66BC81A948AD5C35E4D0D0669E0F5C2460DA4ABE3F8726DB"
2004,23,,TRUE,"0697394945D0C4FA66BC81A948AD5C35E4D0D0669E0F5C2460DA4ABE3F8726DB"
2004,24,,TRUE,"0697394945D0C4FA66BC81A948AD5C35E4D0D0669E0F5C2460DA4ABE3F8726DB"
2004,25,,TRUE,"0697394945D0C4FA66BC81A948AD5C35E4D0D0669E0F5C2460DA4ABE3F8726DB"
2004,26,,TRUE,"0697394945D0C4FA66BC81A948AD5C35E4D0D0669E0F5C2460DA4ABE3F8726DB"
2004,27,,TRUE,"0697394945D0C4FA66BC81A948AD5C35E4D0D0669E0F5C2460DA4ABE3F8726DB"
2004,28,,TRUE,"0697394945D0C4FA66BC81A948AD5C35E4D0D0669E0F5C2460DA4ABE3F8726DB"
2004,29,,TRUE,"0697394945D0C4FA66BC81A948AD5C35E4D0D0669E0F5C2460DA4ABE3F8726DB"
2004,30,,TRUE,"0697394945D0C4FA66BC81A948AD5C35E4D0D0669E0F5C2460DA4ABE3F8726DB"
2004,31,,TRUE,"0697394945D0C4FA66BC81A948AD5C35E4D0D0669E0F5C2460DA4ABE3F8726DB"
2004,32,,TRUE,"0697394945D0C4FA66BC81A948AD5C35E4D0D0669E0F5C2460DA4ABE3F8726DB"
2004,33,,TRUE,"0697394945D0C4FA66BC81A948AD5C35E4D0D0669E0F5C2460DA4ABE3F8726DB"
2004,34,,TRUE,"0697394945D0C4FA66BC81A948AD5C35E4D0D0669E0F5C2460DA4ABE3F8726DB"
2004,35,,TRUE,"0697394945D0C4FA66BC81A948AD5C35E4D0D0669E0F5C2460DA4ABE3F8726DB"
2004,36,,TRUE,"0697394945D0C4FA66BC81A948AD5C35E4D0D0669E0F5C2460DA4ABE3F8726DB"
2004,37,,TRUE,"0697394945D0C4FA66BC81A948AD5C35E4D0D0669E0F5C2460DA4ABE3F8726DB"
2004,38,,TRUE,"0697394945D0C4FA66BC81A948AD5C35E4D0D0669E0F5C2460DA4ABE3F8726DB"
2004,39,,TRUE,"0697394945D0C4FA66BC81A948AD5C35E4D0D0669E0F5C2460DA4ABE3F8726DB"
2004,40,,TRUE,"0697394945D0C4FA66BC81A948AD5C35E4D0D0669E0F5C2460DA4ABE3F8726DB"
2004,41,,TRUE,"0697394945D0C4FA66BC81A948AD5C35E4D0D0669E0F5C2460DA4ABE3F8726DB"
2004,42,,TRUE,"0697394945D0C4FA66BC81A948AD5C35E4D0D0669E0F5C2460DA4ABE3F8726DB"
2004,43,,TRUE,"0697394945D0C4FA66BC81A948AD5C35E4D0D0669E0F5C2460DA4ABE3F8726DB"
2004,44,,TRUE,"0697394945D0C4FA66BC81A948AD5C35E4D0D0669E0F5C2460DA4ABE3F8726DB"
2004,45,,TRUE,"0697394945D0C4FA66BC81A948AD5C35E4D0D0669E0F5C2460DA4ABE3F8726DB"
2004,46,,TRUE,"0697394945D0C4FA66BC81A948AD5C35E4D0D0669E0F5C2460DA4ABE3F8726DB"
2004,47,,TRUE,"0697394945D0C4FA66BC81A948AD5C35E4D0D0669E0F5C2460DA4ABE3F8726DB"
2004,48,,TRUE,"0697394945D0C4FA66BC81A948AD5C35E4D0D0669E0F5C2460DA4ABE3F8726DB"
2004,49,,TRUE,"0697394945D0C4FA66BC81A948AD5C35E4D0D0669E0F5C2460DA4ABE3F8726DB"
2004,50,,TRUE,"0697394945D0C4FA66BC81A948AD5C35E4D0D0669E0F5C2460DA4ABE3F8726DB"
2004,51,,TRUE,"0697394945D0C4FA66BC81A948AD5C35E4D0D0669E0F5C2460DA4ABE3F8726DB"
2004,52,,TRUE,"0697394945D0C4FA66BC81A948AD5C35E4D0D0669E0F5C2460DA4ABE3F8726DB"
2004,53,,TRUE,"0697394945D0C4FA66BC81A948AD5C35E4D0D0669E0F5C2460DA4ABE3F8726DB"
2004,54,,TRUE,"0697394945D0C4FA66BC81A948AD5C35E4D0D0669E0F5C2460DA4ABE3F8726DB"
2004,55,,TRUE,"0697394945D0C4FA66BC81A948AD5C35E4D0D0669E0F5C2460DA4ABE3F8726DB"
2004,56,,TRUE,"0697394945D0C4FA66BC81A948AD5C35E4D0D0669E0F5C2460DA4ABE3F8726DB"
2004,57,,TRUE,"0697394945D0C4FA66BC81A948AD5C35E4D0D0669E0F5C2460DA4ABE3F8726DB"
2004,58,,TRUE,"0697394945D0C4FA66BC81A948AD5C35E4D0D0669E0F5C2460DA4ABE3F8726DB"
2004,59,,TRUE,"0697394945D0C4FA66BC81A948AD5C35E4D0D0669E0F5C2460DA4ABE3F8726DB"
2004,60,,TRUE,"0697394945D0C4FA66BC81A948AD5C35E4D0D0669E0F5C2460DA4ABE3F8726DB"
2004,61,,TRUE,"0697394945D0C4FA66BC81A948AD5C35E4D0D0669E0F5C2460DA4ABE3F8726DB"
2004,62,,TRUE,"0697394945D0C4FA66BC81A948AD5C35E4D0D0669E0F5C2460DA4ABE3F8726DB"
2004,63,,TRUE,"0697394945D0C4FA66BC81A948AD5C35E4D0D0669E0F5C2460DA4ABE3F8726DB"
2004,64,,TRUE,"0697394945D0C4FA66BC81A948AD5C35E4D0D0669E0F5C2460DA4ABE3F8726DB"
2004,65,,TRUE,"0697394945D0C4FA66BC81A948AD5C35E4D0D0669E0F5C2460DA4ABE3F8726DB"
2004,66,,TRUE,"0697394945D0C4FA66BC81A948AD5C35E4D0D0669E0F5C2460DA4ABE3F8726DB"
2004,67,,TRUE,"0697394945D0C4FA66BC81A948AD5C35E4D0D0669E0F5C2460DA4ABE3F8726DB"
2004,68,,TRUE,"0697394945D0C4FA66BC81A948AD5C35E4D0D0669E0F5C2460DA4ABE3F8726DB"
2004,69,,TRUE,"0697394945D0C4FA66BC81A948AD5C35E4D0D0669E0F5C2460DA4ABE3F8726DB"
2004,70,,TRUE,"0697394945D0C4FA66BC81A948AD5C35E4D0D0669E0F5C2460DA4ABE3F8726DB"
2004,71,,TRUE,"0697394945D0C4FA66BC81A948AD5C35E4D0D0669E0F5C2460DA4ABE3F8726DB"
2004,72,,TRUE,"0697394945D0C4FA66BC81A948AD5C35E4D0D0669E0F5C2460DA4ABE3F8726DB"
2004,73,,TRUE,"0697394945D0C4FA66BC81A948AD5C35E4D0D0669E0F5C2460DA4ABE3F8726DB"
2004,74,,TRUE,"0697394945D0C4FA66BC81A948AD5C35E4D0D0669E0F5C2460DA4ABE3F8726DB"
2004,75,,TRUE,"0697394945D0C4FA66BC81A948AD5C35E4D0D0669E0F5C2460DA4ABE3F8726DB"
2004,76,,TRUE,"0697394945D0C4FA66BC81A948AD5C35E4D0D0669E0F5C2460DA4ABE3F8726DB"
2004,77,,TRUE,"0697394945D0C4FA66BC81A948AD5C35E4D0D0669E0F5C2460DA4ABE3F8726DB"
2004,78,,TRUE,"0697394945D0C4FA66BC81A948AD5C35E4D0D0669E0F5C2460DA4ABE3F8726DB"
2004,79,,TRUE,"0697394945D0C4FA66BC81A948AD5C35E4D0D0669E0F5C2460DA4ABE3F8726DB"
2004,80,,TRUE,"0697394945D0C4FA66BC81A948AD5C35E4D0D0669E0F5C2460DA4ABE3F8726DB"
2004,81,,TRUE,"0697394945D0C4FA66BC81A948AD5C35E4D0D0669E0F5C2460DA4ABE3F8726DB"
2004,82,,TRUE,"0697394945D0C4FA66BC81A948AD5C35E4D0D0669E0F5C2460DA4ABE3F8726DB"
2004,83,,TRUE,"0697394945D0C4FA66BC81A948AD5C35E4D0D0669E0F5C2460DA4ABE3F8726DB"
2004,84,,TRUE,"0697394945D0C4FA66BC81A948AD5C35E4D0D0669E0F5C2460DA4ABE3F8726DB"
2004,85,,TRUE,"0697394945D0C4FA66BC81A948AD5C35E4D0D0669E0F5C2460DA4ABE3F8726DB"
2004,86,,TRUE,"0697394945D0C4FA66BC81A948AD5C35E4D0D0669E0F5C2460DA4ABE3F8726DB"
2004,87,,TRUE,"0697394945D0C4FA66BC81A948AD5C35E4D0D0669E0F5C2460DA4ABE3F8726DB"
2004,88,,TRUE,"0697394945D0C4FA66BC81A948AD5C35E4D0D0669E0F5C2460DA4ABE3F8726DB"
2004,89,,TRUE,"0697394945D0C4FA66BC81A948AD5C35E4D0D0669E0F5C2460DA4ABE3F8726DB"
2004,90,,TRUE,"0697394945D0C4FA66BC81A948AD5C35E4D0D0669E0F5C2460DA4ABE3F8726DB"
2004,91,,TRUE,"0697394945D0C4FA66BC81A948AD5C35E4D0D0669E0F5C2460DA4ABE3F8726DB"
2004,92,,TRUE,"0697394945D0C4FA66BC81A948AD5C35E4D0D0669E0F5C2460DA4ABE3F8726DB"
2004,93,,TRUE,"0697394945D0C4FA66BC81A948AD5C35E4D0D0669E0F5C2460DA4ABE3F8726DB"
2004,94,,TRUE,"0697394945D0C4FA66BC81A948AD5C35E4D0D0669E0F5C2460DA4ABE3F8726DB"
2004,95,,TRUE,"0697394945D0C4FA66BC81A948AD5C35E4D0D0669E0F5C2460DA4ABE3F8726DB"
2004,96,,TRUE,"0697394945D0C4FA66BC81A948AD5C35E4D0D0669E0F5C2460DA4ABE3F8726DB"
2004,97,,TRUE,"0697394945D0C4FA66BC81A948AD5C35E4D0D0669E0F5C2460DA4ABE3F8726DB"
2004,98,,TRUE,"0697394945D0C4FA66BC81A948AD5C35E4D0D0669E0F5C2460DA4ABE3F8726DB"
2004,99,,TRUE,"0697394945D0C4FA66BC81A948AD5C35E4D0D0669E0F5C2460DA4ABE3F8726DB"
2004,100,,TRUE,"0697394945D0C4FA66BC81A948AD5C35E4D0D0669E0F5C2460DA4ABE3F8726DB"
2004,101,,TRUE,"0697394945D0C4FA66BC81A948AD5C35E4D0D0669E0F5C2460DA4ABE3F8726DB"
2004,102,,TRUE,"0697394945D0C4FA66BC81A948AD5C35E4D0D0669E0F5C2460DA4ABE3F8726DB"
2004,103,,TRUE,"0697394945D0C4FA66BC81A948AD5C35E4D0D0669E0F5C2460DA4ABE3F8726DB"
2004,104,,TRUE,"0697394945D0C4FA66BC81A948AD5C35E4D0D0669E0F5C2460DA4ABE3F8726DB"
2004,105,,TRUE,"0697394945D0C4FA66BC81A948AD5C35E4D0D0669E0F5C2460DA4ABE3F8726DB"
2004,106,,TRUE,"0697394945D0C4FA66BC81A948AD5C35E4D0D0669E0F5C2460DA4ABE3F8726DB"
2004,107,,TRUE,"0697394945D0C4FA66BC81A948AD5C35E4D0D0669E0F5C2460DA4ABE3F8726DB"
2004,108,,TRUE,"0697394945D0C4FA66BC81A948AD5C35E4D0D0669E0F5C2460DA4ABE3F8726DB"
2004,109,,TRUE,"0697394945D0C4FA66BC81A948AD5C35E4D0D0669E0F5C2460DA4ABE3F8726DB"
2004,110,,TRUE,"0697394945D0C4FA66BC81A948AD5C35E4D0D0669E0F5C2460DA4ABE3F8726DB"
2004,111,,TRUE,"0697394945D0C4FA66BC81A948AD5C35E4D0D0669E0F5C2460DA4ABE3F8726DB"
2004,112,,TRUE,"0697394945D0C4FA66BC81A948AD5C35E4D0D0669E0F5C2460DA4ABE3F8726DB"
2004,113,,TRUE,"0697394945D0C4FA66BC81A948AD5C35E4D0D0669E0F5C2460DA4ABE3F8726DB"
2004,114,,TRUE,"0697394945D0C4FA66BC81A948AD5C35E4D0D0669E0F5C2460DA4ABE3F8726DB"
2004,115,,TRUE,"0697394945D0C4FA66BC81A948AD5C35E4D0D0669E0F5C2460DA4ABE3F8726DB"
2004,116,,TRUE,"0697394945D0C4FA66BC81A948AD5C35E4D0D0669E0F5C2460DA4ABE3F8726DB"
2004,117,,TRUE,"0697394945D0C4FA66BC81A948AD5C35E4D0D0669E0F5C2460DA4ABE3F8726DB"
2004,118,,TRUE,"0697394945D0C4FA66BC81A948AD5C35E4D0D0669E0F5C2460DA4ABE3F8726DB"
2004,119,,TRUE,"0697394945D0C4FA66BC81A948AD5C35E4D0D0669E0F5C2460DA4ABE3F8726DB"
2004,120,,TRUE,"0697394945D0C4FA66BC81A948AD5C35E4D0D0669E0F5C2460DA4ABE3F8726DB"
2004,121,,TRUE,"0697394945D0C4FA66BC81A948AD5C35E4D0D0669E0F5C2460DA4ABE3F8726DB"
2004,122,,TRUE,"0697394945D0C4FA66BC81A948AD5C35E4D0D0669E0F5C2460DA4ABE3F8726DB"
2004,123,,TRUE,"0697394945D0C4FA66BC81A948AD5C35E4D0D0669E0F5C2460DA4ABE3F8726DB"
2004,124,,TRUE,"0697394945D0C4FA66BC81A948AD5C35E4D0D0669E0F5C2460DA4ABE3F8726DB"
2004,125,,TRUE,"0697394945D0C4FA66BC81A948AD5C35E4D0D0669E0F5C2460DA4ABE3F8726DB"
2004,126,,TRUE,"0697394945D0C4FA66BC81A948AD5C35E4D0D0669E0F5C2460DA4ABE3F8726DB"
2004,127,,TRUE,"0697394945D0C4FA66BC81A948AD5C35E4D0D0669E0F5C2460DA4ABE3F8726DB"
2004,128,,TRUE,"0697394945D0C4FA66BC81A948AD5C35E4D0D0669E0F5C2460DA4ABE3F8726DB"
2004,129,,TRUE,"0697394945D0C4FA66BC81A948AD5C35E4D0D0669E0F5C2460DA4ABE3F8726DB"
2004,130,,TRUE,"0697394945D0C4FA66BC81A948AD5C35E4D0D0669E0F5C2460DA4ABE3F8726DB"
2004,131,,TRUE,"0697394945D0C4FA66BC81A948AD5C35E4D0D0669E0F5C2460DA4ABE3F8726DB"
2004,132,,TRUE,"0697394945D0C4FA66BC81A948AD5C35E4D0D0669E0F5C2460DA4ABE3F8726DB"
2004,133,,TRUE,"0697394945D0C4FA66BC81A948AD5C35E4D0D0669E0F5C2460DA4ABE3F8726DB"
2004,134,,TRUE,"0697394945D0C4FA66BC81A948AD5C35E4D0D0669E0F5C2460DA4ABE3F8726DB"
2004,135,,TRUE,"0697394945D0C4FA66BC81A948AD5C35E4D0D0669E0F5C2460DA4ABE3F8726DB"
2004,136,,TRUE,"0697394945D0C4FA66BC81A948AD5C35E4D0D0669E0F5C2460DA4ABE3F8726DB"
2004,137,,TRUE,"0697394945D0C4FA66BC81A948AD5C35E4D0D0669E0F5C2460DA4ABE3F8726DB"
2004,138,,TRUE,"0697394945D0C4FA66BC81A948AD5C35E4D0D0669E0F5C2460DA4ABE3F8726DB"
2004,139,,TRUE,"0697394945D0C4FA66BC81A948AD5C35E4D0D0669E0F5C2460DA4ABE3F8726DB"
2004,140,,TRUE,"0697394945D0C4FA66BC81A948AD5C35E4D0D0669E0F5C2460DA4ABE3F8726DB"
2004,141,,TRUE,"0697394945D0C4FA66BC81A948AD5C35E4D0D0669E0F5C2460DA4ABE3F8726DB"
2004,142,,TRUE,"0697394945D0C4FA66BC81A948AD5C35E4D0D0669E0F5C2460DA4ABE3F8726DB"
2004,143,,TRUE,"0697394945D0C4FA66BC81A948AD5C35E4D0D0669E0F5C2460DA4ABE3F8726DB"
2004,144,,TRUE,"0697394945D0C4FA66BC81A948AD5C35E4D0D0669E0F5C2460DA4ABE3F8726DB"
2004,145,,TRUE,"0697394945D0C4FA66BC81A948AD5C35E4D0D0669E0F5C2460DA4ABE3F8726DB"
2004,146,,TRUE,"0697394945D0C4FA66BC81A948AD5C35E4D0D0669E0F5C2460DA4ABE3F8726DB"
2004,147,,TRUE,"0697394945D0C4FA66BC81A948AD5C35E4D0D0669E0F5C2460DA4ABE3F8726DB"
2004,148,,TRUE,"0697394945D0C4FA66BC81A948AD5C35E4D0D0669E0F5C2460DA4ABE3F8726DB"
2004,149,,TRUE,"0697394945D0C4FA66BC81A948AD5C35E4D0D0669E0F5C2460DA4ABE3F8726DB"
2004,150,,TRUE,"0697394945D0C4FA66BC81A948AD5C35E4D0D0669E0F5C2460DA4ABE3F8726DB"
2004,151,,TRUE,"0697394945D0C4FA66BC81A948AD5C35E4D0D0669E0F5C2460DA4ABE3F8726DB"
2004,152,,TRUE,"0697394945D0C4FA66BC81A948AD5C35E4D0D0669E0F5C2460DA4ABE3F8726DB"
2004,153,,TRUE,"0697394945D0C4FA66BC81A948AD5C35E4D0D0669E0F5C2460DA4ABE3F8726DB"
2004,154,,TRUE,"0697394945D0C4FA66BC81A948AD5C35E4D0D0669E0F5C2460DA4ABE3F8726DB"
2004,155,,TRUE,"0697394945D0C4FA66BC81A948AD5C35E4D0D0669E0F5C2460DA4ABE3F8726DB"
2004,156,,TRUE,"0697394945D0C4FA66BC81A948AD5C35E4D0D0669E0F5C2460DA4ABE3F8726DB"
2004,157,,TRUE,"0697394945D0C4FA66BC81A948AD5C35E4D0D0669E0F5C2460DA4ABE3F8726DB"
2004,158,,TRUE,"0697394945D0C4FA66BC81A948AD5C35E4D0D0669E0F5C2460DA4ABE3F8726DB"
2004,159,,TRUE,"0697394945D0C4FA66BC81A948AD5C35E4D0D0669E0F5C2460DA4ABE3F8726DB"
2004,160,,TRUE,"0697394945D0C4FA66BC81A948AD5C35E4D0D0669E0F5C2460DA4ABE3F8726DB"
2004,161,,TRUE,"0697394945D0C4FA66BC81A948AD5C35E4D0D0669E0F5C2460DA4ABE3F8726DB"
2004,162,,TRUE,"0697394945D0C4FA66BC81A948AD5C35E4D0D0669E0F5C2460DA4ABE3F8726DB"
2004,163,,TRUE,"0697394945D0C4FA66BC81A948AD5C35E4D0D0669E0F5C2460DA4ABE3F8726DB"
2004,164,,TRUE,"0697394945D0C4FA66BC81A948AD5C35E4D0D0669E0F5C2460DA4ABE3F8726DB"
2004,165,,TRUE,"0697394945D0C4FA66BC81A948AD5C35E4D0D0669E0F5C2460DA4ABE3F8726DB"
2004,166,,TRUE,"0697394945D0C4FA66BC81A948AD5C35E4D0D0669E0F5C2460DA4ABE3F8726DB"
2004,167,,TRUE,"0697394945D0C4FA66BC81A948AD5C35E4D0D0669E0F5C2460DA4ABE3F8726DB"
2004,168,,TRUE,"0697394945D0C4FA66BC81A948AD5C35E4D0D0669E0F5C2460DA4ABE3F8726DB"
2004,169,,TRUE,"0697394945D0C4FA66BC81A948AD5C35E4D0D0669E0F5C2460DA4ABE3F8726DB"
2004,170,,TRUE,"0697394945D0C4FA66BC81A948AD5C35E4D0D0669E0F5C2460DA4ABE3F8726DB"
2004,171,,TRUE,"0697394945D0C4FA66BC81A948AD5C35E4D0D0669E0F5C2460DA4ABE3F8726DB"
2004,172,,TRUE,"0697394945D0C4FA66BC81A948AD5C35E4D0D0669E0F5C2460DA4ABE3F8726DB"
2004,173,,TRUE,"0697394945D0C4FA66BC81A948AD5C35E4D0D0669E0F5C2460DA4ABE3F8726DB"
2004,174,,TRUE,"0697394945D0C4FA66BC81A948AD5C35E4D0D0669E0F5C2460DA4ABE3F8726DB"
2004,175,,TRUE,"0697394945D0C4FA66BC81A948AD5C35E4D0D0669E0F5C2460DA4ABE3F8726DB"
2004,176,,TRUE,"0697394945D0C4FA66BC81A948AD5C35E4D0D0669E0F5C2460DA4ABE3F8726DB"
2004,177,,TRUE,"0697394945D0C4FA66BC81A948AD5C35E4D0D0669E0F5C2460DA4ABE3F8726DB"
2004,178,,TRUE,"0697394945D0C4FA66BC81A948AD5C35E4D0D0669E0F5C2460DA4ABE3F8726DB"
2004,179,,TRUE,"0697394945D0C4FA66BC81A948AD5C35E4D0D0669E0F5C2460DA4ABE3F8726DB"
2004,180,,TRUE,"0697394945D0C4FA66BC81A948AD5C35E4D0D0669E0F5C2460DA4ABE3F8726DB"
2004,181,,TRUE,"0697394945D0C4FA66BC81A948AD5C35E4D0D0669E0F5C2460DA4ABE3F8726DB"
2004,182,,TRUE,"0697394945D0C4FA66BC81A948AD5C35E4D0D0669E0F5C2460DA4ABE3F8726DB"
2004,183,,TRUE,"0697394945D0C4FA66BC81A948AD5C35E4D0D0669E0F5C2460DA4ABE3F8726DB"
2004,184,,TRUE,"0697394945D0C4FA66BC81A948AD5C35E4D0D0669E0F5C2460DA4ABE3F8726DB"
2004,185,,TRUE,"0697394945D0C4FA66BC81A948AD5C35E4D0D0669E0F5C2460DA4ABE3F8726DB"
2004,186,,TRUE,"0697394945D0C4FA66BC81A948AD5C35E4D0D0669E0F5C2460DA4ABE3F8726DB"
2004,187,,TRUE,"0697394945D0C4FA66BC81A948AD5C35E4D0D0669E0F5C2460DA4ABE3F8726DB"
2004,188,,TRUE,"0697394945D0C4FA66BC81A948AD5C35E4D0D0669E0F5C2460DA4ABE3F8726DB"
2004,189,,TRUE,"0697394945D0C4FA66BC81A948AD5C35E4D0D0669E0F5C2460DA4ABE3F8726DB"
2004,190,,TRUE,"0697394945D0C4FA66BC81A948AD5C35E4D0D0669E0F5C2460DA4ABE3F8726DB"
2004,191,,TRUE,"0697394945D0C4FA66BC81A948AD5C35E4D0D0669E0F5C2460DA4ABE3F8726DB"
2004,192,,TRUE,"0697394945D0C4FA66BC81A948AD5C35E4D0D0669E0F5C2460DA4ABE3F8726DB"
2004,193,,TRUE,"0697394945D0C4FA66BC81A948AD5C35E4D0D0669E0F5C2460DA4ABE3F8726DB"
2004,194,,TRUE,"0697394945D0C4FA66BC81A948AD5C35E4D0D0669E0F5C2460DA4ABE3F8726DB"
2004,195,,TRUE,"0697394945D0C4FA66BC81A948AD5C35E4D0D0669E0F5C2460DA4ABE3F8726DB"
2004,196,,TRUE,"0697394945D0C4FA66BC81A948AD5C35E4D0D0669E0F5C2460DA4ABE3F8726DB"
2004,197,,TRUE,"0697394945D0C4FA66BC81A948AD5C35E4D0D0669E0F5C2460DA4ABE3F8726DB"
2004,198,,TRUE,"0697394945D0C4FA66BC81A948AD5C35E4D0D0669E0F5C2460DA4ABE3F8726DB"
2004,199,,TRUE,"0697394945D0C4FA66BC81A948AD5C35E4D0D0669E0F5C2460DA4ABE3F8726DB"
2004,200,,TRUE,"0697394945D0C4FA66BC81A948AD5C35E4D0D0669E0F5C2460DA4ABE3F8726DB"
2004,201,,TRUE,"0697394945D0C4FA66BC81A948AD5C35E4D0D0669E0F5C2460DA4ABE3F8726DB"
2004,202,,TRUE,"0697394945D0C4FA66BC81A948AD5C35E4D0D0669E0F5C2460DA4ABE3F8726DB"
2004,203,,TRUE,"0697394945D0C4FA66BC81A948AD5C35E4D0D0669E0F5C2460DA4ABE3F8726DB"
2004,204,,TRUE,"0697394945D0C4FA66BC81A948AD5C35E4D0D0669E0F5C2460DA4ABE3F8726DB"
2004,205,,TRUE,"0697394945D0C4FA66BC81A948AD5C35E4D0D0669E0F5C2460DA4ABE3F8726DB"
2004,206,,TRUE,"0697394945D0C4FA66BC81A948AD5C35E4D0D0669E0F5C2460DA4ABE3F8726DB"
2004,207,,TRUE,"0697394945D0C4FA66BC81A948AD5C35E4D0D0669E0F5C2460DA4ABE3F8726DB"
2004,208,,TRUE,"0697394945D0C4FA66BC81A948AD5C35E4D0D0669E0F5C2460DA4ABE3F8726DB"
2004,209,,TRUE,"0697394945D0C4FA66BC81A948AD5C35E4D0D0669E0F5C2460DA4ABE3F8726DB"
2004,210,,TRUE,"0697394945D0C4FA66BC81A948AD5C35E4D0D0669E0F5C2460DA4ABE3F8726DB"
2004,211,,TRUE,"0697394945D0C4FA66BC81A948AD5C35E4D0D0669E0F5C2460DA4ABE3F8726DB"
2004,212,,TRUE,"0697394945D0C4FA66BC81A948AD5C35E4D0D0669E0F5C2460DA4ABE3F8726DB"
2004,213,,TRUE,"0697394945D0C4FA66BC81A948AD5C35E4D0D0669E0F5C2460DA4ABE3F8726DB"
2004,214,,TRUE,"0697394945D0C4FA66BC81A948AD5C35E4D0D0669E0F5C2460DA4ABE3F8726DB"
2004,215,,TRUE,"0697394945D0C4FA66BC81A948AD5C35E4D0D0669E0F5C2460DA4ABE3F8726DB"
2004,216,,TRUE,"0697394945D0C4FA66BC81A948AD5C35E4D0D0669E0F5C2460DA4ABE3F8726DB"
2004,217,,TRUE,"0697394945D0C4FA66BC81A948AD5C35E4D0D0669E0F5C2460DA4ABE3F8726DB"
2004,218,,TRUE,"0697394945D0C4FA66BC81A948AD5C35E4D0D0669E0F5C2460DA4ABE3F8726DB"
2004,219,,TRUE,"0697394945D0C4FA66BC81A948AD5C35E4D0D0669E0F5C2460DA4ABE3F8726DB"
2004,220,,TRUE,"0697394945D0C4FA66BC81A948AD5C35E4D0D0669E0F5C2460DA4ABE3F8726DB"
2004,221,,TRUE,"0697394945D0C4FA66BC81A948AD5C35E4D0D0669E0F5C2460DA4ABE3F8726DB"
2004,222,,TRUE,"0697394945D0C4FA66BC81A948AD5C35E4D0D0669E0F5C2460DA4ABE3F8726DB"
2004,223,,TRUE,"0697394945D0C4FA66BC81A948AD5C35E4D0D0669E0F5C2460DA4ABE3F8726DB"
2004,224,,TRUE,"0697394945D0C4FA66BC81A948AD5C35E4D0D0669E0F5C2460DA4ABE3F8726DB"
2004,225,,TRUE,"0697394945D0C4FA66BC81A948AD5C35E4D0D0669E0F5C2460DA4ABE3F8726DB"
2004,226,,TRUE,"0697394945D0C4FA66BC81A948AD5C35E4D0D0669E0F5C2460DA4ABE3F8726DB"
2004,227,,TRUE,"0697394945D0C4FA66BC81A948AD5C35E4D0D0669E0F5C2460DA4ABE3F8726DB"
2004,228,,TRUE,"0697394945D0C4FA66BC81A948AD5C35E4D0D0669E0F5C2460DA4ABE3F8726DB"
2004,229,,TRUE,"0697394945D0C4FA66BC81A948AD5C35E4D0D0669E0F5C2460DA4ABE3F8726DB"
2004,230,,TRUE,"0697394945D0C4FA66BC81A948AD5C35E4D0D0669E0F5C2460DA4ABE3F8726DB"
2004,231,,TRUE,"0697394945D0C4FA66BC81A948AD5C35E4D0D0669E0F5C2460DA4ABE3F8726DB"
2004,232,,TRUE,"0697394945D0C4FA66BC81A948AD5C35E4D0D0669E0F5C2460DA4ABE3F8726DB"
2004,233,,TRUE,"0697394945D0C4FA66BC81A948AD5C35E4D0D0669E0F5C2460DA4ABE3F8726DB"
2004,234,,TRUE,"0697394945D0C4FA66BC81A948AD5C35E4D0D0669E0F5C2460DA4ABE3F8726DB"
2004,235,,TRUE,"0697394945D0C4FA66BC81A948AD5C35E4D0D0669E0F5C2460DA4ABE3F8726DB"
2004,236,,TRUE,"0697394945D0C4FA66BC81A948AD5C35E4D0D0669E0F5C2460DA4ABE3F8726DB"
2004,237,,TRUE,"0697394945D0C4FA66BC81A948AD5C35E4D0D0669E0F5C2460DA4ABE3F8726DB"
2004,238,,TRUE,"0697394945D0C4FA66BC81A948AD5C35E4D0D0669E0F5C2460DA4ABE3F8726DB"
2004,239,,TRUE,"0697394945D0C4FA66BC81A948AD5C35E4D0D0669E0F5C2460DA4ABE3F8726DB"
2004,240,,TRUE,"0697394945D0C4FA66BC81A948AD5C35E4D0D0669E0F5C2460DA4ABE3F8726DB"
2004,241,,TRUE,"0697394945D0C4FA66BC81A948AD5C35E4D0D0669E0F5C2460DA4ABE3F8726DB"
2004,242,,TRUE,"0697394945D0C4FA66BC81A948AD5C35E4D0D0669E0F5C2460DA4ABE3F8726DB"
2004,243,,TRUE,"0697394945D0C4FA66BC81A948AD5C35E4D0D0669E0F5C2460DA4ABE3F8726DB"
2004,244,,TRUE,"0697394945D0C4FA66BC81A948AD5C35E4D0D0669E0F5C2460DA4ABE3F8726DB"
2004,245,,TRUE,"0697394945D0C4FA66BC81A948AD5C35E4D0D0669E0F5C2460DA4ABE3F8726DB"
2004,246,,TRUE,"0697394945D0C4FA66BC81A948AD5C35E4D0D0669E0F5C2460DA4ABE3F8726DB"
2004,247,,TRUE,"0697394945D0C4FA66BC81A948AD5C35E4D0D0669E0F5C2460DA4ABE3F8726DB"
2004,248,,TRUE,"0697394945D0C4FA66BC81A948AD5C35E4D0D0669E0F5C2460DA4ABE3F8726DB"
2004,249,,TRUE,"0697394945D0C4FA66BC81A948AD5C35E4D0D0669E0F5C2460DA4ABE3F8726DB"
2004,250,,TRUE,"0697394945D0C4FA66BC81A948AD5C35E4D0D0669E0F5C2460DA4ABE3F8726DB"
2004,251,,TRUE,"0697394945D0C4FA66BC81A948AD5C35E4D0D0669E0F5C2460DA4ABE3F8726DB"
2004,252,,TRUE,"0697394945D0C4FA66BC81A948AD5C35E4D0D0669E0F5C2460DA4ABE3F8726DB"
2004,253,,TRUE,"0697394945D0C4FA66BC81A948AD5C35E4D0D0669E0F5C2460DA4ABE3F8726DB"
2004,254,,TRUE,"0697394945D0C4FA66BC81A948AD5C35E4D0D0669E0F5C2460DA4ABE3F8726DB"
2004,255,,TRUE,"0697394945D0C4FA66BC81A948AD5C35E4D0D0669E0F5C2460DA4ABE3F8726DB"
2004,256,,TRUE,"0697394945D0C4FA66BC81A948AD5C35E4D0D0669E0F5C2460DA4ABE3F8726DB"
2004,257,,TRUE,"0697394945D0C4FA66BC81A948AD5C35E4D0D0669E0F5C2460DA4ABE3F8726DB"
2004,258,,TRUE,"0697394945D0C4FA66BC81A948AD5C35E4D0D0669E0F5C2460DA4ABE3F8726DB"
2004,259,,TRUE,"0697394945D0C4FA66BC81A948AD5C35E4D0D0669E0F5C2460DA4ABE3F8726DB"
2004,260,,TRUE,"0697394945D0C4FA66BC81A948AD5C35E4D0D0669E0F5C2460DA4ABE3F8726DB"
2004,261,,TRUE,"0697394945D0C4FA66BC81A948AD5C35E4D0D0669E0F5C2460DA4ABE3F8726DB"
2004,262,,TRUE,"0697394945D0C4FA66BC81A948AD5C35E4D0D0669E0F5C2460DA4ABE3F8726DB"
2004,263,,TRUE,"0697394945D0C4FA66BC81A948AD5C35E4D0D0669E0F5C2460DA4ABE3F8726DB"
2004,264,,TRUE,"0697394945D0C4FA66BC81A948AD5C35E4D0D0669E0F5C2460DA4ABE3F8726DB"
2004,265,,TRUE,"0697394945D0C4FA66BC81A948AD5C35E4D0D0669E0F5C2460DA4ABE3F8726DB"
2004,266,,TRUE,"0697394945D0C4FA66BC81A948AD5C35E4D0D0669E0F5C2460DA4ABE3F8726DB"
2004,267,,TRUE,"0697394945D0C4FA66BC81A948AD5C35E4D0D0669E0F5C2460DA4ABE3F8726DB"
2004,268,,TRUE,"0697394945D0C4FA66BC81A948AD5C35E4D0D0669E0F5C2460DA4ABE3F8726DB"
2004,269,,TRUE,"0697394945D0C4FA66BC81A948AD5C35E4D0D0669E0F5C2460DA4ABE3F8726DB"
2004,270,,TRUE,"0697394945D0C4FA66BC81A948AD5C35E4D0D0669E0F5C2460DA4ABE3F8726DB"
2004,271,,TRUE,"0697394945D0C4FA66BC81A948AD5C35E4D0D0669E0F5C2460DA4ABE3F8726DB"
2004,272,,TRUE,"0697394945D0C4FA66BC81A948AD5C35E4D0D0669E0F5C2460DA4ABE3F8726DB"
2004,273,,TRUE,"0697394945D0C4FA66BC81A948AD5C35E4D0D0669E0F5C2460DA4ABE3F8726DB"
2004,274,,TRUE,"0697394945D0C4FA66BC81A948AD5C35E4D0D0669E0F5C2460DA4ABE3F8726DB"
2004,275,,TRUE,"0697394945D0C4FA66BC81A948AD5C35E4D0D0669E0F5C2460DA4ABE3F8726DB"
2004,276,,TRUE,"0697394945D0C4FA66BC81A948AD5C35E4D0D0669E0F5C2460DA4ABE3F8726DB"
2004,277,,TRUE,"0697394945D0C4FA66BC81A948AD5C35E4D0D0669E0F5C2460DA4ABE3F8726DB"
2004,278,,TRUE,"0697394945D0C4FA66BC81A948AD5C35E4D0D0669E0F5C2460DA4ABE3F8726DB"
2004,279,,TRUE,"0697394945D0C4FA66BC81A948AD5C35E4D0D0669E0F5C2460DA4ABE3F8726DB"
2004,280,,TRUE,"0697394945D0C4FA66BC81A948AD5C35E4D0D0669E0F5C2460DA4ABE3F8726DB"
2004,281,,TRUE,"0697394945D0C4FA66BC81A948AD5C35E4D0D0669E0F5C2460DA4ABE3F8726DB"
2004,282,,TRUE,"0697394945D0C4FA66BC81A948AD5C35E4D0D0669E0F5C2460DA4ABE3F8726DB"
2004,283,,TRUE,"0697394945D0C4FA66BC81A948AD5C35E4D0D0669E0F5C2460DA4ABE3F8726DB"
2004,284,,TRUE,"0697394945D0C4FA66BC81A948AD5C35E4D0D0669E0F5C2460DA4ABE3F8726DB"
2004,285,,TRUE,"0697394945D0C4FA66BC81A948AD5C35E4D0D0669E0F5C2460DA4ABE3F8726DB"
2004,286,,TRUE,"0697394945D0C4FA66BC81A948AD5C35E4D0D0669E0F5C2460DA4ABE3F8726DB"
2004,287,,TRUE,"0697394945D0C4FA66BC81A948AD5C35E4D0D0669E0F5C2460DA4ABE3F8726DB"
2004,288,,TRUE,"0697394945D0C4FA66BC81A948AD5C35E4D0D0669E0F5C2460DA4ABE3F8726DB"
2004,289,,TRUE,"0697394945D0C4FA66BC81A948AD5C35E4D0D0669E0F5C2460DA4ABE3F8726DB"
2004,290,,TRUE,"0697394945D0C4FA66BC81A948AD5C35E4D0D0669E0F5C2460DA4ABE3F8726DB"
2004,291,,TRUE,"0697394945D0C4FA66BC81A948AD5C35E4D0D0669E0F5C2460DA4ABE3F8726DB"
2004,292,,TRUE,"0697394945D0C4FA66BC81A948AD5C35E4D0D0669E0F5C2460DA4ABE3F8726DB"
2004,293,,TRUE,"0697394945D0C4FA66BC81A948AD5C35E4D0D0669E0F5C2460DA4ABE3F8726DB"
2004,294,,TRUE,"0697394945D0C4FA66BC81A948AD5C35E4D0D0669E0F5C2460DA4ABE3F8726DB"
2004,295,,TRUE,"0697394945D0C4FA66BC81A948AD5C35E4D0D0669E0F5C2460DA4ABE3F8726DB"
2004,296,,TRUE,"0697394945D0C4FA66BC81A948AD5C35E4D0D0669E0F5C2460DA4ABE3F8726DB"
2004,297,,TRUE,"0697394945D0C4FA66BC81A948AD5C35E4D0D0669E0F5C2460DA4ABE3F8726DB"
2004,298,,TRUE,"0697394945D0C4FA66BC81A948AD5C35E4D0D0669E0F5C2460DA4ABE3F8726DB"
2004,299,,TRUE,"0697394945D0C4FA66BC81A948AD5C35E4D0D0669E0F5C2460DA4ABE3F8726DB"
2004,300,,TRUE,"0697394945D0C4FA66BC81A948AD5C35E4D0D0669E0F5C2460DA4ABE3F8726DB"
2004,301,,TRUE,"0697394945D0C4FA66BC81A948AD5C35E4D0D0669E0F5C2460DA4ABE3F8726DB"
2004,302,,TRUE,"0697394945D0C4FA66BC81A948AD5C35E4D0D0669E0F5C2460DA4ABE3F8726DB"
2004,303,,TRUE,"0697394945D0C4FA66BC81A948AD5C35E4D0D0669E0F5C2460DA4ABE3F8726DB"
2004,304,,TRUE,"0697394945D0C4FA66BC81A948AD5C35E4D0D0669E0F5C2460DA4ABE3F8726DB"
2004,305,,TRUE,"0697394945D0C4FA66BC81A948AD5C35E4D0D0669E0F5C2460DA4ABE3F8726DB"
2004,306,,TRUE,"0697394945D0C4FA66BC81A948AD5C35E4D0D0669E0F5C2460DA4ABE3F8726DB"
2004,307,,TRUE,"0697394945D0C4FA66BC81A948AD5C35E4D0D0669E0F5C2460DA4ABE3F8726DB"
2004,308,,TRUE,"0697394945D0C4FA66BC81A948AD5C35E4D0D0669E0F5C2460DA4ABE3F8726DB"
2004,309,,TRUE,"0697394945D0C4FA66BC81A948AD5C35E4D0D0669E0F5C2460DA4ABE3F8726DB"
2004,310,,TRUE,"0697394945D0C4FA66BC81A948AD5C35E4D0D0669E0F5C2460DA4ABE3F8726DB"
2004,311,,TRUE,"0697394945D0C4FA66BC81A948AD5C35E4D0D0669E0F5C2460DA4ABE3F8726DB"
2004,312,,TRUE,"0697394945D0C4FA66BC81A948AD5C35E4D0D0669E0F5C2460DA4ABE3F8726DB"
2004,313,,TRUE,"0697394945D0C4FA66BC81A948AD5C35E4D0D0669E0F5C2460DA4ABE3F8726DB"
2004,314,,TRUE,"0697394945D0C4FA66BC81A948AD5C35E4D0D0669E0F5C2460DA4ABE3F8726DB"
2004,315,,TRUE,"0697394945D0C4FA66BC81A948AD5C35E4D0D0669E0F5C2460DA4ABE3F8726DB"
2004,316,,TRUE,"0697394945D0C4FA66BC81A948AD5C35E4D0D0669E0F5C2460DA4ABE3F8726DB"
2004,317,,TRUE,"0697394945D0C4FA66BC81A948AD5C35E4D0D0669E0F5C2460DA4ABE3F8726DB"
2004,318,,TRUE,"0697394945D0C4FA66BC81A948AD5C35E4D0D0669E0F5C2460DA4ABE3F8726DB"
2004,319,,TRUE,"0697394945D0C4FA66BC81A948AD5C35E4D0D0669E0F5C2460DA4ABE3F8726DB"
2004,320,,TRUE,"0697394945D0C4FA66BC81A948AD5C35E4D0D0669E0F5C2460DA4ABE3F8726DB"
2004,321,,TRUE,"0697394945D0C4FA66BC81A948AD5C35E4D0D0669E0F5C2460DA4ABE3F8726DB"
2004,322,,TRUE,"0697394945D0C4FA66BC81A948AD5C35E4D0D0669E0F5C2460DA4ABE3F8726DB"
2004,323,,TRUE,"0697394945D0C4FA66BC81A948AD5C35E4D0D0669E0F5C2460DA4ABE3F8726DB"
2004,324,,TRUE,"0697394945D0C4FA66BC81A948AD5C35E4D0D0669E0F5C2460DA4ABE3F8726DB"
2004,325,,TRUE,"0697394945D0C4FA66BC81A948AD5C35E4D0D0669E0F5C2460DA4ABE3F8726DB"
2004,326,,TRUE,"0697394945D0C4FA66BC81A948AD5C35E4D0D0669E0F5C2460DA4ABE3F8726DB"
2004,327,,TRUE,"0697394945D0C4FA66BC81A948AD5C35E4D0D0669E0F5C2460DA4ABE3F8726DB"
2004,328,,TRUE,"0697394945D0C4FA66BC81A948AD5C35E4D0D0669E0F5C2460DA4ABE3F8726DB"
2004,329,,TRUE,"0697394945D0C4FA66BC81A948AD5C35E4D0D0669E0F5C2460DA4ABE3F8726DB"
2004,330,,TRUE,"0697394945D0C4FA66BC81A948AD5C35E4D0D0669E0F5C2460DA4ABE3F8726DB"
2004,331,,TRUE,"0697394945D0C4FA66BC81A948AD5C35E4D0D0669E0F5C2460DA4ABE3F8726DB"
2004,332,,TRUE,"0697394945D0C4FA66BC81A948AD5C35E4D0D0669E0F5C2460DA4ABE3F8726DB"
2004,333,,TRUE,"0697394945D0C4FA66BC81A948AD5C35E4D0D0669E0F5C2460DA4ABE3F8726DB"
2004,334,,TRUE,"0697394945D0C4FA66BC81A948AD5C35E4D0D0669E0F5C2460DA4ABE3F8726DB"
2004,335,,TRUE,"0697394945D0C4FA66BC81A948AD5C35E4D0D0669E0F5C2460DA4ABE3F8726DB"
2004,336,,TRUE,"0697394945D0C4FA66BC81A948AD5C35E4D0D0669E0F5C2460DA4ABE3F8726DB"
2004,337,,TRUE,"0697394945D0C4FA66BC81A948AD5C35E4D0D0669E0F5C2460DA4ABE3F8726DB"
2004,338,,TRUE,"0697394945D0C4FA66BC81A948AD5C35E4D0D0669E0F5C2460DA4ABE3F8726DB"
2004,339,,TRUE,"0697394945D0C4FA66BC81A948AD5C35E4D0D0669E0F5C2460DA4ABE3F8726DB"
2004,340,,TRUE,"0697394945D0C4FA66BC81A948AD5C35E4D0D0669E0F5C2460DA4ABE3F8726DB"
2004,341,,TRUE,"0697394945D0C4FA66BC81A948AD5C35E4D0D0669E0F5C2460DA4ABE3F8726DB"
2004,342,,TRUE,"0697394945D0C4FA66BC81A948AD5C35E4D0D0669E0F5C2460DA4ABE3F8726DB"
2004,343,,TRUE,"0697394945D0C4FA66BC81A948AD5C35E4D0D0669E0F5C2460DA4ABE3F8726DB"
2004,344,,TRUE,"0697394945D0C4FA66BC81A948AD5C35E4D0D0669E0F5C2460DA4ABE3F8726DB"
2004,345,,TRUE,"0697394945D0C4FA66BC81A948AD5C35E4D0D0669E0F5C2460DA4ABE3F8726DB"
2004,346,,TRUE,"0697394945D0C4FA66BC81A948AD5C35E4D0D0669E0F5C2460DA4ABE3F8726DB"
2004,347,,TRUE,"0697394945D0C4FA66BC81A948AD5C35E4D0D0669E0F5C2460DA4ABE3F8726DB"
2004,348,,TRUE,"0697394945D0C4FA66BC81A948AD5C35E4D0D0669E0F5C2460DA4ABE3F8726DB"
2004,349,,TRUE,"0697394945D0C4FA66BC81A948AD5C35E4D0D0669E0F5C2460DA4ABE3F8726DB"
2004,350,,TRUE,"0697394945D0C4FA66BC81A948AD5C35E4D0D0669E0F5C2460DA4ABE3F8726DB"
2004,351,,TRUE,"0697394945D0C4FA66BC81A948AD5C35E4D0D0669E0F5C2460DA4ABE3F8726DB"
2004,352,,TRUE,"0697394945D0C4FA66BC81A948AD5C35E4D0D0669E0F5C2460DA4ABE3F8726DB"
2004,353,,TRUE,"0697394945D0C4FA66BC81A948AD5C35E4D0D0669E0F5C2460DA4ABE3F8726DB"
2004,354,,TRUE,"0697394945D0C4FA66BC81A948AD5C35E4D0D0669E0F5C2460DA4ABE3F8726DB"
2004,355,,TRUE,"0697394945D0C4FA66BC81A948AD5C35E4D0D0669E0F5C2460DA4ABE3F8726DB"
2004,356,,TRUE,"0697394945D0C4FA66BC81A948AD5C35E4D0D0669E0F5C2460DA4ABE3F8726DB"
2004,357,,TRUE,"0697394945D0C4FA66BC81A948AD5C35E4D0D0669E0F5C2460DA4ABE3F8726DB"
2004,358,,TRUE,"0697394945D0C4FA66BC81A948AD5C35E4D0D0669E0F5C2460DA4ABE3F8726DB"
2004,359,,TRUE,"0697394945D0C4FA66BC81A948AD5C35E4D0D0669E0F5C2460DA4ABE3F8726DB"
2004,360,,TRUE,"0697394945D0C4FA66BC81A948AD5C35E4D0D0669E0F5C2460DA4ABE3F8726DB"
2004,361,,TRUE,"0697394945D0C4FA66BC81A948AD5C35E4D0D0669E0F5C2460DA4ABE3F8726DB"
2004,362,,TRUE,"0697394945D0C4FA66BC81A948AD5C35E4D0D0669E0F5C2460DA4ABE3F8726DB"
2004,363,,TRUE,"0697394945D0C4FA66BC81A948AD5C35E4D0D0669E0F5C2460DA4ABE3F8726DB"
2004,364,,TRUE,"0697394945D0C4FA66BC81A948AD5C35E4D0D0669E0F5C2460DA4ABE3F8726DB"
2004,365,,TRUE,"0697394945D0C4FA66BC81A948AD5C35E4D0D0669E0F5C2460DA4ABE3F8726DB"
2004,366,,TRUE,"0697394945D0C4FA66BC81A948AD5C35E4D0D0669E0F5C2460DA4ABE3F8726DB"
2004,367,,TRUE,"0697394945D0C4FA66BC81A948AD5C35E4D0D0669E0F5C2460DA4ABE3F8726DB"
2004,368,,TRUE,"0697394945D0C4FA66BC81A948AD5C35E4D0D0669E0F5C2460DA4ABE3F8726DB"
2004,369,,TRUE,"0697394945D0C4FA66BC81A948AD5C35E4D0D0669E0F5C2460DA4ABE3F8726DB"
2004,370,,TRUE,"0697394945D0C4FA66BC81A948AD5C35E4D0D0669E0F5C2460DA4ABE3F8726DB"
2004,371,,TRUE,"0697394945D0C4FA66BC81A948AD5C35E4D0D0669E0F5C2460DA4ABE3F8726DB"
2004,372,,TRUE,"0697394945D0C4FA66BC81A948AD5C35E4D0D0669E0F5C2460DA4ABE3F8726DB"
2004,373,,TRUE,"0697394945D0C4FA66BC81A948AD5C35E4D0D0669E0F5C2460DA4ABE3F8726DB"
2004,374,,TRUE,"0697394945D0C4FA66BC81A948AD5C35E4D0D0669E0F5C2460DA4ABE3F8726DB"
2004,375,,TRUE,"0697394945D0C4FA66BC81A948AD5C35E4D0D0669E0F5C2460DA4ABE3F8726DB"
2004,376,,TRUE,"0697394945D0C4FA66BC81A948AD5C35E4D0D0669E0F5C2460DA4ABE3F8726DB"
2004,377,,TRUE,"0697394945D0C4FA66BC81A948AD5C35E4D0D0669E0F5C2460DA4ABE3F8726DB"
2004,378,,TRUE,"0697394945D0C4FA66BC81A948AD5C35E4D0D0669E0F5C2460DA4ABE3F8726DB"
2004,379,,TRUE,"0697394945D0C4FA66BC81A948AD5C35E4D0D0669E0F5C2460DA4ABE3F8726DB"
2004,380,,TRUE,"0697394945D0C4FA66BC81A948AD5C35E4D0D0669E0F5C2460DA4ABE3F8726DB"
2004,381,,TRUE,"0697394945D0C4FA66BC81A948AD5C35E4D0D0669E0F5C2460DA4ABE3F8726DB"
2004,382,,TRUE,"0697394945D0C4FA66BC81A948AD5C35E4D0D0669E0F5C2460DA4ABE3F8726DB"
2004,383,,TRUE,"0697394945D0C4FA66BC81A948AD5C35E4D0D0669E0F5C2460DA4ABE3F8726DB"
2004,384,,TRUE,"0697394945D0C4FA66BC81A948AD5C35E4D0D0669E0F5C2460DA4ABE3F8726DB"
2004,385,,TRUE,"0697394945D0C4FA66BC81A948AD5C35E4D0D0669E0F5C2460DA4ABE3F8726DB"
2004,386,,TRUE,"0697394945D0C4FA66BC81A948AD5C35E4D0D0669E0F5C2460DA4ABE3F8726DB"
2004,387,,TRUE,"0697394945D0C4FA66BC81A948AD5C35E4D0D0669E0F5C2460DA4ABE3F8726DB"
2004,388,,TRUE,"0697394945D0C4FA66BC81A948AD5C35E4D0D0669E0F5C2460DA4ABE3F8726DB"
2004,389,,TRUE,"0697394945D0C4FA66BC81A948AD5C35E4D0D0669E0F5C2460DA4ABE3F8726DB"
2004,390,,TRUE,"0697394945D0C4FA66BC81A948AD5C35E4D0D0669E0F5C2460DA4ABE3F8726DB"
2004,391,,TRUE,"0697394945D0C4FA66BC81A948AD5C35E4D0D0669E0F5C2460DA4ABE3F8726DB"
2004,392,,TRUE,"0697394945D0C4FA66BC81A948AD5C35E4D0D0669E0F5C2460DA4ABE3F8726DB"
2004,393,,TRUE,"0697394945D0C4FA66BC81A948AD5C35E4D0D0669E0F5C2460DA4ABE3F8726DB"
2004,394,,TRUE,"0697394945D0C4FA66BC81A948AD5C35E4D0D0669E0F5C2460DA4ABE3F8726DB"
2004,395,,TRUE,"0697394945D0C4FA66BC81A948AD5C35E4D0D0669E0F5C2460DA4ABE3F8726DB"
2004,396,,TRUE,"0697394945D0C4FA66BC81A948AD5C35E4D0D0669E0F5C2460DA4ABE3F8726DB"
2004,397,,TRUE,"0697394945D0C4FA66BC81A948AD5C35E4D0D0669E0F5C2460DA4ABE3F8726DB"
2004,398,,TRUE,"0697394945D0C4FA66BC81A948AD5C35E4D0D0669E0F5C2460DA4ABE3F8726DB"
2004,399,,TRUE,"0697394945D0C4FA66BC81A948AD5C35E4D0D0669E0F5C2460DA4ABE3F8726DB"
2004,400,,TRUE,"0697394945D0C4FA66BC81A948AD5C35E4D0D0669E0F5C2460DA4ABE3F8726DB"
2004,401,,TRUE,"0697394945D0C4FA66BC81A948AD5C35E4D0D0669E0F5C2460DA4ABE3F8726DB"
2004,402,,TRUE,"0697394945D0C4FA66BC81A948AD5C35E4D0D0669E0F5C2460DA4ABE3F8726DB"
2004,403,,TRUE,"0697394945D0C4FA66BC81A948AD5C35E4D0D0669E0F5C2460DA4ABE3F8726DB"
2004,404,,TRUE,"0697394945D0C4FA66BC81A948AD5C35E4D0D0669E0F5C2460DA4ABE3F8726DB"
2004,405,,TRUE,"0697394945D0C4FA66BC81A948AD5C35E4D0D0669E0F5C2460DA4ABE3F8726DB"
2004,406,,TRUE,"0697394945D0C4FA66BC81A948AD5C35E4D0D0669E0F5C2460DA4ABE3F8726DB"
2004,407,,TRUE,"0697394945D0C4FA66BC81A948AD5C35E4D0D0669E0F5C2460DA4ABE3F8726DB"
2004,408,,TRUE,"0697394945D0C4FA66BC81A948AD5C35E4D0D0669E0F5C2460DA4ABE3F8726DB"
2004,409,,TRUE,"0697394945D0C4FA66BC81A948AD5C35E4D0D0669E0F5C2460DA4ABE3F8726DB"
2004,410,,TRUE,"0697394945D0C4FA66BC81A948AD5C35E4D0D0669E0F5C2460DA4ABE3F8726DB"
2004,411,,TRUE,"0697394945D0C4FA66BC81A948AD5C35E4D0D0669E0F5C2460DA4ABE3F8726DB"
2004,412,,TRUE,"0697394945D0C4FA66BC81A948AD5C35E4D0D0669E0F5C2460DA4ABE3F8726DB"
2004,413,,TRUE,"0697394945D0C4FA66BC81A948AD5C35E4D0D0669E0F5C2460DA4ABE3F8726DB"
2004,414,,TRUE,"0697394945D0C4FA66BC81A948AD5C35E4D0D0669E0F5C2460DA4ABE3F8726DB"
2004,415,,TRUE,"0697394945D0C4FA66BC81A948AD5C35E4D0D0669E0F5C2460DA4ABE3F8726DB"
2004,416,,TRUE,"0697394945D0C4FA66BC81A948AD5C35E4D0D0669E0F5C2460DA4ABE3F8726DB"
2004,417,,TRUE,"0697394945D0C4FA66BC81A948AD5C35E4D0D0669E0F5C2460DA4ABE3F8726DB"
2004,418,,TRUE,"0697394945D0C4FA66BC81A948AD5C35E4D0D0669E0F5C2460DA4ABE3F8726DB"
2004,419,,TRUE,"0697394945D0C4FA66BC81A948AD5C35E4D0D0669E0F5C2460DA4ABE3F8726DB"
2004,420,,TRUE,"0697394945D0C4FA66BC81A948AD5C35E4D0D0669E0F5C2460DA4ABE3F8726DB"
2004,421,,TRUE,"0697394945D0C4FA66BC81A948AD5C35E4D0D0669E0F5C2460DA4ABE3F8726DB"
2004,422,,TRUE,"0697394945D0C4FA66BC81A948AD5C35E4D0D0669E0F5C2460DA4ABE3F8726DB"
2004,423,,TRUE,"0697394945D0C4FA66BC81A948AD5C35E4D0D0669E0F5C2460DA4ABE3F8726DB"
2004,424,,TRUE,"0697394945D0C4FA66BC81A948AD5C35E4D0D0669E0F5C2460DA4ABE3F8726DB"
2004,425,,TRUE,"0697394945D0C4FA66BC81A948AD5C35E4D0D0669E0F5C2460DA4ABE3F8726DB"
2004,426,,TRUE,"0697394945D0C4FA66BC81A948AD5C35E4D0D0669E0F5C2460DA4ABE3F8726DB"
2004,427,,TRUE,"0697394945D0C4FA66BC81A948AD5C35E4D0D0669E0F5C2460DA4ABE3F8726DB"
2004,428,,TRUE,"0697394945D0C4FA66BC81A948AD5C35E4D0D0669E0F5C2460DA4ABE3F8726DB"
2004,429,,TRUE,"0697394945D0C4FA66BC81A948AD5C35E4D0D0669E0F5C2460DA4ABE3F8726DB"
2004,430,,TRUE,"0697394945D0C4FA66BC81A948AD5C35E4D0D0669E0F5C2460DA4ABE3F8726DB"
2004,431,,TRUE,"0697394945D0C4FA66BC81A948AD5C35E4D0D0669E0F5C2460DA4ABE3F8726DB"
2004,432,,TRUE,"0697394945D0C4FA66BC81A948AD5C35E4D0D0669E0F5C2460DA4ABE3F8726DB"
2004,433,,TRUE,"0697394945D0C4FA66BC81A948AD5C35E4D0D0669E0F5C2460DA4ABE3F8726DB"
2004,434,,TRUE,"0697394945D0C4FA66BC81A948AD5C35E4D0D0669E0F5C2460DA4ABE3F8726DB"
2004,435,,TRUE,"0697394945D0C4FA66BC81A948AD5C35E4D0D0669E0F5C2460DA4ABE3F8726DB"
2004,436,,TRUE,"0697394945D0C4FA66BC81A948AD5C35E4D0D0669E0F5C2460DA4ABE3F8726DB"
2004,437,,TRUE,"0697394945D0C4FA66BC81A948AD5C35E4D0D0669E0F5C2460DA4ABE3F8726DB"
2004,438,,TRUE,"0697394945D0C4FA66BC81A948AD5C35E4D0D0669E0F5C2460DA4ABE3F8726DB"
2004,439,,TRUE,"0697394945D0C4FA66BC81A948AD5C35E4D0D0669E0F5C2460DA4ABE3F8726DB"
2004,440,,TRUE,"0697394945D0C4FA66BC81A948AD5C35E4D0D0669E0F5C2460DA4ABE3F8726DB"
2004,441,,TRUE,"0697394945D0C4FA66BC81A948AD5C35E4D0D0669E0F5C2460DA4ABE3F8726DB"
2004,442,,TRUE,"0697394945D0C4FA66BC81A948AD5C35E4D0D0669E0F5C2460DA4ABE3F8726DB"
2004,443,,TRUE,"0697394945D0C4FA66BC81A948AD5C35E4D0D0669E0F5C2460DA4ABE3F8726DB"
2004,444,,TRUE,"0697394945D0C4FA66BC81A948AD5C35E4D0D0669E0F5C2460DA4ABE3F8726DB"
2004,445,,TRUE,"0697394945D0C4FA66BC81A948AD5C35E4D0D0669E0F5C2460DA4ABE3F8726DB"
2004,446,,TRUE,"0697394945D0C4FA66BC81A948AD5C35E4D0D0669E0F5C2460DA4ABE3F8726DB"
2004,447,,TRUE,"0697394945D0C4FA66BC81A948AD5C35E4D0D0669E0F5C2460DA4ABE3F8726DB"
2004,448,,TRUE,"0697394945D0C4FA66BC81A948AD5C35E4D0D0669E0F5C2460DA4ABE3F8726DB"
2004,449,,TRUE,"0697394945D0C4FA66BC81A948AD5C35E4D0D0669E0F5C2460DA4ABE3F8726DB"
2004,450,,TRUE,"0697394945D0C4FA66BC81A948AD5C35E4D0D0669E0F5C2460DA4ABE3F8726DB"
2004,451,,TRUE,"0697394945D0C4FA66BC81A948AD5C35E4D0D0669E0F5C2460DA4ABE3F8726DB"
2004,452,,TRUE,"0697394945D0C4FA66BC81A948AD5C35E4D0D0669E0F5C2460DA4ABE3F8726DB"
2004,453,,TRUE,"0697394945D0C4FA66BC81A948AD5C35E4D0D0669E0F5C2460DA4ABE3F8726DB"
2004,454,,TRUE,"0697394945D0C4FA66BC81A948AD5C35E4D0D0669E0F5C2460DA4ABE3F8726DB"
2004,455,,TRUE,"0697394945D0C4FA66BC81A948AD5C35E4D0D0669E0F5C2460DA4ABE3F8726DB"
2004,456,,TRUE,"0697394945D0C4FA66BC81A948AD5C35E4D0D0669E0F5C2460DA4ABE3F8726DB"
2004,457,,TRUE,"0697394945D0C4FA66BC81A948AD5C35E4D0D0669E0F5C2460DA4ABE3F8726DB"
2004,458,,TRUE,"0697394945D0C4FA66BC81A948AD5C35E4D0D0669E0F5C2460DA4ABE3F8726DB"
2004,459,,TRUE,"0697394945D0C4FA66BC81A948AD5C35E4D0D0669E0F5C2460DA4ABE3F8726DB"
2004,460,,TRUE,"0697394945D0C4FA66BC81A948AD5C35E4D0D0669E0F5C2460DA4ABE3F8726DB"
2004,461,,TRUE,"0697394945D0C4FA66BC81A948AD5C35E4D0D0669E0F5C2460DA4ABE3F8726DB"
2004,462,,TRUE,"0697394945D0C4FA66BC81A948AD5C35E4D0D0669E0F5C2460DA4ABE3F8726DB"
2004,463,,TRUE,"0697394945D0C4FA66BC81A948AD5C35E4D0D0669E0F5C2460DA4ABE3F8726DB"
2004,464,,TRUE,"0697394945D0C4FA66BC81A948AD5C35E4D0D0669E0F5C2460DA4ABE3F8726DB"
2004,465,,TRUE,"0697394945D0C4FA66BC81A948AD5C35E4D0D0669E0F5C2460DA4ABE3F8726DB"
2004,466,,TRUE,"0697394945D0C4FA66BC81A948AD5C35E4D0D0669E0F5C2460DA4ABE3F8726DB"
2004,467,,TRUE,"0697394945D0C4FA66BC81A948AD5C35E4D0D0669E0F5C2460DA4ABE3F8726DB"
2004,468,,TRUE,"0697394945D0C4FA66BC81A948AD5C35E4D0D0669E0F5C2460DA4ABE3F8726DB"
2004,469,,TRUE,"0697394945D0C4FA66BC81A948AD5C35E4D0D0669E0F5C2460DA4ABE3F8726DB"
2004,470,,TRUE,"0697394945D0C4FA66BC81A948AD5C35E4D0D0669E0F5C2460DA4ABE3F8726DB"
2004,471,,TRUE,"0697394945D0C4FA66BC81A948AD5C35E4D0D0669E0F5C2460DA4ABE3F8726DB"
2004,472,,TRUE,"0697394945D0C4FA66BC81A948AD5C35E4D0D0669E0F5C2460DA4ABE3F8726DB"
2004,473,,TRUE,"0697394945D0C4FA66BC81A948AD5C35E4D0D0669E0F5C2460DA4ABE3F8726DB"
2004,474,,TRUE,"0697394945D0C4FA66BC81A948AD5C35E4D0D0669E0F5C2460DA4ABE3F8726DB"
2004,475,,TRUE,"0697394945D0C4FA66BC81A948AD5C35E4D0D0669E0F5C2460DA4ABE3F8726DB"
2004,476,,TRUE,"0697394945D0C4FA66BC81A948AD5C35E4D0D0669E0F5C2460DA4ABE3F8726DB"
2004,477,,TRUE,"0697394945D0C4FA66BC81A948AD5C35E4D0D0669E0F5C2460DA4ABE3F8726DB"
2004,478,,TRUE,"0697394945D0C4FA66BC81A948AD5C35E4D0D0669E0F5C2460DA4ABE3F8726DB"
2004,479,,TRUE,"0697394945D0C4FA66BC81A948AD5C35E4D0D0669E0F5C2460DA4ABE3F8726DB"
2004,480,,TRUE,"0697394945D0C4FA66BC81A948AD5C35E4D0D0669E0F5C2460DA4ABE3F8726DB"
2004,481,,TRUE,"0697394945D0C4FA66BC81A948AD5C35E4D0D0669E0F5C2460DA4ABE3F8726DB"
2004,482,,TRUE,"0697394945D0C4FA66BC81A948AD5C35E4D0D0669E0F5C2460DA4ABE3F8726DB"
2004,483,,TRUE,"0697394945D0C4FA66BC81A948AD5C35E4D0D0669E0F5C2460DA4ABE3F8726DB"
2004,484,,TRUE,"0697394945D0C4FA66BC81A948AD5C35E4D0D0669E0F5C2460DA4ABE3F8726DB"
2004,485,,TRUE,"0697394945D0C4FA66BC81A948AD5C35E4D0D0669E0F5C2460DA4ABE3F8726DB"
2004,486,,TRUE,"0697394945D0C4FA66BC81A948AD5C35E4D0D0669E0F5C2460DA4ABE3F8726DB"
2004,487,,TRUE,"0697394945D0C4FA66BC81A948AD5C35E4D0D0669E0F5C2460DA4ABE3F8726DB"
2004,488,,TRUE,"0697394945D0C4FA66BC81A948AD5C35E4D0D0669E0F5C2460DA4ABE3F8726DB"
2004,489,,TRUE,"0697394945D0C4FA66BC81A948AD5C35E4D0D0669E0F5C2460DA4ABE3F8726DB"
2004,490,,TRUE,"0697394945D0C4FA66BC81A948AD5C35E4D0D0669E0F5C2460DA4ABE3F8726DB"
2004,491,,TRUE,"0697394945D0C4FA66BC81A948AD5C35E4D0D0669E0F5C2460DA4ABE3F8726DB"
2004,492,,TRUE,"0697394945D0C4FA66BC81A948AD5C35E4D0D0669E0F5C2460DA4ABE3F8726DB"
2004,493,,TRUE,"0697394945D0C4FA66BC81A948AD5C35E4D0D0669E0F5C2460DA4ABE3F8726DB"
2004,494,,TRUE,"0697394945D0C4FA66BC81A948AD5C35E4D0D0669E0F5C2460DA4ABE3F8726DB"
2004,495,,TRUE,"0697394945D0C4FA66BC81A948AD5C35E4D0D0669E0F5C2460DA4ABE3F8726DB"
2004,496,,TRUE,"0697394945D0C4FA66BC81A948AD5C35E4D0D0669E0F5C2460DA4ABE3F8726DB"
2004,497,,TRUE,"0697394945D0C4FA66BC81A948AD5C35E4D0D0669E0F5C2460DA4ABE3F8726DB"
2004,498,,TRUE,"0697394945D0C4FA66BC81A948AD5C35E4D0D0669E0F5C2460DA4ABE3F8726DB"
2004,499,,TRUE,"0697394945D0C4FA66BC81A948AD5C35E4D0D0669E0F5C2460DA4ABE3F8726DB"
2004,500,,TRUE,"0697394945D0C4FA66BC81A948AD5C35E4D0D0669E0F5C2460DA4ABE3F8726DB"
2004,501,,TRUE,"0697394945D0C4FA66BC81A948AD5C35E4D0D0669E0F5C2460DA4ABE3F8726DB"
2004,502,,TRUE,"0697394945D0C4FA66BC81A948AD5C35E4D0D0669E0F5C2460DA4ABE3F8726DB"
2004,503,,TRUE,"0697394945D0C4FA66BC81A948AD5C35E4D0D0669E0F5C2460DA4ABE3F8726DB"
2004,504,,TRUE,"0697394945D0C4FA66BC81A948AD5C35E4D0D0669E0F5C2460DA4ABE3F8726DB"
2004,505,,TRUE,"0697394945D0C4FA66BC81A948AD5C35E4D0D0669E0F5C2460DA4ABE3F8726DB"
2004,506,,TRUE,"0697394945D0C4FA66BC81A948AD5C35E4D0D0669E0F5C2460DA4ABE3F8726DB"
2004,507,,TRUE,"0697394945D0C4FA66BC81A948AD5C35E4D0D0669E0F5C2460DA4ABE3F8726DB"
2004,508,,TRUE,"0697394945D0C4FA66BC81A948AD5C35E4D0D0669E0F5C2460DA4ABE3F8726DB"
2004,509,,TRUE,"0697394945D0C4FA66BC81A948AD5C35E4D0D0669E0F5C2460DA4ABE3F8726DB"
2004,510,,TRUE,"0697394945D0C4FA66BC81A948AD5C35E4D0D0669E0F5C2460DA4ABE3F8726DB"
2004,511,,TRUE,"0697394945D0C4FA66BC81A948AD5C35E4D0D0669E0F5C2460DA4ABE3F8726DB"
2004,512,,TRUE,"0697394945D0C4FA66BC81A948AD5C35E4D0D0669E0F5C2460DA4ABE3F8726DB"
2004,513,,TRUE,"0697394945D0C4FA66BC81A948AD5C35E4D0D0669E0F5C2460DA4ABE3F8726DB"
2004,514,,TRUE,"0697394945D0C4FA66BC81A948AD5C35E4D0D0669E0F5C2460DA4ABE3F8726DB"
2004,515,,TRUE,"0697394945D0C4FA66BC81A948AD5C35E4D0D0669E0F5C2460DA4ABE3F8726DB"
2004,516,,TRUE,"0697394945D0C4FA66BC81A948AD5C35E4D0D0669E0F5C2460DA4ABE3F8726DB"
2004,517,,TRUE,"0697394945D0C4FA66BC81A948AD5C35E4D0D0669E0F5C2460DA4ABE3F8726DB"
2004,518,,TRUE,"0697394945D0C4FA66BC81A948AD5C35E4D0D0669E0F5C2460DA4ABE3F8726DB"
2004,519,,TRUE,"0697394945D0C4FA66BC81A948AD5C35E4D0D0669E0F5C2460DA4ABE3F8726DB"
2004,520,,TRUE,"0697394945D0C4FA66BC81A948AD5C35E4D0D0669E0F5C2460DA4ABE3F8726DB"
2004,521,,TRUE,"0697394945D0C4FA66BC81A948AD5C35E4D0D0669E0F5C2460DA4ABE3F8726DB"
2004,522,,TRUE,"0697394945D0C4FA66BC81A948AD5C35E4D0D0669E0F5C2460DA4ABE3F8726DB"
2004,523,,TRUE,"0697394945D0C4FA66BC81A948AD5C35E4D0D0669E0F5C2460DA4ABE3F8726DB"
2004,524,,TRUE,"0697394945D0C4FA66BC81A948AD5C35E4D0D0669E0F5C2460DA4ABE3F8726DB"
2004,525,,TRUE,"0697394945D0C4FA66BC81A948AD5C35E4D0D0669E0F5C2460DA4ABE3F8726DB"
2004,526,,TRUE,"0697394945D0C4FA66BC81A948AD5C35E4D0D0669E0F5C2460DA4ABE3F8726DB"
2004,527,,TRUE,"0697394945D0C4FA66BC81A948AD5C35E4D0D0669E0F5C2460DA4ABE3F8726DB"
2004,528,,TRUE,"0697394945D0C4FA66BC81A948AD5C35E4D0D0669E0F5C2460DA4ABE3F8726DB"
2004,529,,TRUE,"0697394945D0C4FA66BC81A948AD5C35E4D0D0669E0F5C2460DA4ABE3F8726DB"
2004,530,,TRUE,"0697394945D0C4FA66BC81A948AD5C35E4D0D0669E0F5C2460DA4ABE3F8726DB"
2004,531,,TRUE,"0697394945D0C4FA66BC81A948AD5C35E4D0D0669E0F5C2460DA4ABE3F8726DB"
2004,532,,TRUE,"0697394945D0C4FA66BC81A948AD5C35E4D0D0669E0F5C2460DA4ABE3F8726DB"
2004,533,,TRUE,"0697394945D0C4FA66BC81A948AD5C35E4D0D0669E0F5C2460DA4ABE3F8726DB"
2004,534,,TRUE,"0697394945D0C4FA66BC81A948AD5C35E4D0D0669E0F5C2460DA4ABE3F8726DB"
2004,535,,TRUE,"0697394945D0C4FA66BC81A948AD5C35E4D0D0669E0F5C2460DA4ABE3F8726DB"
2004,536,,TRUE,"0697394945D0C4FA66BC81A948AD5C35E4D0D0669E0F5C2460DA4ABE3F8726DB"
2004,537,,TRUE,"0697394945D0C4FA66BC81A948AD5C35E4D0D0669E0F5C2460DA4ABE3F8726DB"
2004,538,,TRUE,"0697394945D0C4FA66BC81A948AD5C35E4D0D0669E0F5C2460DA4ABE3F8726DB"
2004,539,,TRUE,"0697394945D0C4FA66BC81A948AD5C35E4D0D0669E0F5C2460DA4ABE3F8726DB"
2004,540,,TRUE,"0697394945D0C4FA66BC81A948AD5C35E4D0D0669E0F5C2460DA4ABE3F8726DB"
2004,541,,TRUE,"0697394945D0C4FA66BC81A948AD5C35E4D0D0669E0F5C2460DA4ABE3F8726DB"
2004,542,,TRUE,"0697394945D0C4FA66BC81A948AD5C35E4D0D0669E0F5C2460DA4ABE3F8726DB"
2004,543,,TRUE,"0697394945D0C4FA66BC81A948AD5C35E4D0D0669E0F5C2460DA4ABE3F8726DB"
2004,544,,TRUE,"0697394945D0C4FA66BC81A948AD5C35E4D0D0669E0F5C2460DA4ABE3F8726DB"
2004,545,,TRUE,"0697394945D0C4FA66BC81A948AD5C35E4D0D0669E0F5C2460DA4ABE3F8726DB"
2004,546,,TRUE,"0697394945D0C4FA66BC81A948AD5C35E4D0D0669E0F5C2460DA4ABE3F8726DB"
2004,547,,TRUE,"0697394945D0C4FA66BC81A948AD5C35E4D0D0669E0F5C2460DA4ABE3F8726DB"
2004,548,,TRUE,"0697394945D0C4FA66BC81A948AD5C35E4D0D0669E0F5C2460DA4ABE3F8726DB"
2004,549,,TRUE,"0697394945D0C4FA66BC81A948AD5C35E4D0D0669E0F5C2460DA4ABE3F8726DB"
2004,550,,TRUE,"0697394945D0C4FA66BC81A948AD5C35E4D0D0669E0F5C2460DA4ABE3F8726DB"
2004,551,,TRUE,"0697394945D0C4FA66BC81A948AD5C35E4D0D0669E0F5C2460DA4ABE3F8726DB"
2004,552,,TRUE,"0697394945D0C4FA66BC81A948AD5C35E4D0D0669E0F5C2460DA4ABE3F8726DB"
2004,553,,TRUE,"0697394945D0C4FA66BC81A948AD5C35E4D0D0669E0F5C2460DA4ABE3F8726DB"
2004,554,,TRUE,"0697394945D0C4FA66BC81A948AD5C35E4D0D0669E0F5C2460DA4ABE3F8726DB"
2004,555,,TRUE,"0697394945D0C4FA66BC81A948AD5C35E4D0D0669E0F5C2460DA4ABE3F8726DB"
2004,556,,TRUE,"0697394945D0C4FA66BC81A948AD5C35E4D0D0669E0F5C2460DA4ABE3F8726DB"
2004,557,,TRUE,"0697394945D0C4FA66BC81A948AD5C35E4D0D0669E0F5C2460DA4ABE3F8726DB"
2004,558,,TRUE,"0697394945D0C4FA66BC81A948AD5C35E4D0D0669E0F5C2460DA4ABE3F8726DB"
2004,559,,TRUE,"0697394945D0C4FA66BC81A948AD5C35E4D0D0669E0F5C2460DA4ABE3F8726DB"
2004,560,,TRUE,"0697394945D0C4FA66BC81A948AD5C35E4D0D0669E0F5C2460DA4ABE3F8726DB"
2004,561,,TRUE,"0697394945D0C4FA66BC81A948AD5C35E4D0D0669E0F5C2460DA4ABE3F8726DB"
2004,562,,TRUE,"0697394945D0C4FA66BC81A948AD5C35E4D0D0669E0F5C2460DA4ABE3F8726DB"
2004,563,,TRUE,"0697394945D0C4FA66BC81A948AD5C35E4D0D0669E0F5C2460DA4ABE3F8726DB"
2004,564,,TRUE,"0697394945D0C4FA66BC81A948AD5C35E4D0D0669E0F5C2460DA4ABE3F8726DB"
2004,565,,TRUE,"0697394945D0C4FA66BC81A948AD5C35E4D0D0669E0F5C2460DA4ABE3F8726DB"
2004,566,,TRUE,"0697394945D0C4FA66BC81A948AD5C35E4D0D0669E0F5C2460DA4ABE3F8726DB"
2004,567,,TRUE,"0697394945D0C4FA66BC81A948AD5C35E4D0D0669E0F5C2460DA4ABE3F8726DB"
2004,568,,TRUE,"0697394945D0C4FA66BC81A948AD5C35E4D0D0669E0F5C2460DA4ABE3F8726DB"
2004,569,,TRUE,"0697394945D0C4FA66BC81A948AD5C35E4D0D0669E0F5C2460DA4ABE3F8726DB"
2004,570,,TRUE,"0697394945D0C4FA66BC81A948AD5C35E4D0D0669E0F5C2460DA4ABE3F8726DB"
2004,571,,TRUE,"0697394945D0C4FA66BC81A948AD5C35E4D0D0669E0F5C2460DA4ABE3F8726DB"
2004,572,,TRUE,"0697394945D0C4FA66BC81A948AD5C35E4D0D0669E0F5C2460DA4ABE3F8726DB"
2004,573,,TRUE,"0697394945D0C4FA66BC81A948AD5C35E4D0D0669E0F5C2460DA4ABE3F8726DB"
2004,574,,TRUE,"0697394945D0C4FA66BC81A948AD5C35E4D0D0669E0F5C2460DA4ABE3F8726DB"
2004,575,,TRUE,"0697394945D0C4FA66BC81A948AD5C35E4D0D0669E0F5C2460DA4ABE3F8726DB"
2004,576,,TRUE,"0697394945D0C4FA66BC81A948AD5C35E4D0D0669E0F5C2460DA4ABE3F8726DB"
2004,577,,TRUE,"0697394945D0C4FA66BC81A948AD5C35E4D0D0669E0F5C2460DA4ABE3F8726DB"
2004,578,,TRUE,"0697394945D0C4FA66BC81A948AD5C35E4D0D0669E0F5C2460DA4ABE3F8726DB"
2004,579,,TRUE,"0697394945D0C4FA66BC81A948AD5C35E4D0D0669E0F5C2460DA4ABE3F8726DB"
2004,580,,TRUE,"0697394945D0C4FA66BC81A948AD5C35E4D0D0669E0F5C2460DA4ABE3F8726DB"
2004,581,,TRUE,"0697394945D0C4FA66BC81A948AD5C35E4D0D0669E0F5C2460DA4ABE3F8726DB"
2004,582,,TRUE,"0697394945D0C4FA66BC81A948AD5C35E4D0D0669E0F5C2460DA4ABE3F8726DB"
2004,583,,TRUE,"0697394945D0C4FA66BC81A948AD5C35E4D0D0669E0F5C2460DA4ABE3F8726DB"
2004,584,,TRUE,"0697394945D0C4FA66BC81A948AD5C35E4D0D0669E0F5C2460DA4ABE3F8726DB"
2004,585,,TRUE,"0697394945D0C4FA66BC81A948AD5C35E4D0D0669E0F5C2460DA4ABE3F8726DB"
2004,586,,TRUE,"0697394945D0C4FA66BC81A948AD5C35E4D0D0669E0F5C2460DA4ABE3F8726DB"
2004,587,,TRUE,"0697394945D0C4FA66BC81A948AD5C35E4D0D0669E0F5C2460DA4ABE3F8726DB"
2004,588,,TRUE,"0697394945D0C4FA66BC81A948AD5C35E4D0D0669E0F5C2460DA4ABE3F8726DB"
2004,589,,TRUE,"0697394945D0C4FA66BC81A948AD5C35E4D0D0669E0F5C2460DA4ABE3F8726DB"
2004,590,,TRUE,"0697394945D0C4FA66BC81A948AD5C35E4D0D0669E0F5C2460DA4ABE3F8726DB"
2004,591,,TRUE,"0697394945D0C4FA66BC81A948AD5C35E4D0D0669E0F5C2460DA4ABE3F8726DB"
2004,592,,TRUE,"0697394945D0C4FA66BC81A948AD5C35E4D0D0669E0F5C2460DA4ABE3F8726DB"
2004,593,,TRUE,"0697394945D0C4FA66BC81A948AD5C35E4D0D0669E0F5C2460DA4ABE3F8726DB"
2004,594,,TRUE,"0697394945D0C4FA66BC81A948AD5C35E4D0D0669E0F5C2460DA4ABE3F8726DB"
2004,595,,TRUE,"0697394945D0C4FA66BC81A948AD5C35E4D0D0669E0F5C2460DA4ABE3F8726DB"
2004,596,,TRUE,"0697394945D0C4FA66BC81A948AD5C35E4D0D0669E0F5C2460DA4ABE3F8726DB"
2004,597,,TRUE,"0697394945D0C4FA66BC81A948AD5C35E4D0D0669E0F5C2460DA4ABE3F8726DB"
2004,598,,TRUE,"0697394945D0C4FA66BC81A948AD5C35E4D0D0669E0F5C2460DA4ABE3F8726DB"
2004,599,,TRUE,"0697394945D0C4FA66BC81A948AD5C35E4D0D0669E0F5C2460DA4ABE3F8726DB"
2004,600,,TRUE,"0697394945D0C4FA66BC81A948AD5C35E4D0D0669E0F5C2460DA4ABE3F8726DB"
2004,601,,TRUE,"0697394945D0C4FA66BC81A948AD5C35E4D0D0669E0F5C2460DA4ABE3F8726DB"
2004,602,,TRUE,"0697394945D0C4FA66BC81A948AD5C35E4D0D0669E0F5C2460DA4ABE3F8726DB"
2004,603,,TRUE,"0697394945D0C4FA66BC81A948AD5C35E4D0D0669E0F5C2460DA4ABE3F8726DB"
2004,604,,TRUE,"0697394945D0C4FA66BC81A948AD5C35E4D0D0669E0F5C2460DA4ABE3F8726DB"
2004,605,,TRUE,"0697394945D0C4FA66BC81A948AD5C35E4D0D0669E0F5C2460DA4ABE3F8726DB"
2004,606,,TRUE,"0697394945D0C4FA66BC81A948AD5C35E4D0D0669E0F5C2460DA4ABE3F8726DB"
2004,607,,TRUE,"0697394945D0C4FA66BC81A948AD5C35E4D0D0669E0F5C2460DA4ABE3F8726DB"
2004,608,,TRUE,"0697394945D0C4FA66BC81A948AD5C35E4D0D0669E0F5C2460DA4ABE3F8726DB"
2004,609,,TRUE,"0697394945D0C4FA66BC81A948AD5C35E4D0D0669E0F5C2460DA4ABE3F8726DB"
2004,610,,TRUE,"0697394945D0C4FA66BC81A948AD5C35E4D0D0669E0F5C2460DA4ABE3F8726DB"
2004,611,,TRUE,"0697394945D0C4FA66BC81A948AD5C35E4D0D0669E0F5C2460DA4ABE3F8726DB"
2004,612,,TRUE,"0697394945D0C4FA66BC81A948AD5C35E4D0D0669E0F5C2460DA4ABE3F8726DB"
2004,613,,TRUE,"0697394945D0C4FA66BC81A948AD5C35E4D0D0669E0F5C2460DA4ABE3F8726DB"
2004,614,,TRUE,"0697394945D0C4FA66BC81A948AD5C35E4D0D0669E0F5C2460DA4ABE3F8726DB"
2004,615,,TRUE,"0697394945D0C4FA66BC81A948AD5C35E4D0D0669E0F5C2460DA4ABE3F8726DB"
2004,616,,TRUE,"0697394945D0C4FA66BC81A948AD5C35E4D0D0669E0F5C2460DA4ABE3F8726DB"
2004,617,,TRUE,"0697394945D0C4FA66BC81A948AD5C35E4D0D0669E0F5C2460DA4ABE3F8726DB"
2004,618,,TRUE,"0697394945D0C4FA66BC81A948AD5C35E4D0D0669E0F5C2460DA4ABE3F8726DB"
2004,619,,TRUE,"0697394945D0C4FA66BC81A948AD5C35E4D0D0669E0F5C2460DA4ABE3F8726DB"
2004,620,,TRUE,"0697394945D0C4FA66BC81A948AD5C35E4D0D0669E0F5C2460DA4ABE3F8726DB"
2004,621,,TRUE,"0697394945D0C4FA66BC81A948AD5C35E4D0D0669E0F5C2460DA4ABE3F8726DB"
2004,622,,TRUE,"0697394945D0C4FA66BC81A948AD5C35E4D0D0669E0F5C2460DA4ABE3F8726DB"
2004,623,,TRUE,"0697394945D0C4FA66BC81A948AD5C35E4D0D0669E0F5C2460DA4ABE3F8726DB"
2004,624,,TRUE,"0697394945D0C4FA66BC81A948AD5C35E4D0D0669E0F5C2460DA4ABE3F8726DB"
2004,625,,TRUE,"0697394945D0C4FA66BC81A948AD5C35E4D0D0669E0F5C2460DA4ABE3F8726DB"
2004,626,,TRUE,"0697394945D0C4FA66BC81A948AD5C35E4D0D0669E0F5C2460DA4ABE3F8726DB"
2004,627,,TRUE,"0697394945D0C4FA66BC81A948AD5C35E4D0D0669E0F5C2460DA4ABE3F8726DB"
2004,628,,TRUE,"0697394945D0C4FA66BC81A948AD5C35E4D0D0669E0F5C2460DA4ABE3F8726DB"
2004,629,,TRUE,"0697394945D0C4FA66BC81A948AD5C35E4D0D0669E0F5C2460DA4ABE3F8726DB"
2004,630,,TRUE,"0697394945D0C4FA66BC81A948AD5C35E4D0D0669E0F5C2460DA4ABE3F8726DB"
2004,631,,TRUE,"0697394945D0C4FA66BC81A948AD5C35E4D0D0669E0F5C2460DA4ABE3F8726DB"
2004,632,,TRUE,"0697394945D0C4FA66BC81A948AD5C35E4D0D0669E0F5C2460DA4ABE3F8726DB"
2004,633,,TRUE,"0697394945D0C4FA66BC81A948AD5C35E4D0D0669E0F5C2460DA4ABE3F8726DB"
2004,634,,TRUE,"0697394945D0C4FA66BC81A948AD5C35E4D0D0669E0F5C2460DA4ABE3F8726DB"
2004,635,,TRUE,"0697394945D0C4FA66BC81A948AD5C35E4D0D0669E0F5C2460DA4ABE3F8726DB"
2004,636,,TRUE,"0697394945D0C4FA66BC81A948AD5C35E4D0D0669E0F5C2460DA4ABE3F8726DB"
2004,637,,TRUE,"0697394945D0C4FA66BC81A948AD5C35E4D0D0669E0F5C2460DA4ABE3F8726DB"
2004,638,,TRUE,"0697394945D0C4FA66BC81A948AD5C35E4D0D0669E0F5C2460DA4ABE3F8726DB"
2004,639,,TRUE,"0697394945D0C4FA66BC81A948AD5C35E4D0D0669E0F5C2460DA4ABE3F8726DB"
2004,640,,TRUE,"0697394945D0C4FA66BC81A948AD5C35E4D0D0669E0F5C2460DA4ABE3F8726DB"
2004,641,,TRUE,"0697394945D0C4FA66BC81A948AD5C35E4D0D0669E0F5C2460DA4ABE3F8726DB"
2004,642,,TRUE,"0697394945D0C4FA66BC81A948AD5C35E4D0D0669E0F5C2460DA4ABE3F8726DB"
2004,643,,TRUE,"0697394945D0C4FA66BC81A948AD5C35E4D0D0669E0F5C2460DA4ABE3F8726DB"
2004,644,,TRUE,"0697394945D0C4FA66BC81A948AD5C35E4D0D0669E0F5C2460DA4ABE3F8726DB"
2004,645,,TRUE,"0697394945D0C4FA66BC81A948AD5C35E4D0D0669E0F5C2460DA4ABE3F8726DB"
2004,646,,TRUE,"0697394945D0C4FA66BC81A948AD5C35E4D0D0669E0F5C2460DA4ABE3F8726DB"
2004,647,,TRUE,"0697394945D0C4FA66BC81A948AD5C35E4D0D0669E0F5C2460DA4ABE3F8726DB"
2004,648,,TRUE,"0697394945D0C4FA66BC81A948AD5C35E4D0D0669E0F5C2460DA4ABE3F8726DB"
2004,649,,TRUE,"0697394945D0C4FA66BC81A948AD5C35E4D0D0669E0F5C2460DA4ABE3F8726DB"
2004,650,,TRUE,"0697394945D0C4FA66BC81A948AD5C35E4D0D0669E0F5C2460DA4ABE3F8726DB"
2004,651,,TRUE,"0697394945D0C4FA66BC81A948AD5C35E4D0D0669E0F5C2460DA4ABE3F8726DB"
2004,652,,TRUE,"0697394945D0C4FA66BC81A948AD5C35E4D0D0669E0F5C2460DA4ABE3F8726DB"
2004,653,,TRUE,"0697394945D0C4FA66BC81A948AD5C35E4D0D0669E0F5C2460DA4ABE3F8726DB"
2004,654,,TRUE,"0697394945D0C4FA66BC81A948AD5C35E4D0D0669E0F5C2460DA4ABE3F8726DB"
2004,655,,TRUE,"0697394945D0C4FA66BC81A948AD5C35E4D0D0669E0F5C2460DA4ABE3F8726DB"
2004,656,,TRUE,"0697394945D0C4FA66BC81A948AD5C35E4D0D0669E0F5C2460DA4ABE3F8726DB"
2004,657,,TRUE,"0697394945D0C4FA66BC81A948AD5C35E4D0D0669E0F5C2460DA4ABE3F8726DB"
2004,658,,TRUE,"0697394945D0C4FA66BC81A948AD5C35E4D0D0669E0F5C2460DA4ABE3F8726DB"
2004,659,,TRUE,"0697394945D0C4FA66BC81A948AD5C35E4D0D0669E0F5C2460DA4ABE3F8726DB"
2004,660,,TRUE,"0697394945D0C4FA66BC81A948AD5C35E4D0D0669E0F5C2460DA4ABE3F8726DB"
2004,661,,TRUE,"0697394945D0C4FA66BC81A948AD5C35E4D0D0669E0F5C2460DA4ABE3F8726DB"
2004,662,,TRUE,"0697394945D0C4FA66BC81A948AD5C35E4D0D0669E0F5C2460DA4ABE3F8726DB"
2004,663,,TRUE,"0697394945D0C4FA66BC81A948AD5C35E4D0D0669E0F5C2460DA4ABE3F8726DB"
2004,664,,TRUE,"0697394945D0C4FA66BC81A948AD5C35E4D0D0669E0F5C2460DA4ABE3F8726DB"
2004,665,,TRUE,"0697394945D0C4FA66BC81A948AD5C35E4D0D0669E0F5C2460DA4ABE3F8726DB"
2004,666,,TRUE,"0697394945D0C4FA66BC81A948AD5C35E4D0D0669E0F5C2460DA4ABE3F8726DB"
2004,667,,TRUE,"0697394945D0C4FA66BC81A948AD5C35E4D0D0669E0F5C2460DA4ABE3F8726DB"
2004,668,,TRUE,"0697394945D0C4FA66BC81A948AD5C35E4D0D0669E0F5C2460DA4ABE3F8726DB"
2004,669,,TRUE,"0697394945D0C4FA66BC81A948AD5C35E4D0D0669E0F5C2460DA4ABE3F8726DB"
2004,670,,TRUE,"0697394945D0C4FA66BC81A948AD5C35E4D0D0669E0F5C2460DA4ABE3F8726DB"
2004,671,,TRUE,"0697394945D0C4FA66BC81A948AD5C35E4D0D0669E0F5C2460DA4ABE3F8726DB"
2004,672,,TRUE,"0697394945D0C4FA66BC81A948AD5C35E4D0D0669E0F5C2460DA4ABE3F8726DB"
2004,673,,TRUE,"0697394945D0C4FA66BC81A948AD5C35E4D0D0669E0F5C2460DA4ABE3F8726DB"
2004,674,,TRUE,"0697394945D0C4FA66BC81A948AD5C35E4D0D0669E0F5C2460DA4ABE3F8726DB"
2004,675,,TRUE,"0697394945D0C4FA66BC81A948AD5C35E4D0D0669E0F5C2460DA4ABE3F8726DB"
2004,676,,TRUE,"0697394945D0C4FA66BC81A948AD5C35E4D0D0669E0F5C2460DA4ABE3F8726DB"
2004,677,,TRUE,"0697394945D0C4FA66BC81A948AD5C35E4D0D0669E0F5C2460DA4ABE3F8726DB"
2004,678,,TRUE,"0697394945D0C4FA66BC81A948AD5C35E4D0D0669E0F5C2460DA4ABE3F8726DB"
2004,679,,TRUE,"0697394945D0C4FA66BC81A948AD5C35E4D0D0669E0F5C2460DA4ABE3F8726DB"
2004,680,,TRUE,"0697394945D0C4FA66BC81A948AD5C35E4D0D0669E0F5C2460DA4ABE3F8726DB"
2004,681,,TRUE,"0697394945D0C4FA66BC81A948AD5C35E4D0D0669E0F5C2460DA4ABE3F8726DB"
2004,682,,TRUE,"0697394945D0C4FA66BC81A948AD5C35E4D0D0669E0F5C2460DA4ABE3F8726DB"
2004,683,,TRUE,"0697394945D0C4FA66BC81A948AD5C35E4D0D0669E0F5C2460DA4ABE3F8726DB"
2004,684,,TRUE,"0697394945D0C4FA66BC81A948AD5C35E4D0D0669E0F5C2460DA4ABE3F8726DB"
2004,685,,TRUE,"0697394945D0C4FA66BC81A948AD5C35E4D0D0669E0F5C2460DA4ABE3F8726DB"
2004,686,,TRUE,"0697394945D0C4FA66BC81A948AD5C35E4D0D0669E0F5C2460DA4ABE3F8726DB"
2004,687,,TRUE,"0697394945D0C4FA66BC81A948AD5C35E4D0D0669E0F5C2460DA4ABE3F8726DB"
2004,688,,TRUE,"0697394945D0C4FA66BC81A948AD5C35E4D0D0669E0F5C2460DA4ABE3F8726DB"
2004,689,,TRUE,"0697394945D0C4FA66BC81A948AD5C35E4D0D0669E0F5C2460DA4ABE3F8726DB"
2004,690,,TRUE,"0697394945D0C4FA66BC81A948AD5C35E4D0D0669E0F5C2460DA4ABE3F8726DB"
2004,691,,TRUE,"0697394945D0C4FA66BC81A948AD5C35E4D0D0669E0F5C2460DA4ABE3F8726DB"
2004,692,,TRUE,"0697394945D0C4FA66BC81A948AD5C35E4D0D0669E0F5C2460DA4ABE3F8726DB"
2004,693,,TRUE,"0697394945D0C4FA66BC81A948AD5C35E4D0D0669E0F5C2460DA4ABE3F8726DB"
2004,694,,TRUE,"0697394945D0C4FA66BC81A948AD5C35E4D0D0669E0F5C2460DA4ABE3F8726DB"
2004,695,,TRUE,"0697394945D0C4FA66BC81A948AD5C35E4D0D0669E0F5C2460DA4ABE3F8726DB"
2004,696,,TRUE,"0697394945D0C4FA66BC81A948AD5C35E4D0D0669E0F5C2460DA4ABE3F8726DB"
2004,697,,TRUE,"0697394945D0C4FA66BC81A948AD5C35E4D0D0669E0F5C2460DA4ABE3F8726DB"
2004,698,,TRUE,"0697394945D0C4FA66BC81A948AD5C35E4D0D0669E0F5C2460DA4ABE3F8726DB"
2004,699,,TRUE,"0697394945D0C4FA66BC81A948AD5C35E4D0D0669E0F5C2460DA4ABE3F8726DB"
2004,700,,TRUE,"0697394945D0C4FA66BC81A948AD5C35E4D0D0669E0F5C2460DA4ABE3F8726DB"
2004,701,,TRUE,"0697394945D0C4FA66BC81A948AD5C35E4D0D0669E0F5C2460DA4ABE3F8726DB"
2004,702,,TRUE,"0697394945D0C4FA66BC81A948AD5C35E4D0D0669E0F5C2460DA4ABE3F8726DB"
2004,703,,TRUE,"0697394945D0C4FA66BC81A948AD5C35E4D0D0669E0F5C2460DA4ABE3F8726DB"
2004,704,,TRUE,"0697394945D0C4FA66BC81A948AD5C35E4D0D0669E0F5C2460DA4ABE3F8726DB"
2004,705,,TRUE,"0697394945D0C4FA66BC81A948AD5C35E4D0D0669E0F5C2460DA4ABE3F8726DB"
2004,706,,TRUE,"0697394945D0C4FA66BC81A948AD5C35E4D0D0669E0F5C2460DA4ABE3F8726DB"
2004,707,,TRUE,"0697394945D0C4FA66BC81A948AD5C35E4D0D0669E0F5C2460DA4ABE3F8726DB"
2004,708,,TRUE,"0697394945D0C4FA66BC81A948AD5C35E4D0D0669E0F5C2460DA4ABE3F8726DB"
2004,709,,TRUE,"0697394945D0C4FA66BC81A948AD5C35E4D0D0669E0F5C2460DA4ABE3F8726DB"
2004,710,,TRUE,"0697394945D0C4FA66BC81A948AD5C35E4D0D0669E0F5C2460DA4ABE3F8726DB"
2004,711,,TRUE,"0697394945D0C4FA66BC81A948AD5C35E4D0D0669E0F5C2460DA4ABE3F8726DB"
2004,712,,TRUE,"0697394945D0C4FA66BC81A948AD5C35E4D0D0669E0F5C2460DA4ABE3F8726DB"
2004,713,,TRUE,"0697394945D0C4FA66BC81A948AD5C35E4D0D0669E0F5C2460DA4ABE3F8726DB"
2004,714,,TRUE,"0697394945D0C4FA66BC81A948AD5C35E4D0D0669E0F5C2460DA4ABE3F8726DB"
2004,715,,TRUE,"0697394945D0C4FA66BC81A948AD5C35E4D0D0669E0F5C2460DA4ABE3F8726DB"
2004,716,,TRUE,"0697394945D0C4FA66BC81A948AD5C35E4D0D0669E0F5C2460DA4ABE3F8726DB"
2004,717,,TRUE,"0697394945D0C4FA66BC81A948AD5C35E4D0D0669E0F5C2460DA4ABE3F8726DB"
2004,718,,TRUE,"0697394945D0C4FA66BC81A948AD5C35E4D0D0669E0F5C2460DA4ABE3F8726DB"
2004,719,,TRUE,"0697394945D0C4FA66BC81A948AD5C35E4D0D0669E0F5C2460DA4ABE3F8726DB"
2004,720,,TRUE,"0697394945D0C4FA66BC81A948AD5C35E4D0D0669E0F5C2460DA4ABE3F8726DB"
2004,721,,TRUE,"0697394945D0C4FA66BC81A948AD5C35E4D0D0669E0F5C2460DA4ABE3F8726DB"
2004,722,,TRUE,"0697394945D0C4FA66BC81A948AD5C35E4D0D0669E0F5C2460DA4ABE3F8726DB"
2004,723,,TRUE,"0697394945D0C4FA66BC81A948AD5C35E4D0D0669E0F5C2460DA4ABE3F8726DB"
2004,724,,TRUE,"0697394945D0C4FA66BC81A948AD5C35E4D0D0669E0F5C2460DA4ABE3F8726DB"
2004,725,,TRUE,"0697394945D0C4FA66BC81A948AD5C35E4D0D0669E0F5C2460DA4ABE3F8726DB"
2004,726,,TRUE,"0697394945D0C4FA66BC81A948AD5C35E4D0D0669E0F5C2460DA4ABE3F8726DB"
2004,727,,TRUE,"0697394945D0C4FA66BC81A948AD5C35E4D0D0669E0F5C2460DA4ABE3F8726DB"
2004,728,,TRUE,"0697394945D0C4FA66BC81A948AD5C35E4D0D0669E0F5C2460DA4ABE3F8726DB"
2004,729,,TRUE,"0697394945D0C4FA66BC81A948AD5C35E4D0D0669E0F5C2460DA4ABE3F8726DB"
2004,730,,TRUE,"0697394945D0C4FA66BC81A948AD5C35E4D0D0669E0F5C2460DA4ABE3F8726DB"
2004,731,,TRUE,"0697394945D0C4FA66BC81A948AD5C35E4D0D0669E0F5C2460DA4ABE3F8726DB"
2004,732,,TRUE,"0697394945D0C4FA66BC81A948AD5C35E4D0D0669E0F5C2460DA4ABE3F8726DB"
2004,733,,TRUE,"0697394945D0C4FA66BC81A948AD5C35E4D0D0669E0F5C2460DA4ABE3F8726DB"
2004,734,,TRUE,"0697394945D0C4FA66BC81A948AD5C35E4D0D0669E0F5C2460DA4ABE3F8726DB"
2004,735,,TRUE,"0697394945D0C4FA66BC81A948AD5C35E4D0D0669E0F5C2460DA4ABE3F8726DB"
2004,736,,TRUE,"0697394945D0C4FA66BC81A948AD5C35E4D0D0669E0F5C2460DA4ABE3F8726DB"
2004,737,,TRUE,"0697394945D0C4FA66BC81A948AD5C35E4D0D0669E0F5C2460DA4ABE3F8726DB"
2004,738,,TRUE,"0697394945D0C4FA66BC81A948AD5C35E4D0D0669E0F5C2460DA4ABE3F8726DB"
2004,739,,TRUE,"0697394945D0C4FA66BC81A948AD5C35E4D0D0669E0F5C2460DA4ABE3F8726DB"
2004,740,,TRUE,"0697394945D0C4FA66BC81A948AD5C35E4D0D0669E0F5C2460DA4ABE3F8726DB"
2004,741,,TRUE,"0697394945D0C4FA66BC81A948AD5C35E4D0D0669E0F5C2460DA4ABE3F8726DB"
2004,742,,TRUE,"0697394945D0C4FA66BC81A948AD5C35E4D0D0669E0F5C2460DA4ABE3F8726DB"
2004,743,,TRUE,"0697394945D0C4FA66BC81A948AD5C35E4D0D0669E0F5C2460DA4ABE3F8726DB"
2004,744,,TRUE,"0697394945D0C4FA66BC81A948AD5C35E4D0D0669E0F5C2460DA4ABE3F8726DB"
2004,745,,TRUE,"0697394945D0C4FA66BC81A948AD5C35E4D0D0669E0F5C2460DA4ABE3F8726DB"
2004,746,,TRUE,"0697394945D0C4FA66BC81A948AD5C35E4D0D0669E0F5C2460DA4ABE3F8726DB"
2004,747,,TRUE,"0697394945D0C4FA66BC81A948AD5C35E4D0D0669E0F5C2460DA4ABE3F8726DB"
2004,748,,TRUE,"0697394945D0C4FA66BC81A948AD5C35E4D0D0669E0F5C2460DA4ABE3F8726DB"
2004,749,,TRUE,"0697394945D0C4FA66BC81A948AD5C35E4D0D0669E0F5C2460DA4ABE3F8726DB"
2004,750,,TRUE,"0697394945D0C4FA66BC81A948AD5C35E4D0D0669E0F5C2460DA4ABE3F8726DB"
2004,751,,TRUE,"0697394945D0C4FA66BC81A948AD5C35E4D0D0669E0F5C2460DA4ABE3F8726DB"
2004,752,,TRUE,"0697394945D0C4FA66BC81A948AD5C35E4D0D0669E0F5C2460DA4ABE3F8726DB"
2004,753,,TRUE,"0697394945D0C4FA66BC81A948AD5C35E4D0D0669E0F5C2460DA4ABE3F8726DB"
2004,754,,TRUE,"0697394945D0C4FA66BC81A948AD5C35E4D0D0669E0F5C2460DA4ABE3F8726DB"
2004,755,,TRUE,"0697394945D0C4FA66BC81A948AD5C35E4D0D0669E0F5C2460DA4ABE3F8726DB"
2004,756,,TRUE,"0697394945D0C4FA66BC81A948AD5C35E4D0D0669E0F5C2460DA4ABE3F8726DB"
2004,757,,TRUE,"0697394945D0C4FA66BC81A948AD5C35E4D0D0669E0F5C2460DA4ABE3F8726DB"
2004,758,,TRUE,"0697394945D0C4FA66BC81A948AD5C35E4D0D0669E0F5C2460DA4ABE3F8726DB"
2004,759,,TRUE,"0697394945D0C4FA66BC81A948AD5C35E4D0D0669E0F5C2460DA4ABE3F8726DB"
2004,760,,TRUE,"0697394945D0C4FA66BC81A948AD5C35E4D0D0669E0F5C2460DA4ABE3F8726DB"
2004,761,,TRUE,"0697394945D0C4FA66BC81A948AD5C35E4D0D0669E0F5C2460DA4ABE3F8726DB"
2004,762,,TRUE,"0697394945D0C4FA66BC81A948AD5C35E4D0D0669E0F5C2460DA4ABE3F8726DB"
2004,763,,TRUE,"0697394945D0C4FA66BC81A948AD5C35E4D0D0669E0F5C2460DA4ABE3F8726DB"
2004,764,,TRUE,"0697394945D0C4FA66BC81A948AD5C35E4D0D0669E0F5C2460DA4ABE3F8726DB"
2004,765,,TRUE,"0697394945D0C4FA66BC81A948AD5C35E4D0D0669E0F5C2460DA4ABE3F8726DB"
2004,766,,TRUE,"0697394945D0C4FA66BC81A948AD5C35E4D0D0669E0F5C2460DA4ABE3F8726DB"
2004,767,,TRUE,"0697394945D0C4FA66BC81A948AD5C35E4D0D0669E0F5C2460DA4ABE3F8726DB"
2004,768,,TRUE,"0697394945D0C4FA66BC81A948AD5C35E4D0D0669E0F5C2460DA4ABE3F8726DB"
2004,769,,TRUE,"0697394945D0C4FA66BC81A948AD5C35E4D0D0669E0F5C2460DA4ABE3F8726DB"
2004,770,,TRUE,"0697394945D0C4FA66BC81A948AD5C35E4D0D0669E0F5C2460DA4ABE3F8726DB"
2004,771,,TRUE,"0697394945D0C4FA66BC81A948AD5C35E4D0D0669E0F5C2460DA4ABE3F8726DB"
2004,772,,TRUE,"0697394945D0C4FA66BC81A948AD5C35E4D0D0669E0F5C2460DA4ABE3F8726DB"
2004,773,,TRUE,"0697394945D0C4FA66BC81A948AD5C35E4D0D0669E0F5C2460DA4ABE3F8726DB"
2004,774,,TRUE,"0697394945D0C4FA66BC81A948AD5C35E4D0D0669E0F5C2460DA4ABE3F8726DB"
2004,775,,TRUE,"0697394945D0C4FA66BC81A948AD5C35E4D0D0669E0F5C2460DA4ABE3F8726DB"
2004,776,,TRUE,"0697394945D0C4FA66BC81A948AD5C35E4D0D0669E0F5C2460DA4ABE3F8726DB"
2004,777,,TRUE,"0697394945D0C4FA66BC81A948AD5C35E4D0D0669E0F5C2460DA4ABE3F8726DB"
2004,778,,TRUE,"0697394945D0C4FA66BC81A948AD5C35E4D0D0669E0F5C2460DA4ABE3F8726DB"
2004,779,,TRUE,"0697394945D0C4FA66BC81A948AD5C35E4D0D0669E0F5C2460DA4ABE3F8726DB"
2004,780,,TRUE,"0697394945D0C4FA66BC81A948AD5C35E4D0D0669E0F5C2460DA4ABE3F8726DB"
2004,781,,TRUE,"0697394945D0C4FA66BC81A948AD5C35E4D0D0669E0F5C2460DA4ABE3F8726DB"
2004,782,,TRUE,"0697394945D0C4FA66BC81A948AD5C35E4D0D0669E0F5C2460DA4ABE3F8726DB"
2004,783,,TRUE,"0697394945D0C4FA66BC81A948AD5C35E4D0D0669E0F5C2460DA4ABE3F8726DB"
2004,784,,TRUE,"0697394945D0C4FA66BC81A948AD5C35E4D0D0669E0F5C2460DA4ABE3F8726DB"
2004,785,,TRUE,"0697394945D0C4FA66BC81A948AD5C35E4D0D0669E0F5C2460DA4ABE3F8726DB"
2004,786,,TRUE,"0697394945D0C4FA66BC81A948AD5C35E4D0D0669E0F5C2460DA4ABE3F8726DB"
2004,787,,TRUE,"0697394945D0C4FA66BC81A948AD5C35E4D0D0669E0F5C2460DA4ABE3F8726DB"
2004,788,,TRUE,"0697394945D0C4FA66BC81A948AD5C35E4D0D0669E0F5C2460DA4ABE3F8726DB"
2004,789,,TRUE,"0697394945D0C4FA66BC81A948AD5C35E4D0D0669E0F5C2460DA4ABE3F8726DB"
2004,790,,TRUE,"0697394945D0C4FA66BC81A948AD5C35E4D0D0669E0F5C2460DA4ABE3F8726DB"
2004,791,,TRUE,"0697394945D0C4FA66BC81A948AD5C35E4D0D0669E0F5C2460DA4ABE3F8726DB"
2004,792,,TRUE,"0697394945D0C4FA66BC81A948AD5C35E4D0D0669E0F5C2460DA4ABE3F8726DB"
2004,793,,TRUE,"0697394945D0C4FA66BC81A948AD5C35E4D0D0669E0F5C2460DA4ABE3F8726DB"
2004,794,,TRUE,"0697394945D0C4FA66BC81A948AD5C35E4D0D0669E0F5C2460DA4ABE3F8726DB"
2004,795,,TRUE,"0697394945D0C4FA66BC81A948AD5C35E4D0D0669E0F5C2460DA4ABE3F8726DB"
2004,796,,TRUE,"0697394945D0C4FA66BC81A948AD5C35E4D0D0669E0F5C2460DA4ABE3F8726DB"
2004,797,,TRUE,"0697394945D0C4FA66BC81A948AD5C35E4D0D0669E0F5C2460DA4ABE3F8726DB"
2004,798,,TRUE,"0697394945D0C4FA66BC81A948AD5C35E4D0D0669E0F5C2460DA4ABE3F8726DB"
2004,799,,TRUE,"0697394945D0C4FA66BC81A948AD5C35E4D0D0669E0F5C2460DA4ABE3F8726DB"
2004,800,,TRUE,"0697394945D0C4FA66BC81A948AD5C35E4D0D0669E0F5C2460DA4ABE3F8726DB"
2004,801,,TRUE,"0697394945D0C4FA66BC81A948AD5C35E4D0D0669E0F5C2460DA4ABE3F8726DB"
2004,802,,TRUE,"0697394945D0C4FA66BC81A948AD5C35E4D0D0669E0F5C2460DA4ABE3F8726DB"
2004,803,,TRUE,"0697394945D0C4FA66BC81A948AD5C35E4D0D0669E0F5C2460DA4ABE3F8726DB"
2004,804,,TRUE,"0697394945D0C4FA66BC81A948AD5C35E4D0D0669E0F5C2460DA4ABE3F8726DB"
2004,805,,TRUE,"0697394945D0C4FA66BC81A948AD5C35E4D0D0669E0F5C2460DA4ABE3F8726DB"
2004,806,,TRUE,"0697394945D0C4FA66BC81A948AD5C35E4D0D0669E0F5C2460DA4ABE3F8726DB"
2004,807,,TRUE,"0697394945D0C4FA66BC81A948AD5C35E4D0D0669E0F5C2460DA4ABE3F8726DB"
2004,808,,TRUE,"0697394945D0C4FA66BC81A948AD5C35E4D0D0669E0F5C2460DA4ABE3F8726DB"
2004,809,,TRUE,"0697394945D0C4FA66BC81A948AD5C35E4D0D0669E0F5C2460DA4ABE3F8726DB"
2004,810,,TRUE,"0697394945D0C4FA66BC81A948AD5C35E4D0D0669E0F5C2460DA4ABE3F8726DB"
2004,811,,TRUE,"0697394945D0C4FA66BC81A948AD5C35E4D0D0669E0F5C2460DA4ABE3F8726DB"
2004,812,,TRUE,"0697394945D0C4FA66BC81A948AD5C35E4D0D0669E0F5C2460DA4ABE3F8726DB"
2004,813,,TRUE,"0697394945D0C4FA66BC81A948AD5C35E4D0D0669E0F5C2460DA4ABE3F8726DB"
2004,814,,TRUE,"0697394945D0C4FA66BC81A948AD5C35E4D0D0669E0F5C2460DA4ABE3F8726DB"
2004,815,,TRUE,"0697394945D0C4FA66BC81A948AD5C35E4D0D0669E0F5C2460DA4ABE3F8726DB"
2004,816,,TRUE,"0697394945D0C4FA66BC81A948AD5C35E4D0D0669E0F5C2460DA4ABE3F8726DB"
2004,817,,TRUE,"0697394945D0C4FA66BC81A948AD5C35E4D0D0669E0F5C2460DA4ABE3F8726DB"
2004,818,,TRUE,"0697394945D0C4FA66BC81A948AD5C35E4D0D0669E0F5C2460DA4ABE3F8726DB"
2004,819,,TRUE,"0697394945D0C4FA66BC81A948AD5C35E4D0D0669E0F5C2460DA4ABE3F8726DB"
2004,820,,TRUE,"0697394945D0C4FA66BC81A948AD5C35E4D0D0669E0F5C2460DA4ABE3F8726DB"
2004,821,,TRUE,"0697394945D0C4FA66BC81A948AD5C35E4D0D0669E0F5C2460DA4ABE3F8726DB"
2004,822,,TRUE,"0697394945D0C4FA66BC81A948AD5C35E4D0D0669E0F5C2460DA4ABE3F8726DB"
2004,823,,TRUE,"0697394945D0C4FA66BC81A948AD5C35E4D0D0669E0F5C2460DA4ABE3F8726DB"
2004,824,,TRUE,"0697394945D0C4FA66BC81A948AD5C35E4D0D0669E0F5C2460DA4ABE3F8726DB"
2004,825,,TRUE,"0697394945D0C4FA66BC81A948AD5C35E4D0D0669E0F5C2460DA4ABE3F8726DB"
2004,826,,TRUE,"0697394945D0C4FA66BC81A948AD5C35E4D0D0669E0F5C2460DA4ABE3F8726DB"
2004,827,,TRUE,"0697394945D0C4FA66BC81A948AD5C35E4D0D0669E0F5C2460DA4ABE3F8726DB"
2004,828,,TRUE,"0697394945D0C4FA66BC81A948AD5C35E4D0D0669E0F5C2460DA4ABE3F8726DB"
2004,829,,TRUE,"0697394945D0C4FA66BC81A948AD5C35E4D0D0669E0F5C2460DA4ABE3F8726DB"
2004,830,,TRUE,"0697394945D0C4FA66BC81A948AD5C35E4D0D0669E0F5C2460DA4ABE3F8726DB"
2004,831,,TRUE,"0697394945D0C4FA66BC81A948AD5C35E4D0D0669E0F5C2460DA4ABE3F8726DB"
2004,832,,TRUE,"0697394945D0C4FA66BC81A948AD5C35E4D0D0669E0F5C2460DA4ABE3F8726DB"
2004,833,,TRUE,"0697394945D0C4FA66BC81A948AD5C35E4D0D0669E0F5C2460DA4ABE3F8726DB"
2004,834,,TRUE,"0697394945D0C4FA66BC81A948AD5C35E4D0D0669E0F5C2460DA4ABE3F8726DB"
2004,835,,TRUE,"0697394945D0C4FA66BC81A948AD5C35E4D0D0669E0F5C2460DA4ABE3F8726DB"
2004,836,,TRUE,"0697394945D0C4FA66BC81A948AD5C35E4D0D0669E0F5C2460DA4ABE3F8726DB"
2004,837,,TRUE,"0697394945D0C4FA66BC81A948AD5C35E4D0D0669E0F5C2460DA4ABE3F8726DB"
2004,838,,TRUE,"0697394945D0C4FA66BC81A948AD5C35E4D0D0669E0F5C2460DA4ABE3F8726DB"
2004,839,,TRUE,"0697394945D0C4FA66BC81A948AD5C35E4D0D0669E0F5C2460DA4ABE3F8726DB"
2004,840,,TRUE,"0697394945D0C4FA66BC81A948AD5C35E4D0D0669E0F5C2460DA4ABE3F8726DB"
2004,841,,TRUE,"0697394945D0C4FA66BC81A948AD5C35E4D0D0669E0F5C2460DA4ABE3F8726DB"
2004,842,,TRUE,"0697394945D0C4FA66BC81A948AD5C35E4D0D0669E0F5C2460DA4ABE3F8726DB"
2004,843,,TRUE,"0697394945D0C4FA66BC81A948AD5C35E4D0D0669E0F5C2460DA4ABE3F8726DB"
2004,844,,TRUE,"0697394945D0C4FA66BC81A948AD5C35E4D0D0669E0F5C2460DA4ABE3F8726DB"
2004,845,,TRUE,"0697394945D0C4FA66BC81A948AD5C35E4D0D0669E0F5C2460DA4ABE3F8726DB"
2004,846,,TRUE,"0697394945D0C4FA66BC81A948AD5C35E4D0D0669E0F5C2460DA4ABE3F8726DB"
2004,847,,TRUE,"0697394945D0C4FA66BC81A948AD5C35E4D0D0669E0F5C2460DA4ABE3F8726DB"
2004,848,,TRUE,"0697394945D0C4FA66BC81A948AD5C35E4D0D0669E0F5C2460DA4ABE3F8726DB"
2004,849,,TRUE,"0697394945D0C4FA66BC81A948AD5C35E4D0D0669E0F5C2460DA4ABE3F8726DB"
2004,850,,TRUE,"0697394945D0C4FA66BC81A948AD5C35E4D0D0669E0F5C2460DA4ABE3F8726DB"
2004,851,,TRUE,"0697394945D0C4FA66BC81A948AD5C35E4D0D0669E0F5C2460DA4ABE3F8726DB"
2004,852,,TRUE,"0697394945D0C4FA66BC81A948AD5C35E4D0D0669E0F5C2460DA4ABE3F8726DB"
2004,853,,TRUE,"0697394945D0C4FA66BC81A948AD5C35E4D0D0669E0F5C2460DA4ABE3F8726DB"
2004,854,,TRUE,"0697394945D0C4FA66BC81A948AD5C35E4D0D0669E0F5C2460DA4ABE3F8726DB"
2004,855,,TRUE,"0697394945D0C4FA66BC81A948AD5C35E4D0D0669E0F5C2460DA4ABE3F8726DB"
2004,856,,TRUE,"0697394945D0C4FA66BC81A948AD5C35E4D0D0669E0F5C2460DA4ABE3F8726DB"
2004,857,,TRUE,"0697394945D0C4FA66BC81A948AD5C35E4D0D0669E0F5C2460DA4ABE3F8726DB"
2004,858,,TRUE,"0697394945D0C4FA66BC81A948AD5C35E4D0D0669E0F5C2460DA4ABE3F8726DB"
2004,859,,TRUE,"0697394945D0C4FA66BC81A948AD5C35E4D0D0669E0F5C2460DA4ABE3F8726DB"
2004,860,,TRUE,"0697394945D0C4FA66BC81A948AD5C35E4D0D0669E0F5C2460DA4ABE3F8726DB"
2004,861,,TRUE,"0697394945D0C4FA66BC81A948AD5C35E4D0D0669E0F5C2460DA4ABE3F8726DB"
2004,862,,TRUE,"0697394945D0C4FA66BC81A948AD5C35E4D0D0669E0F5C2460DA4ABE3F8726DB"
2004,863,,TRUE,"0697394945D0C4FA66BC81A948AD5C35E4D0D0669E0F5C2460DA4ABE3F8726DB"
2004,864,,TRUE,"0697394945D0C4FA66BC81A948AD5C35E4D0D0669E0F5C2460DA4ABE3F8726DB"
2004,865,,TRUE,"0697394945D0C4FA66BC81A948AD5C35E4D0D0669E0F5C2460DA4ABE3F8726DB"
2004,866,,TRUE,"0697394945D0C4FA66BC81A948AD5C35E4D0D0669E0F5C2460DA4ABE3F8726DB"
2004,867,,TRUE,"0697394945D0C4FA66BC81A948AD5C35E4D0D0669E0F5C2460DA4ABE3F8726DB"
2004,868,,TRUE,"0697394945D0C4FA66BC81A948AD5C35E4D0D0669E0F5C2460DA4ABE3F8726DB"
2004,869,,TRUE,"0697394945D0C4FA66BC81A948AD5C35E4D0D0669E0F5C2460DA4ABE3F8726DB"
2004,870,,TRUE,"0697394945D0C4FA66BC81A948AD5C35E4D0D0669E0F5C2460DA4ABE3F8726DB"
2004,871,,TRUE,"0697394945D0C4FA66BC81A948AD5C35E4D0D0669E0F5C2460DA4ABE3F8726DB"
2004,872,,TRUE,"0697394945D0C4FA66BC81A948AD5C35E4D0D0669E0F5C2460DA4ABE3F8726DB"
2004,873,,TRUE,"0697394945D0C4FA66BC81A948AD5C35E4D0D0669E0F5C2460DA4ABE3F8726DB"
2004,874,,TRUE,"0697394945D0C4FA66BC81A948AD5C35E4D0D0669E0F5C2460DA4ABE3F8726DB"
2004,875,,TRUE,"0697394945D0C4FA66BC81A948AD5C35E4D0D0669E0F5C2460DA4ABE3F8726DB"
2004,876,,TRUE,"0697394945D0C4FA66BC81A948AD5C35E4D0D0669E0F5C2460DA4ABE3F8726DB"
2004,877,,TRUE,"0697394945D0C4FA66BC81A948AD5C35E4D0D0669E0F5C2460DA4ABE3F8726DB"
2004,878,,TRUE,"0697394945D0C4FA66BC81A948AD5C35E4D0D0669E0F5C2460DA4ABE3F8726DB"
2004,879,,TRUE,"0697394945D0C4FA66BC81A948AD5C35E4D0D0669E0F5C2460DA4ABE3F8726DB"
2004,880,,TRUE,"0697394945D0C4FA66BC81A948AD5C35E4D0D0669E0F5C2460DA4ABE3F8726DB"
2004,881,,TRUE,"0697394945D0C4FA66BC81A948AD5C35E4D0D0669E0F5C2460DA4ABE3F8726DB"
2004,882,,TRUE,"0697394945D0C4FA66BC81A948AD5C35E4D0D0669E0F5C2460DA4ABE3F8726DB"
2004,883,,TRUE,"0697394945D0C4FA66BC81A948AD5C35E4D0D0669E0F5C2460DA4ABE3F8726DB"
2004,884,,TRUE,"0697394945D0C4FA66BC81A948AD5C35E4D0D0669E0F5C2460DA4ABE3F8726DB"
2004,885,,TRUE,"0697394945D0C4FA66BC81A948AD5C35E4D0D0669E0F5C2460DA4ABE3F8726DB"
2004,886,,TRUE,"0697394945D0C4FA66BC81A948AD5C35E4D0D0669E0F5C2460DA4ABE3F8726DB"
2004,887,,TRUE,"0697394945D0C4FA66BC81A948AD5C35E4D0D0669E0F5C2460DA4ABE3F8726DB"
2004,888,,TRUE,"0697394945D0C4FA66BC81A948AD5C35E4D0D0669E0F5C2460DA4ABE3F8726DB"
2004,889,,TRUE,"0697394945D0C4FA66BC81A948AD5C35E4D0D0669E0F5C2460DA4ABE3F8726DB"
2004,890,,TRUE,"0697394945D0C4FA66BC81A948AD5C35E4D0D0669E0F5C2460DA4ABE3F8726DB"
2004,891,,TRUE,"0697394945D0C4FA66BC81A948AD5C35E4D0D0669E0F5C2460DA4ABE3F8726DB"
2004,892,,TRUE,"0697394945D0C4FA66BC81A948AD5C35E4D0D0669E0F5C2460DA4ABE3F8726DB"
2004,893,,TRUE,"0697394945D0C4FA66BC81A948AD5C35E4D0D0669E0F5C2460DA4ABE3F8726DB"
2004,894,,TRUE,"0697394945D0C4FA66BC81A948AD5C35E4D0D0669E0F5C2460DA4ABE3F8726DB"
2004,895,,TRUE,"0697394945D0C4FA66BC81A948AD5C35E4D0D0669E0F5C2460DA4ABE3F8726DB"
2004,896,,TRUE,"0697394945D0C4FA66BC81A948AD5C35E4D0D0669E0F5C2460DA4ABE3F8726DB"
2004,897,,TRUE,"0697394945D0C4FA66BC81A948AD5C35E4D0D0669E0F5C2460DA4ABE3F8726DB"
2004,898,,TRUE,"0697394945D0C4FA66BC81A948AD5C35E4D0D0669E0F5C2460DA4ABE3F8726DB"
2004,899,,TRUE,"0697394945D0C4FA66BC81A948AD5C35E4D0D0669E0F5C2460DA4ABE3F8726DB"
2004,900,,TRUE,"0697394945D0C4FA66BC81A948AD5C35E4D0D0669E0F5C2460DA4ABE3F8726DB"
2004,901,,TRUE,"0697394945D0C4FA66BC81A948AD5C35E4D0D0669E0F5C2460DA4ABE3F8726DB"
2004,902,,TRUE,"0697394945D0C4FA66BC81A948AD5C35E4D0D0669E0F5C2460DA4ABE3F8726DB"
2004,903,,TRUE,"0697394945D0C4FA66BC81A948AD5C35E4D0D0669E0F5C2460DA4ABE3F8726DB"
2004,904,,TRUE,"0697394945D0C4FA66BC81A948AD5C35E4D0D0669E0F5C2460DA4ABE3F8726DB"
2004,905,,TRUE,"0697394945D0C4FA66BC81A948AD5C35E4D0D0669E0F5C2460DA4ABE3F8726DB"
2004,906,,TRUE,"0697394945D0C4FA66BC81A948AD5C35E4D0D0669E0F5C2460DA4ABE3F8726DB"
2004,907,,TRUE,"0697394945D0C4FA66BC81A948AD5C35E4D0D0669E0F5C2460DA4ABE3F8726DB"
2004,908,,TRUE,"0697394945D0C4FA66BC81A948AD5C35E4D0D0669E0F5C2460DA4ABE3F8726DB"
2004,909,,TRUE,"0697394945D0C4FA66BC81A948AD5C35E4D0D0669E0F5C2460DA4ABE3F8726DB"
2004,910,,TRUE,"0697394945D0C4FA66BC81A948AD5C35E4D0D0669E0F5C2460DA4ABE3F8726DB"
2004,911,,TRUE,"0697394945D0C4FA66BC81A948AD5C35E4D0D0669E0F5C2460DA4ABE3F8726DB"
2004,912,,TRUE,"0697394945D0C4FA66BC81A948AD5C35E4D0D0669E0F5C2460DA4ABE3F8726DB"
2004,913,,TRUE,"0697394945D0C4FA66BC81A948AD5C35E4D0D0669E0F5C2460DA4ABE3F8726DB"
2004,914,,TRUE,"0697394945D0C4FA66BC81A948AD5C35E4D0D0669E0F5C2460DA4ABE3F8726DB"
2004,915,,TRUE,"0697394945D0C4FA66BC81A948AD5C35E4D0D0669E0F5C2460DA4ABE3F8726DB"
2004,916,,TRUE,"0697394945D0C4FA66BC81A948AD5C35E4D0D0669E0F5C2460DA4ABE3F8726DB"
2004,917,,TRUE,"0697394945D0C4FA66BC81A948AD5C35E4D0D0669E0F5C2460DA4ABE3F8726DB"
2004,918,,TRUE,"0697394945D0C4FA66BC81A948AD5C35E4D0D0669E0F5C2460DA4ABE3F8726DB"
2004,919,,TRUE,"0697394945D0C4FA66BC81A948AD5C35E4D0D0669E0F5C2460DA4ABE3F8726DB"
2004,920,,TRUE,"0697394945D0C4FA66BC81A948AD5C35E4D0D0669E0F5C2460DA4ABE3F8726DB"
2004,921,,TRUE,"0697394945D0C4FA66BC81A948AD5C35E4D0D0669E0F5C2460DA4ABE3F8726DB"
2004,922,,TRUE,"0697394945D0C4FA66BC81A948AD5C35E4D0D0669E0F5C2460DA4ABE3F8726DB"
2004,923,,TRUE,"0697394945D0C4FA66BC81A948AD5C35E4D0D0669E0F5C2460DA4ABE3F8726DB"
2004,924,,TRUE,"0697394945D0C4FA66BC81A948AD5C35E4D0D0669E0F5C2460DA4ABE3F8726DB"
2004,925,,TRUE,"0697394945D0C4FA66BC81A948AD5C35E4D0D0669E0F5C2460DA4ABE3F8726DB"
2004,926,,TRUE,"0697394945D0C4FA66BC81A948AD5C35E4D0D0669E0F5C2460DA4ABE3F8726DB"
2004,927,,TRUE,"0697394945D0C4FA66BC81A948AD5C35E4D0D0669E0F5C2460DA4ABE3F8726DB"
2004,928,,TRUE,"0697394945D0C4FA66BC81A948AD5C35E4D0D0669E0F5C2460DA4ABE3F8726DB"
2004,929,,TRUE,"0697394945D0C4FA66BC81A948AD5C35E4D0D0669E0F5C2460DA4ABE3F8726DB"
2004,930,,TRUE,"0697394945D0C4FA66BC81A948AD5C35E4D0D0669E0F5C2460DA4ABE3F8726DB"
2004,931,,TRUE,"0697394945D0C4FA66BC81A948AD5C35E4D0D0669E0F5C2460DA4ABE3F8726DB"
2004,932,,TRUE,"0697394945D0C4FA66BC81A948AD5C35E4D0D0669E0F5C2460DA4ABE3F8726DB"
2004,933,,TRUE,"0697394945D0C4FA66BC81A948AD5C35E4D0D0669E0F5C2460DA4ABE3F8726DB"
2004,934,,TRUE,"0697394945D0C4FA66BC81A948AD5C35E4D0D0669E0F5C2460DA4ABE3F8726DB"
2004,935,,TRUE,"0697394945D0C4FA66BC81A948AD5C35E4D0D0669E0F5C2460DA4ABE3F8726DB"
2004,936,,TRUE,"0697394945D0C4FA66BC81A948AD5C35E4D0D0669E0F5C2460DA4ABE3F8726DB"
2004,937,,TRUE,"0697394945D0C4FA66BC81A948AD5C35E4D0D0669E0F5C2460DA4ABE3F8726DB"
2004,938,,TRUE,"0697394945D0C4FA66BC81A948AD5C35E4D0D0669E0F5C2460DA4ABE3F8726DB"
2004,939,,TRUE,"0697394945D0C4FA66BC81A948AD5C35E4D0D0669E0F5C2460DA4ABE3F8726DB"
2004,940,,TRUE,"0697394945D0C4FA66BC81A948AD5C35E4D0D0669E0F5C2460DA4ABE3F8726DB"
2004,941,,TRUE,"0697394945D0C4FA66BC81A948AD5C35E4D0D0669E0F5C2460DA4ABE3F8726DB"
2004,942,,TRUE,"0697394945D0C4FA66BC81A948AD5C35E4D0D0669E0F5C2460DA4ABE3F8726DB"
2004,943,,TRUE,"0697394945D0C4FA66BC81A948AD5C35E4D0D0669E0F5C2460DA4ABE3F8726DB"
2004,944,,TRUE,"0697394945D0C4FA66BC81A948AD5C35E4D0D0669E0F5C2460DA4ABE3F8726DB"
2004,945,,TRUE,"0697394945D0C4FA66BC81A948AD5C35E4D0D0669E0F5C2460DA4ABE3F8726DB"
2004,946,,TRUE,"0697394945D0C4FA66BC81A948AD5C35E4D0D0669E0F5C2460DA4ABE3F8726DB"
2004,947,,TRUE,"0697394945D0C4FA66BC81A948AD5C35E4D0D0669E0F5C2460DA4ABE3F8726DB"
2004,948,,TRUE,"0697394945D0C4FA66BC81A948AD5C35E4D0D0669E0F5C2460DA4ABE3F8726DB"
2004,949,,TRUE,"0697394945D0C4FA66BC81A948AD5C35E4D0D0669E0F5C2460DA4ABE3F8726DB"
2004,950,,TRUE,"0697394945D0C4FA66BC81A948AD5C35E4D0D0669E0F5C2460DA4ABE3F8726DB"
2004,951,,TRUE,"0697394945D0C4FA66BC81A948AD5C35E4D0D0669E0F5C2460DA4ABE3F8726DB"
2004,952,,TRUE,"0697394945D0C4FA66BC81A948AD5C35E4D0D0669E0F5C2460DA4ABE3F8726DB"
2004,953,,TRUE,"0697394945D0C4FA66BC81A948AD5C35E4D0D0669E0F5C2460DA4ABE3F8726DB"
2004,954,,TRUE,"0697394945D0C4FA66BC81A948AD5C35E4D0D0669E0F5C2460DA4ABE3F8726DB"
2004,955,,TRUE,"0697394945D0C4FA66BC81A948AD5C35E4D0D0669E0F5C2460DA4ABE3F8726DB"
2004,956,,TRUE,"0697394945D0C4FA66BC81A948AD5C35E4D0D0669E0F5C2460DA4ABE3F8726DB"
2004,957,,TRUE,"0697394945D0C4FA66BC81A948AD5C35E4D0D0669E0F5C2460DA4ABE3F8726DB"
2004,958,,TRUE,"0697394945D0C4FA66BC81A948AD5C35E4D0D0669E0F5C2460DA4ABE3F8726DB"
2004,959,,TRUE,"0697394945D0C4FA66BC81A948AD5C35E4D0D0669E0F5C2460DA4ABE3F8726DB"
2004,960,,TRUE,"0697394945D0C4FA66BC81A948AD5C35E4D0D0669E0F5C2460DA4ABE3F8726DB"
2004,961,,TRUE,"0697394945D0C4FA66BC81A948AD5C35E4D0D0669E0F5C2460DA4ABE3F8726DB"
2004,962,,TRUE,"0697394945D0C4FA66BC81A948AD5C35E4D0D0669E0F5C2460DA4ABE3F8726DB"
2004,963,,TRUE,"0697394945D0C4FA66BC81A948AD5C35E4D0D0669E0F5C2460DA4ABE3F8726DB"
2004,964,,TRUE,"0697394945D0C4FA66BC81A948AD5C35E4D0D0669E0F5C2460DA4ABE3F8726DB"
2004,965,,TRUE,"0697394945D0C4FA66BC81A948AD5C35E4D0D0669E0F5C2460DA4ABE3F8726DB"
2004,966,,TRUE,"0697394945D0C4FA66BC81A948AD5C35E4D0D0669E0F5C2460DA4ABE3F8726DB"
2004,967,,TRUE,"0697394945D0C4FA66BC81A948AD5C35E4D0D0669E0F5C2460DA4ABE3F8726DB"
2004,968,,TRUE,"0697394945D0C4FA66BC81A948AD5C35E4D0D0669E0F5C2460DA4ABE3F8726DB"
2004,969,,TRUE,"0697394945D0C4FA66BC81A948AD5C35E4D0D0669E0F5C2460DA4ABE3F8726DB"
2004,970,,TRUE,"0697394945D0C4FA66BC81A948AD5C35E4D0D0669E0F5C2460DA4ABE3F8726DB"
2004,971,,TRUE,"0697394945D0C4FA66BC81A948AD5C35E4D0D0669E0F5C2460DA4ABE3F8726DB"
2004,972,,TRUE,"0697394945D0C4FA66BC81A948AD5C35E4D0D0669E0F5C2460DA4ABE3F8726DB"
2004,973,,TRUE,"0697394945D0C4FA66BC81A948AD5C35E4D0D0669E0F5C2460DA4ABE3F8726DB"
2004,974,,TRUE,"0697394945D0C4FA66BC81A948AD5C35E4D0D0669E0F5C2460DA4ABE3F8726DB"
2004,975,,TRUE,"0697394945D0C4FA66BC81A948AD5C35E4D0D0669E0F5C2460DA4ABE3F8726DB"
2004,976,,TRUE,"0697394945D0C4FA66BC81A948AD5C35E4D0D0669E0F5C2460DA4ABE3F8726DB"
2004,977,,TRUE,"0697394945D0C4FA66BC81A948AD5C35E4D0D0669E0F5C2460DA4ABE3F8726DB"
2004,978,,TRUE,"0697394945D0C4FA66BC81A948AD5C35E4D0D0669E0F5C2460DA4ABE3F8726DB"
2004,979,,TRUE,"0697394945D0C4FA66BC81A948AD5C35E4D0D0669E0F5C2460DA4ABE3F8726DB"
2004,980,,TRUE,"0697394945D0C4FA66BC81A948AD5C35E4D0D0669E0F5C2460DA4ABE3F8726DB"
2004,981,,TRUE,"0697394945D0C4FA66BC81A948AD5C35E4D0D0669E0F5C2460DA4ABE3F8726DB"
2004,982,,TRUE,"0697394945D0C4FA66BC81A948AD5C35E4D0D0669E0F5C2460DA4ABE3F8726DB"
2004,983,,TRUE,"0697394945D0C4FA66BC81A948AD5C35E4D0D0669E0F5C2460DA4ABE3F8726DB"
2004,984,,TRUE,"0697394945D0C4FA66BC81A948AD5C35E4D0D0669E0F5C2460DA4ABE3F8726DB"
2004,985,,TRUE,"0697394945D0C4FA66BC81A948AD5C35E4D0D0669E0F5C2460DA4ABE3F8726DB"
2004,986,,TRUE,"0697394945D0C4FA66BC81A948AD5C35E4D0D0669E0F5C2460DA4ABE3F8726DB"
2004,987,,TRUE,"0697394945D0C4FA66BC81A948AD5C35E4D0D0669E0F5C2460DA4ABE3F8726DB"
2004,988,,TRUE,"0697394945D0C4FA66BC81A948AD5C35E4D0D0669E0F5C2460DA4ABE3F8726DB"
2004,989,,TRUE,"0697394945D0C4FA66BC81A948AD5C35E4D0D0669E0F5C2460DA4ABE3F8726DB"
2004,990,,TRUE,"0697394945D0C4FA66BC81A948AD5C35E4D0D0669E0F5C2460DA4ABE3F8726DB"
2004,991,,TRUE,"0697394945D0C4FA66BC81A948AD5C35E4D0D0669E0F5C2460DA4ABE3F8726DB"
2004,992,,TRUE,"0697394945D0C4FA66BC81A948AD5C35E4D0D0669E0F5C2460DA4ABE3F8726DB"
2004,993,,TRUE,"0697394945D0C4FA66BC81A948AD5C35E4D0D0669E0F5C2460DA4ABE3F8726DB"
2004,994,,TRUE,"0697394945D0C4FA66BC81A948AD5C35E4D0D0669E0F5C2460DA4ABE3F8726DB"
2004,995,,TRUE,"0697394945D0C4FA66BC81A948AD5C35E4D0D0669E0F5C2460DA4ABE3F8726DB"
2004,996,,TRUE,"0697394945D0C4FA66BC81A948AD5C35E4D0D0669E0F5C2460DA4ABE3F8726DB"
2004,997,,TRUE,"0697394945D0C4FA66BC81A948AD5C35E4D0D0669E0F5C2460DA4ABE3F8726DB"
2004,998,,TRUE,"0697394945D0C4FA66BC81A948AD5C35E4D0D0669E0F5C2460DA4ABE3F8726DB"
2004,999,,TRUE,"0697394945D0C4FA66BC81A948AD5C35E4D0D0669E0F5C2460DA4ABE3F8726DB"
2004,1000,,TRUE,"0697394945D0C4FA66BC81A948AD5C35E4D0D0669E0F5C2460DA4ABE3F8726DB"
2012,1,20280832,FALSE,"D01C04F9B74EAD0A01701297ECEBDE636CFB89CCFC38D549783F776791732F29"
2012,2,20280833,FALSE,"430C68E8C81AABD72EEAC0B0201A01B8EA2491B26E03DB7C9558BEF26759DDB4"
2012,3,20280834,FALSE,"3D96A44F154B5EBDEA5316BD336CD55AE055689864FF0C3937800F679D427433"
2012,4,20280835,FALSE,"7AD5D7492C5D3F01DDD411D6F06976A8E7A799772AAF5D1A6FFF22AB97ABEB62"
2012,5,20280836,FALSE,"269AEE4CA9DA53A7AF613922C173D5FB73E9CF4DEB83D86084E30F83B031D077"
2012,6,20280837,FALSE,"D380DE280E2C407F1CE7CB564C5172188C86061CB42E72B0839B3A2A936BB09A"
2012,7,20280838,FALSE,"B009B21ABA19AC7AE6683B8ED438DA89F0718654C79A91DF2E3E3C622D1877A9"
2012,8,20280839,FALSE,"D9B621C28841626B7BCB241E8759E3F0901C5C57B7BA5BE6313335800BCDE451"
2012,9,20280840,FALSE,"4CB80FCC551C7E997A4EC3EE8748246C78916E8CEC7E8CB6BAD361224FE741F3"
2012,10,20280841,FALSE,"0D64A0B130FAABABE172E19E552AD24EA54D51B1880B39A9BC2AF00A353EF4D2"
2012,11,20280842,FALSE,"9C722EE9C533CB5408AB85CD0B811F37F6FC815EBE9AF2426C4415460320EE14"
2012,12,20280843,FALSE,"AF7FB89D9C350397339173F9A4FE535428AFD74F37B2E6883E3EB1C83844FDAB"
2012,13,20280844,FALSE,"74A5BF1C679ACDCFE4F0CA1152E836130210600FAE402D3900E73F2774878522"
2012,14,20280845,FALSE,"A6998193646F77FEE13B3359C36C3754E539D86F07C5EC4FDBD28ED4F896FA22"
2012,15,20280846,FALSE,"79CA1673914B3D71807462455987358BBD9494331C1B80DE1E793A97D1567457"
2012,16,20280847,FALSE,"491BADD66E5EF05BDA673922C3C030DD420A2247E84A7CF4CCA1CA2610A77F0A"
2012,17,20280848,FALSE,"CAEACA9AA92C87836E8D2F9B1098B4E2D18B4960CBECEED68C4D79B0F266CA65"
2012,18,20280849,FALSE,"B5F5F3988A798DE01A6B46DB45DD3B510A502277053A21BFD19858025127A6B5"
2012,19,20280850,FALSE,"6DCD361C0D107025541D87BD1F64C0C96D3EDD3DF932F277D73A9779D0663472"
2012,20,20280851,FALSE,"50C507E938DB94683E723B09FB190A2129CDCCECAA6BDD7C3CE55FFD267D33E1"
2012,21,20280852,FALSE,"60CD460A4D6EF598ECD4530B72EA3BD15FDA09EE4BAB2E1B4070A1FF349534F2"
2012,22,20280853,FALSE,"EE60381B02E8C2C4C3A47C8EDE7323DE290AF026110C6124DB2608CAB6004163"
2012,23,20280854,FALSE,"2A92DBB0BCAB2ACC0904FF9CDBD19964371D4B7654A0BB68E475A0B496086064"
2012,24,20280855,FALSE,"DB2C1DE912423D420F13ACD9C4E8215E87E2CB647F80219C71178E0C0791BE9E"
2012,25,20280856,FALSE,"EFAA01709EC264E588D6627973159655454E9A6CE50A2BB93BD2866E35E9EBB9"
2012,26,20280857,FALSE,"36ECE881D2974082F649430C761C9F5A6E0DC6AFEED4E3ABE5882795F21FC54D"
2012,27,20280858,FALSE,"82E8399E41F50C9A83E8C02D100249E80812DFF94699080BA555019B977F8614"
2012,28,20280859,FALSE,"B84B4EE2C37953EA2AEE2FCD05C4241CB655A6BD5758AA1E2869D79595960AE5"
2012,29,20280860,FALSE,"2DAD52EF4D01954FC177ADA58B4E34534907A393B1BDC6AE9BE7F442AA6DA2BD"
2012,30,20280861,FALSE,"E4EE77D43817E09D2DB0BDA6044B46D0298A99A0C04F01D655766540BDE991FF"
2012,31,20280862,FALSE,"CF85E1ADD9DF2D91F0EA5FC3075DF4D2896E9CD62D36F950F017BA86CECC9F1B"
2012,32,20280863,FALSE,"61799AD804B593B5C8AE46FA2C3188CB638AB9AFE52D92F2B347491B46F2BA6D"
2012,33,20280864,FALSE,"C231BF1E95963A83B7563F0EA1A4012231F2485BB632272F551B252D342BF0D6"
2012,34,20280865,FALSE,"5812F9F060D26ACAF7D7A61E9AEDD00ADC0C0F86B915CDDD5C55181A06D000E6"
2012,35,20280866,FALSE,"4512FCF214EEC3373B705B44E319896A9068C85D9A75ECFC6C3A70B56E769820"
2012,36,20280867,FALSE,"D3C5F9D3ACC241934B682E9BB04BA8066B94ADDB409FC3ABA4623CC0C5B8E376"
2012,37,20280868,FALSE,"CD6CA38A519311928FB22E25CBE0E1DE6FC0B298FDF79FEDA105A0534B347C44"
2012,38,20280869,FALSE,"E04035B00A91B76FE9C7D7F54B9737D56C0B1592C89845EEE9AED47A0C03AE7B"
2012,39,20280870,FALSE,"B5568C314F9773FF6177C6634D3A0F2079BAE6CD0C35A7FA1A0BDCEE9B9FE915"
2012,40,20280871,FALSE,"FE60E93187956ABB5FCE0FC6509DEAC08D91738B15E96AA9F80A999D3732E135"
2012,41,20280872,FALSE,"0A485EB19B59E87300F2F936FA055C34E01A9BAC40FEBB8804F5DC61E6FF413E"
2012,42,20280873,FALSE,"1CD1C40D173A2AD3A2BE1FD9D6ADD30D710DCD86418F2109975E2FAE3FFAF945"
2012,43,20280874,FALSE,"40416D601E835BCB94D5CB96488E081DB407CDE14FD846EADF8F7EEA44068F4C"
2012,44,20280875,FALSE,"EC95667FD58A00B409B8D43EE4D6D4C943182E5160BAA9607DE16C472E5979D5"
2012,45,20280876,FALSE,"9203AAD5B113C4322D2F77A80842FA24BE2C58A6BAEB681A360E18A22AA54418"
2012,46,20280877,FALSE,"C6E2A17504798A2AB5C2E45D2B45C4579E7A021B95A3BE20701437834C23A3EF"
2012,47,20280878,FALSE,"1020720582E8FAE8EF4F5A6939D73AA949FFCD25ADAB3BE5C93719AF565FC3BA"
2012,48,20280879,FALSE,"6CCCA64A9C353D952A9C9F698E2118CA9CB7A861BBA8B074CD2072FCF94E00CB"
2012,49,20280880,FALSE,"7C214347FE7C3841EA797CA27AD8F359B131B9CE83A25DD7D542F2DF5F30E90F"
2012,50,20280881,FALSE,"5A3F016FF422DBCF84C3B8C8D7C37F87609B59E787DCA2ACCCA0C51A9FA00770"
2012,51,20280882,FALSE,"97DC42CCBA74702228FCB6219FD878BFBCCFE56D53CFFF8F26EAFEA138A4C0BF"
2012,52,20280883,FALSE,"EFBFF6136334979C323D8C073647E0DBBD0B42B2A30AFDC309B07B8DB908ACBC"
2012,53,20280884,FALSE,"10007FFA3B5D07FC78151B24D9495CEA68C7201DE72E1E4DE1EDBC99A094BA84"
2012,54,20280885,FALSE,"23DCDB4882F797D4447DE2707746E9F3E611449E8A7AA19EE13AED728420E32E"
2012,55,20280886,FALSE,"303456D848D73A6FC4EA6136EFDBD561C25C3D722A29876BF39F6E8FDA7007E3"
2012,56,20280887,FALSE,"E21A0B64D71019B7D68D51BA07A5A018C71DAF692013C9D9C5F6E7310CB59B38"
2012,57,20280888,FALSE,"951C8F4F439CFCCA2527CD78BBE3822E8FB3D9ED4CC70C9A07A95037F5B25DB0"
2012,58,20280889,FALSE,"00C155E8EE92308141CBC0C1BD299FDBB74258803AF0912416F488210DB3EE42"
2012,59,20280890,FALSE,"24D51066A98BBAEB7FED06BA9508367B9EECBB36424C59833F84579E09CB96D5"
2012,60,20280891,FALSE,"34393BC0D7684D27E2DE4C4170831FFAA715622EBD4C7D7BA309D29F9C4483D2"
2012,61,20280892,FALSE,"33B30A46581FD5FC15A659A908C1F9135A2BAA5098E00D81BCE971112B89C00D"
2012,62,20280893,FALSE,"D0BFBD869FCF4B072D038135B8A9B144D8CCF702A011EBC72E0D38C30DC2B734"
2012,63,20280894,FALSE,"0713B746770943AE14C4CD9CB345F23337AF27BA9A078A4430E59CDA59F15080"
2012,64,20280895,FALSE,"A9E46491FB2D26FA3730AD352DF1D9D2887FF99FB81B1DFF09A7946482763F26"
2012,65,20280896,FALSE,"2F377C68EB4646186CC577A25E50C6ABBC3115F6F6EE2F7CEEDD990779997C47"
2012,66,20280897,FALSE,"E914D282907DB4E612B5E41CF5C18200658F6E2B2B0A94EE53AF0223B656D4F2"
2012,67,20280898,FALSE,"D6A193ED580C4F17E983F9A5470BDDFFE71DA691FCE87BA9F47C84B43305B264"
2012,68,20280899,FALSE,"560FD5E83E2B6BA9024722AFB79533626496593BF7A9D294097C95B7DD552BF1"
2012,69,20280900,FALSE,"37AC1C4122E7E705B4CCAA3AB5F4FEC4A024E9CC64B5EEB91CF6300947C9D8F2"
2012,70,20280901,FALSE,"47FD78816C6E283795C26D84F603A6A3DBB6A277562CF87448AB278F9C67969D"
2012,71,20280902,FALSE,"40185215109AE5C0B26EC12597A80060E0868755BECB1945B1C8164C22A8AE16"
2012,72,20280903,FALSE,"095ED6EBDB5AD6D1016FCEBC2354853D1990B5F370ABD80613985A7A1D147FC0"
2012,73,20280904,FALSE,"E8C3CEB49B98FA4BC4443E4AD73E26F7A96C25247AE15D081A7E0DC1B0CEFEE6"
2012,74,20280905,FALSE,"46A3524047D90B99BD55D702F8A6B9CB8435663EC65A23A46BDAE5AAFC27D812"
2012,75,20280906,FALSE,"12048AA01D3E0402F4F8A8D87F384602053DCE5396A5D0DDB177621EAFECE49C"
2012,76,20280907,FALSE,"26FD4D50FE7747EDE96A89E80B6BBA050122D0DDF72AE353A7A0929F80A86C5F"
2012,77,20280908,FALSE,"941E37C80B131EAB48C71696B9BF0459E65DDA01C2E443B560F4F817B7A88FAF"
2012,78,20280909,FALSE,"19ACCA5D6F32F273827B0A037E5776A0E0F62D4EFC6DB6B739FD583FFA5BB250"
2012,79,20280910,FALSE,"6DFA1BE78DD178E460C34212EBB763346F14244B6F26B9FBE944DF22E027E0F5"
2012,80,20280911,FALSE,"E9C48E8FAEEE811586FDE8AB959367B60BBBCFA447F48DA3B30F9064EFD66D9F"
2012,81,20280912,FALSE,"13F0112D9E9774A9CC1FD000BF177CC8A24AD1AD0C44F85F51FA4BB04EDB377B"
2012,82,20280913,FALSE,"298FCFF4476A90AA1BD0B3A0E38C64BEA2A2670264B0914F9904E5E503F3A0B1"
2012,83,20280914,FALSE,"E1A28D11478E5FEA8C9F4B6E67CA12DAB77802F9FB2EC73427772AF230B38141"
2012,84,20280915,FALSE,"E661EDB5878D85A65591F089A46834052913D4A2BA8E00A8A2F5E80B55078F8C"
2012,85,20280916,FALSE,"E1516AC64F41DF9820FA061FFA3A70D25A006314E354894FC11FC7C4310CBCE0"
2012,86,20280917,FALSE,"216242643A5E12A27746545F48C495C7FF91ADBE033F140A9FE5665221457064"
2012,87,20280918,FALSE,"7477CA6DEB141D06535F638787B49DCA63140F1A82439C386394CAB069BAB825"
2012,88,20280919,FALSE,"CEAB11E3E59F3CE55033384151719BB4FC86AEC18852F78DEAB1D660855B3EE8"
2012,89,20280920,FALSE,"043F2D9BB28178652EC3D36E24C566141701F975C53293C70192FB7D32C8AC44"
2012,90,20280921,FALSE,"F4E1B36753EF041347DB00A627536C07DBBC5932A835F1D03276F7C75EDEF066"
2012,91,20280922,FALSE,"CE39A801A79181DBD8D24B0FEDCD381D9879F60016AC9D119CF33C14B18F3D53"
2012,92,20280923,FALSE,"6DEC75B45D289D094CB4F35A0DD2CAA3EFD978D3E1E4EAD4E331B09FDE9E7FE1"
2012,93,20280924,FALSE,"B1197C937A2FB3E477F18D2718209C1A622B213BC2C68F9474787CC420D080DA"
2012,94,20280925,FALSE,"3915219B797B285123BC9433348FCB87D1A46C1A59C0129098D30D2309571508"
2012,95,20280926,FALSE,"58B0669C9A6EF5FFEDDF48D84BCFAEDE1F435C7119B824477C30632DF0502703"
2012,96,20280927,FALSE,"0820D43C913A5E81AE912BB488A05830B7B20A3A06B7972F6B01C57966F39ADD"
2012,97,20280928,FALSE,"3F3CD452001B3E54E214CE45357C4845D239EBCF7C5E463451ECAC5B9549E3EB"
2012,98,20280929,FALSE,"9752E8167104959D425CE87DC436D8AC6EE9E48C607FD852264993A33670D467"
2012,99,20280930,FALSE,"D4731DB25FEB457C870D687B5AAA6850DFEF750411ACAF603A5F7B1C8F50D0F1"
2012,100,20280931,FALSE,"AFCA38D1D77D32802C809B515E82E389997FDAAE708B5E3513EE0E22FD50D568"
2012,101,20280932,FALSE,"032E5B23050BBE28F7844D9B0E3A1BCEFB954A84103400CE9DD9039E86568B8C"
2012,102,20280933,FALSE,"63BA64000AF912D597402CA31E7701E792D78D03E5A30511A1935EA720C7740A"
2012,103,20280934,FALSE,"D22A797950B8BDEC203B408E586D856B7DDC6E0153695D6F2FB39FA4B5C81BB1"
2012,104,20280935,FALSE,"172FA1498972E7037B45A817DE1F8F5317B63B95244C4351A04A3E39DB23C4F7"
2012,105,20280936,FALSE,"33A2C29485FD671B622705D2922D206944B500D71208890E0CA4EECADD832139"
2012,106,20280937,FALSE,"7BBD71A87D26DBD1F2116F7A272D2DBBD086A732261DDA30EAAEE7E0FBC391A9"
2012,107,20280938,FALSE,"D16C2274D03C3CE1DF292742CFDA6B509B3EE636AB63570293B2F42D10A6C52A"
2012,108,20280939,FALSE,"6F22C80CC33AEC154D2D83E4E6B3FACE9C2277FC41736E077237AEF0F1AC29A7"
2012,109,20280940,FALSE,"412A9CEF6F728BD7C284001997C0B933FA0877130CBDDE8BB3C50FAE224E7CD3"
2012,110,20280941,FALSE,"4DFB35694148D2D0A7E41BB46DD41125A6AA06F400FC7625F798EC81BC15FE32"
2012,111,20280942,FALSE,"796B3A1B39BCE3D2568A42F7736A5F192BAFD4AA34FA15023C14E135BD73BA49"
2012,112,20280943,FALSE,"2A5C0EC053D90CA4AC6CA44D708014786F2881EC6157337F4FCA76ADFDC20C4C"
2012,113,20280944,FALSE,"DBDE3395A7A481EB98DE5DDDAD15539F4EF04B88612BA260979C805E13750604"
2012,114,20280945,FALSE,"4AE9E0CBECB2C8B7B8CFCC8F52E84A8B904CB7D4D185C335E117D7BB2F3EEF81"
2012,115,20280946,FALSE,"368045746C292ABC2862C79DFCC1C7FB62D1335B4C77B13B318ADB1CA11DA66D"
2012,116,20280947,FALSE,"2A14CCBB61DA170737B6797AA0B968BBE093CA3CEF86AD1DC1FE3EA59E294CCB"
2012,117,20280948,FALSE,"925EA22109444C26D92477225B94D3A08287109A5C336B0C06793FCBFC5A5573"
2012,118,20280949,FALSE,"7DC30A91319B435E1F806A322C1344D68C35A0341701C481D5A071C86750C330"
2012,119,20280950,FALSE,"F08830AE8C1AB6B7104D99416E5369B129791A36F39F3C8D1B9EDE7494CD0961"
2012,120,20280951,FALSE,"6F20319DD3EB1D250C790B2C268362C804A78516F951FB501F16D4A2FB5BD568"
2012,121,20280952,FALSE,"9EC282A2AF255BF03DCFBDABD27312F6D5AB8BFF75E4BC5DB7FDC51605958038"
2012,122,20280953,FALSE,"323278F07042D81025DD897D483A1200ACE1A266FDF15FE8ABE944B268883113"
2012,123,20280954,FALSE,"7C62EAAFC9416A67A2C34686B377D8BEC0E163EA1034F7A1E2AD12BD0553F922"
2012,124,20280955,FALSE,"4C05E958B17450FABE83F1093CF1AD73B5079260B5E5F27DA2B2A48E48763ABB"
2012,125,20280956,FALSE,"A09BF435A8A64CFEFDB656BE30816D752348376716AF9A537437F58EE30D0F9D"
2012,126,20280957,FALSE,"F6A9E236DF805A1B3F5FBC60E195DC2EFF38DC67204730F7D6477E0761032BE7"
2012,127,20280958,FALSE,"197D77F40F37D9F6138A5351A9AED30E2F0356054C064FB726B58B0556EE4CCC"
2012,128,20280959,FALSE,"443A4AAE13A92386C9EEF3EF0F4AC54646B7C0DB8ECAE3B422D52CB7F069A47D"
2012,129,20280960,FALSE,"F9C02160F06FF80B05639603DB2B987CD79DAA7341EF8830C86804660ED30A47"
2012,130,20280961,FALSE,"154D28FD79A0E1D5540C0E754023942E1038A90582F7B161044A580D7A530CDA"
2012,131,20280962,FALSE,"13FD98E2EDAA93036923AE40F7C0A6EA4891D2F9D7B036235082E0172836441A"
2012,132,20280963,FALSE,"FCD594A3831902130476E5545C3D861B68045A584AACDBFE350255160C4E243E"
2012,133,20280964,FALSE,"8134CF150EB35AFA545E157C403C0B1E33540AA351075BC6D5CC912F3FFB7A1D"
2012,134,20280965,FALSE,"3768A2072CF59B8E84124FCC9ADCCED6183D6EB226794F0C593591569F3C8D7C"
2012,135,20280966,FALSE,"FD3EEE0F0CC92A307F54CA416B91B1D6C6C82955173DC79A7F2B88C42C10B8D2"
2012,136,20280967,FALSE,"F63CB1B45E89B06DF75273FDD20FFD196A2C8C5C909C1948634EBB57268DB750"
2012,137,20280968,FALSE,"18C6F9EC16F98A7B4F13105EAE38312D4376B4AE7B67E9BC9F36223A4243B6A4"
2012,138,20280969,FALSE,"B1E42DBE49C78EB00DDC826F3300C4FE75E2C2D7171E5C133631EF4D4A0B1C4B"
2012,139,20280970,FALSE,"2230748B6094B4B81C803FCC5440F2E56EE65A93D28481E1DB0D41FE8BAD17A2"
2012,140,20280971,FALSE,"05A7B84E4874892D0BF94CA433BC59C79F805275561D59AB37DD849FA73D1A11"
2012,141,20280972,FALSE,"5489FF9CB9FA37D514F5CC019258FCC8D84C1C405489120C58C56F269C7CE18B"
2012,142,20280973,FALSE,"3E66F6D36980A1838A1CB0B3BBB9E3EB864093A846FF31DCE73F31B5882317F3"
2012,143,20280974,FALSE,"EEE9FC42FA28BE477EDE3B66F533C29922695AA1E65B97217DA64F7A8B7DC58F"
2012,144,20280975,FALSE,"045AA12A6809C1B38BD47D2B1754AAA1C33E2DD06715CE1498A8689FBE4FFA92"
2012,145,20280976,FALSE,"C77E72FDFD5CB00147103EBE305525ACF3828A4DD3D83208C8BEC40CB749EB37"
2012,146,20280977,FALSE,"81F2593059CB93D3FCC3446092512BE27474FA37501587E432AC5AFECA646DA3"
2012,147,20280978,FALSE,"6655F646CC080174EDDF44E8AA3C8A2D4BE63D899F43C2B63BCBADF16530215F"
2012,148,20280979,FALSE,"EA1685EE8F789D6AEE605A71A75EE03AF0B56D3AE9BBD132632C7D0CACBBF0FF"
2012,149,20280980,FALSE,"ABB3835A80E6C9923EB38C659F9ACF802FFD22805CC36868C7AE014FC4FEA7BE"
2012,150,20280981,FALSE,"6C98A68324243709FD02827BF05EA1FE40F19DE9DA7093E3FEE5EF784E3D636D"
2012,151,20280982,FALSE,"0BB99193974934B7BC1162A2AF3EA3E181B0C4365D5AD72A398E2A9B5B59150C"
2012,152,20280983,FALSE,"935D376FE23D41D3C5441D85F640B0D543E966D1488B17BB53FEF8A3C7F17E63"
2012,153,20280984,FALSE,"BA27A25B4D2219AC5A1116BD1BE2553CBB93426328422248462DF81F2DEB01F5"
2012,154,20280985,FALSE,"A0676512053FE4C500332EFDACA1CFA357D21914C76652D822ED8AA2E0F25E0B"
2012,155,20280986,FALSE,"365A8C9C2E12C7AABFA0A202012E6D66B17EDD262A2738CB7FC6D608BAAB9C97"
2012,156,20280987,FALSE,"47C827FF52C4D44005BA9D6A57D2FB82D3D3430224446741B0E0500E539A8017"
2012,157,20280988,FALSE,"864C022FAA9F9BFE38E21B7E324D884CA011953E518EC26F82E9F60F73246D36"
2012,158,20280989,FALSE,"A2D4AD6DACC058CFF3408A44A6A03835AAA46703BB44FDAE0943834EFCB13B50"
2012,159,20280990,FALSE,"CC6CFBDD033223B6F631C5C3C8772111ACEAFF895B34C23D5C7D30F17DFCFF4B"
2012,160,20280991,FALSE,"98CAC7AED301FE7783546C2E7A3333A2D49EE9E7EE515076203B43B4F22C1DBD"
2012,161,20280992,FALSE,"2EDF3351EF9A12752C5F9C46DAE97F4D92BAB3A567AADC477EE664CADA38D92B"
2012,162,20280993,FALSE,"F464B65961793A70D4227745CDA6AED518F83E4482F01513E804A4EE87E5FED3"
2012,163,20280994,FALSE,"EB08C9DDEC0E673E0A504D911609B2BBA9D13DB88ED6395A3E7A898B363E14CE"
2012,164,20280995,FALSE,"DF56EF735D121D1DD34B7EE908FC6C6A11A2F8CB95BA21EE31ED14121ABC3155"
2012,165,20280996,FALSE,"A09596C7F530D7343E507D3E85679E14E94B36847EFED293D32F5ECCC2DB073A"
2012,166,20280997,FALSE,"E69A1C146B76D7AD703E0FF09709A624EF8D5F038C36D87180B25595929ACA17"
2012,167,20280998,FALSE,"7C6F230A2F191FDADB70E63A2C95828F75C82018C4A724325CC6DCB128B07CF2"
2012,168,20280999,FALSE,"C2AC19E23B215F4CDC118971B93274C7B16020EFDF6FF46A1BD0D64B7DE49EC1"
2012,169,20281000,FALSE,"62B2B991BE42D98D19348C2D5AFACC187193EB2DA14034EC67596AE167838D59"
2012,170,20281001,FALSE,"CACD2C74E06CD28118C30509B74B0702939F96229FF3152D51C4561000809655"
2012,171,20281002,FALSE,"CF6AD2563D48D544318C6406B3783CB931AC6399A437CA3C1F4E2D52794CC05C"
2012,172,20281003,FALSE,"C3CC2EBA136FF9AE708FBCF95F9F01C063F463DCFB07275148CFDCF1F75CD95B"
2012,173,20281004,FALSE,"EEBF6BAFDF3227AA429700603F6FEDBA2454F597DBFF247698C83204C3BC0E8C"
2012,174,20281005,FALSE,"7E32ADDD76399D55FB21342046EC93E11EB0A143BC466E55076EDD6CC5BD8DB6"
2012,175,20281006,FALSE,"033B196E10F08A027CCF456F4DA276E392334364A622572E2756E62121300FB5"
2012,176,20281007,FALSE,"EBDF991E147702AA91883CFD7448F41FE9AA93A275ECAE645C53A33A451FB1E4"
2012,177,20281008,FALSE,"7B6A623EB0DBDCB3FE37A2A2D686046D1EBDA795022CD39FBF0FCF3DC8456B94"
2012,178,20281009,FALSE,"4BB75D817C84FF999A2664285CAC1E6734A39109FAAF07A26D3F0AACC3E8BD79"
2012,179,20281010,FALSE,"DE4551BAB0C50D0ADE504E34987CB2FCDC0DC484DBF6196148232CEB238687B1"
2012,180,20281011,FALSE,"A163456D0FEA5C28B3001BF61C1FC1BC0AFD3EEF3F298608BCD616B01660FAB6"
2012,181,20281012,FALSE,"970E1E6CEBE56CB9F33CF06C146D99CCE038CB53D59DD0AF8F6B3874ED6F5F76"
2012,182,20281013,FALSE,"6C70FC8E94FC28323E2314A1578302B9A929A1D920C70D81C6F98EB2162F3D88"
2012,183,20281014,FALSE,"4352207282B662C5C1879AD6E1A5928E01749848FD49D67DC013163C5921A608"
2012,184,20281015,FALSE,"550BCC46011CDFA14B3A8F0F44B960E8F036FFBB8433B804C56AC5476E3EA5AE"
2012,185,20281016,FALSE,"7C2AF8D937A03B42F48C2A8D19D07A04E625DEF222B5C94640EC3B3BA3280989"
2012,186,20281017,FALSE,"ABFEE2FA6525E3AE52BA1B0F2A6E093FF794215D3285AC8C67962E543E4BE0C8"
2012,187,20281018,FALSE,"6D4BF42B4F94F000C812E6A66860B62E33ED364FDAF98346DE0117214836B588"
2012,188,20281019,FALSE,"B833499A84D14739EF0450105773EE9F9EDD42B3A607A3FF462B6167BAF6C73F"
2012,189,20281020,FALSE,"309D6FCAFBF5C8F9CB6B9A12628F3C4EF1D697A579A10E5E08019FE1385EB2B7"
2012,190,20281021,FALSE,"3AA1CB8B4D515B0AE07AB9DF32C1C91E311B7931FC2BC664C666B8D5292D3678"
2012,191,20281022,FALSE,"48273F469B93664B07A14237CFC48373022A20B341523E5B759D9D705853B164"
2012,192,20281023,FALSE,"C008656623975F00DDB57700CAE6C70647FD4D875C2102DA3002F1728E1AAB79"
2012,193,20281024,FALSE,"FCCF60A100726B49C549BA3909FB7C4E09C1673C6CF44B2856159830932DDF56"
2012,194,20281025,FALSE,"017247FA7493018DE2E674CBD8BA09ED8893002C07E9703D0D7B9AB6DA354BCD"
2012,195,20281026,FALSE,"A019A1B5D139780EF877C555283FAED513014C81E48FF2CD6A0BA6A1A4B88676"
2012,196,20281027,FALSE,"5F10DFFA48C2C7FEC3A62CF94438B58975F6FC681549F73B9E3EC4AC0A646E6F"
2012,197,20281028,FALSE,"D661B1DDFFA6D287F2D8E22977A99F6C8C3A9491C475F7FA270125ABB057153C"
2012,198,20281029,FALSE,"1B4749C25157A24D1DF081A431C0C4D1BADAC8C12901A9B4D40E3911A1A5B8B9"
2012,199,20281030,FALSE,"3BEC25BCFAD8AC87F21A24373CA5F7793716AF5CA4FA96678463F8A778900AAC"
2012,200,20281031,FALSE,"9EF1F36D9C8AB4AE5CBDB1FE2AA8955D8E009544B0052545E7183F63F67BDD72"
2012,201,20281032,FALSE,"C223934219B62D1132E78FB2039C33D787C01F7DCE09D75420B7016CBF41A1CB"
2012,202,20281033,FALSE,"AE297DE2322F60F4364F0386F9C1F51629A90C6DA7333A698722294EB8490DB0"
2012,203,20281034,FALSE,"64F9A12FEBC10A9B22AE47003E23FED10AAAB8848B1419226DF4B7BE141DEF9C"
2012,204,20281035,FALSE,"166D4393D1DCFBEF9315481F54DFED2EF6403970D7698C795D49441FEEA09A13"
2012,205,20281036,FALSE,"F936ADB3C6712E83BBA13AA314CF717CA8CF29905D7F585AF1B4E5D81BAC2559"
2012,206,20281037,FALSE,"2302BAE596E5D6B8EBF435A5B8476CA49FEE919EE4B36CFA46059335762E00FA"
2012,207,20281038,FALSE,"D4E3A3EEFF967F9CD384FF76221348D7FB07BF205404A9ABCF7A4425CAE1F83B"
2012,208,20281039,FALSE,"96EDC898929E3281904131D20AA0D42A35A763372D4E86BCAB4F1FF2174573FF"
2012,209,20281040,FALSE,"6D8656FC155621A3F0355EBED7448B74DD54E3DF563BEB68825D7C3494917620"
2012,210,20281041,FALSE,"C297B64399C16B20F1308C064CDA9B8612121042D90864AC6B42470B357CE244"
2012,211,20281042,FALSE,"E4D30F8CE21CFEDD582F40C9DB939EDBF54AAC13D9C7B5E036A2C0438781F7FB"
2012,212,20281043,FALSE,"24F02206095FA0FED2EC74E47F0DAD261FC1253049962CD530A722C89BD27C8C"
2012,213,20281044,FALSE,"FA146C57C98C8603D1CA499F3F06029743F8FE5FAE6FC1E040E2A5DE10C69D1F"
2012,214,20281045,FALSE,"929E22BE991AB67593AA006C746FE73E9AE62A2D107A7D81DC7DBAF1B1CE00E2"
2012,215,20281046,FALSE,"B1AF9FD08E3B5DDA8B2B603EAC305B8E8AC800C20DF906F6A24AD483066F192A"
2012,216,20281047,FALSE,"0881A828992EF06AA31B0DA387B9F35C2F1CDB99BF25EFCF4EDF6B9384432820"
2012,217,20281048,FALSE,"2106D9FA6E1207F4836826045E20C10C6B1942E0507D58B87915279888E6850D"
2012,218,20281049,FALSE,"7775A20E04D1EA6E98159C9B108D59D98B520D90124E7013EEAD72D4A3156C39"
2012,219,20281050,FALSE,"808995CA71A2D1B0679D047B09F76EF95C88568EF599E51BC336DB86EAFEA184"
2012,220,20281051,FALSE,"FFBC1439E79046A1842BB120B1233965D44F26DE0628AD279E5E5E46DBDFF9BC"
2012,221,20281052,FALSE,"8321FA0E2608C0AE33DC2EFA6848E12987E1D7F0A2C704DB7E1BA38CC9FEC767"
2012,222,20281053,FALSE,"944E710BC7D851F5CC18A91D7E258E3DA202D4205B214DA9305A3529D90EC9C7"
2012,223,20281054,FALSE,"F51D1A59C576EBAEBF7B0A37F26E0D992EE9A4B63B3B85A1551DC95D32367C24"
2012,224,20281055,FALSE,"50C6ADA16B780BB759FD1478181817FA1E5FE955F8FD3348D1EEDE10CB347F7F"
2012,225,20281056,FALSE,"FBEF6316E2CBE04220688B35E1BE0739905FDB6929B87BD15D0AB58D6DB0C35A"
2012,226,20281057,FALSE,"5130ACC53EE3A51777F6207C86BB44A7E59431EA212893FA03E93AE55D008526"
2012,227,20281058,FALSE,"BB3984322CEC054F892A5BD99EE0AFA0984B98B4FBEE21DC117561C753D3C29D"
2012,228,20281059,FALSE,"E4C3E97BF522D3D5EB0A1DE3FA9D3DFCEC3FE2D47C52F026E2D9924D73A36CE7"
2012,229,20281060,FALSE,"8B6D6FCD60C4CD41225467C12EADDFB67574802DF8FB18B4E78543E11DA3903B"
2012,230,20281061,FALSE,"1FF54811338173C51196A245A77B83C2856D0D6A257B87754317FF70AF3C2571"
2012,231,20281062,FALSE,"1FE522705000B2887EAED385B376E42A69D69C342B20C6142B526D54FA5A7F53"
2012,232,20281063,FALSE,"435B6E2E1BDB009474D01967BA5C94F772ED9071D251DD548CFB6D184222DAB2"
2012,233,20281064,FALSE,"FCCD29F49EFA97BC8F9A7190B0D6EE81BA51CC2CF0557EEDB36E7DB899926A2C"
2012,234,20281065,FALSE,"712110022CEA90951970B1EEB2DAEB824C31813637CA530AB83BC543A2C52494"
2012,235,20281066,FALSE,"340C45C8F9B2B75B33D2330717496984ABA0EB4A46D62828CE6C934289B30421"
2012,236,20281067,FALSE,"2C81F78D4A4329F5DE4BDF857EA280E893DE8487EE0802469511B6E5F58B371A"
2012,237,20281068,FALSE,"E5C6027C53EB55B2EB55C7E43D4175F06AB73723B33A0BFCD3EE71A489E4929D"
2012,238,20281069,FALSE,"1340B37C1ADDFD1AA820FE45C9DA761714B3D992F448F2A425E1F4B481ED4428"
2012,239,20281070,FALSE,"B098623F26EAA2261F7BF278F82E95779D712A76307CC5EE88FB097659A521D0"
2012,240,20281071,FALSE,"C3CDC51D5EBBDF3E93D67A8D0F8AFCDE32A13E9F78A1CC2AF1C7AEA8977128B7"
2012,241,20281072,FALSE,"169DCE0DF131741F969192317A31D68E98D5DCF37F3E7AB747C34E807C28D6E0"
2012,242,20281073,FALSE,"AD4C2EDED7DA00511879019E586C305E53D7BC06FFAFF4C02CD35BB13286D00A"
2012,243,20281074,FALSE,"78904EC5F6E6D3811A87C07FE4C343C2C374C372D0936C0857AD3E7476C5D2C2"
2012,244,20281075,FALSE,"03426FE9F6BB0D23943F7AED3388630A5BAC1FB1D7BAC4A4641E0749F0FFD185"
2012,245,20281076,FALSE,"7A80190E331FE3A8FBE86E7227BFD5B95EDBE9BB1852A366BC125CA0813DAAC9"
2012,246,20281077,FALSE,"E564656B00C3D210CEE666E4E21C4E6B84E309DDD6663743DA2AFE2A8AF951CA"
2012,247,20281078,FALSE,"0E510D177A37F4E6C152BDD5548023FF59285F9BD58D5F965186184D71AAA1FE"
2012,248,20281079,FALSE,"5015516B90177560339C00A07557564533DEFE40E9A69C98F543C2A9A69391E6"
2012,249,20281080,FALSE,"052C17D7BC33FC034449C663AC5C50FE841576615106C796D37775CD9E1226F9"
2012,250,20281081,FALSE,"F6FDCA08714F5F20277FC46A8709C728074C715ECA74B8DADF5CE98725A58AD3"
2012,251,20281082,FALSE,"EB91C1EEF586841B736D8289A20BD7FBF408806D5D87C5B473E69F0B42FC384C"
2012,252,20281083,FALSE,"84024181B3C27ACEDD5812DC5497712A4873C0AD4FA9222DBA67BE13811A1896"
2012,253,20281084,FALSE,"D1E7CBF7CD35B063DA5618276508EA1C77E59AE355CBD0CED8151C1A2FC53C6B"
2012,254,20281085,FALSE,"D0DCA0A3570BEFBBD4103F3547651E87D27CCAC7BA55A119558EE3EDC1CFC1CA"
2012,255,20281086,FALSE,"2E5FD67D6D30046840A26EC2AA10AB55C7019C2EA2F21031067803AD26EA94F2"
2012,256,20281087,FALSE,"E1D40AF20BCE119B161205E7806400182B2F0159456FF44E4DA8C95FC8CC5A7C"
2012,257,20281088,FALSE,"A9E95E053DE3EA3D21E0958BC88CFAF75B2AE6A2E1FD76F9876305BE27E04261"
2012,258,20281089,FALSE,"8C67A38C8D4CFC1D99C6719AA519A633BCD7B46A3075AF443A005A535CD1FE16"
2012,259,20281090,FALSE,"BDB2678B11587CD162363F1493A1713F4A12A10E9BE3B491EC1B15682D44A860"
2012,260,20281091,FALSE,"95CAD18C3907BF047A0EA34433C6A1266692DC860502414F21B39D84B109EB76"
2012,261,20281092,FALSE,"9FA4BC845130E8B161D28922A9B77CCFF4777069BE01B443D68249F2CE186674"
2012,262,20281093,FALSE,"68901F816A2E3A925264DE983C0FE5654B35DBF538DCB5DF1AD0258A2D875843"
2012,263,20281094,FALSE,"EC21AA1D10695B02F4408A61151DE7D4C2B5824C13E8FEEAE956E03A512916B5"
2012,264,20281095,FALSE,"28ADC7DADFF6AC7C54BAA0ED380C27BE9779BA033439BCAC528F7B930C0AADA5"
2012,265,20281096,FALSE,"1C0CC41520096CBA0AC582564FA0FD3BC258B0DD0672675CB0C424E74DA23BB4"
2012,266,20281097,FALSE,"D1C2D97D22B472A7D4725969C89206622827A56D5425A72124E6A4693EC71F55"
2012,267,20281098,FALSE,"C3BFD089E5CCE1FBF443BC28365CBA71980AA53A9E0B4A9D96EBEDDDDB10BEC7"
2012,268,20281099,FALSE,"F027E22EC4A144295506BDD7A6D150A09E8CBD953C0EA0D2E253F4F88811985D"
2012,269,20281100,FALSE,"F4AF79C6758ADC367814F9E4FB21574C34AE63717B8B40C77668B2274C32BDC3"
2012,270,20281101,FALSE,"F12DCBAA17011F2C5ABA5DA83F15960E2D6816E44F07A162CBBBC6F565FCC184"
2012,271,20281102,FALSE,"7D9566785AC8FA9429BFABD1620B1C8C3711D6397B463ADEABE4056C96DCB8FC"
2012,272,20281103,FALSE,"BF89BBA752AF577D7EB0AA932CE170A78A5455232F2146471FA0E0A448F84147"
2012,273,20281104,FALSE,"A3BA9DB832F2206EBA6B62B8E73394FA100243D342271E65C81CD2E4748E439C"
2012,274,20281105,FALSE,"4E83514F4222BCB4EC7D8CA23B17BCB3810174C6AB935B3D129894F80FE5BABD"
2012,275,20281106,FALSE,"A82BF98D7A11EA3A76B747AA4EFBCE3DF0F1D3C5051FCE08E2DEA6529E5EC6A4"
2012,276,20281107,FALSE,"3F75B6AAA57F1859C50D8353D3AE56839C78C1CCDA111E916629B1F0A8247861"
2012,277,20281108,FALSE,"BD29F84A71BA1273757B7656BC14441A0C41D340EEDCF7C97A003BAFC765EF3C"
2012,278,20281109,FALSE,"0798D876034B8D6938ADF43E170C1B83C128ED60E1CA87CC44466B4BCD9E491E"
2012,279,20281110,FALSE,"F0D7B8838E9A9DA9E9E1482896A1F629A868609F0AD00A166B8FBCFD21FEDAD9"
2012,280,20281111,FALSE,"C331C2D7C80B806A30C6F029BFDECB83149C6FF432EE543CEFAF6C02B1EB0580"
2012,281,20281112,FALSE,"93B128A5340A19C8B3736DC860AD0C0CE0CCE091A2EEE7E12C5F653F242845BE"
2012,282,20281113,FALSE,"11729C0F7567C95EE8725A52804A72AB130655DBB7D56B9CBE904F255B6BF647"
2012,283,20281114,FALSE,"902C5A9CFAE01EC1DDD82B14CD60DE89109F9291A4CBC6E35F244A473595019B"
2012,284,20281115,FALSE,"E4DF138D5E49213F2B64AFF3468EDBE425180F8B52F8F501A72A4FD68570A0D9"
2012,285,20281116,FALSE,"068DC82494924F5D1CC0A3161CEFECA9F8C1D371AD14FF2703A0913583948ACF"
2012,286,20281117,FALSE,"C0861FF000D9EC6EA46429ECB279F9D0EA2C4EC6EB4CF43607B2AC2414B769EE"
2012,287,20281118,FALSE,"D79A5C6A6EFA43C257DDC52225137F028B311688618E93F215A62DCDD030ACED"
2012,288,20281119,FALSE,"67F3AA20E412B4B9B502F389F0AB88A549964EDE8B880FE6EF0430C2703F5F12"
2012,289,20281120,FALSE,"E1F05C6EF0E5D0E5B75134C891F649E4E823A6CEFB3A71395D631DD616C99824"
2012,290,20281121,FALSE,"C132B60404434BFB2E6A003355E509A5E09D699C4BAF30F5D92AC0778DD8580B"
2012,291,20281122,FALSE,"3B2267E2D296D5928751D0F108B979EF1219C7E6B5424BDA225A3DE4A69BEB73"
2012,292,20281123,FALSE,"62AEEE6081DE83019E83EE3B405DC894EB7625CE15F2DC4B2E6D2177C8D8D44D"
2012,293,20281124,FALSE,"B63E0300F30323E15C092E096473D0247A83437EBA0B36003A61B7AF605E6E62"
2012,294,20281125,FALSE,"0B619C79D50B6CBCDF7C3E2AABD613550379572CAC0C9220F37281172990C8F7"
2012,295,20281126,FALSE,"0E1E48D6A18560D0FF0FDA749ECAC4E5627B5DF95F4394D4F272FAE3CF473DF1"
2012,296,20281127,FALSE,"07C9BAD7F3DBBD48B616E325BE7C3BC9BB9459149EF92EE6A5C655860375D61B"
2012,297,20281128,FALSE,"F461CA243D5A427F7B3EAFE2EC83EF5183D8ABFAF36F684A9794F0ED1E73265F"
2012,298,20281129,FALSE,"82B7EC892B6E401DA2B86248260273BBADBF8684B4099675468ACC7DCB9FBA4F"
2012,299,20281130,FALSE,"63B3BE04FEE7D41B27DA2E2A66F88D914C17E712F094BD437952A7C30F316D4F"
2012,300,20281131,FALSE,"CEF89AD4EB83A306DEDDA1DE83FBBA290802317B8CFC981451F7DCF1A79109A6"
2012,301,20281132,FALSE,"0CBEF5AD04669A36F3F5F9253FADD31C83B44BC254E21E20009BDF6ABA68A9F3"
2012,302,20281133,FALSE,"8B07A8F4CBE4F5AE7966626B1DBEC03E5940C232989E90D17662B488E47111B6"
2012,303,20281134,FALSE,"D2A6587FC4F7AE69A4930BD882634BEF97B92F7B8096DFAB05811F358EC88FFC"
2012,304,20281135,FALSE,"6614DE1AFB982BF0C2CDE11CA11CA2707BB0F4A098282540E378760712C6A4D6"
2012,305,20281136,FALSE,"ACE2161EB8EB5C3D9E7D15EB54137084F1999D1896DD18016A275A06B609A9D8"
2012,306,20281137,FALSE,"6E57D300AF6DB7764664A9347B42D2E515F3D214F9CC88A23966EB5FD62F5C2A"
2012,307,20281138,FALSE,"5D72546D19CCD722A0E22D656F49041C945F594D4C0BE2BE14A5279F0DAED186"
2012,308,20281139,FALSE,"DB8F4F27AC9448ED7C9925E7C29F9EA4D6CBFF80D92E6A8E549E7641DDE36617"
2012,309,20281140,FALSE,"74DAEF41A213D2922C388F87F8E33E4D299AEAE82CCF68DF2ACCA20D2B8ACD6E"
2012,310,20281141,FALSE,"2BED97E87E841401AC23062FCCDF90FD21AE40BE3B1E3782638DB3167477325F"
2012,311,20281142,FALSE,"71E491A9D737C195E1566C9F034B9713E3FFC6DC5C13D5D8CF9A87A7518D5804"
2012,312,20281143,FALSE,"173AF77DA3617F1DE1ACCFBA636762BCDE5B5E94A4EFFF4B0519B6319D5B56E3"
2012,313,20281144,FALSE,"21097D76025176827F8C795DA1AC002CEB36BFE658A239C39650EA0EF265B6D8"
2012,314,20281145,FALSE,"B931829938C9D5402BB23AE3BC2FB23D4068B1E37BBE68C8EABF86326BB8F924"
2012,315,20281146,FALSE,"2526EFCD4552639BF06A9B6CEB97B2DE40EDF39E5C0D3B64BD8191DCEEE0713C"
2012,316,20281147,FALSE,"6C712481901F23FDB11A964F434A605FB82E7527D5A16D2EF860DCBA883FD25E"
2012,317,20281148,FALSE,"A57AC966C293BD13D66D6036CCD5526C0DAA11037F1B6988F467BB7BDB9C3384"
2012,318,20281149,FALSE,"E0828BA3E9A77451AE68615EE245D23F8E3AC3E2C7F911C20725359FD062884D"
2012,319,20281150,FALSE,"FD2F8265B9E91CE88DFB544FBBF1F9ABEDE8C3B00775FAEC3258A2169FAC8532"
2012,320,20281151,FALSE,"BDE0F3DC5FB8080240C050727CD4DA9773B7E291C4DE11783E2C97920C6B25B0"
2012,321,20281152,FALSE,"9B000FFF1840EE48E66A6BDB9C7587108C3120DBB7533E0B08B18DB1F3A03A8E"
2012,322,20281153,FALSE,"DC00204FEFE34EA338F1E693E54FDF452F5336270C2F5D7A86FBFB805CF81AB9"
2012,323,20281154,FALSE,"02C5976A96734A8D2625BA3C2D0301F0BBFCEE6B70646B594F78C52118D564CB"
2012,324,20281155,FALSE,"0FC8AD3A0CBE158C485A836AC283B6DF1EE9DFE5D60AC8ACD5864DA170577857"
2012,325,20281156,FALSE,"9EF554686C2025271732324E9FCE00CFA3A68FAA3F15C8C4FEB2622A8A5BA076"
2012,326,20281157,FALSE,"8A54DF2046C0C27A409884F70184C4C8A2E5790373F42F77F1FD37AF2F78F639"
2012,327,20281158,FALSE,"AABCC6FB931D1A652D56035857FE8861BA25C37E2318F38FAF92959112FE9EDA"
2012,328,20281159,FALSE,"F764CAD56DF439FFCD6C2BA4D0258A7EF7B4F4099B6D4D1BEEDD8D66719FDA2C"
2012,329,20281160,FALSE,"BF4ED400F78F2D453F32BBCEBD20E5399E47D0D73DBECAF8F8C71E705C1D3977"
2012,330,20281161,FALSE,"D9E4DB9267B2432EE542C152A389D0CDA325AFD9B5166AE128B10BAE9C8D50B6"
2012,331,20281162,FALSE,"F0978EB9B0CB08111F7D6143DF99B03B0064F751F05040089961910C3D692D56"
2012,332,20281163,FALSE,"75042C2AE94C2C45F5F3705CCED89B90EC467CF5104CC45A02C0D359847AD412"
2012,333,20281164,FALSE,"64740D3F5571C8CE3C41E5230854B224C1D9FC52BC69C69B69B5A44963F17C4A"
2012,334,20281165,FALSE,"177FBB9F66BEC8AD7F0E65EA31193A4B329E996442F2F3B2DF75EFA7E63372A3"
2012,335,20281166,FALSE,"AE10906A66CC718535C93B33D726A74189542436401B7C78CF6BD849897A4557"
2012,336,20281167,FALSE,"DCCDA09A82CB01D5D9625D29412081296291F7E167563FF83FE9558A2144A148"
2012,337,20281168,FALSE,"4128FA6B369B37339516BA14D03F8919AB86E5D069460DCB3DFAA2D0EBFD1C3A"
2012,338,20281169,FALSE,"CA5AC12188ABDA89CFAA63D42B3554AF5EC3CF6BAEA9CAE080994AACD63F3D05"
2012,339,20281170,FALSE,"43B989CED73775A1666226D8F585200670F8AB01CA27811AD20B91D0C00E5185"
2012,340,20281171,FALSE,"6D9F1318C9B87A3E6D8C3F8AC991501ACB500EBAA0BB10F5E6B96E5BE4383159"
2012,341,20281172,FALSE,"30F976D1A87594916954CDB28D7AB818E2EDC390C641C227154DAAA985E85129"
2012,342,20281173,FALSE,"E11F8CA51D362D9801C143D21AC6C19ACD3EAFEB1F6DF0276FFA86477F894B1B"
2012,343,20281174,FALSE,"4F0A719290701E921644FB0817F61A0919ADB181446AFDD99C3B2FCC4D3457B3"
2012,344,20281175,FALSE,"85DA15DA6E64E08F56EB4121FCD98DB453BCA7CD8E08ECD3F7DC391A6A9EC949"
2012,345,20281176,FALSE,"4F96EF6A035A5F5A714DDF439856BC5C1DE17514146932C3282C144AA4EA8B02"
2012,346,20281177,FALSE,"98A1AB4F62FC3AA2B38A2A2B399A505E106BF8F3E58CCD4F73D0F5A71A444A69"
2012,347,20281178,FALSE,"7389FCB845E958A1C99986E79D12393997B654CE73CCE8F98D88EF47A9A7F796"
2012,348,20281179,FALSE,"8680C5903982AECD1EE675E831267DDD2AE061B37546160767B838D131168DC7"
2012,349,20281180,FALSE,"D12723E858B4A2BDC02B4467E3E54CA48B1CD7A1ADA95EAF821F7A0C9C7D6AEC"
2012,350,20281181,FALSE,"AE09537D9B5584B9A2E620A6B11FC8179738AED465A0CEED5F918F6B399ECAD9"
2012,351,20281182,FALSE,"F50CC120483A555BECB5E249916E430E456113FF2228CDD6DF99C89922EDD5D3"
2012,352,20281183,FALSE,"6F4A4BD382E499367C6BDE2D9C2FCC360A747FA7961257AD61C3553E0B824E2E"
2012,353,20281184,FALSE,"A2F3F2515C82A1149445A6A7A73C111D26332B8FFF6ADBC5D99EB5EF2C6DB17A"
2012,354,20281185,FALSE,"A56EC1BF5B974C70A8D1F3061B8FA8460885480FD638CBECE0F87F2487458D91"
2012,355,20281186,FALSE,"756D87AC16E12172BB71C0E826A4BF1F2B9E92348520673EC5306B5E0815B258"
2012,356,20281187,FALSE,"68D6FB2F39FD31221516AFEAE05154A73A2D9EBB230ACA44084C985A5A2BFE9C"
2012,357,20281188,FALSE,"0E87D041ADF5B135C4518FD9A4F0DFA142B543C5774F188FBCB6B73BE68CB204"
2012,358,20281189,FALSE,"81C5B4DC64E7B27F98E0C939212C5A1726EFB7B4546E369401AB3B29509369FC"
2012,359,20281190,FALSE,"75CED0410DA3136A361AA7FA906EB3DC298F294F0F6BE8A6EE860247C057C641"
2012,360,20281191,FALSE,"EEBF93AC0D1A1660F6104354D4FCDF91555A6A830B841168E1EF5E54A8110722"
2012,361,20281192,FALSE,"DC9B4B547296374CE2AA7DC887ED707DDBD86EA9D6BFF9AF1180F8EA466F0B72"
2012,362,20281193,FALSE,"5A5CB5CA6D85C07D0715A4D76082FDD16FE7062FF637CC9965295B66028A5A15"
2012,363,20281194,FALSE,"DBD615F0B9E52A0C45119C935F8030E6668B646BCAB44C5100E1198CCD8867C2"
2012,364,20281195,FALSE,"0771B4B5E3FA98DA11F4A8254BE7A6C455901630D1AA2011A7A224647E80B3BD"
2012,365,20281196,FALSE,"22FF865FD9E4E4FD3671BA9E55B97AC26E6601CFD478126543878D8ED6276E30"
2012,366,20281197,FALSE,"A92FA00F1CF1384CFBB61AF902272719D8DB00E66EB100E42AC8986E22AA9C78"
2012,367,20281198,FALSE,"829E53C56ECF0FD9C85606739D97FA5826803867CAB3F49838FA26E9DEE6E412"
2012,368,20281199,FALSE,"222D05F90B4C500AFCABD09D661D46E59BFC48D63B23998C4842BCCEB03EFE5F"
2012,369,20281200,FALSE,"CF9E9C205B8498177B68475C35B88AE23D0DC1C2E3289D9A25CBD3FEDB941CC0"
2012,370,20281201,FALSE,"4017E7367CD688C8043F366603642F5A40506C3981DCE607436740CEF7E6CAB0"
2012,371,20281202,FALSE,"70B48C5AC82AC10F0C3BCDA1CA1F4F15291DACB9E72D03AA78FD4E339C5D2D51"
2012,372,20281203,FALSE,"8597BE59DB82DD9C8D013C3C8739300FB6B89AD2246D8812CC52EA9EF7463BE9"
2012,373,20281204,FALSE,"26EE3E83A7FDF08A65884DE4B21736CFDF59BEFC33E793ADAB9F3424CD0E4D8D"
2012,374,20281205,FALSE,"99C20187021203E6C6D25EA85A0F64365F3E4546342E81988861CC6E0CC7C305"
2012,375,20281206,FALSE,"AB61052A74054179F32D1A76023B2E033F3651346E3B9E04711EB4490DDB621B"
2012,376,20281207,FALSE,"D9C9DA77DF2FB72957EAABEDA5FD0BB48BA914795A344450F8B907DFA840B173"
2012,377,20281208,FALSE,"78432F278BD507D0A4B58F65106F1221CB5A5A6FE29FB287703846633C9EC2B9"
2012,378,20281209,FALSE,"2776538D00CA61A10E0ED8EBEE464244C12C413407D81D52D20E9396C70A466D"
2012,379,20281210,FALSE,"CD97974DE97D1CC848594B6D05406B8CE4E3B88B1F59DBB12DA0F55F454B6BE7"
2012,380,20281211,FALSE,"024C5B5F4F101AD4C3E4C0DC8B429E1EBF292967876B58678E7E123B35292EFF"
2012,381,20281212,FALSE,"7E0E1FAF8C2CE1B8B88B1E3A046295FE5001D0CCDAEA5FA2FE6949971258D43E"
2012,382,20281213,FALSE,"0BA7E05F32C82EC51A08D6A7F28AAC7FC5AB17629716EC7BC9718DC881AB2683"
2012,383,20281214,FALSE,"98B2FE9159C0915025B717F87D4D7BC77CF906F65AF1048D8BBC63FCA8AD4A96"
2012,384,20281215,FALSE,"9DD349CB2851310B9616F6649FEEE98328BF2834EBAABDE8F124E4F8A5C27B0E"
2012,385,20281216,FALSE,"63786191DCF05C70E8E60EBBAB4D8DD0EA5B3E730B102C6E1EC1FEF7F9148D20"
2012,386,20281217,FALSE,"A1B49EC6649F165E00573D9CFB721D5D0A3E6D186E868B4B743A52054D100C7B"
2012,387,20281218,FALSE,"C088F06C0A79544A3FC1124C97E18D6C94443ABB2492C1C776E140FEF87011E4"
2012,388,20281219,FALSE,"BE40137BF66FEB2BA8E9442A8B833013FF5F786BC2D9B0927D12A0AE3D3ADCDB"
2012,389,20281220,FALSE,"779AA6BE96CBC5CC47A53B5180464CA9AC3705633E1A7D9B941C7E8A834A4567"
2012,390,20281221,FALSE,"45C62097B67E1113D20962B0C4A81ACC25D18CCC490FFC52A85D89EDC211318B"
2012,391,20281222,FALSE,"8E4EEA20F4428DD401693BC66C06E7F0FC643A39576CB630117D024FBA9B1F88"
2012,392,20281223,FALSE,"023FDC73919ECC9D70AA74ABAAD131C985A0D3AE43EFCCA1CB914D3C40FABA24"
2012,393,20281224,FALSE,"C1B83068DD7AC52BDA57BB0971E485EFC0668A3D5AE018B504582D4C4FFE6440"
2012,394,20281225,FALSE,"E1F7509A034C9EEA95EC67D773D31C3B445BE18BFC8F680A67BF2F93E1287525"
2012,395,20281226,FALSE,"37C0088154243F3C5B775E72A6CECE26CF13BF24A163BA474FA4EEDB95FDDF81"
2012,396,20281227,FALSE,"CE890F20E8B1E9242A37C66329A570C67503BDBC2CE921170438691BBC4F8FB6"
2012,397,20281228,FALSE,"10F787A5F6DC3EFADBEC341315665BD3B9D66D9D3038022A7DAF74DBC182C417"
2012,398,20281229,FALSE,"144FB2310D11A83FEBE0FD9FBFB28E00661319B18F3EB1749D83C0042ED0525A"
2012,399,20281230,FALSE,"90DE01DC01451625206808A3AB78E3140E2CB8A9E8DDF6CBE0C4283FC7C682DC"
2012,400,20281231,FALSE,"A5EDEB99C915179B117407DCADD8FF12F8A7478EFC0D34A76253BC113E5F4DA8"
2012,401,20281232,FALSE,"81BDDE4707322B93445432BF75EC834890573F1BF6ECEA2A16BF1D17DA564576"
2012,402,20281233,FALSE,"CB666277020246D4AED5143BF94C89B4A174975C22372853D162D3B30C17A2C2"
2012,403,20281234,FALSE,"431A0A45263E8A3F74B0B9167A5E7DC0A1ACDF74AE26CFE7693FDF6B12C99752"
2012,404,20281235,FALSE,"AF9CCA72BD6F32D13371158DF87DC0AF618630FE9E10D75AE8480F70975C5609"
2012,405,20281236,FALSE,"2B1C078AD3EFAA5E3A62D8CBC0705B1F3E630558170E76CF5C97DFF7CC2A77C6"
2012,406,20281237,FALSE,"84FC25BF4C54D5466B95F9D13E8E93BDCE92345D15E6AA44BD92C6B8DD437A79"
2012,407,20281238,FALSE,"F8F0C023D03C05804586E0FF91A8EBAB3FF01287D08A262AC50D2001E4DF0D06"
2012,408,20281239,FALSE,"25D66BE2F6A8F77D35E5E8880A581B5473A295460DB1E3BD516A6FE9AD539CC4"
2012,409,20281240,FALSE,"49705E9CC4BB63E072A863E516F6BEBD39C279EC07E81A6EA688EFDA0397944F"
2012,410,20281241,FALSE,"087FE49D44DF3BEB0CD7FB6EE010A7814D1AE46823BCC9C4E2E0EAFE5108F72F"
2012,411,20281242,FALSE,"E66F98CE21A97651A3A6AA3D5DF05E0494EB28A3DFCD4A76BED656181CA39BAB"
2012,412,20281243,FALSE,"98503FC30FDCA814F3716E25B85C5BB46241895BEB8863913A39EE94898DD5E4"
2012,413,20281244,FALSE,"2F75C55B6A9D1B5798239256854E7C80D46EDBA026A169527985471EA079DD1A"
2012,414,20281245,FALSE,"03EF6BF6A5AD7418823D19C473889EB54405975111C9611F05485E402D087D80"
2012,415,20281246,FALSE,"E1F261B13371E178B32CF2C6C7B3BBAA5FE0B626216CEC9E8F56D5E03453014E"
2012,416,20281247,FALSE,"AE85C0BFDFA4FF5C97C331FFD6CDA771AEA39410F4C3C01E6871D80A80208F1B"
2012,417,20281248,FALSE,"12FA46CAB4B6C1437BE094F0054D4AAF1E593EAEAAD93C15CB51B3FA15AE9A06"
2012,418,20281249,FALSE,"2F498B1B142E1070DB4A1274BC0D9710B186FD5EFA516CBBE1DD45DAA84FD734"
2012,419,20281250,FALSE,"07EE2237A29A25720A95AE54DFC6264B51075873CE99172BCCBE0F07D2D0DA40"
2012,420,20281251,FALSE,"0933F4F9AAFDD63FDD42568C88586C0B995B0048C705F072FC09CBB084300434"
2012,421,20281252,FALSE,"2B659404DE7EB080E10264C9B7F67520DB4DF3A4F499A17F6E57B091E3A4D8CC"
2012,422,20281253,FALSE,"A9D18318689F3E7AB744C76E568C61E5B47E75DAFD49F9CF375BCA28DC13646B"
2012,423,20281254,FALSE,"1F42936DAA7DCA037C3DE89C37DD2FC827AE7EFA2C898FEC3B9C95040CF17228"
2012,424,20281255,FALSE,"5E2165FBCAF76C577C043294FA5C82097DDF63EA84E181F16E0FF75BB3A8A89E"
2012,425,20281256,FALSE,"21385FF6297CC7C47E0E4543564E7646231074408176B7494036B475BE21648A"
2012,426,20281257,FALSE,"B329D71563C51706FD397EE027922766F68D25DC478A1AB4D607329F1FE8A956"
2012,427,20281258,FALSE,"09BB8288E614C3D9880621FC4129CBBF8296BD6C147F83147E707DD1D2B49D97"
2012,428,20281259,FALSE,"C5E628D6970C82657E4B4F6DE3D18AA96A1FFFF910215A499ACFD491C7AC4949"
2012,429,20281260,FALSE,"4118280916A17FDDB601D5BE054FB1A6FC68A39E6F6C0D0C263102F3002871CE"
2012,430,20281261,FALSE,"2582F558C7EF8DA04646761E4E278746D6723E018D68D6079BB58157431CA01D"
2012,431,20281262,FALSE,"E40F1A9B306A699F8A082434278D48A1583F05D4A280F5CF2197337B6C2D5E46"
2012,432,20281263,FALSE,"94C82C3CE9B909A0991F2FAAED9775CC85C6DAD2753444EA51ABCC56D01EACF3"
2012,433,20281264,FALSE,"5E5F6D80F71599E24EEE436275AC3CF5CA958AC32CE19F7EB1FBA19010AF775E"
2012,434,20281265,FALSE,"32B38AE941CB0A81CA8F9EB84D3FCE7137272DB1BFC3EE6AF0CD0B1D3E715296"
2012,435,20281266,FALSE,"0EAF0861DEFE0B356510866113BA448A9BE31505228C95AB63285027D49FE806"
2012,436,20281267,FALSE,"C0D78A84104F5A14A203871AADCB00A0FAFC858D28F175DA11483243AAC378DB"
2012,437,20281268,FALSE,"65C6CA136E9536ECF11C91B3A56E8EEB7A36CDBB4972EE729381B110C84DB147"
2012,438,20281269,FALSE,"FAFA9379ED064F677041F0E6BD040E0D7B64975E24709F1F26EB38047A92B28A"
2012,439,20281270,FALSE,"D6C5A09B52157A4F0305535E4C79824DAE5144AB57A8F188CFD140460FE2FA6B"
2012,440,20281271,FALSE,"887BBC00B5476D93FD40E9231F55A79F45D29DA9F59A285145CEF25FE1D40A58"
2012,441,20281272,FALSE,"BA67B6A83B2743D6188913D14F05D1B180F0F7DE608C454C7004E3B29E88E5D7"
2012,442,20281273,FALSE,"6CCA95BC9F472F0225431EB6955B332B95D0D6A9082F6E5ED29E280A2A485F02"
2012,443,20281274,FALSE,"B00AE3C19DA2BA2AACC207560607ED75B090E2F388AE6D896B3B4036935B5866"
2012,444,20281275,FALSE,"0F4AB8AA198FDF531168F7DB9DC48E969A7B6107EDA0A9175E1A742C31D6C488"
2012,445,20281276,FALSE,"461C9B005C4E0270359BD20BB3BBEC2102CD97E2CED25C38DE458040EB289F63"
2012,446,20281277,FALSE,"1D4B3CA9DCEBE63C2BF057D918AD43848737B8B291F866A9E13B99894DC0C942"
2012,447,20281278,FALSE,"AB3F244FF27FF97C1E8D686EF878AE38102C9A30B13F55744E74800BB32FF418"
2012,448,20281279,FALSE,"F71113BFB01A5363A858D55BEA8FA5AC07A2EEDC0AE7FF3E82F69CC102D6C28B"
2012,449,20281280,FALSE,"1D965B7CC0C58C2B4EF0B8358A793FF1C1CF9C374D16D4F11DD22530867FF74F"
2012,450,20281281,FALSE,"13BE942109020FC3E47F47898A9DAA365F4CAA8930DFB246818C7A862AAA83A2"
2012,451,20281282,FALSE,"4574F38D55AC522F0898903CA37A0D49363BB8D7233D6EA471B0F6475ECEFC8F"
2012,452,20281283,FALSE,"183AA6F62A2F5314E1F2A75E2E2D7FCDAE961C7ABA19CBBF7442A376FCAFEDED"
2012,453,20281284,FALSE,"3E58927F2698AAFA3277477853F17C437A3F2D4CDB298202A398885C8D6771D7"
2012,454,20281285,FALSE,"71EF7CE3A6F3D794D3C665DA5E7B56BF8EB83EEA27D51A61E87E6DC8A79D54BA"
2012,455,20281286,FALSE,"43C4C73CB1E27F90BB68EDBD87382E47C0E687687315DCBF75F4F127BD723E90"
2012,456,20281287,FALSE,"6B61C70F087A0B6C986E9A3E10D236FE571CCEE8253012E0F0AD87D0F4D45A43"
2012,457,20281288,FALSE,"47D418F13A3787012D90BAA41C40B083F29EC12D848F8B73A83FD919469C6D42"
2012,458,20281289,FALSE,"663FCBA1E7A94EB7A54E39473F03B9F1F4DF55A1F1161EC6B19E2E7A8C714F7E"
2012,459,20281290,FALSE,"F6565CE6F793F48E0B586C74AFCD0D2F5A9C62A8DBD399A4EF40BE6856AE07E2"
2012,460,20281291,FALSE,"A8A210CDC04BA238F3E0705C42A3916BF31A12B9105115EF1D2CB16D0E3DB6D8"
2012,461,20281292,FALSE,"5C58CE56BD78BB9FF1127E2224FD38591CF99B9EB3C7A399D6479ECB28B2BC6B"
2012,462,20281293,FALSE,"F34B3C040786C505005C4010EAAB44B1713C0ED5618BD8F8357F8BBC8FEA1EC2"
2012,463,20281294,FALSE,"FFD12024B9CE20B05DC4D80281A8DBFABBEFB92F44945A34B294B923AA95549E"
2012,464,20281295,FALSE,"DB4DCEB9B0200294443B4EAA14C05298B7C26416A867A1A55E155D1D4A14AF84"
2012,465,20281296,FALSE,"AB34D5A95588E1A0A117BC579DDCA9E4A7D0AD8C06F87644A82DDBEBED77313C"
2012,466,20281297,FALSE,"3C7DC307DB162E98FC94FF89FBCD5B3C222B0C34D2678691F8E1E23D5468FE20"
2012,467,20281298,FALSE,"EC0865BBF6C48E46FEC2BFD928DADD6EEA351DD02C244A834770432058E51739"
2012,468,20281299,FALSE,"89C722CC0BBEF8E19FDBB60D81506814B4FEA6BA99AD35AC5DABCA156403216F"
2012,469,20281300,FALSE,"B0E58C1A4A33BE2528BDB0A6B6EF189C6EB6B0F5AFEBCE52D695C000180C3195"
2012,470,20281301,FALSE,"AA87EF0B18DCF799F9285B4E79998B4DEE7C86BD8641A7CF39FDE37F9CB7ACE3"
2012,471,20281302,FALSE,"0F23539D1C38A4F0EE0BED28421CA91E83292ACF5F9523AAE9B43E2D7CF4EDCF"
2012,472,20281303,FALSE,"82B3A6B5F21D8E96F201AF8F4FE1113220325B9C01B78A5FF5534CC06344A870"
2012,473,20281304,FALSE,"9366E2EBAAD3C986B2CDBAA33D8110EA39652DBEB645445707D663A2CA581894"
2012,474,20281305,FALSE,"AA1B7E57057F96274A84D53EEFE4A763B479551521F3B5EE6E5E854746BC1EDA"
2012,475,20281306,FALSE,"CC8CD735947251DA755A19837DFF9B76F732B29553E97CA72D9578476855BCD9"
2012,476,20281307,FALSE,"538A15058A9FE0056694E9012A0D3B9232ACDA479E9F3B8F908766DB32947FA6"
2012,477,20281308,FALSE,"0DEC22CDCBB025596A79D79DFC05EB17EE6956E381697D0D2F185657A076E0EF"
2012,478,20281309,FALSE,"56AFD02F67BAF621087A42D64F0DF97BB3A6629BE4D52F122EAE90803796EF0F"
2012,479,20281310,FALSE,"D009F974FA8F7E033FAA7D6018FC691999AB6D81DD0B0CC2A90F42BA3496F1E4"
2012,480,20281311,FALSE,"FB2B63811EC59E2F6145A5B3329B00B8DE9DFF51077133B362B1DE2734276C54"
2012,481,20281312,FALSE,"1A5A58EE1E40E35E450A2E3B5CC7D0C6A3D75332C42E100451E61239366C442F"
2012,482,20281313,FALSE,"7EDB61FD320862D414FA4892AD3E27F1DE729AEC66A55E73BFDB623E1743451F"
2012,483,20281314,FALSE,"B258A5387BF5945F791F03F2F1DC78F3008C3F3A3CCB2088A98887B207DEDB22"
2012,484,20281315,FALSE,"851A45A7975D45F2884DAB84881E1B377EE8F758A34117DB1FA7623412623844"
2012,485,20281316,FALSE,"03D7EDF62B0723893C218A75E50AB986AE13E60B3A9C126141B50598A9209BA6"
2012,486,20281317,FALSE,"74079F1F1CEFC3032DCD8F01C98CF12061F135DE84A9F1D631BC477840034F8C"
2012,487,20281318,FALSE,"59CC12E0F430E0D8AF3FF2919F6D74D1E08C8D1A7F2ECD285DECC1B3FF5185F0"
2012,488,20281319,FALSE,"FE86A59D5D6707E1E6435F8F2B4381A7084061C0B98071601EB34335341D4317"
2012,489,20281320,FALSE,"C2FC89668F4FFA43DDEF2E724E7DA47C3084CAA1AD5B2EF97C9CC4A80A3714F5"
2012,490,20281321,FALSE,"3804BA343AD5DF3F59C0C7D1047B746FC3008EE7DBBCC4FC3571B5E1F463DD53"
2012,491,20281322,FALSE,"420BE2CE0EAABF0F8EBCF69989AA89BD531D4B67A420A94DAE7A83F3B69954FF"
2012,492,20281323,FALSE,"05AED6CE89619C2E5C71E0324925EBBFA323D066D18ADEDD08672BD4FB00785A"
2012,493,20281324,FALSE,"CFD92845A28504B04410230B736A802755F36D93A4FACBC2619925DC76BDEB18"
2012,494,20281325,FALSE,"A3949DB89463DDA4705550D4C6AAC645D78DE714453AAD23372E7BFD6E66B8A0"
2012,495,20281326,FALSE,"43782BA863AC8DCB262C7BA332BCD6FF9D2B2EDCBD51C385CA50B3D132075EEE"
2012,496,20281327,FALSE,"012130615B9C653944DB414A8FAD1D57FFD87FE5EBBA9BE94BACE7A6D8AE23C3"
2012,497,20281328,FALSE,"E6A91B3500BC0CEADCBAD44CDFA04CB83830C7B08BF6BE94A50D019918B5E34A"
2012,498,20281329,FALSE,"B0E00880B63EC7769E713E20CB31630F96D37D83CE25EF8E39EF42C1B01B5248"
2012,499,20281330,FALSE,"6E439078CA532528BFE964B465EA10EBEEA454253AB6FBBED8337697D343976F"
2012,500,20281331,FALSE,"2D497B67B002CBFE14B2A7A0EFECACAEBF4848D7D458E88CA15584B201F768C0"
2012,501,20281332,FALSE,"6DFC6C5612D77D13580CA67A91F90B6044001EB721DF6328938D394BA2CA78AD"
2012,502,20281333,FALSE,"BF2333D17F2210CE6E6BDE425E5980755BBD1B141AF62F901F8D517A8BAD8AA0"
2012,503,20281334,FALSE,"85C70BCC2D85358D9DEB2425317C760F9A16ED0ED69DD664B2A281BD46A5C9E1"
2012,504,20281335,FALSE,"ECD2A256A19B5EBB850D3B328D849D99E38D78C26D4D012EDA291599DE8D504A"
2012,505,20281336,FALSE,"F94B0BCACEAC2047DE99C7AE87A6E4621C6FEAD1308E7134CB0CBCDC5EB2CB43"
2012,506,20281337,FALSE,"484CD54770E881BEBC64DE2782CAA8A574F14A7A7804383F21AFD4F4309B7068"
2012,507,20281338,FALSE,"48160BFC618753EBBC325AFC84AD1C1D5B90E4734DA164560E41FACFD0B7477D"
2012,508,20281339,FALSE,"256B6C791F0DDDCC06B2D8DFB2B1B01CD3071A00AB5E31669E76C78963F0354B"
2012,509,20281340,FALSE,"832C3E52A7D471434980EB7B89E0DF0E9E9CF386549B7F4E0B67D7082C8B99AC"
2012,510,20281341,FALSE,"84A1AFF1D093797EC2BF876F08D44FDFA50C1220E924E8D05A82DEAD78CDAF1C"
2012,511,20281342,FALSE,"442E5301264B263A1768B1EA37B1D007657083FCCB5DFE09DFD5694A31D909B1"
2012,512,20281343,FALSE,"329C30DB460B6F69858699520D499BFF57CD3E8899838C02FA1697ECB3D83954"
2012,513,20281344,FALSE,"558C2485B078C6AB62891CC687EB994DDBD1E0D53AD53BAAD88922F73B39B11B"
2012,514,20281345,FALSE,"421C3788CAB0C5DFAD1D244349BDEC55E930EF280183A8B218055C358C25A4B8"
2012,515,20281346,FALSE,"4C6A506D594E9996876A9B38B9D4339EF521AF5FBA341C103D9861FEA8C84AF2"
2012,516,20281347,FALSE,"0DB5F853D8B3C27A01ACEF3DD62D0BA772B38BA52C2CAF03D60327BE596C59F3"
2012,517,20281348,FALSE,"E3EE42528C775952F04368C58BF1191E334F1F11D38E0D8903AA578BBB1FDB64"
2012,518,20281349,FALSE,"EC4012E82ED185EDC9C915DED44D2A387E14A5A86BAC48E55AF72CFE88406B14"
2012,519,20281350,FALSE,"D0D9AAEE8BD915BC010C28E3DDB9E75590EB2AB4208219DD4C9B3074E7F06FA3"
2012,520,20281351,FALSE,"D7B278A56D225E8A957AD0652DAA191DFAE80FEBBA9642887C87301BB16275B6"
2012,521,20281352,FALSE,"44498BDB4578CA75006B705FD84B0A1CE95C606D1DD4F05735B4FCEE51777DCC"
2012,522,20281353,FALSE,"3BD57A7C2D325758C057F20455238EE6CE71B3C233CA2E3C45FC39F473F80395"
2012,523,20281354,FALSE,"8946CA99E5D9AE10C67F65FCB8BD8D75C929DDCC36D726D990A35C47490F9A9B"
2012,524,20281355,FALSE,"FED185CC116A6AB057CAC4F17100B569053533DC493B97BC84B4B1671BC46D0C"
2012,525,20281356,FALSE,"02FAAEBDB65FAB31486B7A7023433805A1CCDE03E1D6FB581554045BD9D8AF54"
2012,526,20281357,FALSE,"D1EC84F9A9D83CDF06213C64D7355DB4C0BA793D43B26E2BEE472823264610F6"
2012,527,20281358,FALSE,"B645A86946F737FFAB25394501DB925A32603927C827C860B92A7370F75B2340"
2012,528,20281359,FALSE,"0F46B9FDD98D8AF31731161366C7010643B4CA7D49A7732A9A85490004598C55"
2012,529,20281360,FALSE,"5D7BF111CF670ADD3C64C140629B62E98579DADA9B8FD9EE2D9E61416585D930"
2012,530,20281361,FALSE,"E53ECB3B76B165F762D0ADFC9E5D2584B12D5CEDBC160397701C55CCD4B3A8FE"
2012,531,20281362,FALSE,"01F2C47857277D0F05E287749CCB2D51A619D608F14169F7E5560EFAC6F5C836"
2012,532,20281363,FALSE,"B2FF6FAC3E8FAD5CE948C335853E781F6A37F5A4D46F5303CA3106F4ED03CBB5"
2012,533,20281364,FALSE,"EB04AA1D929C1C447538DDBE554742C02E2BD85A558FBDF896E8AAFC5EFF5117"
2012,534,20281365,FALSE,"2F16D7E44264E30B931E221205533409A247FB0DDF6B433F0FC1CB14D5D7A2E9"
2012,535,20281366,FALSE,"37EEAB41131D36A53841A10F58F339D1FFEE1E28B43F7AA46E976C331D829063"
2012,536,20281367,FALSE,"2465DB8192E99FA53E90B1ECB77C8F781EF841D40E3B96C473CD418330954BA3"
2012,537,20281368,FALSE,"4350C1C19FD2CA62F2C1F776DEC56EB7890B1C1B7B575DCC0EBB6C71E9A2DB67"
2012,538,20281369,FALSE,"E019B79E2AE3B05F2FCD66CC77DAA5B95318CD8E56DE25B1F1F6FBD29A9ECF39"
2012,539,20281370,FALSE,"2BBFFAE60BE5DB1C597C4B390F9B509CB97F8B87F01B4731B6FA5CD2122377F3"
2012,540,20281371,FALSE,"C0EA4E1BA8FB5AFF6CA2C6ABDD696CCB385F24036A07424487F380C7C287AAA1"
2012,541,20281372,FALSE,"BE864F33008EDF388E931E6EC5354061C9EB54338EB88974A90E62CCE1B22AF0"
2012,542,20281373,FALSE,"84F255301E2B16AE9CCAEA8DA69259E4E4A5CE0BCCE13020DC1463880266BADD"
2012,543,20281374,FALSE,"AA60DA35378B1F96F6ADC1E04670A818E4F0758DEC4707E85E55DEFFF157E08B"
2012,544,20281375,FALSE,"36B1DBCACB2F0C56F434CFF4F4BA8B4B5D077C293805FB717AC81AE77944D6DF"
2012,545,20281376,FALSE,"E5B5D6E14D223BE73CDAFE14E1D2730BE47551875458FED9DDA93F5C9CC70DD4"
2012,546,20281377,FALSE,"332086F497534F3C79FB86B171B7E53BAC4142CE5B418C1DC54D2A3A6195073A"
2012,547,20281378,FALSE,"521C7DAEBE4951504D9A26499D72B860184E01E3C6E2B8759DBF057822194F74"
2012,548,20281379,FALSE,"3059146482EADAC168206F3F3112F46CD5A127A9F53E2DB0788F850CC41E61AF"
2012,549,20281380,FALSE,"D0E868C014AB04C273FA84DAB6D60E8E84661442F25EE2C1D4A7BEA9A3FA75BF"
2012,550,20281381,FALSE,"EE3DDDDA22A2992D40F39B1E7EA50BB84569A1E3BF419C9B96D3C92DA7687ECD"
2012,551,20281382,FALSE,"E72215BBC60E676B7328D22CB18F8AEF93D46E9850E78D253B2DB11E34A30B35"
2012,552,20281383,FALSE,"A251A757F378511B6380AF676499B2F353FE7DE2FC0DAC0C121E7FACF587FC30"
2012,553,20281384,FALSE,"9D629ED21740C9ED404DE841224DA59D341BF90D1E129D691CA895FF2F3314BA"
2012,554,20281385,FALSE,"B97D83AB934681C1902C2D906DAF2C036F679E5CF31DEF9F11FE669729F53BA8"
2012,555,20281386,FALSE,"05A069A63FDBBD0387B8D46E813361011193820DB569FD725E0A13D5E895F6A4"
2012,556,20281387,FALSE,"49C34D0800B48BE64E2B380ECA824C1D834B28019815F48AA7B6A22621C81818"
2012,557,20281388,FALSE,"65ACFE231D4BBEAB719B56E4559B3C71DCD9D99A64CE4BD6740660E5686C6CF6"
2012,558,20281389,FALSE,"B4994746655426CD220D4FBE6551DD10533E49575697886FC1B61C29FE057063"
2012,559,20281390,FALSE,"256A2617BFF6437912CF62FAD00D77FD52D4A3BAAA7FFE23F66CD1399DA1BC74"
2012,560,20281391,FALSE,"AFAA629C59E2B798014B6B9939C6B221FBF02DDD081732001DBCCA1A25BD8B6C"
2012,561,20281392,FALSE,"27E53C2B8258326C7D274E92F1663404DEFA38684EBF5889AAA457E95049C226"
2012,562,20281393,FALSE,"95EC7B858462D0B987E2BB51A1ECBC2E1A384086A2FDE3544C0AE90143036EA1"
2012,563,20281394,FALSE,"88D6313A76330907419FAB06BE080F8928DD2B9D38DDB860179BF5361B745370"
2012,564,20281395,FALSE,"76B08A341FE32D6904E2E576052ACEA44B02009C1D07F500B6CFD4A967AE3063"
2012,565,20281396,FALSE,"CF99137DB864AC375364AE88E1B954416AE7ED94998EF133602DB28E1269DC9E"
2012,566,20281397,FALSE,"85E7B21AA87D0B5CFD4416A672F18DD7035FB0B2B06DA741A760CBFB37FE3975"
2012,567,20281398,FALSE,"0D8635ECD84254B1397647F35068726718BC2956B711ACECF360EC2AFD81769A"
2012,568,20281399,FALSE,"5D0F8F1304C407F3F527D8D996F82788CE667EA10A7A099B9BF20BA5E9BE15E6"
2012,569,20281400,FALSE,"DCEC060CE063DC79BE07CA15106BCE71D633CAE4E4E0C5F5E045BFD55FFF84CB"
2012,570,20281401,FALSE,"3BFA4E41746A0C01373F75E4B5151BEDD275B9FDF32EBFAE7C791B4800D6D64D"
2012,571,20281402,FALSE,"474E72E0BB13727C4DCC95FAB0103525AE38E5B00F33636106EB09358C29F5E0"
2012,572,20281403,FALSE,"2870517627A5F416C29B738077B58F3F49D51BBE0ABF9C1F644F38C226ACA984"
2012,573,20281404,FALSE,"339537442403F2E8161EBA90F73A3D2232B672E037060F56E4161686D73360C8"
2012,574,20281405,FALSE,"B25315125EA60EA66FAC6E90E52F9AB87AD02C65B52B04F944051C5500D7FF75"
2012,575,20281406,FALSE,"FBB9A6D0E38E692F761413F422EE1C8C531DC0012D49308AB2C9439030F1103C"
2012,576,20281407,FALSE,"73CE45970CE8CEEFB1482B2CB7228E930A1FE58922CB2FE258114F2D2A3E8AE5"
2012,577,20281408,FALSE,"D8DC27E07B4ACC76A69F9FA1FDF4F8419FC255BA3EAB7AAE6B1382E20D0D8BD0"
2012,578,20281409,FALSE,"303D3FF0A8DFDB43503A737B9024AABB4665C82CC539B92C6F39F05BCC20A2B1"
2012,579,20281410,FALSE,"4BB6AC81916504990E7C1FE8FA87E3E04D3EF50EDB074E8DB9495B209F5D16D7"
2012,580,20281411,FALSE,"0F1B4BD383AC141A3FD5CAEC580F01D4DED0802598C38E0DFA96BC62C968DDDE"
2012,581,20281412,FALSE,"4C4749945CCE4B7235EF3540AF501C0FE44B6ECBAFA9A76F760EE3ABF41F1B60"
2012,582,20281413,FALSE,"74B33BDBF46DB6D8A5299A1A25ADBADF2F2DD4132659A41E7F3E2718B61A02D8"
2012,583,20281414,FALSE,"B66F25530B88B821670F55EE3E986C9449C960E6CE98B2106315087518396BE6"
2012,584,20281415,FALSE,"F7DB39D744214E0855ABF002CB9D9EC48B8482D2FAF756D0CE46D6E6146B5657"
2012,585,20281416,FALSE,"BF4C28959C0B880E8EF5A4B3BAE64301E9FC428C95F39DD7A7587452575C4525"
2012,586,20281417,FALSE,"C42C03CF8D02AAFD2FE21062F0C7670C177B2E8A7F5290496DB6E88C474C3332"
2012,587,20281418,FALSE,"803BC21D51A77BD2E899D421BAE406C624A3D9365D56C9AD33FF1D3355A2F789"
2012,588,20281419,FALSE,"5A2C70E30CE5A166D28C3A7A14CED712418D4FD576DF94FF7308EAF17335A362"
2012,589,20281420,FALSE,"AAAA147B002E44DB3D8BF7597062A8081CD6ADA11F6A1986FCCBDBD75BF5534A"
2012,590,20281421,FALSE,"7D2B4DE3A09243FDE2F18D5290913C1F3B4060E51430D5F82DC30C3FE54FC2BD"
2012,591,20281422,FALSE,"015933EAB6D50C72758B9D4405D55740FE1D02DC1813BB715A5E89388524ACC1"
2012,592,20281423,FALSE,"BC3A0186C052F5F7E382954F2E7FC527A0B2A7C450E563759BC6119D9DE5CA5F"
2012,593,20281424,FALSE,"877949A92F9FD61D2FD5316F6AAA754F0BEEA71AFBE1488541F8420ADE1F56E7"
2012,594,20281425,FALSE,"A3F5F65AFA509CE8F60451D86F9A44F095750451DFAC413C839CEAC41C9A4758"
2012,595,20281426,FALSE,"2A3BABC84C463CF3410C31E7B7239717E3B722BCD27D5E093B362453197405D5"
2012,596,20281427,FALSE,"B46DE8BEAD2767C65117905941EBA632A476E30651EB25DB781F7D7753B27B35"
2012,597,20281428,FALSE,"A96D3B2F1DD5E667E6005002D061240405DF81BD31C68D3926A29A99CC25DF25"
2012,598,20281429,FALSE,"E69C9DCC198C377C77DFA4B57F8746F39916B14A3D197865FB3A6318EE63D9DB"
2012,599,20281430,FALSE,"A50CBBF07AD29244A3A2D1464213A6C0EE775653F55A72D627315B7E48E14684"
2012,600,20281431,FALSE,"67E4A7787504A88C6BA25778DB5D48F4EFA898A2C1306ED19ACD9FF2662E472E"
2012,601,20281432,FALSE,"CDA8AB501705F85867981823D05FC0991BC86BE9D9FAB910E3BC20B7B5B471FA"
2012,602,20281433,FALSE,"E5A0E2C7A873F79CD339D17EB186EE75864D1AABC51B21EE41CC3F6A799A1097"
2012,603,20281434,FALSE,"6673ABCBF119A834C9DF6083EA77EAE016FCE7C4CBC6BB7C43AB86E57E8D3DE3"
2012,604,20281435,FALSE,"B989AE57B463412C78ACB6E539D3AAE16C8BFA67B28AB5B51827AA5B31784E01"
2012,605,20281436,FALSE,"1260DBEF39BEB3372F879495E7E5A8208F7C51756B5B1A044A496F3C9782AA9C"
2012,606,20281437,FALSE,"BE48543638489D978D467BCCB807CD11AC197275FE7A418CBC8D93DEF9A6DDE3"
2012,607,20281438,FALSE,"4ED6677FD32B29C458C1EC8D468A980448032B5E15C8227298E65DFC9E374F35"
2012,608,20281439,FALSE,"4B8D3030772402048ABC8BB08F8A7F1CFFADD33143E9D41627C2542298A66316"
2012,609,20281440,FALSE,"2F01B7EC4A8B5B7B5636C4158182535BC5F809A4719AA8491FBEE27543B42730"
2012,610,20281441,FALSE,"B38F51C1265CDA4F72747AFFDA948AA00C763B8A99C1F32D0821F1F3BF6F437C"
2012,611,20281442,FALSE,"407BF1AAEBC076F52A819B478DA22DF7B0A19C60B98F4F2474ABA6EA1D8DC924"
2012,612,20281443,FALSE,"727BB482BF14FD3AB84D62FFF3C302605C481B37898AB31F7358FF0314E6C6C1"
2012,613,20281444,FALSE,"5C9CC650F990C7C3047C27A081C7C45EA9EE433039E3D7F1A81681775FE56542"
2012,614,20281445,FALSE,"3B4A2F722A6438FE4BBDB6A012C59F21402FCA8E1B14708F0E09BD921816E9A5"
2012,615,20281446,FALSE,"CAF74CADA1C8B9CE31C2A31E13B436C4C352775AC77FDD4394A70239D27691E6"
2012,616,20281447,FALSE,"3B06DCAF4C56F1D1A1BB1FC2EB1A4A03CC520864B4AD2BF7A99B14304A8C8995"
2012,617,20281448,FALSE,"A06AEB9C5D3F2FB28FCF999ECCBD40B9EB6F62127C83BF4A293C284312B584FE"
2012,618,20281449,FALSE,"1032DE0907893DADB70C1B7B3AEFA7850AE0315A9F1F8689CB1BCEEF80AA8434"
2012,619,20281450,FALSE,"BE9248960EAA3A22EFE6BD463D4CEED55B49CA65363125B65A3E78E5BCF4FEB0"
2012,620,20281451,FALSE,"162E08834BD8D26A94ED38DB62DDBB01AFECEBAAB4062E2EEA154692FFFB73D5"
2012,621,20281452,FALSE,"18C0D3D6B8DB1A17F55BA28C1CFFCAF78F8B81EE1E49E296D4B4A2DC714F619E"
2012,622,20281453,FALSE,"55CF9926759233C0CB575BB6CC2EA8AFBF9C75054E8AA115EEC73FD6ED185B3E"
2012,623,20281454,FALSE,"B0F8E60B3CFCB07A333293A8EA20C93A21E0C2049F6BD1C23D1D4354FE90F447"
2012,624,20281455,FALSE,"C3E3A48527FEFB929E9F2EB1F927D9D15160ADE493252D22A6C2501EACE6B1E2"
2012,625,20281456,FALSE,"B275A8C5F27B5F670302487E97C649BE8ED0F70C06A3DBC6E49F755BF7A2FFCE"
2012,626,20281457,FALSE,"6149AE4BD46F597491126007C4A53C0B94630D270DBF67457CB5EE3EC6A57AD0"
2012,627,20281458,FALSE,"C778BB926041EC0B158CDEF358CBAF5E57DD7A8B48CF9233C7C4DA905E97B635"
2012,628,20281459,FALSE,"CEF0C687F1A56EBB00470E5E6DF32FB8CFA9798C12F49DDE94EF28102933650C"
2012,629,20281460,FALSE,"DAC1DDA5DD59020A36ACFC29B0906AE3812FDA60D46CFFE7E0D0B933D1129678"
2012,630,20281461,FALSE,"9B4242224FEA11A067175B2D1610858B1C81C788ACE4B9D962A4277CB83D902F"
2012,631,20281462,FALSE,"EC7AE963B36316798AC150C2EC30D1BBDCA27BE10D225397137D36232DB2D388"
2012,632,20281463,FALSE,"CB5019B310365D5A17DA6C759725D555BAB3C980D47ECB53529AA15F590D195A"
2012,633,20281464,FALSE,"B8646199938E53AD40F03484188B4EB53627A4047733E210323D891F8E0289EB"
2012,634,20281465,FALSE,"4E66610D63DE26B3F547BF3D9AF5E525178AB7FB1B234C38D0B4957CBAD68292"
2012,635,20281466,FALSE,"3B2DD1DA19AE9275C94F40EB146B46CB6DE7792795845EF7813261FA9398B7B8"
2012,636,20281467,FALSE,"C07F687C781A4823EB516CE7D7CCD8C1CD4C5EF4E7C2BA160ACE8B2966EC2064"
2012,637,20281468,FALSE,"44986E6F733EA595035ACEC961A9BF7818B82D44560210079946A5CE64323179"
2012,638,20281469,FALSE,"815AB8A25E3373CD798A7278772E527983042E0B21CA90D4B6EA527B29000A38"
2012,639,20281470,FALSE,"88CC5CAA8686F02BA325ED2E11106CDE4702C29E911B0325CD585C58E92FD235"
2012,640,20281471,FALSE,"662EF5A5237478DD73127AF37AA6730BA1C992F340BB65D2E88BEF66A9992EC4"
2012,641,20281472,FALSE,"4DFEDEFAC0442557F8E83B0209465E73FFBADA75E7695292DA6E6EABA94B7B3D"
2012,642,20281473,FALSE,"C607A09CCC112DE8E16D8DDBCA5ABE454126FC98CD43ACCF3C2970397F54F27C"
2012,643,20281474,FALSE,"BF3983A872409547BECAAA73EA6D713EA8D22AD504E623FA952D3CDE21450985"
2012,644,20281475,FALSE,"A8088B25ED27EEB91E2F83964685447AEB7DC2BF51E0152D4879499FA6DAAB88"
2012,645,20281476,FALSE,"C6DC43CCDC68E9557826F3E45C855BE2D6F579A4CBF19B85C44D929A2A5DE4F2"
2012,646,20281477,FALSE,"F1857B36345986C7811976F4CCC85A0596FFE3742B04EAA13BB9D97BF9B17749"
2012,647,20281478,FALSE,"61784DC9F93D4924CA11A75B7E62A79A17BB5B425517DD15B1FD0F80B59C2C56"
2012,648,20281479,FALSE,"63C495A974FFB9EE9BA34E899F9B61EDE6FDE8C5057F92D0432AC7894B0A6051"
2012,649,20281480,FALSE,"B60CA215D09578A670EA3D4EA0CCE559CF7C4B2325C200A8A23226D73BEDC130"
2012,650,20281481,FALSE,"B7A6B52E299343B772FE870EFD78CDFABE0B43B310667B9557260C7DABE40EF4"
2012,651,20281482,FALSE,"D2F181E81D2B6BDC6DAA6DC41652B805A9EFCCFF8B7E207090036021D03284D3"
2012,652,20281483,FALSE,"D43A859C2FCEB6159919D6CBA909F72C4D48E74601F12FC1557F2C76F197C189"
2012,653,20281484,FALSE,"C975938B49782690FCE7E97E00B39E00071B645BB7C88364D77B765979A810B6"
2012,654,20281485,FALSE,"89DBE7E6E75CE6BD7785CB3E61385D3609673F3E991CAA3CC61AB863C8477B5D"
2012,655,20281486,FALSE,"D3EF933C243BA1D1491907B81927A0A42A420F2882AD8DAF00614917D4C7B1A2"
2012,656,20281487,FALSE,"C00B03A77BC7AEF61B52F902E220AFE52A6E720945E7DF252E499CE3042E2685"
2012,657,20281488,FALSE,"7247B81EE8E5BFA39164495DD62BA63263188CC69D2D53083D1FCC4728EBD51A"
2012,658,20281489,FALSE,"D456CAD1E754D08BC9D9A6035C8AB1686C35731AF511AAA322165BF2D5278261"
2012,659,20281490,FALSE,"8F89EEA6479A61B933406B1C39822DF63AB721B405C66501323C08F225FEB992"
2012,660,20281491,FALSE,"C6A5B290981733FD4EF023A8EC75827DC7E091432C9D157D31948575DC0EB2D0"
2012,661,20281492,FALSE,"BD2F53A29E0183707734F370BAB759D5F7E13F31FFD04463ED9C188691312CCA"
2012,662,20281493,FALSE,"D7D32FFC4FECD1381E0ED5B216A229B92531A23DBEA8ED964DEE4A3CC62B2649"
2012,663,20281494,FALSE,"66AF084151DAF8CF6C106969DCBDFC29BC1DA26B8510851056591713A13D9C27"
2012,664,20281495,FALSE,"67A8B11FEE4DE0D594B8389EA96E8F281B67F35F67E1245BB1AAC5B356FDAE43"
2012,665,20281496,FALSE,"07C9E1F580C92D7D9C0F2C3BF53E38B6E1BEC7EACD93D513FF6AB98E22159005"
2012,666,20281497,FALSE,"B6BEDCCA1E567BB161DBB260B8361CB06F54E5B9CE99221462F150EC57F96540"
2012,667,20281498,FALSE,"DE400332FD20DEFD5798D5BA5E933D1D6C18238BD0C52DB05A7E74A8071673F9"
2012,668,20281499,FALSE,"C0F41736869A28FD9C54CE78454103565D0C06ABA48EDA8D6E3375B4F787B3CE"
2012,669,20281500,FALSE,"A2AEE4307231FE9420913DD0E63761242F438CC31D8B63ED5A274611012A0708"
2012,670,20281501,FALSE,"C5141BC564053F9386D50EE6E6DAFB9032AAEBA3F08B47775660B57486044E44"
2012,671,20281502,FALSE,"70C0024AED343A88505E400651D7E9B68DA11763880E098400A6A5D707D5B79E"
2012,672,20281503,FALSE,"B5A92A15A6A155706ADB191AC79383E9B1125CD7DA820E0EDCD059B77B5E7896"
2012,673,20281504,FALSE,"1C4600D6C77532D89A250D5F8BFF001D8E263B7ED706AEEC7D53CEDCC0EEC716"
2012,674,20281505,FALSE,"CB59B7EC881BF6717506D4515037E2138124663CCE5E2FA1BFC46B22A41AD841"
2012,675,20281506,FALSE,"3BB9C1039601635C9DB17EF53770EE10523D4AD0CE3BC60A4072FB3959E1B469"
2012,676,20281507,FALSE,"8ECB11681A050A27D8ECD5598E0FC996AB854C0946E0059B5221F059B2B94665"
2012,677,20281508,FALSE,"9F9E335EFA358EE662E13E0847C495D5F833076CB19D5BDD6C9EA82EADA143F7"
2012,678,20281509,FALSE,"7A3D76075F20BEC979D70AEB42BECA67F6F2B7DB1AF6DCEE46117E8ECF5ED579"
2012,679,20281510,FALSE,"BF8B284BFEFB51885B40EFAB55A9BFFBA6165C3931530F5C3DC5A90E3DC7CE6C"
2012,680,20281511,FALSE,"26954AD22C4582A1C9AEAAC3FF1F6A1F873E0DBED40A6D424EB673C44F109EAC"
2012,681,20281512,FALSE,"51C078A859C3E9C4534F66514CE44220E89E7F90347771FE1385DB3434D95AFC"
2012,682,20281513,FALSE,"1FADA49755665F1D94E9286E44731B63D3BD919BCE1ED681DF682EADB8E74273"
2012,683,20281514,FALSE,"1323083FB3EAA454E580789D867F225781DAFF7DAEBA7F8506AD619ED72EBC81"
2012,684,20281515,FALSE,"E23FE6895909781010F2602FA80FDAF4C30EED67AE835B122E5D60196014521E"
2012,685,20281516,FALSE,"4EE78F7ABF02724F99E743463CEB6D3567967D3079FF013806B7EF8E9C69A330"
2012,686,20281517,FALSE,"FA7AA4FDC8FA430E41AEFF65D6A8365099F8A43F5205A7BD721E23F3BD3E52B7"
2012,687,20281518,FALSE,"96CAA37266E5973D8DE0E2B1C757849067A204B546A7EDA275C23A2789D47A05"
2012,688,20281519,FALSE,"E1C38F06943B4ECEDE635E336F5BE3B0EC9987069D67E317FA4ED03DF2C8B61B"
2012,689,20281520,FALSE,"0FAA7B5A9621FE270627E646756086F172B92EF19AB19A41C3C8F89E2A8872AF"
2012,690,20281521,FALSE,"BFAAAA881858B331232CD5BB97B7E3D39D688A225791200C320225CA555AF687"
2012,691,20281522,FALSE,"0F3D8A89616B09A25716D58A279828F6457AAC49C51701B71AAD823859F1F48A"
2012,692,20281523,FALSE,"C60F214A2C228C1E5EB3B3F97288E1279310FB1DEF8F98A0C7A3895653365A62"
2012,693,20281524,FALSE,"C0F952CFE620C5F4E60734301E6A3914934C82EC5D37BFB40485EBC65C84654A"
2012,694,20281525,FALSE,"0E66F431E1FDEA9AADA2B7E463B88312A6251CFF01670608C2F1D2F446251D29"
2012,695,20281526,FALSE,"79BE4E6D474AEDE4301CED2C94552EA3DBC466510918FC6F9B2C2A17148189CA"
2012,696,20281527,FALSE,"7098FF93EA4DB40EF98F5BAABE70269E408AC23989B7A306DD374C5794F86E45"
2012,697,20281528,FALSE,"AAF137B610E071B9C1B604708B5A47986B16658EDE39201DF69964FD09AD67C1"
2012,698,20281529,FALSE,"6CD72B7DFFE865B865097C5FB929D26963F53E8777F0187A441A18C9410A11AA"
2012,699,20281530,FALSE,"25D21A09B9ECB47803FEFD43A3C2D7B15D84ABB0D28E555D5C751DC6399B180D"
2012,700,20281531,FALSE,"55EF590C4E93D1A8E3FBB3EC7DA39B026C82BB2E4589F75DE919ABDF71BD546E"
2012,701,20281532,FALSE,"2F9AD7E7088B473183709C800F5C94B2A17278ABE65B470C60619C92E72C2DBE"
2012,702,20281533,FALSE,"23881C0B6395A6E927A0E9EDD5F8704389D92D481572F8612B12171189FE5CEE"
2012,703,20281534,FALSE,"928FB06DC3B1C94B903E37771CAFABC5E5CDBF07F677091AF12D82CC541505A9"
2012,704,20281535,FALSE,"3F0CAEA5E1274A59DECA3F70F2448D4E93E6D5E3DB881B91F136CD37502B13C4"
2012,705,20281536,FALSE,"83978CB0872BDDD2B21C27D2068535795926A692B75D7E5D6FCB326C41764EE7"
2012,706,20281537,FALSE,"64E1E73EAB5A42368844339D383181307F9C69FF5128063AA392143633B42F01"
2012,707,20281538,FALSE,"F7A9D7CF9A049EE05AA870F1F8A2EDFA275BF3B9BE67FCBB6FF7E1F74A7D9A74"
2012,708,20281539,FALSE,"3A740EE69786208CB708569935FCF1894096310D65167A01494ACE7769D89744"
2012,709,20281540,FALSE,"526549493117A3EAC455CE78CA6FF8200B78467D32CAB2F6457C88D0F3DADFE9"
2012,710,20281541,FALSE,"3D0B0118AE3A0846B47E13F59944888156675934E914B92358BE30BDDA4D5FA2"
2012,711,20281542,FALSE,"D0D94B3076ED23EF6E5CB6E43DCDFD233315A25E5375422965B16EB9F474339F"
2012,712,20281543,FALSE,"648CCCF258E3BED6A6F68947B6DC26EC4D92675DF566A32F3C42A461F7D4B966"
2012,713,20281544,FALSE,"1A5BC77C616340773222AE3BE5554C44B5B61852F8F4E1518ADE8896760B5F52"
2012,714,20281545,FALSE,"6200B3CDDB7952E2F7555FDC94403858532EA8D4AA85B3A6D929A04B233BF453"
2012,715,20281546,FALSE,"AB8DF336C7771C17AD5A8CCCCFE876E4F472D0887B1C57B7BBC52E81F7B8AFA2"
2012,716,20281547,FALSE,"F47839FCFB0B7F99AA45DECE83D3640FD615725C291DAA5F185AFD98561D1E49"
2012,717,20281548,FALSE,"F79297710CDA0DC1201B7F6B7EB69547E9A73686B30424903DE017C15B37C175"
2012,718,20281549,FALSE,"90478AC3ABA692AB6EFE9F74A314C735A281D736A3CE3F88B360E252A2070584"
2012,719,20281550,FALSE,"D45DC1E026CE0A6372FC26E140C9E7AD919344489F6CC6280AC043EA85F24062"
2012,720,20281551,FALSE,"F03EF0906BE1A6F006D35C35878AAEDA47B7757BC68F8966ED1E1D500DC28D19"
2012,721,20281552,FALSE,"B46DB66E80B1E8BCC445AC9C22374F94492FE79CB35F108910131F0645E14DE3"
2012,722,20281553,FALSE,"433A9AE679D6FF8E8136C91E49D0CCB9985A850C2AF7A0DBA397D981AADAC165"
2012,723,20281554,FALSE,"A8DDFEF089FFB7F902ADDF88AECA9D17BF2C26DACCFFD20BE0EEA6ABBFCBB17E"
2012,724,20281555,FALSE,"DA59E56C93CB717E07CF043F2D86B3F74509FDF6242451001086984BE8E74B9E"
2012,725,20281556,FALSE,"89B8B8254EDB14B4106DD88DBE747627FBBEBE491CC49FA46328346305EC0F14"
2012,726,20281557,FALSE,"A3F6706DDE3F08760E8BAEF316C64F70AF71D8AFBB933BC352F652A4F4C02910"
2012,727,20281558,FALSE,"E523B0E4BC98B04F0D066229C0A9CF21045DDCEF31FB53DF35BB68B5AAE977D9"
2012,728,20281559,FALSE,"7A8CBCC5155DCFC58A492B4F2ACE92BCE5B2D87F813F80074E8365A7A89664C2"
2012,729,20281560,FALSE,"9D1C06760922D974B0C25FA049E14379BAA46C79622498C789624A21A8EB51F8"
2012,730,20281561,FALSE,"35698CCF7E352D34835904A1338F56F06A120F35012E1D6A1ECF48239CC7A4C8"
2012,731,20281562,FALSE,"139DAE47D47DC1CDF0092E788CF5BA70130C6DF6B559082C240D4803B3C266AC"
2012,732,20281563,FALSE,"DD58CE525801EEDC7BA2F076BAEA4B88E7A592E7F28D4B96EDE1BBCACA1E1EF3"
2012,733,20281564,FALSE,"881EBA3C592246496698E60C01447CF52197DB611B3AF48C63A42189AE5C95F5"
2012,734,20281565,FALSE,"D5CB906008C9596B82035FD07664E0D3AFA086C626FE9DD0F7D9EF443C4130E6"
2012,735,20281566,FALSE,"481F55019C433F0F3DA2B0400DCBBB9733BC30F3EAD5B80792A7EDF6D4AED3D7"
2012,736,20281567,FALSE,"52DFC273D33E87115182C20ECDB2299E9F7B07C0ABF4786788C0B77C7F53CFD7"
2012,737,20281568,FALSE,"48164EF9EFD7D17A495127B87FAAB3886AAE410659DC75A78F27C2E32E96BA0B"
2012,738,20281569,FALSE,"DF71B1ABCD557FE2F62A6712075FD02C2DB83003876D8B991B670ABC1A2BF721"
2012,739,20281570,FALSE,"CBD205F863B842364A5D28ABEA207C30ED5A836A3F08493AD9E5FDEB1D23A716"
2012,740,20281571,FALSE,"67EDCD5DABD74CDFB6CC1CFBEDED2631224AF31E93CAB173D78EAE029B9723D6"
2012,741,20281572,FALSE,"E2B6167EDD586653F2BC212142E7C8760656279D03408F5C089C396116696122"
2012,742,20281573,FALSE,"179D3EA152DDCE9DC6791225F9EAF2BF431A5BECB1F44CD3282BF17C2CDDC803"
2012,743,20281574,FALSE,"162516785A2F68DE3CDBCBA7F24217343F3282D35FD34A20411B8344507637FD"
2012,744,20281575,FALSE,"7D8C5B5B4696EDCDB009A6DCB56648A29A6EB0823DACEE8CC7761F599AC2920C"
2012,745,20281576,FALSE,"05C29BFB4DE0F4B972872C21D9B01E761D94729D4525379D8D1FAF3DF0AFFD17"
2012,746,20281577,FALSE,"CA11D0546C57AF48676BAE9B452CE46D0F38B557A013B73739BEF3245D93C4DF"
2012,747,20281578,FALSE,"E051317F412C16CE086BA8119A40BFB9F8C924D7DCCB468B6C60875970A8D6D2"
2012,748,20281579,FALSE,"73AC76F7A06DE58DC396A2FD728E16844F56D10EBCC3CCDCEA797262CC060716"
2012,749,20281580,FALSE,"4BC725570BAAB0DD04F4C05A9E371B1C7E3E3AA4ED11F55F5D5D2547106E3451"
2012,750,20281581,FALSE,"D544C2F20D506C7389BF60248B52CA37BDD2E78814C466E1B75E4CE334554745"
2012,751,20281582,FALSE,"896A02DB336BAC8C64B5D86C686142F3AA1AA61681FDD3ABD311AD70F86D6595"
2012,752,20281583,FALSE,"BFB71B983E5C87E619E4314339F8878532DE4518C56CADD2505D69738D942999"
2012,753,20281584,FALSE,"C549AFA37774C7AF5CA4A992675CFD72C1DA4E3DB1F4A0628422154A25122D0F"
2012,754,20281585,FALSE,"4255963446431AC213F405CF04D9BBEE1CA1A22028CD0F43AF34487A33CDCDC9"
2012,755,20281586,FALSE,"F4930E5568F2EF4ACCD369279842E08929D8FF23B1A6D95B57AC1C97D7BF1314"
2012,756,20281587,FALSE,"253426D088AE0706488EE0C2BC63CB9D32EEBEE5BF66ADB07C2BA22B4F2B676E"
2012,757,20281588,FALSE,"8CA771DCFE21375B849C7570617CCA2B7DE91F2691ADAC01B27499D05ABF29C7"
2012,758,20281589,FALSE,"2B10083F14D540826EBEE7E210BD247E7A640FF068B494B073FE215E85D4CD32"
2012,759,20281590,FALSE,"53AE8EA3267313438FC8FCDB72E6CB3117343F48DAD30D56FC82C5E8003F30D6"
2012,760,20281591,FALSE,"22693862C22AD498A470A2030BFB27A1D3745F9323DDB6D616DA3D2B5D775141"
2012,761,20281592,FALSE,"FB24D098B7B3ADEE124535A172FB7F5A0DA5E56B720DBCC5B95746BB4BBFA509"
2012,762,20281593,FALSE,"63BE28D0DA971B4EB391CF613B40A147EC27CDEB50680380BF3BB1449A5637FD"
2012,763,20281594,FALSE,"FCCB7F3E48782BA700126530DF0A95504F6976CAFA9D3BA94431A386BA4CA27C"
2012,764,20281595,FALSE,"5DC6A7997943F532F98130BECAAA7B090EBA6A28FF2C98D7E7F348A4F0B2F9E1"
2012,765,20281596,FALSE,"ED7A907FE8F72BBFF412F6261702CDF337F080AB43C022302C71098BA880B215"
2012,766,20281597,FALSE,"A61B0FC866787266827CC50FFF7EC8E726DB14DEB9AAF39A70D0A5AA01D9FDD0"
2012,767,20281598,FALSE,"A17D8377349E282B8A94F33B2D8C90F7DFC0EC06E06E0374D151CA44BF82D63D"
2012,768,20281599,FALSE,"C95EC39E32C55C15A6DC7B69B06E6A6DBE2A960121F34BFB12C3AB41A8E3D371"
2012,769,20281600,FALSE,"956F5E2A5B53C5128861C0B105338676987D497A8F3BED4E37EFB467AEAA5667"
2012,770,20281601,FALSE,"A698EFF551146BC3DC5F409CD9B2B3C16EC01770B6F6772318AF4E67CD949E5E"
2012,771,20281602,FALSE,"99EB73B268A68A662A7AC0FF26FDF034BF965D83BDF8853DA4FECB565D04F6FC"
2012,772,20281603,FALSE,"2424D47EF1DF22C1D6AA23516FB23F9202738E30ED3C4AA83E6959BABE6D1291"
2012,773,20281604,FALSE,"5AE6ACB97641C1C9048D24FB5A5EE0A9D9C3C4DFC2160232B2349D61C6634254"
2012,774,20281605,FALSE,"E08A1DAF5459FE5B0AF93BD258D8BF3D8DA57AB2D21E9E9A6DB8161323DAAE8D"
2012,775,20281606,FALSE,"B920C71C60D5DB5FACBF0415EE387EAE2D688454875F78B9ED78807240B73FC9"
2012,776,20281607,FALSE,"9F547FD592642FFC309FC2ECD465952A097FBEFABFB7EE33B77146BC4357E4B9"
2012,777,20281608,FALSE,"FD56E919929AE595C20ED9D934A017C060EEBED0037C0902416D7B301973A8A9"
2012,778,20281609,FALSE,"E228A8B5FDAF124017DC892D6FFB08F6DC886E8D1A15F1D0709DC5EF18F2EDA1"
2012,779,20281610,FALSE,"DA8BB918A631A19F73CAF70A537BD4667728F0708AF2051CD40CFAB9A027BED8"
2012,780,20281611,FALSE,"25D48312E51BC8FCC808912485351F9F52496268A34502D7AF44238DE1408DF3"
2012,781,20281612,FALSE,"6DC7BABE33220CD6C941C2D4A473191620C15129FA04783B9ADF69F043F9F205"
2012,782,20281613,FALSE,"394380E49131075B6960065528893D0658578F09A9A543143629EE58D844C6DA"
2012,783,20281614,FALSE,"ACBDA4C27BB18BED085DF9BB62C7429D4C7578BC074B3F2F8FC8710CC4124B12"
2012,784,20281615,FALSE,"590CC1967BA58EB09C60E1E75A0B8FB2A2004275C26E24545E134EC23370FF53"
2012,785,20281616,FALSE,"6E796BB57A06CE5E00758C8D2215E968A6928D095FF453CB4BCB1EBE570B53AF"
2012,786,20281617,FALSE,"F9911CF6B1858A47E58C4BEC34E5CD2228A12ECF10FDAF4406D4E379853F8C42"
2012,787,20281618,FALSE,"F87DB856BA16AE26D858FD77DCF7DC354CED430AA334D9E6053825284920CF20"
2012,788,20281619,FALSE,"C7AA6C8A7646C01CA1FCB09B32530D3638C942B6B20AE725ACB55AEE91A4A88E"
2012,789,20281620,FALSE,"A1CA91A265B6CF51CDF34A9B93A37C6497ED936C77763838E4EE717ED3049867"
2012,790,20281621,FALSE,"DF9B85DF20ECEAFD12EFE61749DB38F08B1480EF8A543992528AAD1957CB1A9A"
2012,791,20281622,FALSE,"9217B2AE4737D43135E1D708D33F60E8F6DA4F2719EA53211275F1B4B0030441"
2012,792,20281623,FALSE,"600A725EDE36FD515D2E407115182336E49CC22B6D65CC0D356C35207B14171F"
2012,793,20281624,FALSE,"A839841442976CA769CD0F3DE7DA3E49EDFBF986C8F1F4ECBD69ED1CE18E0D53"
2012,794,20281625,FALSE,"7BD8AA17FEFA5EF7F6EC7B6053FDFDF389039702326614BD86A2DBD7DAD54343"
2012,795,20281626,FALSE,"A1D0F615DCBC77A5D140375CFD1E1696EE19631004ABD4754F98C5F5B7069283"
2012,796,20281627,FALSE,"D06CA57A4FB3DB83D4E47BC5D72BA21251BA3C604321D4655D126A515F1A3F30"
2012,797,20281628,FALSE,"8155DF7E0905113A947E9AA23C1B17482EFEFDB45547624D258BF29E0D70080A"
2012,798,20281629,FALSE,"70BD7992FA7E0F12E140C083C5E07D091D0E068452CAE009B755FEA928C52244"
2012,799,20281630,FALSE,"434F6F6F9A5A5511B150A43A6ACC9D77FB5BAAE5532CE082EF2AAC48796F25D7"
2012,800,20281631,FALSE,"D029622A34A83A2EB5B05461C7EA4B358E3766335535AB2739D63106709444DA"
2012,801,20281632,FALSE,"7402BFF2A05F7F4FCA578859BDF8EA9074ECB9D0D2F21B7A4EE47647EF75B400"
2012,802,20281633,FALSE,"7508CFDBA115006D3EA5640EC478854C3C1109B27E6B3CE0745E81275EF9D595"
2012,803,20281634,FALSE,"31E1AADAA6ABB645A286D385AA654218274A53439FE2A439FD7C3FB66764DCBB"
2012,804,20281635,FALSE,"DB1E836624CE7107093E5B2CE5478054F072E49ACAB293ADF2EDB9CD5B1E64A1"
2012,805,20281636,FALSE,"BB96C43A3C4EC817BA4ED17AF22FD2EEAEA8FB0DD23B8674C0D1175C67F59959"
2012,806,20281637,FALSE,"7A06AD0B5D555FD16F6CCDAFF396D51BEDA29B737FDD28A1ADA73455FA7C884E"
2012,807,20281638,FALSE,"FF10133933F642BD9FF2D05090AA55B033DD1426CFA3D346DD9C011A0B33AE65"
2012,808,20281639,FALSE,"E451F1C315EB54D24E82C1BCB67871F2B960BA3EEE1D5B063197C95E9E2C4830"
2012,809,20281640,FALSE,"0A203BD599A48761ADD8EBB500AF73C059CF658DB3586F344BC81542F016A915"
2012,810,20281641,FALSE,"24873402395E14621DA77F8744357A2919F74BFEE80A29F0C709CB376D14FB5B"
2012,811,20281642,FALSE,"933B367B0EBAA481575CFA2F7652B158EAC05A938B0D7FA8FB056F7B08F0EC21"
2012,812,20281643,FALSE,"98010EB6765EF5A27837A8775A2269FC71AD0F40FDB81BE08C8DA27E8B2BE323"
2012,813,20281644,FALSE,"8B419159B7E32D8504313350F5BEF3E8EAED57683416B5317C5356BF941790B2"
2012,814,20281645,FALSE,"3F31DDCEEF8F40A497395A89AC5D65194E3B328D843CFAB601EFE0761DFA0E9B"
2012,815,20281646,FALSE,"613C9834786216117105B632B4F6AA481160AF915887F8FB1296E8BA76006F89"
2012,816,20281647,FALSE,"71247D75873812984F1569223B5F3499BAAE1921DFB4F81553BF6925C86545CF"
2012,817,20281648,FALSE,"13B2F0E86BD23BD572E686D0303A6B7713F25D22DD473BA07474964DAB765B48"
2012,818,20281649,FALSE,"30379D4A735E5BAA85B5A1294F729B3B9F8D436E1C7126E1BEFED21BB0107133"
2012,819,20281650,FALSE,"C3FD944247C4ED3A25CEF3EB94FEA640883397AE1EC677CF78523B4AB6981FD2"
2012,820,20281651,FALSE,"9C60ECFBC5E6D99570C78ACBF796905AF37DA45FBF2FE3958CD3872B522D48C5"
2012,821,20281652,FALSE,"9E36EA26617F6F539FD5D5ECC168FBD3186183FAA8F593A73CF012F83984E9C1"
2012,822,20281653,FALSE,"4D6DDEA55F89566E1BE3C86B608C9643E31A83DE7D64B46E5651FFEDCF3FEF99"
2012,823,20281654,FALSE,"B85B028CF3E27197A2BA1CB20A1C32A40C16E79795506682D1D63D760FBA36B8"
2012,824,20281655,FALSE,"6E2E6B64AA9BC797D3AD2B6CE06CF53035E5F3871E3B4E0F2120EE096C8DD3AB"
2012,825,20281656,FALSE,"DA55B0491D3CE333FEDD2077A8EE97384BEC30732422E07F24DADCA186BA0A51"
2012,826,20281657,FALSE,"E255A2061040D0179F5810ACBA3A89454DCA6252ABEE59B9A3EC4FAE4C5D1123"
2012,827,20281658,FALSE,"E3EB15A5DCD76A32F1C3DD1805D5BE635E64DA206F60CD597DDFFD9612C94039"
2012,828,20281659,FALSE,"1996ADBF81ADD21FA3DF5AC3CB744FF26653FE0F2C335A9229F26064DF4DBDBB"
2012,829,20281660,FALSE,"0F04362989B0295234DF5C44C8DCB4079A1771E07E22952067C419F26370BDC4"
2012,830,20281661,FALSE,"E02250423B46F2B01D0D857F9E61BFAD87383C2ED919FA2BE74F05ACA23F4336"
2012,831,20281662,FALSE,"685D08B7BA718104FDACB29C14C925AA2501EAB34381309BEF0A9938CB385EC7"
2012,832,20281663,FALSE,"59ECC01A675B9173119094BDD739A548FFD50A2A50F6C46C209602D5B9DD724A"
2012,833,20281664,FALSE,"DFB68E8F97A52C5550C837755C084689826802E05D093077B2821D26847589E2"
2012,834,20281665,FALSE,"E7FF547992A2E32ED0803666447596A3206D5F275ED4ED145886B87F3D0A4993"
2012,835,20281666,FALSE,"A8EE307CA5A96D651D7558D0B65BE30F6E07E78453AA31968E79727BB5E4EA03"
2012,836,20281667,FALSE,"D847F0C9514C126348F2183AAF3F8354358766A67CF9381E6ADC14B4694E8C76"
2012,837,20281668,FALSE,"0AA21DC5F54F72B4509478A025C0D191A6EF9CE9077E73A4EEF1F3A71D88412D"
2012,838,20281669,FALSE,"9F07A954F193508C738E7F08C5C3A6FA3B6F2755BB79AE14D50ADBB84B644E2A"
2012,839,20281670,FALSE,"E9508E36E7ADAFA924ADE35E074668993E4AA7CD1F978A8CD9A91D6110013541"
2012,840,20281671,FALSE,"1D98EA6A04D39B2940DC604E4BCE8BAFAC6AA972D5B8CD19E2CEB223C33CBEF5"
2012,841,20281672,FALSE,"22719525939482C1BD127F8E6469F0E1221E34F27F9352F40206444C914F7D1F"
2012,842,20281673,FALSE,"2BFE0407EC991E6444E429276404C0180005AF55BC5B7AAB90A1B8ECC0D8C83F"
2012,843,20281674,FALSE,"ED06C5241C941BD53B0A9EA47F1CD710B35363A896F506B44CEE5DDE59E7A405"
2012,844,20281675,FALSE,"CF4080E7246F6FD8AB4086DFB028ED63ADC200D802F0F108ED6F6D457AB7B29D"
2012,845,20281676,FALSE,"1428653706D307095B87A6F23C198CD6129019AA885F96E5CFB50C590FCB43AD"
2012,846,20281677,FALSE,"4E1D3025E4EB67A6A4207EB0E09A70758D8F237B824532E12DF28259C7D5B79B"
2012,847,20281678,FALSE,"80AA698F7DF8DC6B0BFB08462A24489704CFCDA76D514893113B6CFD90A8AE01"
2012,848,20281679,FALSE,"49B3D68FCCFF8D2B36FE67B9A758F4F2449F76F8BD36DE20C3EEC066FD00C0C6"
2012,849,20281680,FALSE,"6D2BEE20D9FB5F2759225C418DBDAECA3EA6F680D137D4ABB2BB24814682EA78"
2012,850,20281681,FALSE,"3CBA415600C1F43FF225650AB1A7C0A51F4F146A18ABAADE8EEA6988DC8B5F48"
2012,851,20281682,FALSE,"1CEEF2C0F12E7F4237AC384FE201046CA0332D6AE084AD1DA0213B4405BF618A"
2012,852,20281683,FALSE,"E7CCD058707D6AEB9AC3F42939C5E9B2057021F3DA457A19C4D7293D922C5634"
2012,853,20281684,FALSE,"FD60ED8CA1892D94CFF6E890428EE3E06D539181EDF89DFC19E1AB17E2FE44C6"
2012,854,20281685,FALSE,"2352742FA069BE9B2A774A1F2B608D15031BA0FB84A904E4C24CCD4C4D40257D"
2012,855,20281686,FALSE,"F94B67EB27721B57C3473936B1CD82EDF7A55DA3C687F70FA028062F3DB5BF9E"
2012,856,20281687,FALSE,"343EF693FDCA5F0572C544D309EF1FF3CADAC96310326032DC716C139F0D18F1"
2012,857,20281688,FALSE,"99C4954FF78DCBEC9007E9D206C811ED1A91A3DCF5BAFAA7F04BC03088D9F945"
2012,858,20281689,FALSE,"78578524DB13C8D32D197BAD10CA9535E31A73736CC988A29FA5436DC625EEA0"
2012,859,20281690,FALSE,"792CB49C2B62258B3DD5FDE4EF1585C73EA9ED29B5DB4786D17DC03D188E0A03"
2012,860,20281691,FALSE,"CA0F7890E8648B9A37C695D940751AEC6790F381B6AE885B6D22B4967DD4703F"
2012,861,20281692,FALSE,"FDA61C95AF36BC24663FD40FF940F912FC24F1DC3F6205AF456B07FB6F390ED5"
2012,862,20281693,FALSE,"9046D6142CED79579973C4625616DD19839DE069D1C57BBAF5A4A1ACF4BC109C"
2012,863,20281694,FALSE,"819498D9FA0FEA7F58E1A7AB1ABB6B7EFBAF98012AF92E7CD65D0298156ADF8A"
2012,864,20281695,FALSE,"39D7B5B86A1086FC3E9F74FC278401298628095DC1726D103E433AC7599102F0"
2012,865,20281696,FALSE,"52CB9D7B1C02215AF80BF52D667D40BCFBB673F984964D93991DF26CD1EEBF8E"
2012,866,20281697,FALSE,"91F8D3C6241093315250AF9EBB2275318493451B19EC9D66C2FB554DC45CE471"
2012,867,20281698,FALSE,"E298D9CDE2824F4A288BFEDCB819CC359C95BD4569ADB105E527BDBA43FCAE0E"
2012,868,20281699,FALSE,"7CFC69C658A5E538594BA19477D6C4A53EC619B1C46947959F1B487517530A8F"
2012,869,20281700,FALSE,"0D6E81C5E740969A324BA62D44F8A9EBFA559BA68D86A8C7D10BF92AA29DF33F"
2012,870,20281701,FALSE,"47D8F1ABC343A75AE262D7EF9CAEAFE131165F760E4329988AF56211E2394232"
2012,871,20281702,FALSE,"B9D50D9C32E549D7AFDD7EBEE09C48D2F7F186E47017E0546BF4B58CEC86985E"
2012,872,20281703,FALSE,"F4E5DD31ECB0DA99F9FE951ACB6F8A68F830DC9D8F419CD106AF24F56C7A19DA"
2012,873,20281704,FALSE,"B2A7B9C43A6B659B5CE9EFF40696A7FC4024FA30252580CBFC3FD70FA3423C9D"
2012,874,20281705,FALSE,"06C3A8D88FD464CB7CE75DEEE6D90DCB9821538EA50AF405F81CBA41B6E72865"
2012,875,20281706,FALSE,"91F57CB04131584D4510B1A6C7AEEDE601A9935F010CD438808C38D54FFF41C7"
2012,876,20281707,FALSE,"9D33009D4F6F20DA2045860E1FD664A106A5DB2155C8A347FEC668EEFC845CA5"
2012,877,20281708,FALSE,"8090319DE1CEB37013DE0FA3249E5BED2F7AFA09D14FD51364A569FB3FD98324"
2012,878,20281709,FALSE,"A1C93CA59A7B8F8DF4812E7FEF3207C028F4128064B6815EA891E31C30163FCA"
2012,879,20281710,FALSE,"6790BADC40C27496D1B05784D5A6C7943D3CD5BD8C5A4AD289AAA8391DAA69D0"
2012,880,20281711,FALSE,"2302D214DA0ABF47CC9070F1864387675F88617C683D4E193C40A612888F040E"
2012,881,20281712,FALSE,"5C360B7443DFBA07D04A7988A52925AD94DF7D7D2DF497EF5DB2E66F38EFAF1D"
2012,882,20281713,FALSE,"AD80AB16AEBC97867FF7A2A42540AE2AF5C360A77093C3898F7A0FEE268DCF32"
2012,883,20281714,FALSE,"ADFF51FFC4FE4F84FE551D14D429AF1CC8B84F44E20CECDC08F20ECD52FBD9EE"
2012,884,20281715,FALSE,"4641E5920A89BC4532E69BEB8711F88A9F5271E2D8579399F8A745DEAC9974D6"
2012,885,20281716,FALSE,"F4E0C94FC7465E649B03DD957B5C5B1B2AF45E7B797DD7D327B7DBEE599DD9BD"
2012,886,20281717,FALSE,"6E9D1C8A4C3D91048A5BE81BC02A5A3CF3CB65F28DD15F5C00FA2245BB37D298"
2012,887,20281718,FALSE,"2FEFCF7DE24866BE0156D001E82126B92F0B77338176E022A5C36E4EDD8B2CE2"
2012,888,20281719,FALSE,"4F8C358728CB36C9F60E1AC524A415B052841F01D6053B673C86297224D54758"
2012,889,20281720,FALSE,"32EA6AF4151830A8343CBEA7BA7880FE516BC5D382A41E4E0F4D6627936DF8E7"
2012,890,20281721,FALSE,"28BACEDDE00FE61781292D43F943AA9DDBC64643385EE9B9AB3510C316F81247"
2012,891,20281722,FALSE,"E8179624CDC36CF9E0FF025162F7C94EE9A6295ECCB4A8664E1FB7495FA89486"
2012,892,20281723,FALSE,"0231C4EA1602ECA535BDF0ECF63A5D78179C005DB01B91B0BB42091AF49866D1"
2012,893,20281724,FALSE,"19730BE5CA051BC26F49E64D80CCF3CBD51DC36FD2094E8AACFC98A086063E75"
2012,894,20281725,FALSE,"FC2C5B460D14DF1E62494C03D3FA9B4CEA55C460E19676E90FD0D69355F082AB"
2012,895,20281726,FALSE,"93FD9CD12068EDBBF12BCDFFAAC475A9FE179692E585CE95CA7BD925E2ED428F"
2012,896,20281727,FALSE,"3075D13110A7762382D9A9B1CB72842DD2822AF68125DA8E40F7EDF0D5539DDE"
2012,897,20281728,FALSE,"48B9DC5C59910176F189D2C170F9A63967544A9EE010E017FA3B56D81CC4A2E9"
2012,898,20281729,FALSE,"2A6EDFE61CDA174B08D58BAC672E252A0D6329966164C10454534817DE3D5F30"
2012,899,20281730,FALSE,"C02EFEADAC984D18BC253163C362BE6C7EA4FDCCB4A38FA1A237FCFEE0386959"
2012,900,20281731,FALSE,"388BB6C64E900B92A9025B305F0BF9173CA9C2AF45C1F338D944E01461D797CF"
2012,901,20281732,FALSE,"041993AB792B34F2AC26F799BA8B95F2024B727E6690DA2BB7BCB75F7157B3CE"
2012,902,20281733,FALSE,"7E8EC7E6DCB9AD99FF0555A783C9AE6617E2505942336AE33DCD73CD61FFDBA2"
2012,903,20281734,FALSE,"76E8D74D6650E24A5F7D83A8304F5DAB2A8D38C65F9E5190F581B9EA298C958E"
2012,904,20281735,FALSE,"3798FD0C42E22EB1FEA0949D9EFB4FC2702508CB2AC3AC44D90566CD590F44AE"
2012,905,20281736,FALSE,"6ED7E2B7D59D4E1D9C9824BE50D65CF51FF85B6EC1E7B3AC42F5FDFF65ECDEB3"
2012,906,20281737,FALSE,"7F2247816D10AAED608AC76B76575E309279A730A802B7AB6D0B9F52988F80C6"
2012,907,20281738,FALSE,"C15C4A6E574C037180C204A4ED11CEA6C2EAC0C6CBBE0F5DE25BD8C0F8ED09A5"
2012,908,20281739,FALSE,"7115457BE022C47DB23EF3F5F371A560B822C80D4D42903120D3CA95046EB170"
2012,909,20281740,FALSE,"28D425D50E512600BFAF8E8CFC3016B82BDF571EBAE969D614CF5CF781F1287E"
2012,910,20281741,FALSE,"B89152EC8D4235A622570ED593D082F8D87C60B3864DE883A825341C1B4ABE51"
2012,911,20281742,FALSE,"B4ABDB2C01176E47076D706D336642A4907E0A12605E2426C6B85F7240F52573"
2012,912,20281743,FALSE,"0732C2C152E9D4963C9D0DFB254E1EDFEF9DAEEA28AF5D749C76324D403091F4"
2012,913,20281744,FALSE,"0116BF90C723654AA3F1E789F72FB64C09F1DC970A17758CB0FA69B52B0F10B4"
2012,914,20281745,FALSE,"2BC77F9482AB45FF4A99673419533A5CA90501E8E1E730130790F6D772C21FAF"
2012,915,20281746,FALSE,"D7231A57C8988F705855A0AB142B5B8199392A60EF808692B0B7B5B549EF0644"
2012,916,20281747,FALSE,"18D0495ABAC260A037BFAED31936C01241875FD5BD770B00A706C132024CA3CD"
2012,917,20281748,FALSE,"71C1CE19DE7F81C2ED2BFAAA355971A17DB8FB504624FD68300632F5FDEC5A5A"
2012,918,20281749,FALSE,"9C8EF9678F42549EF4C9430EFC0F637F3D3505018A4E9DCA7AE1A93F4D803B68"
2012,919,20281750,FALSE,"B8FF5812911D6FDC04A905B602DE32E440A00C3BC4F3E1925C913BAE7DA133DB"
2012,920,20281751,FALSE,"F19252BC9CEDB831BED53B33F54C987303FB0E04C05BC4ADA6DF01467B14A608"
2012,921,20281752,FALSE,"A427487294691A6EC392F728CF6BFE263F257A6A0D9E7D137D60B62EA120100A"
2012,922,20281753,FALSE,"1266128D3080F29EAD6D0B529C94A00650273FD2B32E0450624340E591CADC87"
2012,923,20281754,FALSE,"5C8B67D354CA7042DE139FB50C8060972990830A8AD50AC29F0B53E30FD5B62C"
2012,924,20281755,FALSE,"DFBB463C83AFF2FE312BE88C4412BF6DBE0C2F3967B7332143CE0823A1569E32"
2012,925,20281756,FALSE,"2E50E70FE5FE4B6F61A615B73A40BDD7235B09B31955DE24F0A663A06AC3FD6A"
2012,926,20281757,FALSE,"7CD0D34E8AFDCDFE83CB6F6687664CD7EC2DD12B03BCC080AFECE134451DED88"
2012,927,20281758,FALSE,"0573241011B4D4A6113DEEA1635E0CF251F7310EAABB5CD1DE336C675AA0F2D3"
2012,928,20281759,FALSE,"C845F49547C2F35F2C50A10DB0977FA3B4B35BC170443751FF75E4257884AB4F"
2012,929,20281760,FALSE,"B005937929B26D94F38B60A941421F39E5E8C4B53E0E5A3486100E8A0E5057C0"
2012,930,20281761,FALSE,"3D7314D2CE99774454833B8CDED16CE017DD00B6B16BE727854FEB66EDFEF4A4"
2012,931,20281762,FALSE,"9D83B044D13049C50F46298CB7E07D96DF59C0969EFA667444BF29AF6EE3A529"
2012,932,20281763,FALSE,"73B8B0D5B2157B4087B937FDC870ACC9DC6965364686C95D25962A1F8C488EFE"
2012,933,20281764,FALSE,"DFA05D8154A3826AFEF2E6139F31C1DBDA542C2EC32ADC0D521CBB478F1B58DF"
2012,934,20281765,FALSE,"9382B7A089DEC1FE338BCE818751EA202B8DCAEB42947E9A00B5C615852B637B"
2012,935,20281766,FALSE,"0F0E585E6D393F0757C6FF4D4C05CFF62EA04A5051F8A263794C88E5373EFE45"
2012,936,20281767,FALSE,"B24BB88775C8D8C10B50AF5599CD4DD77023397B1A2CD9745B50FE436888103C"
2012,937,20281768,FALSE,"D45A2062F6040A74AD505C70074DA2C576FC646DDD3B9DA3CE048451C68C7E1D"
2012,938,20281769,FALSE,"E189A5A166ED16D278DECABA835E899DDF7D493BF9F785D89B6BB98D6E3895C4"
2012,939,20281770,FALSE,"7CB89F9C7F77B5559855E94B75B71B6B5A2A79BB2D77836F9A77E7D74A4AA9D7"
2012,940,20281771,FALSE,"F2284D8E5A1A9C995004A494B138E7C94490758A5E6C70B78C57A434FF7D4E89"
2012,941,20281772,FALSE,"7639E869EDAA3FFE88C5D8DE3D79BCCF8BE1CD37A1D1C298BA2A54A6B87E4DFB"
2012,942,20281773,FALSE,"393B33754E8EE2DD9FF283F2D3C3C27542E9C2DAF9EE4DF7A0F09D3B47468670"
2012,943,20281774,FALSE,"D61A704C31BE694183B39D59F529F272D4B4B01CE4A7AF8AF8D576472C5C1562"
2012,944,20281775,FALSE,"747C194810EBF1C542580BF8EB274B68EAAEA906EC8F7875739364C99638A5F7"
2012,945,20281776,FALSE,"CE0F984E5C4371172C6CD8F622358C8EDE73F1000C4AA774838D257E23722709"
2012,946,20281777,FALSE,"FB426C525C179DD810EB6397FC3AA38962684FB5938B987788674D2962FA0B0E"
2012,947,20281778,FALSE,"686D117612F562F74FADC5BA911A31F192598B5CC7BEC4B811906FAAC44D8B98"
2012,948,20281779,FALSE,"B51F42BB4AF25E12BC5008FDD2DC7E350EA1EB54C39D7E370BD8D744A8709A03"
2012,949,20281780,FALSE,"941E3BA96A7B89BE9A9E7198C17372A5982ECEFA02223D55E9C6CB0B9B6C8455"
2012,950,20281781,FALSE,"455747B061A1EA06B2F49EBBD426D0DF487145701C8BDE000C81D6505708A9A1"
2012,951,20281782,FALSE,"8CBEB56715C396656E37859A5DFD86B5B50ECDE6B61A267614317ED8316478AB"
2012,952,20281783,FALSE,"6B25D9916D943272D66C25AE40FD9BEEEC43BAFF948987FF2D9447002077DDB9"
2012,953,20281784,FALSE,"9D5D595EF1E9C809B59107A8A73ADC6CF2BF0BBFB63B7808D2A3EEEF0CBC1034"
2012,954,20281785,FALSE,"232185D17CCF7AC6F33B11E1257B565FBA40321C417D1F50004F154F07185761"
2012,955,20281786,FALSE,"4F7A5A2DAB0A4991420EF6C63C0E9A5DE753552A8D868053A2DF52ADA54FB836"
2012,956,20281787,FALSE,"F318A228F539480D1A7214A85E98247F1496B4F83FE44CACE16BA689742AE9D4"
2012,957,20281788,FALSE,"73EE69DDDDB981E42C92C41AED8FF3E25B688CC305A06FFAB75A635584CE8C70"
2012,958,20281789,FALSE,"D81D766FD0B70CDD236073B8F1D6DFFEEE60FDEAEC30D3556C03A328F7198461"
2012,959,20281790,FALSE,"3A37E5D41AE89FBE93AE759A074D7E6FAC16DE36D33889322A66824B3B69051C"
2012,960,20281791,FALSE,"C276FE53CAFB3DD7174812B4D7AB9707B5853C96B69EE3BB88D29CFDA39C0970"
2012,961,20281792,FALSE,"4EA6E700A4F9B11119576AC34DE417847C19A685D52859FE8B1C0E0F7DAF771C"
2012,962,20281793,FALSE,"97574AF0B4AB8C866B1D26417CCF3EF9FA5DEC8A620D5A4A78C926A98E7A4753"
2012,963,20281794,FALSE,"1B2B94B4B04D30ECFA3BC8008EF6239F39FD253998DA80FD4644DE82DF12339A"
2012,964,20281795,FALSE,"76D313C45EB1A7D21D779935C1CF09963AC7903F30D1142753E183CFEC202370"
2012,965,20281796,FALSE,"C9E9FB8F8B520E5127D0C9415E8DFE1443AC5D5A1EAA70DCFC2DCEFCC2815DAD"
2012,966,20281797,FALSE,"4B71C7D04439AF86401F3B1D0C4726DF232FB1697A81A05D826C0501389A1C7F"
2012,967,20281798,FALSE,"63CDA92A47EE5CB1B5D238447A0A9EE7DBD14157F981FC626358530CE8B3950E"
2012,968,20281799,FALSE,"B2DE8E997433A8F2FAA15335D55C47DB644F8D397ADC2C1F2062F03075EBBA1C"
2012,969,20281800,FALSE,"DCAE833045B31FF381210C62D433A2109764D6B0B9FAE94D1F815A5396EBE3A8"
2012,970,20281801,FALSE,"E5639CDFDCD7AD92731A78285A1C46D6397A62C6E1238DC4321025F9AC34A363"
2012,971,20281802,FALSE,"081FF60AA07C467AE045C393AC39D7E0F9F67271C89D72FD476B78D7F46B5D9B"
2012,972,20281803,FALSE,"8D4864998CE8DF030C20FB2FFC451951BA688D6E0AE44B8081717DC2FFBAA9E3"
2012,973,20281804,FALSE,"E9DBD064BCC925F006C2AB6976517F500D55B325F4677371F5AE1B71E0BC2AC1"
2012,974,20281805,FALSE,"1EBB728980EA2E286CC88E1201F3EF9E9419F55F36B7DC9FF2B4838C3025B74F"
2012,975,20281806,FALSE,"F80E883A4C5294BF68C0F079674D68A65556A7BA48577FF1BEA3B8F2B0ACADD7"
2012,976,20281807,FALSE,"72AC0A9B870F4938F8F1BC6CD6E86DF5972B12386EFCCE79C1E33D3FD623C531"
2012,977,20281808,FALSE,"878AD5D47BA771BD8A370479673CB20AAAD19F1691FE693BA0EA6A25827DE4C3"
2012,978,20281809,FALSE,"2A782D2FEF15D24017AE4B7C30BBEE903BD088389F10CE65ABDA8E8349B3A24E"
2012,979,20281810,FALSE,"958A1F69A91078BD35AFF0DE72EAE72580B0648B61096B97BFB79A14DE369AFE"
2012,980,20281811,FALSE,"DCCCC125AFA7C4932A19A5156F3AF64097AEF91052900428936637B0704B5435"
2012,981,20281812,FALSE,"4281EFBF4423AFF774CF9947E34CC102ACE0C0883F59D5315A4A0A6A7F160284"
2012,982,20281813,FALSE,"D655297D0AAE551931F72B9F013A1F99E65EC0F0DB8C498E0638E9D3A1A0C07E"
2012,983,20281814,FALSE,"B2DD1968FBDF4F4BF0EB3DACF16F4040DFF2AA4CC346EF5A40F0810B47E01776"
2012,984,20281815,FALSE,"ABE919C22BAC91F8D0EE36944A6A5C85B19889C573325B6EBF39676658B1DDAC"
2012,985,20281816,FALSE,"B20365D2E72FC67015697EE1664438050859A40DF92845731AB0B7F77E92DED3"
2012,986,20281817,FALSE,"9BBF11CE627649E903893CEB66D0487A81DA6A9F20478777E4C323105CB705B1"
2012,987,20281818,FALSE,"2325A995C39122CBB4F16918EDC8A5DDF46DD691E2C867C83C651A148E15579A"
2012,988,20281819,FALSE,"44B9A38FE9A7EA6D8BABA8AAD87E6C69EC5D5FB3D752D2254B9EE3814B90A4DF"
2012,989,20281820,FALSE,"F28689154CD57E941CA8AE9BFBAFBD52713A064D9C4E5C22321C7134B273E21F"
2012,990,20281821,FALSE,"000F5E13AAB7A04B6D6409ECDE7C5AC00A9EA001A5C34BED72BB4A554E81A91C"
2012,991,20281822,FALSE,"42921B3798C9D5F771BAC6F660FC98E0E6092274C570C015928534DC5AC866F0"
2012,992,20281823,FALSE,"34E22D45D80F239C8029AF5A181C04A07443D06F550F7541FAA2904BF8448DC3"
2012,993,20281824,FALSE,"D03DA1516E46C326655AAA40CDBE1F5DDCCF5759752E7E031EEE2E4AE6B3FF99"
2012,994,20281825,FALSE,"CC1814DCBCC6EF70EA76675A138FDE5D4CB9A560925F397096D9691B93635882"
2012,995,20281826,FALSE,"8283DADC250F65948D7942CF2668D4C869DDB384ED3A7659133CF1D79EB2C6E1"
2012,996,20281827,FALSE,"F748E7B05C18B34055639F1187B9DBC028FB586964BBA52E164C224294342326"
2012,997,20281828,FALSE,"1F96301210D21C4A4FD06BC09431AE76FA2122210382126D50E0A0AAAC116FF8"
2012,998,20281829,FALSE,"F0F2617E4D4EFA8EFA1B7282177DD5F6566614E5DD66B9F83C205EEFF97B6C90"
2012,999,20281830,FALSE,"9A685935CA5FEB06E6D2630DFE2B08E75DAB68501A729EA51B391B9E5D1111A7"
2012,1000,20281831,FALSE,"6755CC54F1373FD71512337B8F6E5AB17D8716993630D5CD8AB03B96084C2C03"
2016,1,20290832,FALSE,"7543AFFF822A9F3D218F0B198C8581B1E8A11867DFDFC6F35C9444FFCC01EA72"
2016,2,20290833,FALSE,"1E5C2A3139389F08493F7E19C1844FFBAC3C8837644867CA3CEE6F4BAF57B556"
2016,3,20290834,FALSE,"959A46ECB5C531C9478C87FB2889CB5DC9DBA04CD3363B9A3BFF245B698E68DD"
2016,4,20290835,FALSE,"6B2A7B1621A13E82B9385FC30B850102080B0F1BDFB6F096626B442BED2CDC8A"
2016,5,20290836,FALSE,"9AD7E173534A07D9B8DA82E519E2B3E253C6FE25DF3E9E33DEAFA03889EE596E"
2016,6,20290837,FALSE,"8A0B6F09C9F41EB517BE59ABE20FFF7A402AD3472A53D86FC289FDC6FE024FB0"
2016,7,20290838,FALSE,"80AAD9835FEC1938417F4AD1BC20228E522D4E1C83CD51CB1E331A145E822944"
2016,8,20290839,FALSE,"4F6BC60651A65DDECFE24964B35CB52178A667792444865F9722F54F9D2C857A"
2016,9,20290840,FALSE,"3F82843D89670E1FC1905F313C9AF30D04A9B270B5D4E9FEF308C766AC496FA5"
2016,10,20290841,FALSE,"1B0D1F5B5A577798A864B69D15341B1B5B5CAC5C1FABF457F7F1B50EE7C7FC85"
2016,11,20290842,FALSE,"ABD1586246173B1DBB135470D3767E786DD1FA8D5FFCEAE0A4DD07A90585EA94"
2016,12,20290843,FALSE,"DCB8E29BE92CC0578A675AD4A773274DFF1E5D7BA64A9E26E575D1E6B99287CB"
2016,13,20290844,FALSE,"B223EF0A605353FDB00F6D213EFCE744D4F33BB0932D9CB3E7DDD1CF3062E26C"
2016,14,20290845,FALSE,"304A2EFB0F874AF35B4D06BA7381EE2FB274827570033A78DAD8F5292474E091"
2016,15,20290846,FALSE,"85813235591BCAA7F64C3AEDAD02EDA5AFA9CFD8320459E1462672F1B5C87F39"
2016,16,20290847,FALSE,"D699FDB16208BF63AE5015B24FE4C251FC5167BB076CD7DBCACC1858305A2371"
2016,17,20290848,FALSE,"B5645BD7FC0B98C631CB1496C5A836D8EF5F0A1BBD768F6955547CE478D4303D"
2016,18,20290849,FALSE,"83628C03CFE21C7D0FA3F3BA85AAC4C7949D5D29B21DBB5D745B344CDB09D8BB"
2016,19,20290850,FALSE,"9C66DAD1AC209612D62CC98E255A8B661CF0A5CE9722A6EFC057176A9CD589F9"
2016,20,20290851,FALSE,"E5758A7A2510DF22405B3035C4669E936822436610DEE8FF2DDEB2D12DE7DD0A"
2016,21,20290852,FALSE,"48DAD0DB04E68DCA09CBF60D3A19BA56287568524324CCA8BA1862ED73D076AC"
2016,22,20290853,FALSE,"553AB32C9C91CD793BC7E8BA3CAC7C5D2DAC0AD55D91636D67224EF08E0EE015"
2016,23,20290854,FALSE,"9A14255E16CCE7D65D621EDD53CB9EE5F89D6D9F062609EDB4BDE0BF8AF55CDF"
2016,24,20290855,FALSE,"1743C6DB943A038411DD0DCC3B1E8211C473B9A7B2587A3E3BA5F13961B00A03"
2016,25,20290856,FALSE,"FE4E0784F69180EEEC99D7CD589ABD46266E65A387A319739969A6FB71AC9B24"
2016,26,20290857,FALSE,"0128556461D210E724DCFB8BA3CCAD7FF820EB9D3A62B2FBC9EB64A68D3DC585"
2016,27,20290858,FALSE,"F2AFF7FE82297ACF247D5F5313923292664348F37012E23CFBA4B38DECD99C07"
2016,28,20290859,FALSE,"C71A30ADFD8858C51A7A06FBB58744AAACFD71B735021BBCCB67D0FDAB220D8A"
2016,29,20290860,FALSE,"CDA0BC2D9B890A88E8AED4A31F1724B24EBCC548F8A881C9875CEDA687B405F1"
2016,30,20290861,FALSE,"D58A8B3D22ED4C99A0CFFA1D9489FB2D08BF660680E3F732EC9B46C407F28274"
2016,31,20290862,FALSE,"E21637BEBD3D8236A313642E5C95CD6A38B9BDDC820FB3D7FB95317F3549F4B4"
2016,32,20290863,FALSE,"885D4F4359436C9C106E553A235797EDA21F6A18ED61B4054B18C238332D7049"
2016,33,20290864,FALSE,"7CD6EA63B111A58C4EF61E691F95167E63AD92C0F2890457BADF2492A5A544B7"
2016,34,20290865,FALSE,"3313432DD5228442D9ED545E0F604403DB5FD59ABC8520E664CF08C8CDF37E8C"
2016,35,20290866,FALSE,"569729E45A48C25B72366708A8E96A90E5042FE5E5A6D10B82EB9E93C8D5F807"
2016,36,20290867,FALSE,"78B0A113559B245E60E71A40B4E29338D89D607D754053B72881AB1DFA85838A"
2016,37,20290868,FALSE,"53185F7DEACD53B7C4BEBDAB6A2C81DF581F0AF77131CDA33E0AE79E9E016C21"
2016,38,20290869,FALSE,"15EEA54C80F80112446869F8D6AEF5282060C64ED3215978EC566A6C7D8A03EA"
2016,39,20290870,FALSE,"65735A107663FA358FED2EF8D4D5707AA207654D7017AF35B1A0E4C72D650613"
2016,40,20290871,FALSE,"D5B5D4F3703519DB01067EDDD9B58B6849A3EA405496351F7F9F2D7166A75F62"
2016,41,20290872,FALSE,"25DC56D2528E3FCBBD90339B1A17970760671B814DD459C94A3EBD11318F4FD3"
2016,42,20290873,FALSE,"33DFF918E045B890D359EF3D03C72B8A6B355C7CDB458CAEA86E6DD2537A9B15"
2016,43,20290874,FALSE,"983D79999B6457C7965CC4CBEED419D91BCAFC58DBBE48A1C76B6B70DA428139"
2016,44,20290875,FALSE,"2652A06CCEA36E139D3A5529CC7EA5A967B837723ABBB30A9A8ED9E790FDEC6B"
2016,45,20290876,FALSE,"D7531BB6EB952314195C04C963FFD56176382184A913A162CCBAFBE13F3D4D51"
2016,46,20290877,FALSE,"AC34484898B42352928EA7231348DC39F91C8C33CCC33F3CB61BF20C866D4BE4"
2016,47,20290878,FALSE,"901A0A2ABACC44DBA93E21F67209C7AAA68CCCED598C5A393323FFA4176153CC"
2016,48,20290879,FALSE,"B06833C4B53258D159C19C331737FA8C9AD9F04834DD7C5B792B13A3597356B6"
2016,49,20290880,FALSE,"BD3A6D14A128FD4BDC579D58671272D92F7960B395938B355104514C5B47BFE3"
2016,50,20290881,FALSE,"9668AE5E085B07F049585240EA8300BE2CD117D46CDAD128E6984464276850CB"
2016,51,20290882,FALSE,"DFC67934AB2E486B6A43B650FC66F9214BB0C13F51F637C35C979855D4152355"
2016,52,20290883,FALSE,"F35AA8854D70647807A9CA97DF2292F9F8393187777863A47B21CF9897CE2F2B"
2016,53,20290884,FALSE,"38C47DF9E8E0A8B41A939BF3999B8B2FD220A21F3BCD186B85530D15A6621745"
2016,54,20290885,FALSE,"7AA9AA239165675E8EE7386A555E3E9C29B66EBEFC7E5CD4170CB5F6C2407BEC"
2016,55,20290886,FALSE,"961A7C86BD7B1360C7EBDDEB05B52AC8BF7F9EA0150A032161CD7DC708D1998E"
2016,56,20290887,FALSE,"FE6CCB95127AFB4B6582BE1C8934F70A6879208E964DF47769D2A04D2985A891"
2016,57,20290888,FALSE,"6DA57DA4316F5EDD83730AF8BBFF510ADBE831C0B2277020EBDC7A214ECE53AD"
2016,58,20290889,FALSE,"521DF3D419859666F1DCA32E8DAE9BDD70A757A935A1B269DD5AAACDC0C1114F"
2016,59,20290890,FALSE,"E8FF72316BE63D5D6831EAF72D3468F76243864801803C2269B8E56089612DED"
2016,60,20290891,FALSE,"8032348DD758A220C765E0AE8DCB470E36F46FC4AB1AB9B81CA34775790E1CED"
2016,61,20290892,FALSE,"95D8369C409AD01007461B6866870B3CF3BEF5E691A31C815DF6765237174BD3"
2016,62,20290893,FALSE,"1D118F9BB087AFF1EDC9BF4B24D99BBCA12E9179EF59CCF23ACA0B4DB18394C1"
2016,63,20290894,FALSE,"03A1C714448CE0327E5F6FA420AB57978656647B943CB3989E103F55808396B1"
2016,64,20290895,FALSE,"C0D1F8F925082794223EFC37005FDA1F116EAFBB2BB7AC791BE8E5F1B13C96BB"
2016,65,20290896,FALSE,"BB5CAA4BD7F825061BDE6AAD44BB91E24ACC8B4E00EADC98B1C243DAB232B560"
2016,66,20290897,FALSE,"BB563A24B5CA205E09FCCE38E7D5DE5E82E6F77815A9CD1E69F5B39A2E3479C4"
2016,67,20290898,FALSE,"23A8F92A604AB630925B41A7EE6B4BD0770FA4E00470B7560E1338067DD9BBD1"
2016,68,20290899,FALSE,"F9BB6D85DF326FE29007ED29DF4EE3DD8F18DFCA4C5E67DF4D6FC1EFA43EB1D6"
2016,69,20290900,FALSE,"EBA47B0D86AE4D31A09111ECFB169646D8CA163D615834C0083295B743ED2F12"
2016,70,20290901,FALSE,"17DF429388A52F0F2421A6FA1189684A545D9A9B980B04553A740751B5A15C85"
2016,71,20290902,FALSE,"4E9812CCDDDD64E8D68337FB736FD00C00826175BD532B403720054640AB2D4D"
2016,72,20290903,FALSE,"D26B5CD229031BE2B035F7DF1A8136578C4D793D19C5401A5B1D2522D9C4F4A9"
2016,73,20290904,FALSE,"35455769562EB2F5414EF799CE51243A1FC0F42A80830ADD78044F58A21F2D95"
2016,74,20290905,FALSE,"D5240870623F30DCE2EA480AB2E59532C591B0D6D014E2F43D34AC2A9B324C83"
2016,75,20290906,FALSE,"F382729CCAC5015314CBC32F20D693B0440B692BB32FCE8B3DEB8B32C5233AB4"
2016,76,20290907,FALSE,"16857D9A52C23379F6389F35A1CF67BAF8F8F51342C952A8A7A28B446DEA313C"
2016,77,20290908,FALSE,"61C118BBD0163559992E2340B7F4B73D79675D81274CA222333E067E8707D522"
2016,78,20290909,FALSE,"638FEE6D512224172B90932B73316F0C81B5A274F64A38EE5541B4038B92078C"
2016,79,20290910,FALSE,"ABC7B66C58320A1B815D326F814BC6560F9FCBBCB7612F860D33E573790A738B"
2016,80,20290911,FALSE,"58AD0E86EDCD26C094B92E550A3B7C6F384A1A2C7B4BE7C5697449903D93408C"
2016,81,20290912,FALSE,"0C35580290CF456C4BFA57E0CA91AF8590455A745A2C0CDF002D9154AD460748"
2016,82,20290913,FALSE,"C6F88587D21402A2B72EBBEAFF21FA98B157995169D547CABFC55800A4354D30"
2016,83,20290914,FALSE,"F8BF984FB62F6E6A9F8D464BFA73E62D439B7AF95CE5501AE24B11394C39B275"
2016,84,20290915,FALSE,"9DB115997E59C1FC957B16C3B7A4CCAA6B91B77CFE143E4D0DF0D46B8C926D58"
2016,85,20290916,FALSE,"E0F6BCE824FC798E3EEC887F848E5E391A620F24B6D39962D9711D42C0AE0917"
2016,86,20290917,FALSE,"80A4CB823565F4DD6405711B01E6514A5EDF2AA1B44867C486409354C0BABD27"
2016,87,20290918,FALSE,"27004140237C7E2D542FD218E56D5E2561A1B12F97850409CD5724B7BD838628"
2016,88,20290919,FALSE,"7E261AB9D32C7B67F2D3AF207C997370E28325E7205EBEF40C9DAC58E410BBB5"
2016,89,20290920,FALSE,"9E8ACE458D49ADDEE7BDF259D969459BD4A178000F6DAE2DC463F2C51E1FDDBE"
2016,90,20290921,FALSE,"9D5552A12A0EC516F23ADF87D109238213A997AE67694EB5D1470893125B6E7C"
2016,91,20290922,FALSE,"3B984D435EF44A045157A9712D4381021730197C145FF0230FE11B30412A48FE"
2016,92,20290923,FALSE,"72BBFC2B5ACFA3FB77871DC470208F9B354407EA5F1C2AE16272D4EE1F9F6C7A"
2016,93,20290924,FALSE,"14E0725B7A89C1989719B45248DA1633FA57470B57B8B2967B460DE900178793"
2016,94,20290925,FALSE,"3DCBAF5B231BDF4A7BF93382A9BCEF091238610AF9DCAE0B6836C5A756E4CEFD"
2016,95,20290926,FALSE,"E980A785C2276F711DCD97C62016502296855A939AA00A07B29181F75D561F03"
2016,96,20290927,FALSE,"CCF90EF140ABB60CF90BC48133CB3A6FAA29CD6EBD6B36D45AC57882971DC863"
2016,97,20290928,FALSE,"439F9A7EAD907E8F2ECC7B67D783B76FEAF303A90208B3C3ACC097F68FC18B04"
2016,98,20290929,FALSE,"CD2BC172BDFA5723653623D2911948EF57A39FAA919DCD4FD0E9FEE4A5B0EAFE"
2016,99,20290930,FALSE,"098257BA2A771619A10DE9062A7BFFA3CCF5063FFE653E0489CFC164437765E6"
2016,100,20290931,FALSE,"A02CF3E57068859C16C1237DAF5EF002DE184238C0A5B351EA81A89FEC08C87D"
2016,101,20290932,FALSE,"D3D3BBCAA786AB4BDC9BC7A0A4A95BF2CE43A1B95FA4706AC29CE4AA4C40A178"
2016,102,20290933,FALSE,"FB303DA316365C8DE95B891AF767817853B7604D0A4679FF67D310BACA7F675C"
2016,103,20290934,FALSE,"DEB2E071184E4CEF4BF1537080AF25088205191EE8824CF52BE88DAAA9A483AD"
2016,104,20290935,FALSE,"AD2357D45867A7D132382B8E8C3BCF5959CA4E6E584BEF751509F9DF874CC0F7"
2016,105,20290936,FALSE,"C598B17324AFC526E008514BE6919B4758700D6705E3A48D80421E4FAA060CD3"
2016,106,20290937,FALSE,"233126EAB7027D4DF7FCBACFF34EF5DA737FDB0EF40521FB7F6E76E8880D123C"
2016,107,20290938,FALSE,"2ED610A40AA64939A277D913BAF0C26D223E702906253E17CF500887896191F9"
2016,108,20290939,FALSE,"CD797F6AB3C4C42084EB033BE1B9E26C55DADB98D2D0D249A5DFC20B7FE9E4CE"
2016,109,20290940,FALSE,"4BE6A42523C3E83E0F035F444695D9BD2F43847976093F61CD82DE49D5A909ED"
2016,110,20290941,FALSE,"FC5A6A73DFE451DC09D7AB0FBE22143A6315B3DAE52EC31B15E66AC993ADA150"
2016,111,20290942,FALSE,"BFE1EB694E9539DB4653456F5D30D559164FC0F9D65BAE3025AD9979D7A8DF43"
2016,112,20290943,FALSE,"AC730C9711DB092272C892A1ED825B786C9CB9357EA127D980EDEEE5DE000A79"
2016,113,20290944,FALSE,"F77967B262A24538E62304ABB01DB6EA323F49C50A5B6DEEDB3A9C7331AD731D"
2016,114,20290945,FALSE,"38CCDEA432BE96162A055B8E9A3DD42F7C2DF2460BE4E05F13FAC95E305D332D"
2016,115,20290946,FALSE,"77D2122FAB1E31D554B458B6D4DB394F47DBC234FE0E3A9E16CB8E715FA97E05"
2016,116,20290947,FALSE,"175975B207F85094E57276C3E8F0709C4FD6AD5DB737842A7B1BB064E55A7E06"
2016,117,20290948,FALSE,"328FCBB533011DDB7CCC4591BA39C19265A5648B63926380BF84F58A15570455"
2016,118,20290949,FALSE,"B466DD1AF43AFBE12F5C524CE3E25450A1AD2AAF42BBEB031021AA733ABD90FE"
2016,119,20290950,FALSE,"3D28917266B6F167CB26ABF6D8541CFE37F1AB12DAB04CB34CD7CAE128451E06"
2016,120,20290951,FALSE,"F068D0479971EA1406BF6D05637377A6936E3B140C9252CBF66D915B28B8E79B"
2016,121,20290952,FALSE,"8CD70F82BD2AF6E6ECF6D7464A47106E6903AC8425D0FBA54591442D4625A336"
2016,122,20290953,FALSE,"799686B908849D2897A68F369531BD5D8C0864721ACD5D4727DF8DAF91B1E34F"
2016,123,20290954,FALSE,"8C4CBE2206C2A6BE0CA1D14FB66BCEB72C9BD46D8B2A27DFBB65318598DF29CA"
2016,124,20290955,FALSE,"67AC72F7CD8265F0444AE50791254CC1C007685806BA45DB8B65878E4D923A6C"
2016,125,20290956,FALSE,"4907D17A63DFB6FFA2C02F736CBB3F9BA04270AAA16457E855DE43D20D117470"
2016,126,20290957,FALSE,"4B77631D9DCBB3609C4E17A08E39E4BB1608B7674C2C067688416502E659AF18"
2016,127,20290958,FALSE,"182D358BCE9113E527C023DBD18844D70D9F1AAE4073F871FA6285841190D916"
2016,128,20290959,FALSE,"4618F3B7DCB98D02210B742316E70F46947538BE7BE2A1DED9FFC5568C7F30F0"
2016,129,20290960,FALSE,"579B784BCDE7CE0095636D06E96DCE0BDECCB57D9A3184B2A5BDA2D488EE76B9"
2016,130,20290961,FALSE,"89D26DF0C40E1029D6A328FB33BBB4EC4E630B9A0B275A093A697BB68C96C7AE"
2016,131,20290962,FALSE,"5B910F23CCD6E5D1D82718D11CDFFA881443D551DCCF76C599DB0D7D7757BCD5"
2016,132,20290963,FALSE,"E3FD7DF1B69AD1DAFBE2659C79122853953D11997D33633E2E21D1C7D0CB79AD"
2016,133,20290964,FALSE,"1682332D70CF4F5AAD7CCB53839F68D95957522D77A0080A385ACDE74FBFBFDB"
2016,134,20290965,FALSE,"CC22E6D13197F3DDDF2DA27ADCD02AD415E1F5D0B14B05E81101C164872DAD93"
2016,135,20290966,FALSE,"AF54570838F140F5B86F10A12E7E61ADFB738F37124EAA4CC3210447E9F84F4E"
2016,136,20290967,FALSE,"5B98E7D59060D5DB568130A2265ED96B218FE5F7703AAF7CC72FBDB2D28342FC"
2016,137,20290968,FALSE,"70BF1A43D3D61030526D747EFE308792364167556F510F016C51E809519DF7EB"
2016,138,20290969,FALSE,"02C4F19BEC23B435AF3A2B9E4307C1C6575D7E97AF68F05B07471858624445C6"
2016,139,20290970,FALSE,"24EF5A46BA9F0C95BA61ABAD86986B9D1968BB7A47E3FF796576428964D8DABA"
2016,140,20290971,FALSE,"D2F6674113FAF1EABB68FC350C24668E97F3DCF23B070A84554DD83E15E25E09"
2016,141,20290972,FALSE,"326EE187AF49E07B5C1B1521AF3D39FD5BE0DEB1CFD805113059DE6E0D8AFAD3"
2016,142,20290973,FALSE,"D8CDC30B2EC18D38817D099C7BE1B1DBA5E729E5ABF2ED6060828882B7646F08"
2016,143,20290974,FALSE,"8BDA4CA17B9CF292CCA4C7873B47CD8B68F47584CB9753BF2FA55DA397D0C6AE"
2016,144,20290975,FALSE,"566D3BEC9C50ABEA4718E9E78F0460D22D08FD5DAE7323EC49525EB6A357252D"
2016,145,20290976,FALSE,"AE2F40CE45AEBD35247602F3A66B9A8A6B97C4371AF2FA4B4F2DE4767C427897"
2016,146,20290977,FALSE,"40253AB4B00E44CCD77A7463638E086517EA3C760D9E88EB68AD46F9522F05D7"
2016,147,20290978,FALSE,"A7DD54E292B5C53265CBF718211D649C0E58655BB9C9E9D7C51995203AC07F6D"
2016,148,20290979,FALSE,"D1A4B7EF3B2E0F5B4D36DF4C5AB830F0F692411F3AAE00ABB81503AC6A258053"
2016,149,20290980,FALSE,"CAA37FEB8DB3E6ECA7603AD597A7EF43978012AA878310B39CC4D3C08BBD61A9"
2016,150,20290981,FALSE,"B09BE443FD69AF1D91C7715070698611DFD02D548F2E943189C4914C0F4DD10E"
2016,151,20290982,FALSE,"6D2540853DCCA10F310013FC0C667FEC6B1D2F7F514FD3807261B042AB38CF13"
2016,152,20290983,FALSE,"D19E0DC4B019C79B39E1096367C9629C2491AE0B1E1286F572DFA000F94012DA"
2016,153,20290984,FALSE,"BEBC55F9D1C66B9AA658A8F9FA9AB9783EBD382CC7792B2C050E3BC4B4AAA790"
2016,154,20290985,FALSE,"5CFC1D73C53AD1F445290E3905ECA891B3A12DEB4217E2B2799EF506FF4CA26A"
2016,155,20290986,FALSE,"5DD6AAEC755AA86A91814A2D9F4CC85062579E6D02D9983DE86C0C47DF0A687B"
2016,156,20290987,FALSE,"4A3065F59D3F39406B8EF0987EF59F35B4EF50732DBAE58F6D62E7A29A6A4037"
2016,157,20290988,FALSE,"90C618DF07758BBA9092981C003667C6C22D223A2D8E05B0237912C16D945623"
2016,158,20290989,FALSE,"0B41BCAFEC108F8D8C5EF653239D84141DFF6CCF42351F911BB76D556928D5A3"
2016,159,20290990,FALSE,"D2207EA66147C6556E2CC8542F66575CFE623E884966267EEB9B3DA781AF2859"
2016,160,20290991,FALSE,"4B169420044A06FABE83BBA23BA88660090FE2C8A8282DC95FDFCF7CD0E1D991"
2016,161,20290992,FALSE,"07537F4820407DA6045A1345CF6092CBF6101F0FDEAF59F77159EB509BBB09C1"
2016,162,20290993,FALSE,"FBAFFD4517FF0E9708D8D76F3B1B68C01C151A50C376E886AA2A254F0D1852A9"
2016,163,20290994,FALSE,"A85C3023FC6C99105E68F07AD80EF4F0B4872E6B4E0E1495F8423E8BF69F6CF2"
2016,164,20290995,FALSE,"C35F9D1F439DEBB107BFEF96D1841FF70CEDE54F75D1C65D9E2E7D579FDF17E8"
2016,165,20290996,FALSE,"82599D01AEFDB5F95471D4CC60A4F8B7DBE260C937391DAF3264FDFB04EF65F5"
2016,166,20290997,FALSE,"C83BF6143BE330D21C3FE0C0D96049BB3700FEAC9A19ADDB7361C77E8E24B1BA"
2016,167,20290998,FALSE,"B64C6980FEBBB75371010233CED2AD4622637B94640E7CD315E71BE59A6DBC98"
2016,168,20290999,FALSE,"438DC1119624BC405C72CCE8A9A404234158E13E62B14ED1160C5D6C9F6C3089"
2016,169,20291000,FALSE,"1B9B17155D85DDA0F99F2852709C32EEE795C33EB356E5F2D5E13D8164A2A55E"
2016,170,20291001,FALSE,"FC4B304087DECFE2733E3C0FD19A2048487793A983B87E9E5D18FFB237E3E3AF"
2016,171,20291002,FALSE,"353110D3DC56F4793AD044AC0DA764D83AD697A407CD62FF3390D2C3F233535A"
2016,172,20291003,FALSE,"CC2B30E964EBAC3FB0A9A9A7F1D27CC86E2849A47AF4B1706FE7979270B3EA1B"
2016,173,20291004,FALSE,"B04AF76BBB31487F8B537616A8C65BA7DA5A13BA4B47C8E2B9DA98536F918B99"
2016,174,20291005,FALSE,"99D776055A72B5EFA612CDFCA567E09162FD4BF74369358CF662FC3FE5E41148"
2016,175,20291006,FALSE,"C679E2F4FA43146C44074A8557B50F7C3E54BD27AA7A2233A8F1AA8A96314EE1"
2016,176,20291007,FALSE,"CD9A0EA74C22003C568884A1F2994DBD2CF41FA5F1DDC4FD235D7870E0BFD546"
2016,177,20291008,FALSE,"46742287BE137234DF1D99D0CB2962AFD3D24DAD6A9AB9B6D0C665C0E1622B37"
2016,178,20291009,FALSE,"8B244FBBBE5FB6CE1B4783BFFDF57139CE44930C28118A25F5DBE0D779A1BDE3"
2016,179,20291010,FALSE,"18CDEAE58819019A8D17D2E876EA351BAA2BD86FD5D20BF4FF9648C887981132"
2016,180,20291011,FALSE,"5F3D74BA83578C708B1C32924CFEE273A5FF00A954740B5F992F37D4EDE15394"
2016,181,20291012,FALSE,"4EAA680CA6C1F9AD073B98FB6A6B411D2E107D7D32AC5EDEC4DDAAE914149DAA"
2016,182,20291013,FALSE,"816BDA907952CAB715CB95D50E0BF493D2C6558BA9B8EA32900DC37ECD0A9BF0"
2016,183,20291014,FALSE,"02E1E216C24AECFA38561F42BE01B886E3C97B317980F78E8B6BBCEDDE584210"
2016,184,20291015,FALSE,"35328BCF574D436AA515D936CFFEEA9486BD3D79C91912930CBC3B9707875B01"
2016,185,20291016,FALSE,"C05010B817BBB146F963F8DF834B2B098662F5BFE4768288F106DEF90AFDB124"
2016,186,20291017,FALSE,"DDA2F072C9F0C00AFDF9E118251BBCA58A41468A28F23EEDF7AF70E60A492928"
2016,187,20291018,FALSE,"97F63B0B0FE1C009DFD96D3119C56758EA0F202430434702289C3173826216B4"
2016,188,20291019,FALSE,"2C2B8912DAFF336895D4FFCC771B5FCBB912ED49B1E47514051A286B05F8732B"
2016,189,20291020,FALSE,"95F66DB146B9F409D525F2EE085C2EB951C487287F26B9D3C100DFEE530637A0"
2016,190,20291021,FALSE,"1D4EE4FAE7DD70C6D3EB36D431EFBAF1A211F11F92620458104800F12984046B"
2016,191,20291022,FALSE,"95697AAB788FA3BAA5EBC67CEB8D6FF874744B355C3E0432003CDBF9DF006FC2"
2016,192,20291023,FALSE,"DE404CBEFFC9E3FF297878611AECB3EBBDE81416E9257FD70865E35BB1CBFD2A"
2016,193,20291024,FALSE,"2D8196E45E41A3F7AF19145E372B8788C9BB73647D450AA2B6161BF41DCCACC2"
2016,194,20291025,FALSE,"CFC7BAE3613B9F28F2D6DA9B4E81D67D157EFBE819D3DE19C28244C78995D3EF"
2016,195,20291026,FALSE,"852CD5ACB2D9EED986366F048E25CBE9F8FC787064E522AE3B19C5B27122D107"
2016,196,20291027,FALSE,"AA376DA3C3C8543CD76218570243BA3C0A604ED23494CEA336F5B9CC0394D8DA"
2016,197,20291028,FALSE,"85DA38CC0F66CCDDBFEA2A6884083053194141E79E00A30067A5C50344B3A4B0"
2016,198,20291029,FALSE,"7D4B9FA20270B1FE0B0EC458D0FE54F30BA0E00A44CB37C029DA3D489A5AC889"
2016,199,20291030,FALSE,"42FBF1F525546214E0501D1C215ABAAF2E739AC1E3A1F4C00F59CF4F40AEBD26"
2016,200,20291031,FALSE,"A52C01C4C3F933C962C85BF625126550E44CFB6EEB5AA24ACE56D983A29CBF5E"
2016,201,20291032,FALSE,"7FA500575957CB94562C029B4C54F579411967A6F566528344D94EDF2B5FF610"
2016,202,20291033,FALSE,"BA1A93FA7732A9803D4B5227837CB548CF39C9C094887A170EDD9C318773551F"
2016,203,20291034,FALSE,"0F1A0C0BA4DFB7DA126F25D3B1B623C9EB4AFE5F0F00F0A77B8CAEC7F5AB56BB"
2016,204,20291035,FALSE,"94A5D70AA08136B8E6A002CCA9C287610E5DAE9EB9DF2A902C28FE64B8FDAA18"
2016,205,20291036,FALSE,"4B8891F437A8744DA749A7A64734229BEE75E812FC184EE737174298D90A2FE7"
2016,206,20291037,FALSE,"6F3B4159E4594F1DB8056BBC4FB0F64F7D705C65B4BC4269A6DEBD0BFE795788"
2016,207,20291038,FALSE,"0A746CF84115EE59F98BFFBD2FC05C449F26D7B7E2BD7DE6EED160CB1E683A6C"
2016,208,20291039,FALSE,"7CDC8E4A88909E00F495EA711AE5217DB8F5179D8AB55F8193255F30A458349E"
2016,209,20291040,FALSE,"A2BCC9B29E4510613BC6C60A5C9812EC286CBCEF1394EBF8B46A3AD25ADCC496"
2016,210,20291041,FALSE,"7752F3122DB2930FB10B7C567AFAEA3E2241D6B921E0B4B12ACDE63670A973A9"
2016,211,20291042,FALSE,"2EFA20207C5A58F6408372721DA255BF48ABC88E61D9CDAC33E5F9DA1364C635"
2016,212,20291043,FALSE,"2464AB1C3854B1157837944E51368518D8CC6E7D3C5A9D838AF9F55E99016F1B"
2016,213,20291044,FALSE,"B3C65C8FEE0B818C0C22138DEF8BA58C9BD3AF659D9525DC88A00BAE068D749D"
2016,214,20291045,FALSE,"3C3FFE48BBD68F5F84D8C4724FA17BE88FF44942BC926CF93964954873FBC06F"
2016,215,20291046,FALSE,"8E9921D4AD068EBF49A28187016DD026703BAEB31EDA2980A3E609F470D12537"
2016,216,20291047,FALSE,"0F3A66619EDCC48A0F90DAF65EC9697006727FF635C42197764E0AC3D13B30BE"
2016,217,20291048,FALSE,"7983FC51BFEA1FF7BBBF74406E61E78A0F5E2310DD539C6593B113E9DB78EACA"
2016,218,20291049,FALSE,"980C69F1605E6B317479F9B7BBCE785F3CC53B224A724D746A0FF07E067569E9"
2016,219,20291050,FALSE,"2C840FC7102CC57E0678261C4B4EA0D9EFB71AF98809CFD6CDA1A41CAB261255"
2016,220,20291051,FALSE,"D3EE4EE89A9B2A7C4A4D26DEA8863EE1563E1006DBE5B22D33F83144D185CB46"
2016,221,20291052,FALSE,"45E8EFCDB1D8A1B2592801BAC828FC6449E1C05F7825EEC8AD12EA00EA4E872D"
2016,222,20291053,FALSE,"2E72D2D6D052331B65F1220679D7D3BC88D8A4FAD2387C7F133AFC48F965543C"
2016,223,20291054,FALSE,"7E669772187A2322A8E741DEE4B8DE95B42726C865F855C77519FBB1075CD1FC"
2016,224,20291055,FALSE,"66669D6E13918779A2B3E39B38416A17D3D6F1A448100EE6E54BCE25A3A74ACC"
2016,225,20291056,FALSE,"FDFC3618E4DDF7048B5343DF97CE9AB09F19CF9C585D2543166CCFEC9B63E425"
2016,226,20291057,FALSE,"2963BAEB814F4E188DD33B101EA0647200255AD296A2F16F7CFE2110393D4ADE"
2016,227,20291058,FALSE,"D7D70521F7524C11C5D9E5CBA5C83C1F11ECB3ACF436487946E24CEA5F52575F"
2016,228,20291059,FALSE,"E7D2F0402B3841F3EA095059E3C8AC028D308CF5D37A3E4494A8EE55C642737A"
2016,229,20291060,FALSE,"49C9D2AE5461845DF57B45F3BE9CB9FA7EC1798C158F6F82574CD35C8CC7C391"
2016,230,20291061,FALSE,"10DB3C0E4D14B28E06E80DD145F29DE0B68F583BB949E96594448CF4563ADEBF"
2016,231,20291062,FALSE,"B8CD38AF3C92AFA71CF8B20E8E6E3938B1B7679E342B92570951C617510A9C1B"
2016,232,20291063,FALSE,"A91AF8FF3DB2BC2D2456D04641902A30E8CB79E9C63D6103E7CA938E7BA871D7"
2016,233,20291064,FALSE,"DDDFAAEFAACBA988C069EDCEA85C9F711DCF76660C0726D154097D7114B7979F"
2016,234,20291065,FALSE,"60B738B856D22B97BF7AB77DBD3721413DEC5A371CBBEE944B39B5D5FFB97803"
2016,235,20291066,FALSE,"F84560EC1AA257E62F724D55B5B50752270AEDEDF1642B177945688561C63C14"
2016,236,20291067,FALSE,"C3E47B89230FA7B5173C4A36ACC192DCA79B1247236758E2DC306850234280A9"
2016,237,20291068,FALSE,"D60CDD2EFE09A6A47C71D5F7C266CA31389736158803A6576271BE1AA9667EB7"
2016,238,20291069,FALSE,"A91A2B70562587F5362DDF0AE9AB4494BF026EB9944EFCF6CAEBF533BD8760D6"
2016,239,20291070,FALSE,"7B48FC61B86AC41AF1A9DEA3B39311055517CCBC2ED1CBC7213263FE39B81947"
2016,240,20291071,FALSE,"B4B7B1B861148C3F930FAA6D9E37548EC73E16E5724BA92F975A9D7434227070"
2016,241,20291072,FALSE,"99A1B8C2BF18A96880EF669B03109469D72C64F6FAD46CB34CD1D0B2BDE94A37"
2016,242,20291073,FALSE,"E9E9A01D9ABBAA98A7AD09AD3A55854C332A709EBA85A8B609CD1B42BAE2BD1B"
2016,243,20291074,FALSE,"11E14288AA9C143CAA8239612FF3310459D1106E3759B9B8BC4F370E31AE9CC5"
2016,244,20291075,FALSE,"D647B3B9978E789F8D2969BE72FE11C57812E2A3A45A2A6F4998F6964B08A237"
2016,245,20291076,FALSE,"26C19EA0B09219060F3A71FCAB94E84ECDE29B06805C901784B51BEB6BFA6A31"
2016,246,20291077,FALSE,"8A01DC199BCFB1AFEB6257CEBCFB374864E1FB40F5F644EE081FF6C2A369E8EC"
2016,247,20291078,FALSE,"F9CFDE873597D7301E338FA6B71563EB6663FD24DF81EA6AF7EF929F38DC31A8"
2016,248,20291079,FALSE,"BDDC2793EA7C3412BF963406413A57FF746421CC1ED961D86A2AD2A3AF2DA524"
2016,249,20291080,FALSE,"E49FFEAB9577C7FF2D7998E86E6CF1C3A2AA531C0C2957F83FA2447D366579A4"
2016,250,20291081,FALSE,"DA92CE0B374A468C3FB646097E4A1CC743AABB4705A7D9F52A38645A57BB7E38"
2016,251,20291082,FALSE,"C6FB5047B510B799457DBF4357C5E7FA7230634AC901F435C4BD6C7D8915C6AA"
2016,252,20291083,FALSE,"45436A02A34C630E3D82CB599369A6D697E3C5806EDBD3F6BC9C2C38314DF50C"
2016,253,20291084,FALSE,"ABB6BFF28BC6053D3CBB9B4DC7CB375FBF471D27B81ADB519E2A83C200577D6D"
2016,254,20291085,FALSE,"46435183B40FBCABBF45E695A7BD4F417BCE69D6C0C9070AD28177156C1C983D"
2016,255,20291086,FALSE,"A8AC34924E8927552B6DCB513D1C0793FD159D2E71056071DA3A0EE6ECA72525"
2016,256,20291087,FALSE,"F7FBE820E9C0AAEFB57CC412D2DFAFB25BD97DEBD5E9EB34728B49C825CB063C"
2016,257,20291088,FALSE,"1AAE439BC05F57C1A911D6818BCA4A9114EC2235D9CD15B16F5BAC2941FA50E2"
2016,258,20291089,FALSE,"8DC51694CB51EE01D1048F9E46D0F030973A800C3F155D236C3C39BF633D47E0"
2016,259,20291090,FALSE,"961E903D1C6189C116A862BBF0CF5F7D005421B3F6A55EED9D9B5B3F342D7F26"
2016,260,20291091,FALSE,"167A341B473374673140E17400CBE9F4BF69CB87E7E9543A0997A1E193E1F2EE"
2016,261,20291092,FALSE,"C6FD3785C8C304B2F8189C3769E5CB4FBDDFA3AE84081551D37E38739A4BB835"
2016,262,20291093,FALSE,"0033E0D6F03745B829E7A8667E14022DC8888A7BF6B16A297956193371A38646"
2016,263,20291094,FALSE,"0B62B95693DE1E68F568619E40A333347A54CA1474484845643649518882367F"
2016,264,20291095,FALSE,"36CF32DA46714A96F3E15349A50232750DC99FB0AE304E498A91D25ED3886DEA"
2016,265,20291096,FALSE,"3D497DCEA674427026FBA57D4BECBCCBFF940BB1B21FF018DAFD658EDE8C1A9F"
2016,266,20291097,FALSE,"FE26C202C247F1C41CB960B3B18669DC12DD4528C5866781424E46A7B9715F0F"
2016,267,20291098,FALSE,"3E2994A0184586A5A69650CF59977F34FA32F6EA0CA3531D0A15E49C93CA638E"
2016,268,20291099,FALSE,"B36316973E655E7C5BE4E3077FDFD27A40103EBA4578A14CEB56C7FDAEB2101D"
2016,269,20291100,FALSE,"223F7A168173B4656CE28C0F5B845BB082B564C1B334D9EA79D905306DF529E3"
2016,270,20291101,FALSE,"0E6FA9BEC54F8851CB7B21D6D37C413D8DDABB8CC257CFC807F7B417BF47DDAF"
2016,271,20291102,FALSE,"9FE8BD222F7F684FEE61706A48A495F78896319DFE0FB934098CA633ADE3722C"
2016,272,20291103,FALSE,"D65A9CF1968733A8B8843C145B6FB819DB21CA081C6AE5DE77A64839C94E06F9"
2016,273,20291104,FALSE,"0B95B16C18C829F18944B3464E08CAB0785DA844E7F9119D27BE3D71060F8568"
2016,274,20291105,FALSE,"B2B86B78BB3E55E37EE0D4668308227256261A9D77CEEE53E8DF1FD0BD888719"
2016,275,20291106,FALSE,"D2DF995B9AB7818858F1A5D03D54E0F4D1E6A1CD745B3B01ADA1D6C60D80F8EB"
2016,276,20291107,FALSE,"EE6C31E3E8223A0F5432A17387662EE97EDB0D3D1DCA0D6F7FBB914A87009FD3"
2016,277,20291108,FALSE,"86C7841A141B9C7E80D8FA33B96DE9D54660EA7041FE201900CF5D01BB1BC23D"
2016,278,20291109,FALSE,"5DB86C1490C474B9194A6A2972C0CE9035DC3B851C40E3A59EA0812FC8C34A03"
2016,279,20291110,FALSE,"B555F51606BAD9102751D48B438EDCB05A45B8EFA368D8916DB6E51910C6C3A3"
2016,280,20291111,FALSE,"E0700C0331FD930F9494447AD50F70251E8E2FCBBD3C7E4FD4CBF49BE2674AE8"
2016,281,20291112,FALSE,"ACB94CB905308DFA92BE3FD7D27925BFBC69E851F7EB122ED2901AE998FF1DC6"
2016,282,20291113,FALSE,"44DF5FFB8600BF4DC2010DD9C817000E3ED706BD94A88E3A837357EBC0F01142"
2016,283,20291114,FALSE,"D56AB3CED510217451221089EAE8409FD48ACAC636FF1003D9EF847064250935"
2016,284,20291115,FALSE,"E4F247D1F1B381731EFC78112B8024F5771D9E92AA79D29EC02B619954B61045"
2016,285,20291116,FALSE,"E3FC1D3D7EF917A465E1D0AB50AB4F18568E68885BEDE13095C73FABBFAF0DEC"
2016,286,20291117,FALSE,"0ABFE2B766DA5451F89DC437D910A83B83332E94F85C5AD592B96C5861740C7D"
2016,287,20291118,FALSE,"3462240082E533096EA2DF207A79EC11C401E35110B650492E89616064D7C2E3"
2016,288,20291119,FALSE,"0CA8892A4031DE266938BA375D475F473EFB415F2C801E1B8B26F857679DA67C"
2016,289,20291120,FALSE,"B2167CC84BF582A352D1B4E4797D888612D9798DC73F2B20E219899DB94F45B2"
2016,290,20291121,FALSE,"26C3F7F05E5113A5F80392054E5FCDB6FF9C773E13B77A7FF16506EC0534F98E"
2016,291,20291122,FALSE,"C5EE877185475BA5EF1D7FA4A1AE8B33AD04D3A3D75C39DA12BDBA82E675532E"
2016,292,20291123,FALSE,"8F03CF603C866F13B75897CEAEF20CCC57B5A6D317EF8A7EADF59EF43E410439"
2016,293,20291124,FALSE,"B45026A2C30752547217E43E8B356B4DF293DC32063221393DB1E18154BC059B"
2016,294,20291125,FALSE,"5EAC8FA8FB4709E7A563FB1854FA4E5F77D828D9090F314A0B34B56B8EB0814B"
2016,295,20291126,FALSE,"1FC413128AE923EA6591A86FED061B34C464F91F5197664ADF29027C793BCA08"
2016,296,20291127,FALSE,"A78E7DD9B4EC3E83231959CA1C7448B801235499A92133ACCBEEA0693D7C87CD"
2016,297,20291128,FALSE,"A4F7A73352760EC8F642F56E46C72626A26F8231A99FC4CE55F03BF0ED4F04F6"
2016,298,20291129,FALSE,"711BAD56B9829D72895E7B440043E8966CB58A4D52720B61E684222E89D3A04C"
2016,299,20291130,FALSE,"0309AE980E92401CE4CE1ED68769487C82CEBF5FDD06D4E05C6AEFB47A5B1EF4"
2016,300,20291131,FALSE,"CFB36BD8C411AF359F5E03EC3E66650262270975EF209ACD7E1D960F72C0C4EE"
2016,301,20291132,FALSE,"C487DF816919FD42137A816BAE198A7DBDE6F5F161BA651EDFADC7D367197138"
2016,302,20291133,FALSE,"456ED62FDA1944FC1BBEE90154F5FE337E27BA233235BD6A79E5AC4454A1B028"
2016,303,20291134,FALSE,"DA1006B6EC11FEE3B3E17CBBCEFFE047EBF58B5CB78697E4C56A3C77565BB549"
2016,304,20291135,FALSE,"EC7CC92D8D180D24E87DD8E85C00C2F05F1B266041999851746F8CB4E6D54C33"
2016,305,20291136,FALSE,"609CDA055E0179113167F2C1D3C43E1111ED281DF7375018B41AF081A75B3EEF"
2016,306,20291137,FALSE,"9D23BA8FE58BBA63438D6FB30974134A0A14B82126147BAB6E6D145AE67AB86A"
2016,307,20291138,FALSE,"830E24DE2D3E47CECDF30747647A257F37C17A9C698869E4F86C6C11CF38DB7B"
2016,308,20291139,FALSE,"CC02C324D71893F0D147B5D49B5E019520825AEE2EEC736FFF5DC381E912B1F8"
2016,309,20291140,FALSE,"B73B6D06EAEE737ED8DA4195789A2CD18427E4C685FF42F9B9FB6EE48E95ECAC"
2016,310,20291141,FALSE,"13DA51A472E06B29C104700ED91858531194968EC6556A67A9E4F6D1D5EFBAD4"
2016,311,20291142,FALSE,"6ED650D0FCF7EC64EE76FDF7798BFB96F445201FD60A4267061D3D3A500A3CAF"
2016,312,20291143,FALSE,"97507E86DD94327F439F15718A2D6DE7D283AB8BE3DEA0B71026282FCEFED816"
2016,313,20291144,FALSE,"2BD9FCE7AFF5D29FB6276C2E5EC28414F271BB30341CBB052C1B189E08EE95CF"
2016,314,20291145,FALSE,"D46DFF70DBCE5523A0687592C1A80C2306D49783A7106DE0BAF0988547D21648"
2016,315,20291146,FALSE,"6723946AFC2FBE65B9DE3D2214EA3B6BF0614403AAAEF52E1B676CABEDDE46CC"
2016,316,20291147,FALSE,"DDFA2F5BEED06801CCD3584FD629B9A01217151F5C6226C4CB3056EB4800F1B5"
2016,317,20291148,FALSE,"24235B6FB74AE5051ED89B68FEE250428DAD74B60971255E74DE1B944350F68C"
2016,318,20291149,FALSE,"34257F35DF3C4A8DB4FB94B4353B723554AB21C7774E808107AEB119D78965AB"
2016,319,20291150,FALSE,"B4D295A12F90C8E849C4994BF9449E42C8D7495EC0F5078BCFC282F83D0B5275"
2016,320,20291151,FALSE,"89B1173D5654AF6404AE82C40B6BEDA87E4BA7CF27E1F8BA4134834F1C17CAF4"
2016,321,20291152,FALSE,"F2A9D6530B8A63C617299B24AB6320E027372B464723F527A425CE754F79B7C6"
2016,322,20291153,FALSE,"9D94FD0FDE914D597504EA44E9F608140A16FA690DCFBD7A928170D732DCED73"
2016,323,20291154,FALSE,"85DDDBD010A875630C879280E3CA71415CC32F455F88114400495ED53DC93C16"
2016,324,20291155,FALSE,"30BDA1CC4B15A8AA86EFC46D8417322A256CB0BA2621FE91DA4015F7031593FF"
2016,325,20291156,FALSE,"7A2CAF13064C463102E407FAD1DF6C424A2183EA3B4C86EAFCBB3A18F51BBA7F"
2016,326,20291157,FALSE,"738617D22A639F8CBD54176775C77EB84503CC4CDE0E39D4F2F44636FBA4A144"
2016,327,20291158,FALSE,"E6BE5814CC4F8681835CF6265063A3B8C7AFBEB5C5BB2AC4BD6A68317C3DD5AC"
2016,328,20291159,FALSE,"71EAEAA205546036591308AFA90559BCB9FF296867FC19A53C49A26ACC60EE04"
2016,329,20291160,FALSE,"EE6D8F3E90C6B495949974342C8AEA406CEDAE22BD548286AF8E4142FE256D5A"
2016,330,20291161,FALSE,"0FD64DAE5BF94D65754EA564094C2EE9D1E7CFE7CFEFC366C93EB483B70985DD"
2016,331,20291162,FALSE,"DBE0EB18940265149F50E1AB822ED85F81862A9D92B37508D99C06B91E4DABB7"
2016,332,20291163,FALSE,"77404BE785FADFB89018D9FB3D8A48A3FD82BA3868EF307C6DD13DAB89175CA5"
2016,333,20291164,FALSE,"3819020506533FA7C73E78833CDEAABEE6013F22898246CC7D65D9144D942436"
2016,334,20291165,FALSE,"2B28953358AA6BB79EE6056CC1290B4BCFA2CDFBBCA268368A406699E14092ED"
2016,335,20291166,FALSE,"4974C492A62B8DEF0196D417A6A24372C41CECD589D0B99AA423EF162B898691"
2016,336,20291167,FALSE,"35D88C218740B37246EDC5A255701CA717EB2D51DFDB8B6E587D85F302860996"
2016,337,20291168,FALSE,"8315BED5A68658DB9220299C345DA7FB27D6ECBFA5B7B7C93F8D248FE577E47D"
2016,338,20291169,FALSE,"D01C63A507FF22AA47EB1EDB8367F841D3CB01BAE44E34F1CDA1BD4539EB45F0"
2016,339,20291170,FALSE,"89E8F4F73A413570E29E156E5AFCF61ED8B476B886A9EA4F78749FA0CC89FAA7"
2016,340,20291171,FALSE,"99D80BC7A01C0C324125F9517E90A4933B615B816E4B5E9C24728E55AB546E74"
2016,341,20291172,FALSE,"FF1EC5BC76E831795023AC447437E0AAE50EF839F539F019DE2092E2CB196932"
2016,342,20291173,FALSE,"74537B51399F94D330E6CEDE36AE24C58542141E4D9BCC9988CABDBB72FEBD6A"
2016,343,20291174,FALSE,"B92EAEF77E25EAE49694B167832DBAA3A8B2590BD8EB730361550122FA8343E0"
2016,344,20291175,FALSE,"85A634236F54F331753BE1FF70BE8402A853B9C9C14327E3BC4D38893261C583"
2016,345,20291176,FALSE,"0F8E961C6E7DE712E5F4A11735087D3F5602FDBD3A9BBFE6C1E4F8EBC03C6E3C"
2016,346,20291177,FALSE,"B225927686BA34492A672DB2D9D3DA8287E14B3E7E1A0AC58E61954828B7EA43"
2016,347,20291178,FALSE,"9D8449B474850AE51F76CD4D482DEAD687FABCA68E2C76D013E319A54176255E"
2016,348,20291179,FALSE,"10CD4F233AC2327B1DF1B3EB5301FD18AF7400E1634380382C29E4BDAEF65EE4"
2016,349,20291180,FALSE,"F3720479CF020AE24EEF3A88BEFC73FB363705483C04DA2FB03076AC5EBF63B4"
2016,350,20291181,FALSE,"21EAA718305938875B934855729BAAFA13026F7EF32903A29E74ABEDACEF889B"
2016,351,20291182,FALSE,"19874479ABA1FE6144B876C9CB42EF12AC8A3F2178880DAD3967DD06D3A668C6"
2016,352,20291183,FALSE,"AEF1CA908F0780EE9E31A881867BEAD5BF6294D5EF455B66E77093922A7052AC"
2016,353,20291184,FALSE,"6D77DAEAD12E75D7EFBC1A287064EE2E774771F411B66FC06835DFE107FB871A"
2016,354,20291185,FALSE,"DA39307C700F42758DA4EA504B86328418A638DB61E99379D2FE3C18C36DFA8F"
2016,355,20291186,FALSE,"AC1DC1870C1645641B9EDC7211A05E84BDDD86470EC92E90A8BFD67DA7CD321A"
2016,356,20291187,FALSE,"3C397CBB415C6DE0416A6E6CEE97FCE5241AA5DEEEF334915096FC01568B2CA7"
2016,357,20291188,FALSE,"D56C9CA87B8DFB8A0B9784F8F38FB70E2C6601B47E51D5A54CFFE47C99478DDA"
2016,358,20291189,FALSE,"B6B90C09D76BAC49157EA96BD88DE1C33484D0DFCE940DFF8BA091826410109F"
2016,359,20291190,FALSE,"A264F41A059CBF2E695EC51DDEC9045F13ECE841C88C0AFBD6EA0AE30CFAF78A"
2016,360,20291191,FALSE,"16AA4EFA0D902A4B05891746C3D2D85BEEEDF9EA9EDA0A7533BDAAB68993A6E2"
2016,361,20291192,FALSE,"BA6F7601A5F9F1DD58894BA4EB8AC0BEB68111B30DE2726C18169EFD7897C8A4"
2016,362,20291193,FALSE,"ECB26694D49F4383C9B50F2DE5E57BF517A24A468B34160BDE659EE96ECE5B77"
2016,363,20291194,FALSE,"9C8D2147A4DC7C8EA1E07B705D7C19B96064BF2DFC40CD7F4BB967D81857A015"
2016,364,20291195,FALSE,"D79251A9F72EFFFE317108C601162D8F04809701DCE5B639936668E8178558D6"
2016,365,20291196,FALSE,"1672CBE4413A3A86BCE3E19CA19D97619119A0606995BC04F63A04F7D99A717B"
2016,366,20291197,FALSE,"7517C1752555E11E7D95385B69646528E57F91DA1F352FCABECF7CAA43053765"
2016,367,20291198,FALSE,"70C6465299284F87C3EE4640B663A2A8D977B830E2F66010DCAB9B29ADB7C7C8"
2016,368,20291199,FALSE,"CB462A70BC8F8094015D43862AC35319E9C95E2BC689C5C1B1E75CDC39B7A550"
2016,369,20291200,FALSE,"BB1AAA8B3A95B5DB814443A2EA6927147A129F90E5479E81C5AEFB270572E653"
2016,370,20291201,FALSE,"D0D0D58A9793812904CB432F0949F5599E9AFB71B5851B0B53390C09423A0E19"
2016,371,20291202,FALSE,"11CA7C53B5E7F162EC27E1BF0C2D2913A933BB2EAFC97E38337E7B91E9236124"
2016,372,20291203,FALSE,"58EA159A96981F0F506CD82498E951C139EEF5F5B30AE61B9C3E4FC170398EB3"
2016,373,20291204,FALSE,"9713ADD99B4C7BAABAC940C3D1AB7F5308F4B3C5C6A9043CD744D0A59158F6C6"
2016,374,20291205,FALSE,"D1973885FE61FAADBBEF56DB720FAEC34CAB87970D18937302AA4799C5F7BC74"
2016,375,20291206,FALSE,"3FB9584EDFDFD1EFCFB9CDC4E19B2EF0DE61E2CFED6605E84FFE08C8EDE5EA95"
2016,376,20291207,FALSE,"E47B40C65CA9E253F32F2892F660656D316158863C7846F55E76AC918FCC818E"
2016,377,20291208,FALSE,"249741E4F0A7A4E80677729C2157CE63B7D93C28E0B001C4DE91CD1054DBB160"
2016,378,20291209,FALSE,"A721FF26B70D1EA0BE53F3C8315CDB614338AA71F4FB847B47CEDB99DD6729DE"
2016,379,20291210,FALSE,"71B6F22FB34AC93B184F7A7575093818F90DFC449C8B71FF7824DFBE7FCF4D09"
2016,380,20291211,FALSE,"5E90D49B5E5E55AEFD4A2B8AF9AAFB0A356F9C2D1C057500A687CAC5A0AFA7A6"
2016,381,20291212,FALSE,"453D6361821131EE30BAEAE4B82088463CEBA96C2501888239F7F021A31DF59C"
2016,382,20291213,FALSE,"9FB955E2ADA3611846AC016F88F61599FEAE81D18DF8543888E7FAAA66105B1C"
2016,383,20291214,FALSE,"8E6F7D84BDA9AB84DB6AEDA61C6BC75ED8964BE4C30A301AD333B2163A10D7BD"
2016,384,20291215,FALSE,"AC351033D145965062AF032E69ED09F418DB455DC85CE1B3422517497918D8D4"
2016,385,20291216,FALSE,"370224B58E1B99EFCDC4635B66DEA3E89EA56B803A2A50B3EC9D27AC5A2F26B4"
2016,386,20291217,FALSE,"FBE715F9E7FC9E778D64692A1AE32C348A820664D4905D996F9D56F962131798"
2016,387,20291218,FALSE,"B1C9A997E73CC6FF7A4E1B758771D014FD35B3A666D4D291C854FB29F0FE70A6"
2016,388,20291219,FALSE,"2AF476D90F7A377E9F159EA93E9C232B5178A16597F21F87CCD4982714A16D08"
2016,389,20291220,FALSE,"0AF251C405136723FEEC1DBC71F5805D21829B7A80A321E1661ED6E79BAB2E24"
2016,390,20291221,FALSE,"DF1B6DD54DDF4A279BF0BA95DB925931370663B5EA506B128F9338AE0C993A73"
2016,391,20291222,FALSE,"4959E26B819DEDD8F734E280AC32D92F1840548A39CA12DAA108A9C1D73D7CD6"
2016,392,20291223,FALSE,"AD39ABB20831178A7591195DAE2AA7FA2FB08EC7ECD9CAA6F40B6B80D3BBD390"
2016,393,20291224,FALSE,"3F7BD34A08FA4B3D31904F9744961B97304547B0BC3FCFAE7838906F98A9108D"
2016,394,20291225,FALSE,"05FDC51468E3086C4538407E3C2DCC61E4CD6F91B6F7264542561F8AE5A8EF16"
2016,395,20291226,FALSE,"B8A5FB2EF9D9CE6D1EE29F52DC115C4F7B4E84C2A8BE27A3F0236A06EBB3AEAC"
2016,396,20291227,FALSE,"2AC9611DAE916032026DFFB7EAD04BEB03905EF2FF86881A005E8E87FAB85F75"
2016,397,20291228,FALSE,"D470D1999FF776BFCE973E36AA13E104880274DE9E08BF1354BC95807F1A9497"
2016,398,20291229,FALSE,"DB009B089C0317F513BA27852366564BFF70685ABBF1EFF33B0B85AF86EC123E"
2016,399,20291230,FALSE,"4862569B6356B5BC86EFA8A4B2AB94D598904C7DED082B2B40C3CCEE65B4BFF5"
2016,400,20291231,FALSE,"36D455F981CBA4C5CC36E1DEB4C6F8B55131B8B371B92D6A4877B09C5D389808"
2016,401,20291232,FALSE,"E72825563115F1EEF26B8DB44EB4C685C5443A8D4F962F9425D02E690ADC6BD7"
2016,402,20291233,FALSE,"6D63DE56CEF686ABB3C8DCE7FAD7DD421A9D138CD85EA7A19D656370C7A68249"
2016,403,20291234,FALSE,"9D671F46E0B93B4437B59A592C21DFF0C4747CAB54505B4986BFD4CE5B301681"
2016,404,20291235,FALSE,"C12E6785849010DFE5358943038A2653882673F70C422E2ADC68DEC9D220BED3"
2016,405,20291236,FALSE,"1C5BCCC666EAD48A6EFE506CBC5E09062B94B89FB9286B6BA8E495EFF301B80B"
2016,406,20291237,FALSE,"197BF0C5C209E2DBF744DAF9846F7ABFD650D7E62448795DE311F21E012B8992"
2016,407,20291238,FALSE,"85883D7C3A65A2BEC86C1FF2A1BA87ACD288FD8C32F12CCA2213CB65059582D7"
2016,408,20291239,FALSE,"AEEE646A6B79AA3FC10B561022B8CD79A4B947D2ED81A465BCEA5AF26E445DD3"
2016,409,20291240,FALSE,"E98ECCA07308B5DD48851F611E9F1530407A0970FDB2C9649AAB37CBA97B0FDE"
2016,410,20291241,FALSE,"163638456987F0744CB96507976E1806AC63B50DA3D7501D0890CD0999E5E925"
2016,411,20291242,FALSE,"235A7798A80ACA1DC24AE5416010403905F8F77A133662217967B2423253CFE3"
2016,412,20291243,FALSE,"1DD9277285A42B517AF1269D9D6B0106AD050FE290CCC17D2AD0DF675F45A186"
2016,413,20291244,FALSE,"2E50219A22226FCF98F67ABD15E6B4D42309A82117A5F5942F2D96F10C8FB6D7"
2016,414,20291245,FALSE,"D0D7C723FEB4A7443330C6005A3697289044B49565DDC8D03610FCB0109387A1"
2016,415,20291246,FALSE,"DF0184B4D5F243B2A9F89DDC71597CEF2726C7F575027DA95EA61655DF999916"
2016,416,20291247,FALSE,"2C6ED9A08EF56AE3E7021CFE9DDC2630E3BB0CEC2FD8F9586B2CACB1F84A04A8"
2016,417,20291248,FALSE,"4BAE847539C8F10D22D280E1B144CBCA3017B0FD1A6FC517724EF41B2BBC8EF8"
2016,418,20291249,FALSE,"94E8F075DAAA1822E838B163208F3BA532A8221F300D3359AA914B84E25F13DB"
2016,419,20291250,FALSE,"CEEE0C64B4B7CF6A75DC068811DA6D910CBBAAAC34C385719CA59570DBB5637C"
2016,420,20291251,FALSE,"1988BDC544F34C24AEF352116CEA2E3B4F05E0898AD2634D4D649AA1A572F921"
2016,421,20291252,FALSE,"51DC520D25E33AEAB91DEEAEA6601E46B7E8D08EF67F3851AE634F71AB69B853"
2016,422,20291253,FALSE,"2E7A70FB0D0C7E7733CA1AAEB3044F36DEFCCAE420F9FC4B20A527070733A312"
2016,423,20291254,FALSE,"B055F403F00E3DF16081AC5D00ECFF9726CAFF4BF515FC1B853D39F212B864C1"
2016,424,20291255,FALSE,"7BE0E7DB0B1ED2C594075472E9C39F612F7A3E796457979DF430793562F45BF6"
2016,425,20291256,FALSE,"5841A8F92372003ABB6A2ACDA06CCCF93D9212AA63308EBBB0A93C6E073ED44A"
2016,426,20291257,FALSE,"7A46D50B9091E49E868A8414436D963445B98A555D655CCC7AC6EEBF6440ABBA"
2016,427,20291258,FALSE,"E220EC34DFCD2AF345B241808533E6F9F5F8F42FAC6B33C6C93FE2B41F386013"
2016,428,20291259,FALSE,"92B0D3FC29B4C0F7E2C565348D7CF8C4201094AA5E9AC07F80A751A1D1C9F432"
2016,429,20291260,FALSE,"919982787C218B38EA4F875823307D8CA81380AA59096D9F0A3F159539067B7A"
2016,430,20291261,FALSE,"95BDDDA44A6449A68DFEB5FFF12A144AB75FFB02FA3BE653BA9E3A19D9B74559"
2016,431,20291262,FALSE,"56B125F5AFBE0E586F9BAF1ACE5FBB92D5CF9D4A1B9B6D3106F7259B99B8704D"
2016,432,20291263,FALSE,"4A030F16EBEB735F03A70F8B7A57D6FFA992BB3C4E996155B97A2751339DAABE"
2016,433,20291264,FALSE,"A233F3BEE5E5EC768B61113DD239FF4FEEFF8530CA970C1F78B731823C863BF0"
2016,434,20291265,FALSE,"AF43E640BA3965900FDEDE5B2DAD48415C243B913AF6D42D4E90CB609791FC9D"
2016,435,20291266,FALSE,"18D77419E8727E5BA6C6F470791E07DC881A4FCC2E168892B67BBAB73A6CFF1F"
2016,436,20291267,FALSE,"911CA448091CB051375010B4C52F54523002807AE1AFE86D66C094DA1A733520"
2016,437,20291268,FALSE,"193087122743FFB6DEF69F47F312EAF907C1812E91A815300CC8A13F1C348859"
2016,438,20291269,FALSE,"03F2666F439B848A034B7E31935349C3B789E2996579A972E3162E5D44BA14E7"
2016,439,20291270,FALSE,"C0DF37ADE80560C2B86C41B766F793005DCB3E720F3F624D11670688A8D62B53"
2016,440,20291271,FALSE,"52BB2A0E14842874230B1A20BB60670851A19F260C67D05C1EBF018BD5C1E511"
2016,441,20291272,FALSE,"DCA0B386557CD74AE9B6E373CF0FDD478ED6862EC539D38F6A140A9BDD16427E"
2016,442,20291273,FALSE,"70F32C4859B50C63DB26C67C9FCB98375CC745099AA73133F873549BECBE5616"
2016,443,20291274,FALSE,"ACFF4DDA8593E7CA8CB0D8FE5F47D4BF7E3D8878B9FB8D959FF8C2320BC2CF9F"
2016,444,20291275,FALSE,"D457E7E4584A34D9AE03FFD0259B99366E9B1F621339539840AD921EF9609B51"
2016,445,20291276,FALSE,"AD0A9CC0AD7BF2B13806877CAAB210087FD6EDDDB899F060C8B8C1930D70EF73"
2016,446,20291277,FALSE,"E313E32C9998B90632AB002FACD4A0E4CB673B09E18274A443BDAE51158C320C"
2016,447,20291278,FALSE,"D8454AA26501D90E6B59DFE34CD479C7674C6A32D0F156023C9B7211DA5F4B72"
2016,448,20291279,FALSE,"E74FC2738D1C3C3CDA97A0628F65737CC9EB5C70A6E963FFE918AD0C29356871"
2016,449,20291280,FALSE,"C5A955CD812C6D9997F915ABE14E54B8C4AFA1DC85F52DB68E076BE2A4A34370"
2016,450,20291281,FALSE,"226A19FB389C341AD3DE49F02C7F0C87FF3F0284C29D9FA7DEC468CC8DD075A9"
2016,451,20291282,FALSE,"3CA25B87552144D00D342E6F839C5EE41C18970B2966B30977B52D6DBD746C4E"
2016,452,20291283,FALSE,"06E42F2BD6611789FE12727AE7DFE809CA7FB8AEB667ECA40B0E19E0A6FBF005"
2016,453,20291284,FALSE,"B3817528C39E1B099F3537471447F53ABACC60D552515500E79039F7CC0A05CA"
2016,454,20291285,FALSE,"FEDC119CC479E66E7E728D1CC35B137627FB0DFD24A642BFA64DAA840F7AE3A3"
2016,455,20291286,FALSE,"199762F0E057A2EDFB323C8976886C04783F88ADFFA631656382F5626C90EEDC"
2016,456,20291287,FALSE,"A671B9BF7652CF2DEF06EA043015360C58E9DF7B95DF1031FF3F1EC1A62C5740"
2016,457,20291288,FALSE,"D57E6D8E44E6070E51231516439CD57B0299F85417A83A1A5886BA70992B090E"
2016,458,20291289,FALSE,"A2E26445186D5F48E52C275206A25DA47F238696B020597B90DAE5BB413BB262"
2016,459,20291290,FALSE,"7F6FA7F93FA9E0D4E7DA22F4D4D61201938EE3CCF79B88509195FF98EF9A5D26"
2016,460,20291291,FALSE,"1F8B7D8AB4EE814D69C1963971996688E97B1CEDD1FB22EF051537278CD0D944"
2016,461,20291292,FALSE,"EC947155970E1DE64E07EE64CC266E3A41AAC7559C7E066A398E08A087A78C03"
2016,462,20291293,FALSE,"C9177A325AADFB94BF276DC3B592A8E801290563DF8D9164D02FD751C9CA469C"
2016,463,20291294,FALSE,"83A844EB5B05C206163CFF9F47AB531301F60EEA3A603D15D886162A390210BC"
2016,464,20291295,FALSE,"AED3336C9E8955E3E479B27EEA161F6A2FAFE3C75354AB57CE139F6502A2DC3A"
2016,465,20291296,FALSE,"424D0EC1324C049ACA5FFAE3EF99F90E1EC0B08C338AA76FE55A5F766A40E728"
2016,466,20291297,FALSE,"459D327B0ED4883162B6C75F1926D9E1062EF9F96250587B1F3E28F4BCC33D60"
2016,467,20291298,FALSE,"D8B94AE0765E69C4F6C58723545C321DF2EAA560A8624CDBA69A9930CA007AA7"
2016,468,20291299,FALSE,"D666D1E26E2559253791C3943D20781628612DD2AC68F7E9BE31F1C497B0BB35"
2016,469,20291300,FALSE,"BE976B3A1FE1D2B1D3B88468C588B1AD618B8BE1F3521891F0AF349A43FFF2DE"
2016,470,20291301,FALSE,"BB3F6CD23DCAADE1C4B081AF801218A10F2042B87B932DE8E234E273A872A4A4"
2016,471,20291302,FALSE,"E63157A177446A279B2DD352A7432E287424E4AD0507FC7951E3098126200DE1"
2016,472,20291303,FALSE,"3B494A1435D730D89C99D26073DEB42F9FCF4A10F0BA878F57C0B521B9707427"
2016,473,20291304,FALSE,"29388046504AD181A5D554992C165FB006F104CC1BB95E26E53EB60CA5CAC6B2"
2016,474,20291305,FALSE,"C51F67857498F19788D17B500A6956E6C0FC29A86543266F834AB1A463AD5C19"
2016,475,20291306,FALSE,"88F531FAE1A9F21E5F6DAC0AC6CAA0793C53DA8E3F9FD5D75B2A990215711D95"
2016,476,20291307,FALSE,"05EB938E3217265AADCE3103EAE2615A63A35CFC59DB10B9D74D8DE56B9BDB6E"
2016,477,20291308,FALSE,"9CF2DDBE2530280E7C85E5267B78EB25382800ECEFC43D53BFE584F25C5F3522"
2016,478,20291309,FALSE,"7C89051B56A54C37D14A1D2C8DCC007568C5C22EA738E50F2046A1A5208DD54B"
2016,479,20291310,FALSE,"F2F13DBADFD0EF74E646AB3A29C79A744B33BBCA0DF357901FE463A41183C036"
2016,480,20291311,FALSE,"38D36FB6767B1AE39E2D160DB5B6DBF4EF6F86BA160CE10AB796F8D1B652DEAC"
2016,481,20291312,FALSE,"25F389D3A625C24D7C31EC845A2F9061D5FC8AA0CEE68D6E26CFD4F4EB77305B"
2016,482,20291313,FALSE,"459D8C122E91FB1E6A7AC53C0F7AF5AD7B4176A0E03A93A350BDFFDF155C7F72"
2016,483,20291314,FALSE,"7AD108A3644EB2A140C916DD14AE16CBD21C3CEEE042EEDF2305565B45AA2253"
2016,484,20291315,FALSE,"12AC6197B53294FFAEA7B819F0BF0FD1688E828BBCCDB9B05121667B58D76056"
2016,485,20291316,FALSE,"DCC274E9FAE6431896A9F62CFE2CB23C9FD1FDFE20C7EFCD46A76DA40CD8560B"
2016,486,20291317,FALSE,"FCE6C350A1461BB0E74812090AE5FBC52F04A270DFA6CBCA5BD7F6948B179388"
2016,487,20291318,FALSE,"3CC6CB95E95FB1F140469C041CCE9AC60F3E7BD1B8CEE468CD1236858EE9918A"
2016,488,20291319,FALSE,"667F18E1E3E98BCE117E720193AC1E25A21F00B9EFFFA46459DBE83AE07F4942"
2016,489,20291320,FALSE,"A54E84CFD61ACFD1DC4EBCDDDFB231FAE60F29BF72D03C05D1D8404D32C8BE97"
2016,490,20291321,FALSE,"2DA8EB1E65BE2E422E0CA0F185A57CA0D292D7627BB8570C17FA56B90B21DD6A"
2016,491,20291322,FALSE,"A0A0C3E2B5B3F787C12F71FDFEBB8B5AA4AB23F27448CB0728B61766FBE1C63B"
2016,492,20291323,FALSE,"47A54A6804239D5FAF75A193FEBDCBECF1793B39E86A08869165105CBC64BDF7"
2016,493,20291324,FALSE,"CBC79666D7016F55C615EA91339FC833D0C6ACFF2F1A330C3B1FDE3F02C23989"
2016,494,20291325,FALSE,"59EAE1B8F94C4D84D5045CDE7367FE16BE94AE0D75F1AE58949C9AFC47E982D7"
2016,495,20291326,FALSE,"C7D3A79ACDA991F3CE48386FD5D82A55EC970E7EAEDD70843E7DCC638E314030"
2016,496,20291327,FALSE,"8DDFC8F612034CB6D9F8949D01D9B9E07FCF5D6E6FB2ACB5721635681E409E3A"
2016,497,20291328,FALSE,"A1470A42610082CF35F99E368A870CBD20FFD071F29135D75E28C7D213F5B790"
2016,498,20291329,FALSE,"D6C6F90AA06DC69CC1995E517BCCDBF2CBB0D0730D9871ACD9B7834A848A72EB"
2016,499,20291330,FALSE,"C28E238E9A7B295207BC615C4A7E9BB0C3BE22E0507578BCB7FF01FFBB9F0030"
2016,500,20291331,FALSE,"B44D4B430D151710DA280AA9E91DDC61C06F903C1B306E522BCE844DAEDE215C"
2016,501,20291332,FALSE,"7F36E62BB2C8F3087455454D2B275FE04AA998601A2858CD48D4594960151FC0"
2016,502,20291333,FALSE,"20ED2DD714B8B7CA877E6115DA235EBD7A156FDA15DD3198F80C88AAC959FB34"
2016,503,20291334,FALSE,"E00F1617E9B3CFC961CCD63A2635567EDE94AB69022AA4E31653334AFFD05139"
2016,504,20291335,FALSE,"08A138CD9A162708301EEE5A739B2A1489CD8094DE9B2EE77413F784650C804E"
2016,505,20291336,FALSE,"A740E640CE4333BC0F88F5C6B4928C88458ED69012FB92AD2DA8F82E76FE9F81"
2016,506,20291337,FALSE,"4C253FAAD7E5870705801E68179567AA95B9B966944430F3A8371386BCB66DCC"
2016,507,20291338,FALSE,"D6B84BC4B8E8A4B032BB246F1C3BFE8F6F347D0985359B0DD9DCA458D22BE978"
2016,508,20291339,FALSE,"55D680AA805DBC060F59E8EAB2F1E0AD057199DD05004FC537A8C608F3245734"
2016,509,20291340,FALSE,"715B6F80DB6C7AB31D394E6060DFC24199D3D5E3AC3771D25DEC99AAC004BD7E"
2016,510,20291341,FALSE,"64FD07608D036B734396754C1FB4A650A3F38EA864A339A20B7A768CEA6B3742"
2016,511,20291342,FALSE,"A25A8592B599EE925AA2E37C0C66A6C6EFEA109723A104F60AD73D30D0913892"
2016,512,20291343,FALSE,"6E9397B7448D0768DBB566FFC5EE3208FEB7EFAFC49789D3A4660DF325600B62"
2016,513,20291344,FALSE,"0B5BC7D799222C67CE5503E035790E312707DF3A01855978111CFDAFE6A49413"
2016,514,20291345,FALSE,"27E133883CB29F2F119FE2B9D2FADD3BC7FB00C0883B54AA52297C3A14596F7A"
2016,515,20291346,FALSE,"D0AF0F3837B7235AA14D3BA263BB48B6DD0C596082FAD8DFADCCFEBC4587DBF3"
2016,516,20291347,FALSE,"97AB1D32D5C1544381D5132AB0DE2E89AA0BA53B63D65B6E742EF171AE011B8D"
2016,517,20291348,FALSE,"EAE20C3AB4F04A63B047801B33BDBA72912B8A07946D960031968F7FBA7CC3B7"
2016,518,20291349,FALSE,"A1F2571268ED26AEB5072408B89A2B03F060B8577F1311B67D9A49438E70D024"
2016,519,20291350,FALSE,"96AD7F7DF85FB2777D04ACF8FB5508FA1FF20AF594A89217CE06FCF231E8F2AD"
2016,520,20291351,FALSE,"A8FD7225E476643ECA516C2E77F6D538C6576AA446A9DA826DB66860144BD2E6"
2016,521,20291352,FALSE,"4B9BE09E58DDFE5C5E5F455C62E1060B296F09B518D04B504A6CDA952B06E1C9"
2016,522,20291353,FALSE,"B7689F76C0295AA0B13405958E09F768DCA774144C7417C4B8F1F7DF438CED8A"
2016,523,20291354,FALSE,"EED5DFD6342D8CCF1A21AAE668FDD70ADF8170576543926B645AA3A059001A7D"
2016,524,20291355,FALSE,"F16634C5787DE84779C3D52505C14A6684BFC1F3DBD3CCE3DC1EFD7E2A6E10EF"
2016,525,20291356,FALSE,"4292AA2FB1B31F7C0F40D8BAFE788C7C354729C25424B4635E5C4FE15B477BD4"
2016,526,20291357,FALSE,"FB1648A9630DE3CB4EDC0D1A80F72FA6BC1ACB23F4ECB8AE24EFAEA0780734F1"
2016,527,20291358,FALSE,"CA081050F7D0FD4DC85C9A2D0167E6166A389D82A39FA58596C22ADC0C28AEAB"
2016,528,20291359,FALSE,"628584406694CED724961DA163E75C744CF9A1E324B45F50E2FF62596988CA77"
2016,529,20291360,FALSE,"6F275A64DC748F91281CE34487545703D1148574AF41436E6714010CE014C626"
2016,530,20291361,FALSE,"107EA268D56920A912FB83472E7DEBA9F27590CB2D0AB59E202B8BFE9E2DA7E7"
2016,531,20291362,FALSE,"74D0411F31B4F0E2D9F4EE579340630651B04D40DCA02800B5755AFF55E13C98"
2016,532,20291363,FALSE,"357D7BD859597307B6F8E5B6350000B8841B19EF2AC6FD45CFEB0E9F0CAF4330"
2016,533,20291364,FALSE,"593F99BC57CF7B38BEA2C252C14D8F3048FF427777B3BE1E636F3C40ECD8DA26"
2016,534,20291365,FALSE,"54886E0D22ABB69975FDEE73E3014D285A2E6D28C7930FF185A9C09AC8014B7B"
2016,535,20291366,FALSE,"4414FAFFBCA609D7B5B07BC7BA007D7A0F80AFFB157CEB55FFD16ADB10ED7051"
2016,536,20291367,FALSE,"8D0C49EB1DBE3D73C1CB350D2339FEBE612BA4C5DBC6ACB113777316923F2950"
2016,537,20291368,FALSE,"E9616526E57D4D8F065BE190D0A107C13FB76BA721EF5BCE8DA4BC809FF308C4"
2016,538,20291369,FALSE,"EFE1FCBAF7A4EA68EA03C25D5A172C8328ABF4000BEE5E13225DC87D697571AC"
2016,539,20291370,FALSE,"6140D7089D5D853723CAFBECB04F4C57FD14783D6B94F29B58F29C110A60FD46"
2016,540,20291371,FALSE,"CCDA20C3527099620C50FF1AE9DD525CBE432C52D60194F6D0B8157531F867AE"
2016,541,20291372,FALSE,"1D40861840F74FED8FC7BF1BF1F4F032ED47E90A50CBFC39EFE3A4CFF0D61AB1"
2016,542,20291373,FALSE,"A3A9CC8DAAD989DCA675AF07C0723174668CD63FC00E2F6CD4791D9DB7669AE9"
2016,543,20291374,FALSE,"7DFCD71DD98A56DFB267E26995803CBB20791D31EB5CF4F2A3ABBF10E9F72133"
2016,544,20291375,FALSE,"8929456759F266779CC55B82CBD496EBEDFC0A5F043E4BE7A1765095650A3FF8"
2016,545,20291376,FALSE,"BC3243FB0598D9B6BE37EB92CA40910B9F7CEE8FED692F0AC16DD8947B0E940A"
2016,546,20291377,FALSE,"30C09122F365E5927B157A5A4CE2A89841A0755AE476B7937E7DEF2A7DF0AB06"
2016,547,20291378,FALSE,"03273F9668A3FB8FB2D4E27B9C88EAB60E9868C0EB9323008399CCAC961B3C46"
2016,548,20291379,FALSE,"8A7BD4171CD3806BB4E723DB68C8CDAE004B68738847A1858614BE52281BEC5A"
2016,549,20291380,FALSE,"9310E36C29875ED86CDD7BFCD716BF6A6F5426866A9E479FB10F40A3609155E6"
2016,550,20291381,FALSE,"84DDE303A3F7EEDEC516977C6D6469BD7348A397C2785908F4C845C7DA4734E7"
2016,551,20291382,FALSE,"51E835F0BDAA8BD8180D9F7475D02A5C6DD0569AD4FAF9B55CF144AFF8FC1590"
2016,552,20291383,FALSE,"3C827ED1BF30C60E6C6A5A8B20F684FBEB94EB0CE7544FBAF096CB6A73420337"
2016,553,20291384,FALSE,"8F1A3D398D1E6AB0B72C79EB54126AA10EB1A04E9D44E9FD4C24373ACAD96F71"
2016,554,20291385,FALSE,"4B2A74EED771C9970656E7CEF77DC2E3FEC49CDCE6C5D16358BCBD5937492D8C"
2016,555,20291386,FALSE,"A6F8C1D0E8E0A20CBF625C24D47300816196E36A099D3CE084C90D6316E1B7CB"
2016,556,20291387,FALSE,"8536F7C34F535239FB03E344B06AC57E8C576DF1A9B76BC0F377415F4146DDF8"
2016,557,20291388,FALSE,"D47C5DF7BA30BDF56B717A895F1014A164E3BE1C45B963857242B107031FFCA2"
2016,558,20291389,FALSE,"B767EB8D83F184DB0CF3A45961C328BE9D32240086466742682771896B646646"
2016,559,20291390,FALSE,"D398F730A544AFD3E650ED5229F1ED0FE0EAAF23E326DD01514351E62432D07F"
2016,560,20291391,FALSE,"829162EE27223B9F13AEC3CBC2C99D02CFED29E9158EA979B3F00ADEEDBE7ED1"
2016,561,20291392,FALSE,"A436C724609BACD1A5CAA25C4B54B9CEFCE613BE4190CE64C430D834E8865AD1"
2016,562,20291393,FALSE,"BA824DEFEC2FCFABF91CAF6284D055FFE55D98D735B12AD79592B5B3005EDA9D"
2016,563,20291394,FALSE,"F8F2C79A24E4B916146806809F0227A3CB200C9C553D1C04B02D6809DF7B5E1F"
2016,564,20291395,FALSE,"7096DA9EEAD81ACEAAFE0DD9A2136075C4F198509A2F078D29B021C37D94DC9B"
2016,565,20291396,FALSE,"8724646C876E908DD94C34A3E61279814D22FA0B404092A15E0B19DCA79FED00"
2016,566,20291397,FALSE,"5B41F6F47970644EA030D56B066BA7202EA47A50FC48A63AF8C56A028CEFA8D7"
2016,567,20291398,FALSE,"8B59BD0595A3E837E2534AAAE857A2E7388233A92BE6073E7B1502F23E460A07"
2016,568,20291399,FALSE,"AF2FC1BB20134604DAFC5719DFA15616B5AFA9CA5B7A329FB63BAD71622E7A17"
2016,569,20291400,FALSE,"9E5A9ED40F3011E742866AB9BA47A8DC2B7C36335D95882DC16927910EA6BE78"
2016,570,20291401,FALSE,"CF2C13AB3DF430DC416D08075AB2E3F1134264875B6E9889800A71EBBEB8148E"
2016,571,20291402,FALSE,"A1164F438F52DB4F2CF3E35C6A28CDECE4A8C0D77AEA5DCED6F37DD075D318E4"
2016,572,20291403,FALSE,"47272508A7E01AB0DCFBFC9DF3BFC6F19901A7A135FF52CBBBBCA11E2EC67DFA"
2016,573,20291404,FALSE,"FB70C5ACF0108CB583BE3BEDEC1F224AE645C7BB2A54E095779E5AE6175CD9BB"
2016,574,20291405,FALSE,"958CB8D074F0996EA9E320D2F781D64E19F3B8690FD2E4B41E634C726469B88A"
2016,575,20291406,FALSE,"F0CEE75AE66C573AA932821390A3ED159EB5F03A184EDAB29320EC2F2D3254B5"
2016,576,20291407,FALSE,"F3F7827B7A8B59CE189723A61B1A14C38AD70ACB961E6983BC5891D1C23FE1D2"
2016,577,20291408,FALSE,"0040FFD05DBAAFF842BCF23F3ADA3DFBCC337E157870615BF8B01ACDDC22E35F"
2016,578,20291409,FALSE,"A3A7B2149371E4A069E52D07FCE462107C87629CB4F615D21B0A838B06BD1721"
2016,579,20291410,FALSE,"904C17C7563F077ABE4F267FFB92DBC3FAC882D0B78FC4B7E1CA13EB2E3074C6"
2016,580,20291411,FALSE,"445A5626972683576C9C47BDC3E87D27EF6B8EB27429400BDF30B183E73E4458"
2016,581,20291412,FALSE,"04F1779244ED838348727D276BDF6683026DF405A0B0615445BF9C2547A781F9"
2016,582,20291413,FALSE,"F32EC86D8732FC904CAF94DDFD307517E4737FA7977C4F72A75783A2B830F6EE"
2016,583,20291414,FALSE,"CAB39F409E988C2AF79DACF768D69F53DD71A4A736A6FA05FFFC6D91875C993A"
2016,584,20291415,FALSE,"E8191B3915D3BE3E09970AE86E3D2B9D1F54D91F9C4CADDC79392B252975694A"
2016,585,20291416,FALSE,"56901EB0EEEDAFA1E6DCD56133014DDB08C7E2B1A13F382B3F091956330EADD9"
2016,586,20291417,FALSE,"BE25E3668CBD870A92DDCE13008305532F98A96A77AC3C09FE8789018F0412A2"
2016,587,20291418,FALSE,"8E534A268C2624D0F7A38238E0B238282158808387CE2754813B872245DECC0F"
2016,588,20291419,FALSE,"BCA8B08D38FE8B9558B282B78FF7944C0C752040D35EF158EB7F0FD259A4B085"
2016,589,20291420,FALSE,"2795678C4BD75560DB543DDC0AFD630198562B63E83248182D0B20637E07D9F2"
2016,590,20291421,FALSE,"0785FAF7BAA42F7277155D680496F62E8665E09181C305165101144A0DCF10D6"
2016,591,20291422,FALSE,"88773034C4B32DA07299D292142DE2DF81CFCE925FE5F56D39D6E8DB36E4F696"
2016,592,20291423,FALSE,"F79A485DFA6B4A097798A9CA127265C29E53BDD60E4465C62C68FC2DF8908A75"
2016,593,20291424,FALSE,"C193CF3E4373A6532AC882D256636B9F397DA96BAB80AA51FE16853A97114AB2"
2016,594,20291425,FALSE,"E9357A08D4A0D490E412C94B472A2EEE41C4E77FFAA2AD967365C9297178F6F7"
2016,595,20291426,FALSE,"C3806CFB17B83C6207C098D1E2AED28FAA80B75815099BA9E7D6864C4D4594AE"
2016,596,20291427,FALSE,"9D9C07F0128F47D2C155339FF930BE740278067AD39B5BD6D32A60299603C403"
2016,597,20291428,FALSE,"42B7CA4E904F92B9B0CC713E1BAC69AD5A47A4B908D0E516AB578FE59602FB92"
2016,598,20291429,FALSE,"A2443D6B92511E41C50E382A144A48190E488F0C3AAB2312DCA6FB1D4C42E0FF"
2016,599,20291430,FALSE,"DA0B5B8E312F1B575C934DAC5A45ACE2950C02E2A6942DCD2EEF2EE954B79151"
2016,600,20291431,FALSE,"E238DD966E87137A83DFBA082D9248DB9CA094843E857A2294E89D5837738B20"
2016,601,20291432,FALSE,"4AB90A8E274305BDE13D47AB86851F2F6C552B499BAFD40A1549F308A9D5425E"
2016,602,20291433,FALSE,"96D6EC389B971BE05652939FF8B60FB908D74D5B36434DEEB9D083C0014A38A8"
2016,603,20291434,FALSE,"0C3F8B8745112FAD33B3B2E33DA3922F546F37BB2093890479E0C7608CE7414E"
2016,604,20291435,FALSE,"230FFE501070D8A146B6E9DFB3A18A8A616F305A2A0A891DB9E2CB77597B02EF"
2016,605,20291436,FALSE,"064BCCC19FC3B1974B13793039891C002D5F1988267D8FB4A51546622D915731"
2016,606,20291437,FALSE,"7769B74CE79C32D55A8ABD38C872EE77CC0DB76CFF21C2F27F2B02E907CEE4E4"
2016,607,20291438,FALSE,"65F692B2E4476C7B2991859673387DB2EC91B73F4790745599F56C3D7BB95F4A"
2016,608,20291439,FALSE,"D3ED68977B9558493323600DC0B5EFB95FB0EC6570DAE1C7F9415A395EEEB2E7"
2016,609,20291440,FALSE,"B117D4677E306109D7D444C6160C99FCEDF43E0C087ABEBFA1F2AA8ECC98A0B3"
2016,610,20291441,FALSE,"71F27986FA3E7379BD825306083F95C0979AD1A3C06599C2BBE181870012CBF7"
2016,611,20291442,FALSE,"1469D07C4D84E5F1A9AD9B3EFCC7A247B6965461A4F202481BFFE20D97483DCD"
2016,612,20291443,FALSE,"443EE2958C7D201D5F3359A387F0C86F58BC2822C657BF364AFB00329FD36CBF"
2016,613,20291444,FALSE,"C8893B074650FB9D339E8729C988F5B77884482DF1625E44B3E963D7A9DF2FEA"
2016,614,20291445,FALSE,"4079A488AD5640C8BCB52E30A0A49AE7AD96E9BC6599E4171C763C73E6B7DA64"
2016,615,20291446,FALSE,"DF10F7C614C5A87B329877867A97CB7D449F4205E1B1DBD3D699E2519FA401E7"
2016,616,20291447,FALSE,"9847DF0DB7F665755C7EE33141C965C4BFAFE103ACA69FBB451A2ECBB20C144F"
2016,617,20291448,FALSE,"9CFB29F1A888E279B96173089831D775B4CD291949B97C06B5A0BC12E1BD233D"
2016,618,20291449,FALSE,"E749E48DCFD520E8F86C011A81371085D6BAF29327E1C76231C0A19E25530C9B"
2016,619,20291450,FALSE,"68549F51AAA5B63920CD2ECABBFC2E6528CC9BD3EC88E8F52F4E2219C3840A4B"
2016,620,20291451,FALSE,"A6C2F86AFCE3287AD452ACA86766CFB561304DBC73C8A9EBF62A970D90C31E8D"
2016,621,20291452,FALSE,"47222991A10FBC2335C52495ACB5918123CD08CFE3B7E82CEEEF320CECB4F323"
2016,622,20291453,FALSE,"BD90CC9F51D38D9C766406074173BA3FC4089EB285BDCD198C74984B97E0716D"
2016,623,20291454,FALSE,"08772DB891B2E6CEA8939DAABF97FEAD7D6566A97F91A112C880A2D5367AD5CF"
2016,624,20291455,FALSE,"A3F0928AFFC1EF9BA8AD55E93402664E65622A93DA877F99BAB4230BBA163786"
2016,625,20291456,FALSE,"739492135844D54909B7D3350B457F819FAB6ADF1737028C0BAD42BD64C876B3"
2016,626,20291457,FALSE,"EE997647FE1B610EE85C199D5FA2852DEB506E1BE793E9B0A9E04FBB48B99900"
2016,627,20291458,FALSE,"78237A3BD743DC0A2A9DA0E04DF23E1B6D9F078BD640484B66EAFB94AB8DCF65"
2016,628,20291459,FALSE,"BAD235AE0CEF942512446D4ED41EE7B232398B0D468CC052E3D37F71CA2EE6BD"
2016,629,20291460,FALSE,"D50E9F3C1C621605B45C54483F19FE09F4712F7A5A489351E8807D203618C204"
2016,630,20291461,FALSE,"3C8307BA3F8CF0B3C235F985E45C2225BF490DD99AF2207FA648241D282AC656"
2016,631,20291462,FALSE,"1A50F2F55359E4F54D4486919263B5ED64B97D5C04F87D657E64BD8F955131D7"
2016,632,20291463,FALSE,"CE22759F65140A1904D2DE8D34A13D494F060F1738089514FB4E7BC6DFF57E61"
2016,633,20291464,FALSE,"E5542BF49C1C874789002A5DEA3F870852E7F2DA271D90FDB698D96508BF73E8"
2016,634,20291465,FALSE,"BAC2B3A32B66CE59C00857272746DD510E0425EBB68A15A428632FAFF8671E69"
2016,635,20291466,FALSE,"86B684FDD4D8C97CF69C6F1458CFEFCCC374A41ACDDB26BB953A33C2CD02058B"
2016,636,20291467,FALSE,"43962F95A58A3043D3329BB50195FC6F86AA0E9AC5C89111C6E009BCDF77B001"
2016,637,20291468,FALSE,"EFE594DD4233BD9F283F6C8099CF92EA0DAD21C0F38D1C4A69D63F18CA16B731"
2016,638,20291469,FALSE,"A9B3C953932DAD91114138779C88D9E1520426A8E22B28C8C8527AFE5DE72789"
2016,639,20291470,FALSE,"310ED2D0FA65A9B426EDE9CC20A9E3E4169DB57B9CE7E109EF5EB0F626399CBF"
2016,640,20291471,FALSE,"A5D9D78A096EC825EB8F8337B756E7461FE45599A7B6596AC589BD7122B42999"
2016,641,20291472,FALSE,"DC07FEB2BFEE6CBFAA4CDEFA144212A3B1DD2895CF8FA13C65B109FC2CACFCC7"
2016,642,20291473,FALSE,"2DB5EDCE96FA9BC0413C3D840374BF136964057333E1067DC2927E1957E05445"
2016,643,20291474,FALSE,"61886CCD803C5334B6961815A8A638A2EF78D9496970B26BBDECF08E2FB92217"
2016,644,20291475,FALSE,"EDDCE96998281470234AFB470B94A7C715CBAF65D91C972A391556808463223F"
2016,645,20291476,FALSE,"D7C58F8EB94D8A0CB7B53CEE2C1F7C61A445E67D4F999E8FBA5A9B5C4B96794F"
2016,646,20291477,FALSE,"67E08629426229E5279F04C49DCB452A9065881AAB16DEBBBA84504C6F286AB7"
2016,647,20291478,FALSE,"25898A6E838C9C9617996DECCA270646545B875DCCC1802C5C65E6012DF678EC"
2016,648,20291479,FALSE,"9128BF184FC18B860915F981597E12B3D0F69E71A3D0698FE32C3ED291D1C70B"
2016,649,20291480,FALSE,"8858D7976DE1CDE5CECF42E074297D95198718BAFFD877DA136BECD29D01262E"
2016,650,20291481,FALSE,"348AB35A13A1AF33F30583057E58C363A3DE25DB1A398047596EFCC177D4BE88"
2016,651,20291482,FALSE,"2D202486907E78CAB2626436ABA05926C6865EA29660A603E5116CBCAD00FC41"
2016,652,20291483,FALSE,"E659427F27FFCAF293BB8DC26661AE933A267A84314A1BFFCF5BDA4763934916"
2016,653,20291484,FALSE,"3C1285F08EEEED150CDE35E39DAD10FAB0BBB2E55210273915FD52DD5D2E54D8"
2016,654,20291485,FALSE,"39387033A5DEDBFEDC80493B5B4FF03162125FFB49D9287232CD32512385D65C"
2016,655,20291486,FALSE,"7FC859CA43AED4899A73D2A34FCD224112F4CD906696F1C7FBBEABB541495836"
2016,656,20291487,FALSE,"2C354C6A8F89384D3BFF5CC083A63D5C783EC6E337562EBBCA844DBADB453333"
2016,657,20291488,FALSE,"90E39677BCDCFA3A9CCE402A97A975E6068E0DF47A3D1BA8F47549AA519064C9"
2016,658,20291489,FALSE,"5A79ECBA60B1B2A7AADCBD8B5805CE5CBB20DEAC5628F0439D46CB77D06A839E"
2016,659,20291490,FALSE,"63DB29F569562FB93182268073979437FFF9BD0CD141B3690D27AA06DD20A70A"
2016,660,20291491,FALSE,"AFD88B432F627034B9C8D76B482C036C8A38DA65129AB76BDAA1146C4BACA821"
2016,661,20291492,FALSE,"11144CFA973C7B15D3A1061AEAA6FD318C4ECDA67EE2EF9EB62CEC00BCC12062"
2016,662,20291493,FALSE,"BC6E09E0A7118C816111419291EDA095607CB11DA5E347B28B5E501EE91FB050"
2016,663,20291494,FALSE,"6BF7C7BC9345554DFE5FF93608FCB8212817E56859DE8ABFFA70486A6B24EC69"
2016,664,20291495,FALSE,"0582259790F5B641B7F7161A19D9CB9AD79AB3EC81DD4D3FA02EFD3AF23461E7"
2016,665,20291496,FALSE,"C170E785EE94D0894B0E70E1CB90F8CA2BED7DE47683F081F0B256013AE2874B"
2016,666,20291497,FALSE,"B535E0F1FF037653C9DA441E68364011513C800F6B3B892AD081764BA8EED414"
2016,667,20291498,FALSE,"1A194846DEF6C0F8ECA36F9D07BAE0F06B72FFD57B7254FEDE69345311E40C20"
2016,668,20291499,FALSE,"1A9000F593C0EBA9D48F88189C3ABC62C7BC6C7A39F7CD64F4BF0E0F750F7460"
2016,669,20291500,FALSE,"855D0CC3AF81FA6C11E38AFF56B5383ABFF2E5AA300C4A4C74B8BD122E7FB972"
2016,670,20291501,FALSE,"472FAB730117A678BF4C335951797933E98CE9F250866127CD882364B270D1C1"
2016,671,20291502,FALSE,"D8FFD5381FA26B0DC3A5998082914D482733DB0F2F484D1ABB4D78D2219E6AA1"
2016,672,20291503,FALSE,"432B9CAF87B71319ABF82C8D8CDF1A6FB0138706DECB6E28F16A0C42505ADB2E"
2016,673,20291504,FALSE,"904733513256160766ACCE379193C36677561ECB793377FAE71D36C32A5EE0E5"
2016,674,20291505,FALSE,"9012D285318D3600D2ED32682A9C864767B00A4A7769C0E28E65C80925CFE6E6"
2016,675,20291506,FALSE,"9AC47B9E5C3FC270176B3523621A96CDF05A2C6B1DA72F8303D879D1E7E1E555"
2016,676,20291507,FALSE,"F62167AF396EFFD3B586BB0EE674B363D561C88DF651375AFDD64A9CB9A586D8"
2016,677,20291508,FALSE,"3A3F6CDD3F86C7B9C3FBCB64014F6557FC683E0729F4A767DE13D4E40F0583E8"
2016,678,20291509,FALSE,"97998D53D4034C214AD0D12CEB98CA4BF515767F281EB36F6638045B31E978B5"
2016,679,20291510,FALSE,"886C84B5741A963A3DA4878A06499881E2B0BC6D4A1CECD8496D49DEB69D5B62"
2016,680,20291511,FALSE,"0BA457F70CA58FB5A652682D3FA375221F07FD7C847A2469209997B848691F40"
2016,681,20291512,FALSE,"42CC482404CAC21137A5D0B8CD9D53DBB3AD024885E732046821BAC260B890E3"
2016,682,20291513,FALSE,"0B7F30E690D23E5A7945F3F4C37C964D4FEE3366BA9FDAC752B49B6B950D306E"
2016,683,20291514,FALSE,"FD41627E7F8BB0EF682BF05DA489175CF491E4FB2216DE9BFEDA91C60EC13D3C"
2016,684,20291515,FALSE,"6C22534277D32ADC2E2F62329BDEEB98961D59CFD4DF560E77C965FC366CFC0D"
2016,685,20291516,FALSE,"40D128CB5B2BFB6E4CA2ED86190583A9D88FF9C5184A880A8CDA9063821BBB40"
2016,686,20291517,FALSE,"1147DF545F5E5B058C50333CC02BB85F7BF40C0BD5194BDDD3D88EA91C78106E"
2016,687,20291518,FALSE,"B5E2EF69EE9698798B300837F1C18604FDE839649AE163ABD1DCC854A2EF826F"
2016,688,20291519,FALSE,"7E03853C13AC34B199D0728574A3639EEC73DE329E6211203842101C753E45DB"
2016,689,20291520,FALSE,"05E4F168DEE4AA127A142046497488076466C5905D4B0346BE7D781F55289407"
2016,690,20291521,FALSE,"87A82E97F824D0C729180C1BA54314E228EFBA39C1C5674D947C9B4E996100B1"
2016,691,20291522,FALSE,"C7B4FD2A690C1EA73676E6B7A42D0AFFF096CC693EC37E44B5DC4F7443438497"
2016,692,20291523,FALSE,"5C1193A90FE0CB22BDA8D85D670650B16C81C9313124EBAA4155E18C1FD63E92"
2016,693,20291524,FALSE,"56CDEC3AB4D9EF9003A83902D4DC4ADD9782A2CD64C35A0B6E049D10E73D1161"
2016,694,20291525,FALSE,"800B80B148BF65AFEE73B06B61A6558B0311B4B64C0CC1C55BFCED2E7379CEB7"
2016,695,20291526,FALSE,"DF074B605F429BCE173DDF3CF7EFF9FCA0DA5A33F3150BF1610AE5F302525FB2"
2016,696,20291527,FALSE,"9BE66AD204D1C3B42AAC9535F0989B44B15814E98242D2AE18644CD4489C5601"
2016,697,20291528,FALSE,"F32C731A0FB613117CFF5987553C563ACF364EB49F562BA416B93B2BAA2F7387"
2016,698,20291529,FALSE,"BE0913133CDC5932C8A9C7BF43E47C315A98C268564AAE2DF932B49963CF30C4"
2016,699,20291530,FALSE,"3729BFAB27112AEB72D355C372C2F957B898D14C2036D6398C9893C62E95A441"
2016,700,20291531,FALSE,"2C3C8DEF0B12D01C5E2DD2C72B92685F310EB81317BB1EB761B437CFF1F4942F"
2016,701,20291532,FALSE,"8D39E3FE2AD9638F7AAB89D0E4BEF99A32EEFC738496D7107F1AE620AA8B94F0"
2016,702,20291533,FALSE,"5BDE1285917BE4FCD2FCE8279AAED82B805735976797BB49A7F271FC6D47ED7B"
2016,703,20291534,FALSE,"4A10BA4EDB6386223107E0B788691EFB43C684CE20ADDE0307B3151D67C664D8"
2016,704,20291535,FALSE,"1B0BB0101DD80120B06795BF3BE83A493FA9C90D2A72BF5B49518DAE58F95D21"
2016,705,20291536,FALSE,"431819A606394666C86C32BF5AA67A86B48CF16ED9627A3806D32FEDBF5DA94E"
2016,706,20291537,FALSE,"5480053B9FA5E939094E66969F5038056C5ADA4A37EE29D0E5B2195F08159EDA"
2016,707,20291538,FALSE,"1EDEDEFAF645EB012626A31F102D62BF8075B20E18F82AD7D50B84CA5E6E97F8"
2016,708,20291539,FALSE,"D1DBCC1F4D376D65ABCF6ECF62252D13D626A1A42B0954E212442E9C2B9E2745"
2016,709,20291540,FALSE,"4DF5D9631A98F0E2E8DD7B978106743405106642BBC5542105DE1A450C193620"
2016,710,20291541,FALSE,"83B40FB1629F19E4ADD0E68ABF794849C18009014E1933F61B4D322A9BE158A9"
2016,711,20291542,FALSE,"CB40C4619D00D61E27F5AB18CFF60068222CC7720B814FAD7FBE151C36148F50"
2016,712,20291543,FALSE,"6A2A760C1E0A0692469A6B986F12A6E881D3C8BD16275C857F8D3C69D34954F5"
2016,713,20291544,FALSE,"06E4AF7E0E9F79136E948BFB514B8A23EA01E9098DC3AA397CCC3279E305E336"
2016,714,20291545,FALSE,"9329CC077BE4A936418897E00E427E2EAC595B9294E8D0629AD8E911EF243CC8"
2016,715,20291546,FALSE,"236FF7630BBA7ADDEDA4D6C21F0559AD2345613D29D599615C29663509AA34A1"
2016,716,20291547,FALSE,"4DBDD81AD0CEAEAB78EAC063CE1F57B6A90F1348CA4B2138970B08ADE42E14AE"
2016,717,20291548,FALSE,"B344453F599C0C14A9B8355B8DA9E720AD129A7D9AC83D1B63D45B4BF43CE7FB"
2016,718,20291549,FALSE,"9E9A760A344A4C13301B07CB3C1E26AA3E5826D4092013035C62F7111CF0F248"
2016,719,20291550,FALSE,"A62207918F89F32ACA5CE7258278F653E7A1D3F3E67797BC92CA26ECE9B572BD"
2016,720,20291551,FALSE,"C48890265DF8D7A54F39030F5EE54952F436A583AF8F722254A057F2EA184DFE"
2016,721,20291552,FALSE,"515FE3CDF8222D71F5D4A7CA52D1B58E2AEB8B1A0E231BAFF329073C7A58D973"
2016,722,20291553,FALSE,"A2F71708630F5FEF8B456E9695AA4B1C57E0E8D79F1C1215BF94E7AD976C9B81"
2016,723,20291554,FALSE,"0BC577AC8D822937418194E3B90A06064DF87388B57CF8B52019A6F01B1F9BB6"
2016,724,20291555,FALSE,"F9F427E86FCBD142B9F438B512AED1C01E3847E154E54AE7A6907D83906CE733"
2016,725,20291556,FALSE,"23846D82D1DF291A42AC92C4AD8014DE509485B49DB9328BD452B19383750DFA"
2016,726,20291557,FALSE,"674875E88DF2E9B6CF896A84D2A4FB2BB17D70EA81B52A02C613FF9CB6957F77"
2016,727,20291558,FALSE,"C191D6F8362FD346EC25124F74E4E3DBBFD26E91316347207558CF98B19355B6"
2016,728,20291559,FALSE,"1A30CD4800B1DBDF8B39B028245D5E69C3C9A4689A8DB810FA5A52BEE40AEF92"
2016,729,20291560,FALSE,"CD9460FD2F22F88BE8F04E21BE11986E0E0FE60F55010C2168E825FEF66239DF"
2016,730,20291561,FALSE,"086B4FFAA6C1174EB6C1B5F4FDF75318F30355F074EA3DA5A58B8910177C85E7"
2016,731,20291562,FALSE,"AA9573F5F4B34153CDEC076868ED7AED6D2ECDB66DAFC9DC7A7DF270FEC539C2"
2016,732,20291563,FALSE,"5C9DA2EC36FF3FC4F1C425BEE08E676B61CE9CA6B9A1AFC5B33B94E5B87D94AF"
2016,733,20291564,FALSE,"B08616FA4361DEE80463B4D853376F44D2B89967E1B0A4F3CCA6B87CEB86FB89"
2016,734,20291565,FALSE,"01F3A52DB571E19482243E8C8C9DADEC3899A688804FC850C3CE71BDB5EF368F"
2016,735,20291566,FALSE,"9AE6DA5306BB394C4FA5DB9C9F97AE70145AB6A8D0022F38A63410B7363CD5DE"
2016,736,20291567,FALSE,"B8CB1D2BC7164A5BCDF9C8AD970AEB975BB2DF2408A5EBFE5DF04AA535A6CE23"
2016,737,20291568,FALSE,"B27FCE8CB96C2E5E0E840E65DCB85C45177DC383097E6F619A40C8A7C8EE3672"
2016,738,20291569,FALSE,"36F326824CCC42B0786B8E945B94F8631238ADAB8BC5AA00476654240BE737E6"
2016,739,20291570,FALSE,"6F9374A7A386DD431D459210C513E2E482A2F9055B1494A53A5803333BC20F8C"
2016,740,20291571,FALSE,"0C73D59B19C55F191667F98DDBB592553DEEF1EE1AC0404AC0DEF0CC7A70E783"
2016,741,20291572,FALSE,"9319792708263A08636B6BE27C93216F2DFF52893C79CA37D1028CBF28BBF690"
2016,742,20291573,FALSE,"0E54A377E205B59773D02EBF4A1A91A0E067553B77379CE0D7F1A4C8BA708ABB"
2016,743,20291574,FALSE,"7335B9FFF2FBE096D6AD2DDDCA065130156E348E16D073C8E1DA497F8AB8446F"
2016,744,20291575,FALSE,"C4D37623303D3B2C8272E0B6876C5AFC70FB99E5719C7FC8710F8FA21D31B536"
2016,745,20291576,FALSE,"F4D76FABE1AB47E90F8E7AE9821C4A5CBBBCFE355FD95440F300D880A76B2AE5"
2016,746,20291577,FALSE,"BD99F9CC8FB0E73E46A2DAED8FF2F7C48A56EB9547608061BD5A6AF33EC0A780"
2016,747,20291578,FALSE,"32343CC4DA505B3A3215634BCF094F3A1D84D75413CEB9AEEB05F5C09FC1CC4A"
2016,748,20291579,FALSE,"C919BE068FB4A88CB33F69D58F2B3D11E3A0BDB984FF51A2ECCDD9FA7912CA93"
2016,749,20291580,FALSE,"FB305272F56FE8096EC2B16870278759D6EC6FB8270E53D637BB4CAABD6AA4B4"
2016,750,20291581,FALSE,"3FAEAB31A043399D92E8DF4E070F2C949B0D1D92960AA59ADCF5EFE2F5377555"
2016,751,20291582,FALSE,"D14D5E45931DE4DA7B618AE0A33CBBDE06925863249A908C26D025EC0FF55F79"
2016,752,20291583,FALSE,"588018AEC1EE55A841C852EC1BC414CC891CD3A3858BC53ED8881DF475643625"
2016,753,20291584,FALSE,"A32E0F00CF0933FDDAD8D5C039B809C6924BBB494C4728DB85C12017BC59BAEB"
2016,754,20291585,FALSE,"F850086140C3B5D06B2DF03B4A2EC8AB1F16B02817D490271C11FE549380C38A"
2016,755,20291586,FALSE,"FE70D2A00D37B1F8510D2410751F32E4133870ED1E9612C250EFEA5172229FD2"
2016,756,20291587,FALSE,"8612644897374BA94B320AE5F9EBD714B69E1C58849BA2F91F7C652FC225464D"
2016,757,20291588,FALSE,"3ECB6C98D2869BC3AB5DE28BB192CE7D1CE5B1EC759B98C47105688EE1EB5AE0"
2016,758,20291589,FALSE,"3E47CA8FC70258D3F2C163E417C53512D7AFB08BE09D54F47244A17B350D99DC"
2016,759,20291590,FALSE,"F667E6A717D0145E0ADEA40A3024A25773B6090A956C03EF2B282F130EC07C7B"
2016,760,20291591,FALSE,"2F8149E8CBC87DED553556F98B7DDBE211F084F27BECD9D84CC6F155BED513E8"
2016,761,20291592,FALSE,"AE1F1C11349F504B35D7EFC36D14FD8976B3663BDC31CB12B3BD544D937A6A7B"
2016,762,20291593,FALSE,"07E628D9828A2ACE79F5F3868616CF9A3B1629AB3C632B54EEB6725B2B88FAFE"
2016,763,20291594,FALSE,"55C91308AF47C8EB64B2E1375EE558470EB03F71B317D6E15B948589F620D38A"
2016,764,20291595,FALSE,"E1A2D3285FA76417DBE2CB937859D1D79429A5D7F798D85A118D85802267F14B"
2016,765,20291596,FALSE,"BB410F58EF86756CC4BD4CA265A956120C73EB5C30BA683F246BF49566193783"
2016,766,20291597,FALSE,"F66A8446579A079F5C696D84BDEF3870E0755C48057081841045903E50CBCC1D"
2016,767,20291598,FALSE,"B1932C1C23C67B31FC6066FF6D3482E0CA3663E3C80D9990A1F84B1B1FDF3A39"
2016,768,20291599,FALSE,"EA38BD5E1D0C66D630E5F2DF84CA9887FD64317D4F148FFF2E64A83C130C28AE"
2016,769,20291600,FALSE,"CF0413D88D6B84457770D6D2821BD6D79D009F8EA5CF44A2FABBA257E9FC13A1"
2016,770,20291601,FALSE,"04661FFE5BFF9A2434BB781FFEC410668C344F5242E426CD8BCBD52C12E8E0F9"
2016,771,20291602,FALSE,"4E6D70CE3322733C54ECF51B2854F40B2E09C444E8846A11E31C0BDF008DAF85"
2016,772,20291603,FALSE,"4886ED8ACE2F9B573030DA139CDC0DFCE7D6F4377D52425BBB6D23383ABE3FAB"
2016,773,20291604,FALSE,"575B177ED44B2D8CEE8028692305E9AEA9087D5CEFCFF08E82D67B514282979B"
2016,774,20291605,FALSE,"761FD400078FBB8AC7C80573EE681C20A5C6B8EE21A6B348DF37C553B53CDFF6"
2016,775,20291606,FALSE,"3B7FA682869AAAD2513B406BC1F110E995569DAC75DD54015DF7CAFAA29E286A"
2016,776,20291607,FALSE,"1988F797628DBC7992A3FB76F750211EE61270DF0A2AED9AD4CCDAF945F075C0"
2016,777,20291608,FALSE,"EC8504E4BD1C906377B6808108316F3EC58D055CEA89E8D0398D75935E937602"
2016,778,20291609,FALSE,"8EF7B6F781944ADFB1FD784258FA81AC878333456F6825BCFADFC250F9E852A6"
2016,779,20291610,FALSE,"1004D25BE58769DE81270E39697535771D7EB528F29E1E1EAE229405273AC50E"
2016,780,20291611,FALSE,"87EEA2E8E8DA119965FBF3910BC5ECDE6018B061BA090D09CC0B778FAAFA5B24"
2016,781,20291612,FALSE,"80A485D37E4621FB0A5F3A4606E81D29704AC856064D885D59F879DA6333C0FE"
2016,782,20291613,FALSE,"7336888229157516C4318C16526C03519BC0F3A3749AFB149D22D0D2EAC0E2E8"
2016,783,20291614,FALSE,"A4BFE2E86AA435DD7B06EE946AFB09D8F6AB46317200AC3391404E9284B0C7C9"
2016,784,20291615,FALSE,"5806F0B50AE70905CB8667AD17F1D145EED5D2C5190B28CBC2B7C9AAE658A10B"
2016,785,20291616,FALSE,"C7BE12D7DB0AAB187B81AB25C00BCB54F3CB704A8A2C5FFE0755BB4F7BF7D580"
2016,786,20291617,FALSE,"65A0B83C5C0457646C53F5258694C946119A7BB0CE87FAF3232F79AC2A61FEC5"
2016,787,20291618,FALSE,"59F3A52984F364ACD1C528A96D48F6E2FF6D70A778F7025716F7FBEB12D9372A"
2016,788,20291619,FALSE,"23251BB2B4AB1DFC1566655921FCA6F8007536D5D1FB557D6E6D5CAF56B33D8F"
2016,789,20291620,FALSE,"1AA44BCAC89BD20574C6F80D2BFE391F2554624843227EE6C0BBEDC0E9E9ECB3"
2016,790,20291621,FALSE,"D61D56F469A5CA6643F2A7497DA388501775B651E13A9E3D63C2571E400518F5"
2016,791,20291622,FALSE,"B3791850CE8C2B563B6D8CB4AD0547EF74D88BF9B1B22AB21344322127CF2E61"
2016,792,20291623,FALSE,"066A81DEEBED64DE7C0C91BF57514DA46A14AFD1937FBD8A281E611C97228E2F"
2016,793,20291624,FALSE,"F43818941BDCF077843ADAD18145EEA43304DA2C454AB7F46279F09BF66B9588"
2016,794,20291625,FALSE,"FA81AEB6FB87E9210BDDE03EC9B45C2F8308B155D76EB2455DB342BF1905BD60"
2016,795,20291626,FALSE,"421B4C0BDED6346E21415C1F057966C18C7FF49891A0ABE8D6541A5C0B65D4EF"
2016,796,20291627,FALSE,"115DBFA3509138FE5E4551C8594B0F7E347E1E9FAFC68CBBF2B8DAD9E9F59BE7"
2016,797,20291628,FALSE,"F6E9BDEFD6C0E891A491D87E536314709BA921B02233E6A4BD760B39F45EFB64"
2016,798,20291629,FALSE,"313E444319A8C0CCDFD2CA4525E266DB70E00A53794C5C0FC71944C6C2498423"
2016,799,20291630,FALSE,"11D54A2AE0819D8912AF535EB79548459EFADA9392BC69185B5B443B7FD95C5B"
2016,800,20291631,FALSE,"1139125F8E03358428ABD351779B1281FC33D2E6D891AF228A61FCEFF06CF8E3"
2016,801,20291632,FALSE,"75B6B245E7C72BBE5EAB7C365BAEB0B113F1859ED39B389A612E8C1B0E7CEE1D"
2016,802,20291633,FALSE,"6048ECBD7538C1DA04ACA7E7EA93B6220A3DF8421B24DAB3A27B93DEEE26D358"
2016,803,20291634,FALSE,"33A44793341C503615FD0E2A7C4FBD05DC40AB82B0A181821242F21E846F30C9"
2016,804,20291635,FALSE,"9D6D613575DD37138050AEFB55DEC10960AE4EED4622F9101C5EA0F37DC10F1C"
2016,805,20291636,FALSE,"D382A8FE1173AE9FB0FC8DC335DC0267F75A1DDBC3DEA0EE8BF5014340FE7006"
2016,806,20291637,FALSE,"7AF343528BDBD23FD799070C21255A25F83FB933F483AD303A43A66864B5C0C5"
2016,807,20291638,FALSE,"2FD3F1DD3EB7D3208AE923852B153D644264D81FFAEF00CEAA0D2362B1EABDFF"
2016,808,20291639,FALSE,"80F8DBB65A76BEB06400FF74DD45E34D244E0AA5A02622D2931A72B57A231F7B"
2016,809,20291640,FALSE,"F7FF5DA58AE39416523F00A4427BDB74BB2E55F1CDEE8716D145D32C84FCB396"
2016,810,20291641,FALSE,"C823F95FF735AF4B7E757838FAA16E6538682B4D2696C07551FE4692EE0C9662"
2016,811,20291642,FALSE,"869E3607F37C124C9D5746E929E81203121AAE17867CF80EF5CC515DA32567F7"
2016,812,20291643,FALSE,"F4F0C7C399BBF8C04087596C784B126A5E2FFBBEBD4D702DD940B7D5CA169B5A"
2016,813,20291644,FALSE,"9B6DB264F271D98B096D8A5263FA53DCAAE4663B23E4F8B3A45D3803BD2AE2E1"
2016,814,20291645,FALSE,"1EC6F5F533975A12A43EB613DE700C9830076151B190F1E4CAB29877A673C529"
2016,815,20291646,FALSE,"452FF1E6818552C0313D3C7FDFB585E5A9B11096194DD1AD7FA09199DF060B22"
2016,816,20291647,FALSE,"0CBF6B1BD1DE864EA90B9EE582D55B315FF8E4BFFC79B9F6DE834B70DABED790"
2016,817,20291648,FALSE,"8829A69742F249ED9A9E6E68ED890C3001DAF96D6265BCFEE5C74E7ED18AF5AE"
2016,818,20291649,FALSE,"9FAC2CDE65665E3C1DAE8A6D0BFDF33924D8DF7241B8B5B679811FF3CBBCA76D"
2016,819,20291650,FALSE,"E6CBDEC030272C7A330ECD61C5C20714DC4F7854B981E4CAF15B39CC4DEB1873"
2016,820,20291651,FALSE,"0B8E28BB65E1297E189AFB448124C26F80585CD7B23B0434840A8ABEB65CBC47"
2016,821,20291652,FALSE,"25E1B7A05092AF6CA539B963397851A811516E359F74B43FF4528FE763C6F1F8"
2016,822,20291653,FALSE,"95B74D58306CEA3523811A6634D9FCFE5979F910E71DE242ACD031BE2FFFB989"
2016,823,20291654,FALSE,"74881C3FF50426DB44516923940D0D460C5F8CF44EAC31BFD4D62244110355B5"
2016,824,20291655,FALSE,"48F55067A5B867CACA4CEC0BFAFAE8E06713DF9FE382B780F6C7EDA162DE7C85"
2016,825,20291656,FALSE,"A6BD45D974AFF6C144E6E63E0B6CE7D48DE56D6196795B83310505E1FE59FB71"
2016,826,20291657,FALSE,"97445EFE3200E97FA491AF9A8FEAEB08092901226F8322B1385528126029D2E1"
2016,827,20291658,FALSE,"E01A127CBAA95717F58AB6AEF0D666E54A8CA0E2A6F7E7B9BD766E2798088B71"
2016,828,20291659,FALSE,"D13EDAA8F852A1110DBF6C8B142022CF6C28AE4C02A5E0448B73E422228E79D6"
2016,829,20291660,FALSE,"EFA0854E175C537FE01E6BD2784B98127DDB61F91C4B2BE9D8D0D6AB82BCDD38"
2016,830,20291661,FALSE,"42DBEBD8AC2E7DB8BC6B9F207C58B6CF5868A2A1E73DCB1E1270C19B0ECA639A"
2016,831,20291662,FALSE,"99F0EC332C9976B7854C2E10ECD48BECCFAEE7BDA32502FE9EE86C4828F6554F"
2016,832,20291663,FALSE,"CA1EF9CFE1933D3B5E1B3ADC2919E0B4F18DA99A07AECEB0677B20FB25E76AE7"
2016,833,20291664,FALSE,"2FAE8A1D1B2D794343BF0A46D17E162DE1DA99F4C5855A04A9AD4633FCC56370"
2016,834,20291665,FALSE,"6A9DC3B74163CCAF07C5AFB1979020497C5B8FC067FC44D1804B375486EA6B1F"
2016,835,20291666,FALSE,"6BD7FC64E79B86CF5F68CF6F1438D0632E8EA03AD826692A3C978F1658DCE288"
2016,836,20291667,FALSE,"C8C3897F385552937D87D03D612968E377C662BAD3FF8B134086B63FAD4622E7"
2016,837,20291668,FALSE,"C3651E861A3295E184F3EC1BAE7BB82209559AF328CF48A5384AB9BC8AA59FA6"
2016,838,20291669,FALSE,"9104F877EEC442A3FE657B994DA4D83CDBE727FDD4429A4F79D5AFDE5169656C"
2016,839,20291670,FALSE,"D59CCE91C2C3CFBBF0059286138481A85BA849B7983367EF35B632B0AB989D21"
2016,840,20291671,FALSE,"0670CDD75F458EC9E44D15842786CFB36F8E4C7C2BC511D3DECD09762FFDC1AF"
2016,841,20291672,FALSE,"8D76F325F36B00DD621C81E2E5EFAB6F728C592118A178E3A4A42139C18150A6"
2016,842,20291673,FALSE,"D4F9202058F85D411D37947161F1325BF4CBF4737A92745FBEAAD2E5DC6B73FD"
2016,843,20291674,FALSE,"A22C2128B10376BDD7B4A6CBBE51E84677FA39023BFE400A9C77285059120DD1"
2016,844,20291675,FALSE,"C70CA6BA7F6DAF1B5AC4631BEE8E53D36582B30B8BB03B25238648D54C0E36C4"
2016,845,20291676,FALSE,"73BAD3957B54A6F19355C58D5213DDA11122E6059F98399164B3A70B0ACD65DA"
2016,846,20291677,FALSE,"DAE505338E9F9445795A65595CAD73493E3518D45E770F7728E76CAA2C599650"
2016,847,20291678,FALSE,"E6C555A283E9EEFD7F7857AD02EDA58520AA94BAE1E22CC8185113FD4DC37946"
2016,848,20291679,FALSE,"8A7F6F22DA17CA7330FE744C47170F129F5FE104C9FDFE51A3A3B79ED94BC1E7"
2016,849,20291680,FALSE,"D0EA6359CD2A30D7928A1EF2BF0258D199BF80EC6C9AD3CC3A24472EA3939A31"
2016,850,20291681,FALSE,"538EF339BB2B72740E07BCA47154315BE42CF87410C47C563E9B1FC3D2AF458C"
2016,851,20291682,FALSE,"DC4FED2487F550F254A6C55696583D8554E9AF00B72638DA8869BA1A1AB3CA4C"
2016,852,20291683,FALSE,"51BB98EA675AF356443B22463619E347B0302716046CE7EC0B40B19387C357DB"
2016,853,20291684,FALSE,"551CAD8F0BF069762D4B3E6C5883E04606726C3108662DADD8DF2574913B9659"
2016,854,20291685,FALSE,"BBF98C469DA8786B05E48A01364217B5D34733CB20D80DCC2061C9AA14A47F20"
2016,855,20291686,FALSE,"9B496A341402109FE60ED109F04B704046BAE7DDF8C53E888EAFFCAF007CBB34"
2016,856,20291687,FALSE,"5A98B0D3E0A9B23703A9571CB02635A98F4A5284866FACD248E0874BC402CB62"
2016,857,20291688,FALSE,"BEDA945B0BBF3F7D019B43998E6601CABB27D24C2338B528C45CF725F45AE6BD"
2016,858,20291689,FALSE,"6EEDBBE1997425B1BCFB7AAA8D77A4E34FEB4D312700FD47C1F8F364EFA6E658"
2016,859,20291690,FALSE,"5172039924F49A9CEE22D8C0634D53D2CB67FE985AEDA7934EFA20D46E911E6E"
2016,860,20291691,FALSE,"A671159FB50F23DDE8894595DFB21981088124E499082493D1A4BA896346E1A9"
2016,861,20291692,FALSE,"E73B658E3BA6902065D7E510722FA088A769B3A87A4A954DACE80B1631E10CCE"
2016,862,20291693,FALSE,"41D06F54CC84FCA1C09BC402F853575A77B490F97012A5E21DB3D780DF6634B0"
2016,863,20291694,FALSE,"FB1DAE1505CC225A814CB15095928B60B4591BEABFE45DF7405836EE3EF4A696"
2016,864,20291695,FALSE,"0E76AED20060F4EEE73F1278E6F7858C18565ED6D576498DA693C44EABE97A6B"
2016,865,20291696,FALSE,"64454F7135F6351437B300769BCDC236EB9C1065550094DCC83C5821A1910FA2"
2016,866,20291697,FALSE,"AB4BBFA3329748D149FB28E7186EAB1DB8BA7D08732DB73684793E0DBD524E8C"
2016,867,20291698,FALSE,"FBD2C44848DCAAF56475F84AB57FB5621CFC55B8CAB21D79AB3ACC92F00A03FE"
2016,868,20291699,FALSE,"2360103A28B433E518975C1D6E4D40E5967C8A7C6E3FF83556F878C69232DDB7"
2016,869,20291700,FALSE,"B7ED00742E4C8E99C4ED811922541E847741F25BA9BDA75DA16898468F31AD1D"
2016,870,20291701,FALSE,"B5C146F4F6C44F3BB66CE81BF1A17AA73F59ED1133EFB107C736F73F1A8DB6AD"
2016,871,20291702,FALSE,"1A5515E2F56D08D2F79521DA26AA30CE8F637C4B618E3E11E85619F69FDF2A75"
2016,872,20291703,FALSE,"23BF830BD78F9980783A72BAAAC06A4B150BFD90EC4F66D55975C86804685A7F"
2016,873,20291704,FALSE,"656798E98397F189266A4CA14E5F70B3BC5D3FED52969B2768EC9DCD6EDBACA9"
2016,874,20291705,FALSE,"FE690C8F950CE18E2D59A59FE174CCC773FBA4F7C106FB14360C742174183F7D"
2016,875,20291706,FALSE,"57EB5BC7840F379C33053691FB69B3FD89FD790FCE43C1458D84D13D617A10DE"
2016,876,20291707,FALSE,"E74F34EE8D5D40C8491B0224455DA7C703060DF811EA27CC5D59E7430164A5A5"
2016,877,20291708,FALSE,"DD4B874D2AF49D81A0E0342975B1C7060FFCFAF22C936AD45781129FCF51C959"
2016,878,20291709,FALSE,"E8D4222E0B087ADCF33F35225CCB2142BA11667DBA13602878696FCEDCE67562"
2016,879,20291710,FALSE,"37C265E7CFC41E2ABD46A4A2E124CBF7930B0936C97EF606611C901EF35CEB71"
2016,880,20291711,FALSE,"5494F1EDA4D2A4481BEE9D327419AB485F65755F1845B6612FDF767523C78A37"
2016,881,20291712,FALSE,"C075ADCD012154387A90ADC4D84C5FC9C439628ED71A71E75447483C148AD3F3"
2016,882,20291713,FALSE,"9D414A9133134630764DB8B72F8E157FED106C038DF36AC10F203457E8F43EE4"
2016,883,20291714,FALSE,"B3BC9CB3FB30CF6676532AD6071D58B87781B50F20784464C479154468F7850D"
2016,884,20291715,FALSE,"C877D6BFA807EA4AF15EBB3C072E1AB53968073A83C8DC1401FA77F74C0C5931"
2016,885,20291716,FALSE,"F0AD6E583097877AE148F8A9F8328DE4EC49AF6E0B0557A2AA3BECE6519DE7ED"
2016,886,20291717,FALSE,"7C583F5DCDBECE5476341FB1B78A5B5060F60B307989D6B7498A26C31F7AB8E9"
2016,887,20291718,FALSE,"D799375F59A60F9D7C873AF5356D24EDE349F18BAA278C6B6D8ABE7D246BD4AD"
2016,888,20291719,FALSE,"548E360DDD6C40CB40078CAC681FC14A8C2DC65AB98634F2D54489B2D5E55279"
2016,889,20291720,FALSE,"DC13106E2F71C75DD10A4F740E4D54D68B7FE1F3385C158850594F4D4504FA75"
2016,890,20291721,FALSE,"55CB4BA521AB601BE21DD0F9D752E6923F585CF692AA483EF1304C47B8D56CE6"
2016,891,20291722,FALSE,"2F0D6A07821241D3779F8DB1A8DB3278CA25D3C211FC11F97FF5C521442DC8DB"
2016,892,20291723,FALSE,"ECD70BA398F52C39D07EE82718512F9732D5DFF45B3BA220A6ECB877EB760FD9"
2016,893,20291724,FALSE,"A25525A65BD4FACE3A0AAAB1812CD8E555266D21E4351BBD579F8328E39AB21F"
2016,894,20291725,FALSE,"70687CE25D1E215C040606C0D42D7244BE7FEBCFFDD2771D81FE361DA3138BC3"
2016,895,20291726,FALSE,"827D98E3872310AB3EC58803A9DB8C06FB5E86A589CDAC4D723446362746A7B0"
2016,896,20291727,FALSE,"20A5C470005E6BBC51E546827A1EC90629430C3FC0254D0144E4E5751B03D6CC"
2016,897,20291728,FALSE,"C592F0E53B1E7889A5A5E4AC8DE881CBBFD7A00FB12FEDBA6CA6672CCEFBD135"
2016,898,20291729,FALSE,"9BDC8CBA2FF2710B7ADEA0F7D182FB69EF260BDB8E1C50FABF5A37E185B0CEE0"
2016,899,20291730,FALSE,"B972864912898BC61D667A37E75D865430431BFFFD674EF14A4E55BD07B13EEF"
2016,900,20291731,FALSE,"77B05BFDCB5BB4601CB5A3DFED36EF01F4D9E3B61765D8333D996406759F3613"
2016,901,20291732,FALSE,"2656CADA51D8EE150A16BDD0D0E3E919FF722EEA89D362899AA66694F977C33F"
2016,902,20291733,FALSE,"DA9958B80F1E12A5DB70A7A580379A5FCF4C585AFF92DDDD373CC4290973147F"
2016,903,20291734,FALSE,"BA6E8103A8DBE97C88C51302292CD80B5674EAF5D0EFC51889B4D1CD4938EC1A"
2016,904,20291735,FALSE,"80FBA2A615A1E43724A763B7386EA43AD05AA9401845BB047A6F7687B6B8DF91"
2016,905,20291736,FALSE,"E800EC6CE71538BCE1082F03BB4692804EEC724F6802EE378A93BE9DC081D571"
2016,906,20291737,FALSE,"0A6514788A1070AE5371BC609E7621FF70224C080B309EEB00CD3288984A9595"
2016,907,20291738,FALSE,"B5FF59A4DBC29155115E3EDFDC8A94E1B313F103E06C129A54C28ADB25DB2841"
2016,908,20291739,FALSE,"DB982AD0EB2D79BCA7F2845D6D92918A7BF6F20B4AF3DD46DC96514EAA11D1EA"
2016,909,20291740,FALSE,"4109DE819D9C880713C691E602179357AD0A775A2C7BF634D2021F0FA055C321"
2016,910,20291741,FALSE,"0E1EADB525B49FD7A23057C63CDCED1606B8B0117CF8AA4E5F5A682AB42E6496"
2016,911,20291742,FALSE,"FB5963006852768449166C0CE7573403DD8E1B5721D6A2F438563BF127E68C19"
2016,912,20291743,FALSE,"D2201B0856487F728D8B019BCB4372508984F98DEE412FECADE412F190F0CF24"
2016,913,20291744,FALSE,"19BD5BB702918A3335D5CB4CB6B479D9B39DECD90FB3980A60DFB03A71298A48"
2016,914,20291745,FALSE,"79785C7675CFEA5A978523DB77E20C12568BE5E37B3171D324645E7B03E633D4"
2016,915,20291746,FALSE,"F3F8874A129AA7FDAB901656C56972A1CE7F4FFD3D983B7275C12B030B4742D9"
2016,916,20291747,FALSE,"331C96049EC8AAC2722C84BA6EDC339044D5079F5EA6A241302F46E8F25D3EAC"
2016,917,20291748,FALSE,"A862CEDEF3C233CE80C0FAAEDBA45BF871A84593BA09CB81A156B02A339FC829"
2016,918,20291749,FALSE,"9A517750403D3513186575AB76F8AFD9BAD65E72200B8521D05534A1CDD35C67"
2016,919,20291750,FALSE,"0DF08757708D485D198ECD3E1E6D53D9D692DAEAAFA427B3F2825C27A50825D8"
2016,920,20291751,FALSE,"39962BFC95234E3DE5AE0CD1AB2C6B767EA07561180EF18C463A3B881ACD56BF"
2016,921,20291752,FALSE,"28B27D3AC6FFB9E69970983B74DC6D4079D990820D140789E86AE90419CB7CFA"
2016,922,20291753,FALSE,"533DE6EF7B4821B50D99F726E849F2FFC1BCFE89BF111CC27314F13D29E5D3F4"
2016,923,20291754,FALSE,"3B379050CC750A2FC5B8901EA94DFE99A994B8D1692C6BEE75BB1B5CC00BF04E"
2016,924,20291755,FALSE,"730D70B5D5750AAEC2374480C8F94C925833FC353F271E2B7F96B38C4BD75FB2"
2016,925,20291756,FALSE,"141BCAB1659F6F079CF7A142774E000C68164B52800F764C8C2DCE2CFAE1050A"
2016,926,20291757,FALSE,"E1C658A0DB6C59EC4BABC2E2FAA8B40E0A247B4CF5F54A70A56755DEBAE8DC78"
2016,927,20291758,FALSE,"4A81B6334F21313C8381D35FC2260A8620E7A4303EA7F8C679F57EA2FB024155"
2016,928,20291759,FALSE,"52FC85993CD7182F9EF57D33A4A27374FC8F8DE862AE3EEAA2507B173B4516B5"
2016,929,20291760,FALSE,"BC580A54BAFFD88A7EA799D23930DD2433F144B76FD63470D63788E7B297EA1F"
2016,930,20291761,FALSE,"E096C488C637CD9E33523A8AEDEA3B7C5669A1A304E4AE141A11062B7306DF98"
2016,931,20291762,FALSE,"4C227521FA2DD30ADDC72B746606FB645909738197AE4D8B1F50AB1ABAE1457C"
2016,932,20291763,FALSE,"9BFF0C1CB7D345EDA1B00525668A64124B2AD13E19645D5F7653251D02B6C4C5"
2016,933,20291764,FALSE,"F52F460BEB07F1382FEFBDC0531F24EA34345F56BD59488CF0A2917A4C17A690"
2016,934,20291765,FALSE,"400D07721E0374DF849787D02431FF5FD4C27779C106D6CCA1588FB7A7941CCB"
2016,935,20291766,FALSE,"C4A149E42CF991FD08F7674536CE47339E7A2188C8D54EC5E2C942767945A101"
2016,936,20291767,FALSE,"3344270EB9A25FAE22AFB162FAC475E369DEAEF7AB74C719AAB91F37C9598F03"
2016,937,20291768,FALSE,"001F2E6640F691B8FFB96C3C0CD0764CD3CF77EC50C965FC36B272B8A5327CA2"
2016,938,20291769,FALSE,"3C3AB3180B5F7A8DCB6B0DCCCC84D9FD232967EF9F87D596960A4E7881D3B469"
2016,939,20291770,FALSE,"F094AF897BD16ADFA27A4BBB7408C88F2A850D1091094AA78264273EAECB07B3"
2016,940,20291771,FALSE,"3EE1A5845F5814C75F5C051C1BB7FC5B343DE0FB77831479723E803F844FF30A"
2016,941,20291772,FALSE,"45FBC2B3042C0729D0BB500F47603799D98DC295359FF2BFD0819927A835943D"
2016,942,20291773,FALSE,"66515853198413E76D438B7B49EAF8AE1AFEBC7C718C536247291C2D8D9C8BF0"
2016,943,20291774,FALSE,"ED7A0B93B833FC999B0B71ADA399D5FDC3733FF6DB6712F552E083F08BCBDC48"
2016,944,20291775,FALSE,"4ECC04963CAE021A5FB804891B73D0A7EB23E25236E927E681F861AC9C3B38B7"
2016,945,20291776,FALSE,"F29639C0DF515151825550711FECDCDF718D0CCBEF58ABD65F84C6EDFF3F7DF2"
2016,946,20291777,FALSE,"2ABD7B4EFB7F5FD3DB508052D77B5F4D0DDB95253974BDCE2211EE4E979837CA"
2016,947,20291778,FALSE,"D277EE602A5238CDB01F6CB0DC982C6633D2B4FD870142D32A17764E267A5D37"
2016,948,20291779,FALSE,"4018DA6106D925C22DE74044BB02072254132DB6932E34E95DA71283592F4C68"
2016,949,20291780,FALSE,"17EF0443A8DDC95372E50C37D658715400DDF1FD1FB20E6B094D0DB459F53F00"
2016,950,20291781,FALSE,"A67A66B2255688E29698B83FC31745482EC276D96319A0DF074A63AB64DE4422"
2016,951,20291782,FALSE,"CC80F7D0340A85FD9879773988FA71D08755487B6233CF1C869CA543F0D4174B"
2016,952,20291783,FALSE,"42B8F2263334B9EA7D2E2A28A8DD3573582B08BE7A848041B3EDAEBE17A10751"
2016,953,20291784,FALSE,"DFF32C148950C96253387094A33BAFF8AF419BA43D22FF3283561F75B7721C11"
2016,954,20291785,FALSE,"7D959EE4C3831FEFF588FC3CD0BB1190C1CB29F7BEA270977E78619B3EFCD27F"
2016,955,20291786,FALSE,"0E4CDF3B19B79DD3D8DEBA0809897FCC41271DDAF22A0992887A40F452CFF060"
2016,956,20291787,FALSE,"4DB2B13309B22080BAD48D83184307C490C4521C8E76CD9D256305C49B2B1AD6"
2016,957,20291788,FALSE,"AE74071C5759DDB2FE63D78F516731AFE3662175DE5551133E7851C575ED7486"
2016,958,20291789,FALSE,"0180148B2CF45B207B7D396DF4FC29DE772A00117ACE1CFC52886BBAE2D3FF35"
2016,959,20291790,FALSE,"74192A71E50D034F92560B719B34C1B3C9F976BA7D98623B07A0DE7D7992914F"
2016,960,20291791,FALSE,"8C73B73B74683E9017E42A0B7ED931A002CD7D455C191E989EE8CDAE920FDA4A"
2016,961,20291792,FALSE,"9E712BEBB5D9EDBF0D103390ED363A6A1E7A9DDC4A3DED8A89B3357550EE5653"
2016,962,20291793,FALSE,"F382FBB770C67A16F9C76ED16F61D4FBE0B0C51ADA60D693D0148D5BB54770D9"
2016,963,20291794,FALSE,"4BFD8054C2B2389FEAABFD73FDA7B53EFB603ED015924745767CE4032009E053"
2016,964,20291795,FALSE,"A9CE1C2FE2467A957CCCA426A81C0DF8B6565C75314A4E5C654E233E2A02C160"
2016,965,20291796,FALSE,"D9A087E31E612A4D42E6FFC4269E99219302FED36788093A3C9CE71B71BD2066"
2016,966,20291797,FALSE,"F42E02627E19F4C44A1DD2B5080F256100C50261623E3E9621A2575AE0B3CB2A"
2016,967,20291798,FALSE,"EB485CDC745D2E59CD72D6F6DA3E19EA2B5B5C580117ED59E73DA147402E659D"
2016,968,20291799,FALSE,"737DEB5B84C90BF4D3B98D51C1E0AFDF4523E222438EE15A1F5463055C191F4F"
2016,969,20291800,FALSE,"00737FB71F634026E4F35A312673DB01732DC139F1FB2E471B9C1ED8BCD1FED2"
2016,970,20291801,FALSE,"6FED727560052893EC8035592BB584E2D7140C4F1935BB37B5486DC3FFA8304C"
2016,971,20291802,FALSE,"43039C38CC44E85E1154F6237BE74B4D7E990E4190F893B4B99E1400473592F8"
2016,972,20291803,FALSE,"492833C46B0D01139D0973AEAB41D6DFFC0D4708E8DF3A65A5B645B96EB0AE87"
2016,973,20291804,FALSE,"0636AB60546F673794E0F315F16B9A727EEDFC731066868B95FB24DC8BD5250F"
2016,974,20291805,FALSE,"3D4C682CBD599F4E28A8CCA7F8E6FB04825939739F9D1281A94FCF16C83787D4"
2016,975,20291806,FALSE,"5254CBF18F3C95EC195A4AEB4C1AC757B18FEC6B45EAE70410CFAFBBEE7A6D15"
2016,976,20291807,FALSE,"5D8405A04D6DA5DDE2A913876B527370A4EA6B89E4B1C12AA4B31B9E1ED430EE"
2016,977,20291808,FALSE,"6F14229968AD3E8F71440C5DF3B86B63BD8413FE30594DE7C4BA3D7E8C2BCBE4"
2016,978,20291809,FALSE,"0CBDD0D19835D658F3F583C0AF99B7E371AF09B4608EFB3CAC99DED66BBBA8A1"
2016,979,20291810,FALSE,"D028CD79BE43A97C847420B9639B2DDE0BD12541A7B3E2E681DD1951D710559D"
2016,980,20291811,FALSE,"FA89CBD02843E3F60B623F6E2A9C4BA0304B7DF78F35DA4F7C9923BB5F3E3C59"
2016,981,20291812,FALSE,"9EB47DA3DEDB829098A31CCE682AC4D415F281DAB2EDC875B593764CD9EDBABC"
2016,982,20291813,FALSE,"842E74E32C2D8C5BF1D80E7AA3A7DBA369F51DE12C81999C724C41E26397400B"
2016,983,20291814,FALSE,"616EE1F0894B9DE8268DF6118BEF97C27136240E60589AAF1E4CC2E3B87FA713"
2016,984,20291815,FALSE,"E082844F97A567E4FB3C9440F7549D73491AF9E450347D3B150F6D8D370CB71D"
2016,985,20291816,FALSE,"28AE393C1D6A8F53F0D3E528C3B8D1638C652B664A2EDEB639DDC78F2D832420"
2016,986,20291817,FALSE,"B5685F85F8D5E2DDDC355D7716C89D56BCF6E00933DCAC40E9C7C7908A7B8BEC"
2016,987,20291818,FALSE,"6CAE7886D17635E1EAA57405BCDF9EC0033A82B8F3ED2A754BC3C9ABA73501A8"
2016,988,20291819,FALSE,"15450C76C933A3A2DDEAA75B693166EC10C5282FDC98297283DBAB7FC5BF6434"
2016,989,20291820,FALSE,"38CB5ED8B0A713239C819DC9B2CAB964965279308527CE32D65F814DD323681D"
2016,990,20291821,FALSE,"298E9A3BE94693AB727B7377C5BB09423DBF8E0373E50C9F6008E69054BAE7D8"
2016,991,20291822,FALSE,"04F6D84FF4F89B18AC92EED0FF5701B118EC91026C730DD271E4CD8AC455E3E5"
2016,992,20291823,FALSE,"DE5F8A9889975BBD106419583EF80C54E2998436C77556AD558A0D1890EED11E"
2016,993,20291824,FALSE,"7A49436010BC83D3F660BB146F8A10A3A14638CD806E3D367811C2C87012928A"
2016,994,20291825,FALSE,"65A956C51CF050479BB6ED3AE9C34040BAADCA067719BE3011FFE05C137CFD59"
2016,995,20291826,FALSE,"966954D3234239B118C91D542B748EC15A2C8F92E08C2303249DB4B041E03826"
2016,996,20291827,FALSE,"C431EB03A43F882E1BB4E30A5AC745451710566EE136384CCC214F9D4CB8F5C0"
2016,997,20291828,FALSE,"DB694B14C850BE7AD8DBC39B44C23244A069E9DACB1050D08D77EABB5B91E563"
2016,998,20291829,FALSE,"34DC74E84F29A22B9D397E720E0D110F10E6C9F7F4FF8A3F82F86E21E9BA9BC5"
2016,999,20291830,FALSE,"705759FE42223B28709BD4465A0A481714466EE8528155DC834ABF69627C4E04"
2016,1000,20291831,FALSE,"B1B1E72EA52DF5392B9118D2B1D844196048CB279C1404364359BCE21BEACAC0"
2020,1,20300832,FALSE,"BA295CEA1ACBC9EE2C055990762BE015BBD868F332EFCBCDBDE25AD7DFBE056F"
2020,2,20300833,FALSE,"470B8AE5978A69F60B6A0AFD77340E44CD855C8202724B57AE4E1550F2194140"
2020,3,20300834,FALSE,"0762468A13FB9FB3773CACF9F0834378C861785C71C1E4796CF16F235827E43E"
2020,4,20300835,FALSE,"1B39378D5AD2F25AF846679919FDCE263F7D9D4D57A1BA1C7165BCDBFB7554B2"
2020,5,20300836,FALSE,"AF433318487FC1ADFD58BC7D4CE3C51EA2BFB9BCA286C86B2A2DFE313A9AE733"
2020,6,20300837,FALSE,"11B41540E543EBCD3E11E0D2286FE1A58D9A16BD06D91EFD78B760CED5FB9B41"
2020,7,20300838,FALSE,"EE29C9420C5CC6F39E3005EEA6E030AD1A27EEE66A898ABDB4874695777B3E82"
2020,8,20300839,FALSE,"F3BDC901534BC2B916F7F2256FC29D55621BF93C9539B39AE984CD54A510C8D5"
2020,9,20300840,FALSE,"A9368EA5CE50977B429C4A2BC3A9B4610CEFB04CE40EEF0E37D421F394EF66D0"
2020,10,20300841,FALSE,"7B5D55FF3F2C0CF48055E4FAA1AC728AB981E5B0A3D2447BCBBF5D5F8BF45C29"
2020,11,20300842,FALSE,"250B84AF8E421D9071B105CE68C20BEE42BE042C3229D63D95F286F5F0A0B6F1"
2020,12,20300843,FALSE,"47621F7D72954702112DA7B143FD8BA095E6F7AFDCD90815F3902740B871C87A"
2020,13,20300844,FALSE,"F65F1EA50F5AD0F08F9FC008AEB61954CD9549F147D4789DAFED7B2DFF3E7E16"
2020,14,20300845,FALSE,"8499F4D74E569D16C4AB38F2910724E277BDAF041C9D6F389B34C20106A04E82"
2020,15,20300846,FALSE,"462F84E8722551A1998386CA8814E6FFE9B56203291332A3C5ED9802DC8ABA11"
2020,16,20300847,FALSE,"F372FE6100C3F2F61F850A16CD4EEC42EE92B9D43C30DFA5B5627C57F15F7B93"
2020,17,20300848,FALSE,"3C0CCE95165CC68F15A2478FC6B91EAE4D64D5B224FB09C5DCD8AEA25209B443"
2020,18,20300849,FALSE,"2B57EFA7ED5B10852A293A0D6F866919234677A8A46B4FB86A453F86BC4741D3"
2020,19,20300850,FALSE,"5EB8E909EC6E3C3F0309C1144402BF2487B0D2FAC8F8B7CB04B2E03BCC922F43"
2020,20,20300851,FALSE,"B8E4B701DC9DC98405706B8DD75432FD86329A53937D10D9A4D50F9B9002BC7C"
2020,21,20300852,FALSE,"E064EAA9BE13A69192018AAB466568440A069C08E314134732428DF021A69762"
2020,22,20300853,FALSE,"1B490B6096D98A46B2193A2ED71E818C96D5C0DC246F2502D6EA71F15FCB4E74"
2020,23,20300854,FALSE,"2B0696AB7118C76D19D4C6857CC1056147D9A627EA717F1FD2F5295656A6AC49"
2020,24,20300855,FALSE,"4C2C88A3EA20D5E0C9F3EC60436BE861A3135D11E218A9C9E155636611D7F355"
2020,25,20300856,FALSE,"EF858E9DCBA5987D7AEE5C5469AB98AAEBE97B0EFC70FDDDAFD825EF173F76C5"
2020,26,20300857,FALSE,"823E72F51993FC1A3479BFA0CB4F95BA4F8B78945AF4CE3DF9407CCD5001EFC6"
2020,27,20300858,FALSE,"FF57B00FC0B7A4920311FB08170B241CEDD7F0FF8D8C50BEA3DF3E2500C0D7FC"
2020,28,20300859,FALSE,"F2E8258A826E04877B495A9BFCF48E687734703D1DA39378D686C5CF8030CE9E"
2020,29,20300860,FALSE,"29EEC2D34CD8D3EBC84B20C644CC6DDC06EA316CD9D7D974D475D51234FBE504"
2020,30,20300861,FALSE,"76CCD106BF71D6014C29B198A58A9D2FCBB93097CFD96218542A8CD38968C2B8"
2020,31,20300862,FALSE,"868A0C82ED62591DC5D4EE320FBB1A6CBB153A28A894D7FEA48915A4B479ECB7"
2020,32,20300863,FALSE,"7481E38304F44C2FE437A6D4FBEB6CDADE52C82EEF2CE9C6044193D833E55DA0"
2020,33,20300864,FALSE,"A658F7A14C65779FAF786D38F711D1F71C15E94D7AA09ADB03A2AB16D86884BD"
2020,34,20300865,FALSE,"3BD533BD936B4E233D335858D32B10B2A092B0BE952EC86AF4549720E55966F8"
2020,35,20300866,FALSE,"40ED5A41A3137B977DBD7F7CFBDA9CDA7366097E208DFB738C283F1E44DF3CD0"
2020,36,20300867,FALSE,"E80ECCFF8E10A9162BD7746A1B990D87B8F9BB092F4B38A114D9404F84F36A35"
2020,37,20300868,FALSE,"43F924BE1A13EB1E395F61AD34EDDF301099925BCEEC97688EAFC9667E07A62E"
2020,38,20300869,FALSE,"F82F427838A55A70A56C0D5A91C9A3522B35067DF5A4C9F90DB906CAD391134E"
2020,39,20300870,FALSE,"AB7A7834B10FFA84B0D865FFB8EBE6FCE6D083D41D4FFBE8517BC7D4F02F343F"
2020,40,20300871,FALSE,"FC36BB550976AB116B15CF08AB7EC19D02A2D8CBB88044BFA4C65E471496E815"
2020,41,20300872,FALSE,"B26D5B3EC0FD9D3F321D702C88A8F8E9013A39DB2A148068C6C9BE376AF0C6D7"
2020,42,20300873,FALSE,"924356DA59F5FC4FE6CBFFF2C7510AB959B8E881E6A32ED692C0174BC3873D13"
2020,43,20300874,FALSE,"058CD2D6A898B4A243D99D03AD7423338270D8B9B9353A7EEB911BF5F3ECCF81"
2020,44,20300875,FALSE,"DA4B0FC92776034C60FBCD6FAE7A3DDFE55BB6F6966E212293488EF5293BFC21"
2020,45,20300876,FALSE,"6FADBEB09D1A8683D85B980B7989BA0BB19AFF31AC61F2876A62DDD48D29E0DB"
2020,46,20300877,FALSE,"1E7FCB00E7AD2F58947B69CBCE0B91D8394F1C3B497E9D1D36CE9800F7A53616"
2020,47,20300878,FALSE,"DB22F7E5503739A1739419F330C8D100BC04E5E15155CF3B6D3479C14DF882B1"
2020,48,20300879,FALSE,"2DAF0D205623F0160CD7E7077BEDB207EC7EDFDA88B64289F1EBB96D03A13AD1"
2020,49,20300880,FALSE,"45ACA9CA49B2BC3E29CAB0098CAC94D54AC232D0525B93B17D89D6AF93FBEFBB"
2020,50,20300881,FALSE,"B28F5EDC968D00781F6014A97337760E882472F7D94363273751963DDFBB75E7"
2020,51,20300882,FALSE,"63BF03FA9A1B0F68BC35A403FFDCC270571A37426FD7B9B9B081C81341CE2C32"
2020,52,20300883,FALSE,"15D1627CAEDEF95073C6FD2298E6830A48EB982BB70CA5C9B26EEDFE896850DE"
2020,53,20300884,FALSE,"83DDB6A867851341398E662668296401CA4484D264B5AC2429FECF829369699F"
2020,54,20300885,FALSE,"1B854152307F5D8693AD5280DEA0BD90B30CC08ECE6A61A8ADA67FC09F6B431C"
2020,55,20300886,FALSE,"290221E29CDA9430E472D2DE37453D5BF45BE1501DEA0812B7BF9911E1B3127B"
2020,56,20300887,FALSE,"EF41099E543EF45F2E4A0DFBB35D6FB3D21AAD2F9400843F98077563DD517B0A"
2020,57,20300888,FALSE,"F46649F2850C93D5E2514D2CBAABB2046195B942641F11C36CBB76DB64ECEF02"
2020,58,20300889,FALSE,"A4DD25F8AEE7F20B69F5A92EEB5C2F30BF0BAA0D6DFBBA7FC6B18B3AEC7C7E22"
2020,59,20300890,FALSE,"2719D986C09E746E4CD476221314B3DDE2AECCFE132DB72C64B8364D7195DFD4"
2020,60,20300891,FALSE,"F17F3AAC493603A6235216EA2134C904C65A95D21FE5F8E9B9874C0F13CA634F"
2020,61,20300892,FALSE,"28F160FBEE9F1071A58406BAF28D2862472A4583637D12A62BB4FF810608090C"
2020,62,20300893,FALSE,"551D86582A1157E9D236D45576C54AB097BB85DD309493EA9E2DE41461F2E30D"
2020,63,20300894,FALSE,"AF17F41F68326338963EC306AAAB6A29A59874E46B82CC421C74A66589197F29"
2020,64,20300895,FALSE,"67D1CA60B4E79578C222C541AF12BC7AA86221F93CCA475B274B4FC62B2DAE0C"
2020,65,20300896,FALSE,"1241F528382949A649702C715904265FB5C9B7800A6733D6A391FFB3406546EF"
2020,66,20300897,FALSE,"54D0A3965A85AB91491C15DE5EE2756A8D07D11D0E8FDC78BBDC967E81F0BEE1"
2020,67,20300898,FALSE,"C32CE592F0E9B0E54BD6EE7879CEE5AC9E402E80B1EF69DC0EC0CD33878A2961"
2020,68,20300899,FALSE,"46F4C8619D76D470644F5353354B486F03F02194342522DF1E0088427209E01B"
2020,69,20300900,FALSE,"EB5845D06916C9B4D4D2B24941B9672092C3402EEE59EABFDCABD604488FE9FA"
2020,70,20300901,FALSE,"A54BF9DACB7E450FA3886EEE4FC8F4A239037A056213697157E2A2B7224DE919"
2020,71,20300902,FALSE,"4F6BF23D06827C4481B2908815A0B70C8ADBC5722C6A6385A66A3A434D1ECA0E"
2020,72,20300903,FALSE,"1251D8D38D9B3E0AF8F3A69AFAF9C0D158C575AFEABC2FD51EC3EE850DB17174"
2020,73,20300904,FALSE,"900877692FE55394462B54B8274173AB692500D0F3165EDC12DF66DE7C3C3238"
2020,74,20300905,FALSE,"39F110F4A5883AAD1E9D415F826F7D38D20BAED2F3E2C3CFBF4CAE494B4FF5F0"
2020,75,20300906,FALSE,"16853A00EFE51434BFEA6871A4BA6544DB98DAAB6714D429DF194C549010C529"
2020,76,20300907,FALSE,"66C74A324C103CA7A9740637FE09CE8D4ABAACF894487E45A5B609C15798BABD"
2020,77,20300908,FALSE,"43AFD1A54348F31A329E499CFB31BC79FD0DA8A6B8FDFD0BB09EC780FB52654A"
2020,78,20300909,FALSE,"170607CDF8E02A0B3C15295362273F07B7D833DBA2EDFA81B7F0817F7AB73A26"
2020,79,20300910,FALSE,"C89EFB5B5B739DCB9383C775F1EFC3872E2EF8CAF425269B7A2C20233DCD78A2"
2020,80,20300911,FALSE,"7B0D4B7142A29FA511A0025751080F0DA38009CC0F61E923F7A4FFF70FF09FDC"
2020,81,20300912,FALSE,"8474A4AA2CB9C563E0E2C3EA132296B301A716B1E89F6E2964BACD52149B357E"
2020,82,20300913,FALSE,"BB1EA09B00750496A207A7D0868B5FDB623592075833E6362A794E071B4FD0BC"
2020,83,20300914,FALSE,"606D1D31F8F4E3EE00AF0239899BCDF9AB8F1192FD2E89E19E65782D998CC5C1"
2020,84,20300915,FALSE,"CA5C57E4F0E910E54F36F5FF661AC067D4DF7DE21C018FBDBA9B7DD475579DFC"
2020,85,20300916,FALSE,"C28C7E96683E76CB36EE448EB111C31297BA91C47D489F38BBEE095CB9B4A90B"
2020,86,20300917,FALSE,"3F71CA00B867223A6E5FF8BC5784BA4809C4BAB7140B5AF6547E874AB417C69A"
2020,87,20300918,FALSE,"6766F327A9E2C25D14DB3988BC14275EEF263477C6CD634345D95408C49AF597"
2020,88,20300919,FALSE,"4DBAFA538B223E7F181C2C5717A131A753BDB3AFE6DD2BC5FBBCFF68892BAD01"
2020,89,20300920,FALSE,"2F2EA40D82FE7CE4FEC2A3116F44D957F3E4FA3A96D8536D8BC479DC2A53A841"
2020,90,20300921,FALSE,"766CFA19328044CB02DF9E4340296239B4515F368BD3B221F682667B7335648A"
2020,91,20300922,FALSE,"1988A7A70E73F9F61A42BD7E4FCA42E5E27FD3F87C1B16D3F786FDE57106D4F0"
2020,92,20300923,FALSE,"69741190F0221867E1436585232C17A54D99BA075FDD1913949BD92D194900A6"
2020,93,20300924,FALSE,"5BAE1F123DB43DA4A3A7B81017332875C1652C56013DF60397B924855AA2DD01"
2020,94,20300925,FALSE,"E47D99869EDB84E00BBE9B4D48D590E207DAC1DB1AFE79E9FEA22ED94CD3C3C4"
2020,95,20300926,FALSE,"70E2130CD27BF270CF91F3B11244F44C400AD2A37E6D17D6912E92F1508FDD15"
2020,96,20300927,FALSE,"98D3FC60BE997E6130BFA6D3FFDC6C05BACA458325505FD1CF97D3BA579CD133"
2020,97,20300928,FALSE,"FFED4AE4B30956443BA5EB945D4F8E4CA296BA287BAC8FAC78980E46E53D1D11"
2020,98,20300929,FALSE,"1F81372264EAA215644B3FC4AB6004E203F410A3FED907E758D9C62826E95CEE"
2020,99,20300930,FALSE,"64EEB11B549C4695A965910D2936A7EEDC9D42ED9298C26CB20682BBA3EBB850"
2020,100,20300931,FALSE,"B25FD7BC6CFABBB2628C07F19F913B50E85058BB85DFCF4145DB12DC4CAF0D59"
2020,101,20300932,FALSE,"300F3ADA86E6682BD79C80F355BBA04D162B15BDEA42AB921661AF61EC830492"
2020,102,20300933,FALSE,"636223CC5865E3CF2065CC8314CF206964501310186E42558722CB3841F54405"
2020,103,20300934,FALSE,"FC89914845B756CD4EA4A75EEA2CD5911296F158E3B25FE299494C0FE0A17DBA"
2020,104,20300935,FALSE,"A98C7886CEE2347880CD7EE1D2438F8038C0BA8F3D8F790333DF54A112385DC0"
2020,105,20300936,FALSE,"4EE0784B267CD48B365714693F317384DC191AF8C114A951F5886180A9013217"
2020,106,20300937,FALSE,"F55D1B76A2954F7FF70D578EBDB803A583EC5320D5EB406A95C5792B2314E326"
2020,107,20300938,FALSE,"A0A0655474F85D0E7043FAA2A3357857C6ED36A0BC7A82290078A24927FA5DE8"
2020,108,20300939,FALSE,"9AB48BD3C57ECD1F5BCC9678DB85F05EAB7AAE54878DB762CA768D65A3ABA155"
2020,109,20300940,FALSE,"4024B060B0216386FC1C5B60021A97B2CA0967094C3B0042E2DAD077152BC2A9"
2020,110,20300941,FALSE,"94CC755A6944CE0C0D28D13E4CE7317271086412E70ED4F7163BEC1B36D2F8E2"
2020,111,20300942,FALSE,"2C615BD94588250056DE71525A8909779E87A391B38C6CB197EB88AF2DFD3210"
2020,112,20300943,FALSE,"44101C9F493857A3CBC579B6A4F68337D716AFFCA5C96A4A5EA2C7DA7C0DF310"
2020,113,20300944,FALSE,"862DE51890E5CC8EA38DECE2240BF43AF308E987925ABA03CC0DBE2A35FE0E8B"
2020,114,20300945,FALSE,"AD829AA4A8A567480D89FB606F8DF4719E4150F0936B53E452D3301DC26E123A"
2020,115,20300946,FALSE,"FCD50C917AF2F04926E19148D2EB435C4EA53BDA68CCF3FC5C8DC2D4529E167B"
2020,116,20300947,FALSE,"076208BBF95C81F67D65D9DE99EDBAEA6381F4527AE6AD9DED394F5F7F42DE02"
2020,117,20300948,FALSE,"71C969AB00B88566B32DFC5B25D02D778A4CC88309BF7C8CACA68DE0B88D75B8"
2020,118,20300949,FALSE,"DE28EB85F864B6FE6E015FE0051C84A4B5C5D669C9AD612FB2248FBF1C7047F7"
2020,119,20300950,FALSE,"F76CAA2C6BAC7E78C0133C09328111E30B99D5CAF08693AFC6AEC5408A0C9B41"
2020,120,20300951,FALSE,"EA5A83C290838C62FC4363DA843BE06A5C2EC1C24FAAB87B9FAB1889A32A0148"
2020,121,20300952,FALSE,"854248CB7BF64177F70A1972829E37D21A44C87E86242855D915BE3E5A35FC1A"
2020,122,20300953,FALSE,"0F3CCD158CBBED29583F57E1588559FE7673CF121D0E141F10854FCAC98D5C77"
2020,123,20300954,FALSE,"A5645370513744F9E251A51CEDB7E72739E15562FF31C6AA7EDF9A72EBD8003F"
2020,124,20300955,FALSE,"05A07CFB931EA92AFEDA845C29181D0250240E72E125CA72F1AB1C14C12FD926"
2020,125,20300956,FALSE,"D7EF1C2E9E8A4F4DD5FEF467F6131EBE78F68D95EBFF66347F2ABC7C96336B73"
2020,126,20300957,FALSE,"432EFC15BF7C5E5BF033CC2297826B452F670E8012EB0656B5D3AF78A2C9F1F4"
2020,127,20300958,FALSE,"D7F1AE5EEF576E0FA3B6F037E00FCDF407F6F0219EF9F32104593E69C5962D5D"
2020,128,20300959,FALSE,"B2BEBEB8C4BE3DB0E26074E434F4128662C7E01B3101028569B90C221DE21BB0"
2020,129,20300960,FALSE,"0A5132FF501EC373423E79D7B029ED0D6C75CA476594697453C03FD1F151361B"
2020,130,20300961,FALSE,"2CC2F370D180BB5777CF93A187165AB252E48296466AFCE24A14976B2FDE108D"
2020,131,20300962,FALSE,"8265ECFF3B717DC407D23FB662F5261C7A2FF93AD58850C3C9D03432EE264991"
2020,132,20300963,FALSE,"12CE91F316BE93858732E1A11FDBA5822BB286E44F61FB37AC8E508220496188"
2020,133,20300964,FALSE,"91D1E4C440A4BE1FFE70AB10B379033E42C0BB256AE1BF8F17C55964323CECEB"
2020,134,20300965,FALSE,"E8B269CEFEAB2F964E2F9EDA9591BB50CF3015176280EFB0F2E332609D695F5F"
2020,135,20300966,FALSE,"3BCE0F93BA25426CF88B5FBA0C4688C2E8469E69649937F04FACCF2F9FCFD599"
2020,136,20300967,FALSE,"88D26C330EC7477C7512F04BC231AB717174D0729A32C70456B74A6CCE8EF1C4"
2020,137,20300968,FALSE,"501729F2861C1BB8D4D74A4D6F5CD85D5F00545CA55051E573B45CF890B7BE66"
2020,138,20300969,FALSE,"05FB6E0E69FCBBB44F283C43E832281BEC6EF9F77C50E7DB2373C8E150245CFB"
2020,139,20300970,FALSE,"071F60F92373DF7CC6CECE94DB191BE03FEDDC75A401B8C2608283C9058D12D1"
2020,140,20300971,FALSE,"AC0223C1079D0C9EA540CB699A0DF7C6FD0A0CD82D4BD6AAB7C9E16A7C27C3E2"
2020,141,20300972,FALSE,"E29FA858151811DE2744778BBA11F287168C915CA4739CCB54DEC16386628D0F"
2020,142,20300973,FALSE,"AEBA0F65F54148B26EB1AE31964B0DF4037325FAF3A82A9F0D3836261CDD0E93"
2020,143,20300974,FALSE,"F474EE1E14436C3F11B8998392D2AB56168CE2D54E72E6B095F292B647E4295E"
2020,144,20300975,FALSE,"67F8CA5A861BC6932CD3839BA9A68F6706E3E6B88D586CECB9987926F9EF551F"
2020,145,20300976,FALSE,"A79383BC98C14E9B32E5A57C4091D7B28EA6865944C767280E02DE25D93BA1FC"
2020,146,20300977,FALSE,"3FBF153C87864E4937BE730A749AA0E26D8BEE530DE6B81D1905A6D565DF0739"
2020,147,20300978,FALSE,"0707BB18201B732C8A1761E0AB31ABBE595526ED78B842843FF5C18D3D3C8CDA"
2020,148,20300979,FALSE,"FDB8DDD2916D7C1BC7C66CBA5AF14A053EDF4E534CD02E16580C0030D26BCA9A"
2020,149,20300980,FALSE,"F8E3120855EAD54C4D5E569CA92B4A7907D15BB05737618287FC72BA47E2EB4A"
2020,150,20300981,FALSE,"94D03C349FC43FC86366C6891EC0FE2C66F69F6D27774EE188C202137AAF0DEC"
2020,151,20300982,FALSE,"95D57BA0639EE4CE5E1EA6CE2AF7836A80A4DD074035FEA5942DF73D7CAC3490"
2020,152,20300983,FALSE,"FC58244C799767D2E5E6F2583EB162F93DCB482B7BE299677879F8A6C84F9D01"
2020,153,20300984,FALSE,"62B1FA15F77480436D9015CA4B06F3024FE600F9718779BDC9DCF5927A028191"
2020,154,20300985,FALSE,"123C36B4ACDDEA27AEA9B0717A14ED4255B1CAF5272CBA7731328E8F890FD9EE"
2020,155,20300986,FALSE,"8BE150DDD0B874EB4EBF3B5E899F01F42183AC958F2DF92D7F0AA1E75D6988C8"
2020,156,20300987,FALSE,"BA4C26D0C2FE3BA5D69484F04E11362BD71F98B610E995816BC26BFE95DF5988"
2020,157,20300988,FALSE,"C8D24FB8927A1D37B1204B027A32338DFECAA28642E33DC157A9F06113B18325"
2020,158,20300989,FALSE,"BF1A8191C7BDCBA66FE2CBBFBDA8728AF615FFBD8B21C6D13539331C80CFEF74"
2020,159,20300990,FALSE,"9DD2139F7B7EE0805975FA8B36487B96E42EDE334291ABF8BE9213089A7A7DB5"
2020,160,20300991,FALSE,"273C9CA0658953B8D9A6736EE95240A95E2DD82DF5E91571EE1F5D8D53FA9089"
2020,161,20300992,FALSE,"5621FBFCA4188D070ED62C50BD525BA10793ADCFF7F55B5EA7402AAFCB5F0F18"
2020,162,20300993,FALSE,"BCA59318402E415EA706F78A2C0D70C7721958AAF63A465877851A5309896285"
2020,163,20300994,FALSE,"E1E7C19861E9DDF3AB1193BB580674844EAFE9E5B259747899C5064A9A7E76E0"
2020,164,20300995,FALSE,"C352D3756886DD8467C13C38A15839C27BB04F9FD32BF06EE89D566FDBA5B075"
2020,165,20300996,FALSE,"288B17E84C4FF50EE7BF46005E5A7FD480EBE09250BF93DEF1829C5F25BFA215"
2020,166,20300997,FALSE,"E7F15146C090348016A6F1ACD184279A9962B294386AE603FBD6D5CD85FA963C"
2020,167,20300998,FALSE,"237633BE4795A78B5ABABD5CAE14EE32A3F9648FF563F835803615E11BF31ADA"
2020,168,20300999,FALSE,"355651A382FB71A504AB27457DDF8C6550C374FD71A7E569C0C39A5B7D6D6633"
2020,169,20301000,FALSE,"481C15E7B393468E34296794202783ABE7F447158CBCA152CAD3F2A4F61603B8"
2020,170,20301001,FALSE,"FCC3B86031C67567430CED868155EA5A0C852EE140F26B694B780FA833696883"
2020,171,20301002,FALSE,"D2806ADF4CBCD9756F1601A692A83F8DD05EC52A7A72CEF6413FF0BB4A7E930D"
2020,172,20301003,FALSE,"E8CFD8D4B85024E876B854346BAF6865D8051E11E21256484069C36E2F831BE7"
2020,173,20301004,FALSE,"47F19953B4DBE8B61C08DE4A160F33DDADD5133218638ED2D4B9080C3DDCA681"
2020,174,20301005,FALSE,"E57CB5326A0997E196E058F8E4B047C9E4F3F09AD9DCCA8AA60AF2C4A1562AAD"
2020,175,20301006,FALSE,"74638646B47F76EF257375A95F977DE62BDAB1FC83F0D6DF46C612D0C89A764B"
2020,176,20301007,FALSE,"5377EECB8595E43AB30E13843986792E9762B9A1BF33D069B61A7E2BBB58F72B"
2020,177,20301008,FALSE,"1E04433FA64DE22BB794E369709AA6A6CD62D0BB70B6803CB32EEA4ED3C8BCEB"
2020,178,20301009,FALSE,"F2132FC996BD662ADBBC134B5BEC7A160175FD7DD3B814D6ECD4B1F714644F72"
2020,179,20301010,FALSE,"21688BA5C9FC58EBA318DC443970D6BCCCB8358ECDB6942273B1F2783A31652F"
2020,180,20301011,FALSE,"57B82E19CA1D5AF8E40A538314D62D84953F0B0AC7CFA506C7244BD9AA47D528"
2020,181,20301012,FALSE,"E63F79EDBD63F4EFC3E9682C83C67B09ED7FFB1C1CB8D01133CF95917BA9F411"
2020,182,20301013,FALSE,"E5D02C942ACBD1656ED97A330D049C541339B0C6CC01AA188E7B208BB4437ECE"
2020,183,20301014,FALSE,"F00CF6B8748BEE134E5253CCB96E5BFABDAD8C59634078E10B2A9B65567529DF"
2020,184,20301015,FALSE,"82F84DF35C24FC9C31B165468782C94C2630F306F5698C990E69E37791F1C15F"
2020,185,20301016,FALSE,"39789AF1DF59812BCB8FD6AA9FAA40BD01C4B12278D73638F2F93721D226FA6E"
2020,186,20301017,FALSE,"50595C3A508E1B5958E8F572CCF894D25329C9BE245D6FBC3F42381DA06003FC"
2020,187,20301018,FALSE,"24B5FDFB17B0B8ED67ECE3507FDFDAB77858E4BCB7C53F565C0810B3465CCD55"
2020,188,20301019,FALSE,"82ECAF4E92EE4CB27AB270F0806E7F9EB5FFE99DFBF2A3730F20E0E0133B63CA"
2020,189,20301020,FALSE,"CCA99380076A56A65CF344914677C4EDD1163676B9D80DD08DD71E77B494C571"
2020,190,20301021,FALSE,"A8060D4BD0CEFF294A6903CBC2FCBF2DB238B203C02BD1F707BB09C74E8EB209"
2020,191,20301022,FALSE,"3B108884BC518C9E6774FD876023B18F3EC3D658C9DF9637B15339A9A0EE9E60"
2020,192,20301023,FALSE,"8864AD3A7606A9E3641E475BF65C6E989F84CB91A60B12BDF9EF4BA87417C36C"
2020,193,20301024,FALSE,"A7DDB4C6611D37B3C1B65478C1F44FC8D9B386FB46E3F543EEE810FCD747C194"
2020,194,20301025,FALSE,"66D59063721892FB2F29C854DF42D375C4EFC77E54B5878ADCA2F5D5B3DF4AC4"
2020,195,20301026,FALSE,"FF96A39F33F54DD2C579EB9920D6DC597BE5C867D74F6998A3ACEA3DBF5B3D36"
2020,196,20301027,FALSE,"645F53D15B5899F0FF2180BAF63B63FCD31F5214141ED23EFF00BF146B6D7AA1"
2020,197,20301028,FALSE,"E1157BB37A6BCAF742776ADC59CFA3B4030E617AB49790D9678107C44714D755"
2020,198,20301029,FALSE,"B3669CD98F4F7BBB0F300EC0306B2BD38897F10F1AAA97DDA061CC0E6D04B6B5"
2020,199,20301030,FALSE,"677D866789B77E941DF6B4E8C40583482BDECF2230C38B62B9B3F04CA2E9B6A4"
2020,200,20301031,FALSE,"3F99CE6B59EFEE556C3A14900245AE8398281C2426FE962212DCF4364BAE1094"
2020,201,20301032,FALSE,"C62E13B11F60559C1BF810DDD92D27AA7078591D68D5C197EE31C72025CD19DD"
2020,202,20301033,FALSE,"42C95814C92B68EB851478AAC6FF9018690807A7C26F1538D1B4C5CA72571DF3"
2020,203,20301034,FALSE,"F71F1F0A2D4EEDCEAA6F19CA70BC9F32EB3BF339D98C25BAB1C1F191BCD0FE6B"
2020,204,20301035,FALSE,"6BDD766BDF8BBBBC5C3BAC568B074D25FD627B9D41980B5F58A615009B30D1D9"
2020,205,20301036,FALSE,"5FFC231E3A0C9A3D3AF505FF8D73B1BCAAB3E16F8880255D61DCC56B68D9521B"
2020,206,20301037,FALSE,"44268D519E6666BC814C69B06925353FD46B25A8453DF6C8871B2B40183202B4"
2020,207,20301038,FALSE,"CA9624BD00841466365972BA92B6B1CBED08D07FE04C855365FA77E484FC99DB"
2020,208,20301039,FALSE,"6910FE7E902043509445B591011D6C8A71AF6FBF9CB5C8A04010468C15AF028E"
2020,209,20301040,FALSE,"4667548888C85EB4F3A31E96ADD44C650904906DF42B72D269D390CCE1D5EBA5"
2020,210,20301041,FALSE,"72DCBE2D181C53B87ED258D3FAC457B43B69CDBDAF602210DA5D0BE79A5412EF"
2020,211,20301042,FALSE,"7C1DB419C96FA584809AAD77DA79B3520C41256C70704351A20DBF752CF217F9"
2020,212,20301043,FALSE,"4340A47D2F88E967412857A254D960D9AEEF2B37E5728ECD81C6FB2BADF74FE4"
2020,213,20301044,FALSE,"C439149049D78FAB9B0B842D229A7E963E9F6E804038E89BE18712797A5DB9C1"
2020,214,20301045,FALSE,"13BF41FC1F5A803945D9D5B7840A52F37AF5699F3F7A7881562F9332CC0F29E6"
2020,215,20301046,FALSE,"2F3F65F30F317DEA2E3410A11E731BE1BC5A64B6E665ACCB45BB110ADAFA5825"
2020,216,20301047,FALSE,"C25902540F1D7010405EE64C0D64E4D152132FD82995779336794ADB0B10B616"
2020,217,20301048,FALSE,"75C0020C2183BE1E2D88DC98F53676D4190EF61331EAE6280F0F7D815444677A"
2020,218,20301049,FALSE,"B489A634E45DE32FC81E32B2C56D94CE1DD31267BAA3379797B4A8DF0EC5D2B7"
2020,219,20301050,FALSE,"F8AFB8C8F83CB7F9266972A71ED3799FF683AB439189D0DE2DF7849DE1D243EA"
2020,220,20301051,FALSE,"EDE286A6745A79259176AD60F22ADCA81B9A0E78E99E8C27BF26A62231957C94"
2020,221,20301052,FALSE,"16800E9279BFD09BC159EDF4C509182BB14894EF6146C6006771753240815EEC"
2020,222,20301053,FALSE,"0E123FF8C29FD01728DADB184FE1795615D5DD45E54CC238DA2F92EC521DE712"
2020,223,20301054,FALSE,"03B9D639304F0B5D99883DE1B00010D30F41200A1480A8769B8816FDABDF91E9"
2020,224,20301055,FALSE,"5DD336835B6E3DF44612CD016DD1AB1612606B38E66495C702D21BD319993A6B"
2020,225,20301056,FALSE,"6E9369262AA060CE19D3785A5457E07635C5B29DAF877FBCF9C60F4759ED9C10"
2020,226,20301057,FALSE,"CA17A47F5BA5EA0F6E705BBDF4987F9C3B961308FE027E6F60EAD9B0A9D14B39"
2020,227,20301058,FALSE,"C85C933C183D1AA7F57C6F67474D3E2571C5E8DA24AEF63FF21CF1A7863CE54C"
2020,228,20301059,FALSE,"484EBC37C714FB2801F286CEE280D9735E3867633434AB324DD60B445CBF5F07"
2020,229,20301060,FALSE,"498C8A63722BD29333DBA206D4D13BD849055A7F04DD0E2E5561B04E76AA9BDB"
2020,230,20301061,FALSE,"66E77B2A385592F710093DF461B3C7A2CE76920C24B56FDBE06B9E18581A22F7"
2020,231,20301062,FALSE,"9DA96FEA807BFD8D2F3956FFCFFA78FF88E83BEB25C44C95BD61C7C6796732A2"
2020,232,20301063,FALSE,"EEFBA77F1759C4F6255440FCE15108D3DEA607DC8450275FA01636F3B8ACBEEC"
2020,233,20301064,FALSE,"676DC86068E53DCCB9ABCF3A65A66D35BD29D64C06D49FE04F56EDDA65277100"
2020,234,20301065,FALSE,"3B297DB0D6FEA2E9D54A9893380AE3F65FBC31A62445C72E7FDF6F9BAEB92440"
2020,235,20301066,FALSE,"B679A20F8EA6ECF7F0F71ED0B182B70435DBA80CA8A6EC62AAAFAE88D7B491A9"
2020,236,20301067,FALSE,"10EE7231EC87BB5AF074E60080C17DA78A06F3966624838B8FD9334E02EA391C"
2020,237,20301068,FALSE,"8C74DE1D90E1C10376FBF53B92A7AB0C96EF29FEEC589CF93EB52820DACFDE38"
2020,238,20301069,FALSE,"71392E459DD762DE2E43B5A26CAC84598DDD09CF15BD42D8BDCDBADA2D81C5D2"
2020,239,20301070,FALSE,"3B32077D69A03FAF6FFF271894D5CF30012858DBA0F54DBD1DE3FFF2FDAA8433"
2020,240,20301071,FALSE,"155DBC6BF9F3F0E3E83E1B559149A4A02DAC94114D8E74733480863497181FDE"
2020,241,20301072,FALSE,"446A51E52A056EE697629880872AC3089C5A962896475CA0699BCF0D1FEA5DF0"
2020,242,20301073,FALSE,"6928EAC0BB297F0401218DF88C4D52B74D2160A87D4FD6C04D8C0E9C2F4E4669"
2020,243,20301074,FALSE,"775769980AB222DE65F1FDF0B9FCBE1BE12C86FDFC65A443D53605B1D37A8AB1"
2020,244,20301075,FALSE,"C23D5B9D9FA59DF6B42A35DD8666ED8E0CAF66CE645411E48EE1CBBB18F5A60B"
2020,245,20301076,FALSE,"7536FD7542477F7D7666CC44BF0A751979C973D57B75CD4697BA52D395A02AE1"
2020,246,20301077,FALSE,"742C0C2BC0F1E142AC75C5A580FC46DA3555537CFBD3C836E3B91ECE35E38AD3"
2020,247,20301078,FALSE,"87F3A4A533E7B31988DAE64EEFD8847AF9C252ABC909946FFDCCDBA8AEBD7888"
2020,248,20301079,FALSE,"B7EE11C1DBF89A4A363174BA2D848AB3EFF8B831F3647341EA7EC327ACEF182F"
2020,249,20301080,FALSE,"25E86E43F2638E1F9E4FDD24B8453B47AE8F065CE49B03020F78219E540367BF"
2020,250,20301081,FALSE,"B910BDC5FFD9B7990A6449CC68E7A791A7A7056F6F70D284AB9559E636B9ECBF"
2020,251,20301082,FALSE,"23BFB3FE494AC1983A7E3620FE22827C85059A55B8BF68F1AEDAB7624DDC245A"
2020,252,20301083,FALSE,"A32DDF9CAC93DD652768819AB1C1076B35850120F07CBCCBFFC45D530D720461"
2020,253,20301084,FALSE,"CC9B4900EAD27E428EBB315827F4E5D0EE4D88B11E83CE47DD146E42F610CDBB"
2020,254,20301085,FALSE,"CB5898DCB2D162E8B3BF015DB69AD2BC5A3F61AE3B2FBDC9D62AC61F3173F724"
2020,255,20301086,FALSE,"59AF921EB30F18C77B60601AF9E63779232970AB2F5ED5A6C341B3A5C94A48DE"
2020,256,20301087,FALSE,"A0857E6E37F942188AE8521F2FAFDBB23B514244D8CF75245F4262F21028ECBE"
2020,257,20301088,FALSE,"FF3CE61D0B09834DFBB366A7E82ADCB47F1F96B403724C53C39FDE0B201CE077"
2020,258,20301089,FALSE,"CD7C0FFC327F411E2ECD1CB903491E6BF4709AC836025CC4B1963A5CBC2F4914"
2020,259,20301090,FALSE,"A0AEDBEE78D58C2894305E7E4B3FB5FE0C3FF477776BBCF8F2C81A86A460376C"
2020,260,20301091,FALSE,"E8A6104D52E340D144F915D84D7141BE833AD9AF7F1F17E26C4BFD7048A73AE3"
2020,261,20301092,FALSE,"6E9DB2A721FA72F3188FAAF9D94BF847787E0077240A5152F18E979BD3288C22"
2020,262,20301093,FALSE,"32D0DFF1498D77D18F30F7E905B5F19FC0CA942AD30169774FAB80446188DB9E"
2020,263,20301094,FALSE,"B2DAFF258B46C525F5713973307B14E40783628BF107FF1704762D0690AFC84E"
2020,264,20301095,FALSE,"867905FBB8AFE665E8CBD3ABAA6C13CB22DDAA01975BB8CADB346AF5E560680B"
2020,265,20301096,FALSE,"99732992A8EE7B8B0FDAEF343177CC520C4F7CC7A1B167D676E9F5816E14A2F7"
2020,266,20301097,FALSE,"5D2FA7795F4905E20F3A1632E966A73554C6B30D05CEA52DEF21B7419B78A314"
2020,267,20301098,FALSE,"F8841AEAD5A3BB0BD416B14363884DF4452EDEA5F2FCA07F65F152166A6E539C"
2020,268,20301099,FALSE,"416D913CDAE9B259C2EC7749D2DA8F0867377A0B26722F6B2A06CDAB10CFA737"
2020,269,20301100,FALSE,"0D82CF89401F820AB6BEB4C35BBB2ADBB25F659926C62274C017338BD565CE64"
2020,270,20301101,FALSE,"9B33C256222DB62D4627818E982BE535DF23EE1C8396FD1CA31D071B5353D061"
2020,271,20301102,FALSE,"FB6BA0FD62585094DB5E82CE2967C6274A46A7E02C80D449260390077FDE5D1B"
2020,272,20301103,FALSE,"600E96FC71760AA7CFF78A560B00C7705D58B3479F6F51A6104E3B29A75B9DB5"
2020,273,20301104,FALSE,"EDA52AA36A5DC9EC1E9E5BEA13B02FC48E6A5528EB233859CE80EAA65C348EDB"
2020,274,20301105,FALSE,"B086D4C799F4031F8C3016D1E4C22CDCF63318DAB965299B18B571F8F14C1B9B"
2020,275,20301106,FALSE,"5C7A9830541CFC9CC01B8342E90695334633D350723DD47FD41FCFA98C369FFC"
2020,276,20301107,FALSE,"9DE55859904625E128B7E3008CE05B6C2BF2507DF6A0015F52629FDFF5FF6AC4"
2020,277,20301108,FALSE,"5BA9C94C36FA3E31F7E3D534B97BBE179899DDCBC48D6FEC5CF84FAEF127FF42"
2020,278,20301109,FALSE,"4556FED6F24CEB0C4CB7C9C477406FEBF86DF1A1C258F9E2E99AD52751F744A4"
2020,279,20301110,FALSE,"CF8CE519CA71D0F3B7FE6875034AD508F4DDD2642F66EE0CF660803A9ED9F08D"
2020,280,20301111,FALSE,"63F3E200B9560B9A80F865890463BB63C28A7B33A3444712C99743C86D6EB151"
2020,281,20301112,FALSE,"A3D72557DE6917CF41BE4908BFC3B503951E67FCF19E8FCE58A5E9BEEE3D4112"
2020,282,20301113,FALSE,"A1F502E81C198D1C578455F69A418F2696904202B9C77C8CD8149AD80DDC0A4A"
2020,283,20301114,FALSE,"6B2227552B207F482595D86EFED6803F7DC79C8A13D78E153E57C3993650E712"
2020,284,20301115,FALSE,"F89EC8F07126FB181822DE801E8C497F9F8DDB890FEB526A55B16C51C860120E"
2020,285,20301116,FALSE,"5F01F22867523023F6700151CEF151C35047AD6E1FA414C7DC095F5BD0AC4AA2"
2020,286,20301117,FALSE,"F4267C9B5142F08E799369561E1A7A2D900F186FBE9E22C280688825131B4549"
2020,287,20301118,FALSE,"E292665EC2BE3BD258BBAAB132F5C1897B1291E2D789CE0B56A6ECE8E8AD84F9"
2020,288,20301119,FALSE,"22ECB5B0B89DB0ED65A496D14C9C9723E4FDD30893B75E6A75C58C4BC3048316"
2020,289,20301120,FALSE,"76D91C5E631C75265357BF0A764DBBE90F2E61D3E22E27CB6361D2BAF009F7DE"
2020,290,20301121,FALSE,"D593754D7155F2C9B4A6FE73E2ACEAAA72865AFA3913382CFD98FDE583A2EACB"
2020,291,20301122,FALSE,"BCA0296EED6856C681432A51B2028E8AF407E400429C47717BF8E1AF8B1C7AD8"
2020,292,20301123,FALSE,"A2D16F714B874AFF969D05B1D7A2810D974D91FED37D74FFB8BF8700B8E78C29"
2020,293,20301124,FALSE,"EEE60061FC84B3A3229525D06614769DD88352AAB683AC8735E016129649BCC5"
2020,294,20301125,FALSE,"B14D52D9EA00E55CBA9E223B333969CE0AE2446D52B23EC55D08F13D6B3A13F5"
2020,295,20301126,FALSE,"6C88C0B9B6E8229D8715459286EFADA23D65A74A7598ABB4CA926FF4FC81CD4A"
2020,296,20301127,FALSE,"FEF7D04B9CF826EE9DF93366895D38B8019646F011EA7AE4702BF826333A5476"
2020,297,20301128,FALSE,"FA457290E1D86F34A367F722DAD7275111EDB3A14696921BD1AB3233ACACCF12"
2020,298,20301129,FALSE,"1958B5A11F0592BB948F7C67F6F1F83F470DC4391F8CFF7F385952C3004AC858"
2020,299,20301130,FALSE,"260B7B0DD3D44FCC02875604BA6559A62467AA5888AF428A8CC9EB78448438B4"
2020,300,20301131,FALSE,"96D45640DFCFFC5EC1314C5E96F03CD72F3FCF6D1E751AED42035CB941E7A04F"
2020,301,20301132,FALSE,"08FC55E89E842159835D9FECFC5D9DF19C79C82119FEFC13CAED2E44D4D5E2CF"
2020,302,20301133,FALSE,"FC762ADADDFA1EE1F3C7701457005A5500CE6B1F7F2357EFC0E4B7AC6910DE4B"
2020,303,20301134,FALSE,"2D7C3A8C21ADCB81CD58299DBB73C0FD0E69DF9048B2CF513DB7A0F7A15A27BC"
2020,304,20301135,FALSE,"5BC915CE8808F34AEBF36039C389D4D44898F6F96CAB892346A47A9C4A507286"
2020,305,20301136,FALSE,"40EAD0189EBBCD7B5A0D97AB9B7791E77FBEE45DCBDD10619CC55817FD1B9589"
2020,306,20301137,FALSE,"E3E7DFF50482ABC0D9C192BDC9273585302A5798FAE294329FEB30570C855A79"
2020,307,20301138,FALSE,"B713A82C848AD44F5C9FC1E296E9A5026576C7A2A6A91885E1F356017B73992E"
2020,308,20301139,FALSE,"184C34B69A963158D04AF530E116364AFC09D3847E90485D6E705F9B9F90E4BC"
2020,309,20301140,FALSE,"A6D94ADB147449682CE6DB3CF5D101FC3A2DBB59330769121C09CDEB49000C2B"
2020,310,20301141,FALSE,"AC60392A2FD778927E1FFFA86E862CF6DDB50DD24AF9E334D4ABD1982B30EF04"
2020,311,20301142,FALSE,"28EB2240A458A173096FD90D0AD5994A5B86B9F4E57252EB8C6B6C8F2ABAAD09"
2020,312,20301143,FALSE,"412D2E7ADCC3C008138E1D57EBE7CACA36DECE689B83539EB6E231340DD5321E"
2020,313,20301144,FALSE,"F24AA1D2A9354401C4D8C71235A5452D6C9FFADD551D4DE4FFA6628C678D7A96"
2020,314,20301145,FALSE,"BC9BB2F7795DC95674C98FEDDDE5EF95F4C887F5B2E62CF6121A9F3F15D87306"
2020,315,20301146,FALSE,"D83DB9923A54FA9ACBF394A4EAFA32293CA340A774E9B00DE291D7126254E7CE"
2020,316,20301147,FALSE,"86AC4BB50998A8B8D6E00FD2E8D0D0BE1A01F81C9132E22F8E4BABD6CB0DE8D7"
2020,317,20301148,FALSE,"5C8EFF95631E2B00318F72F42E9DB3ED5EA00F693A02339C8C62480FC50A223D"
2020,318,20301149,FALSE,"9A8435735807460C07D04C36F9A9EB9C73B81DD1163055B81EFA4B478A9A3232"
2020,319,20301150,FALSE,"ED458C50FCD23D13442790F930649B8FEF357E65E024179B6AF1E2E77DEFD8E9"
2020,320,20301151,FALSE,"0898DBD894BA4886F53AF01A5518F078B94DA07300022EF73FBB2AB184A23187"
2020,321,20301152,FALSE,"C5D59F1E5C61F84E40702753E0FA4EDC52EA5BDCA1D999B1A97F901F940C13C4"
2020,322,20301153,FALSE,"BBF2545C8265989811133A7310B8336A46732DB1330EDCBE3B7DD280E909C172"
2020,323,20301154,FALSE,"9587D3B2EDFD1F5E76558EB9AD0A2A04959D8A9B1E289C48F6F2253CBC6CD5B2"
2020,324,20301155,FALSE,"319FDFCA242A193D1AD087B60367D9AC126B9652BE917983B14130698FB19350"
2020,325,20301156,FALSE,"287595836415C43F6B0DAD870CC134CF71CFB081004A1129BC034E069E62FE6A"
2020,326,20301157,FALSE,"6FBCACD01C90D3342413A74FF2B18B4E2A8A159F89FD81F29532004585C8169E"
2020,327,20301158,FALSE,"B3576DE11ECAB8C369DFBED470A725C951E29CAC691E3CA94669426FB6D3F8B3"
2020,328,20301159,FALSE,"D7EE3F76811DC9295ADF7BD42F48910B29E869A03383377D60324165656DEEE6"
2020,329,20301160,FALSE,"A1C2D2609C9023F67D45ED79EE665F16D43920578FA38FAF2A32B6DDE9439CB7"
2020,330,20301161,FALSE,"67F256BBD8677C76F4A5A1858FE21E7BD6B53D1CCF2EAB80B62486CC634EF466"
2020,331,20301162,FALSE,"7F413A6949FF784A58AF2D19D94742EEAB3BD875AEAA8F542A2D7EE924644079"
2020,332,20301163,FALSE,"BAFB9FDABBF8374C91F881CBD163761DD412DA05C9210A09FA79E72763BF237C"
2020,333,20301164,FALSE,"ADFA8DB843F19CE2467EAA2064791C6E721D8770980ACAEA5668D7626F2D8B29"
2020,334,20301165,FALSE,"06BD130FB55041C7AF9291A82E91D9725A1EE97495FC402CFF195432BE086F1B"
2020,335,20301166,FALSE,"B2A914CE277B1C5411F7CA5EBE506FD40A7959D31992C09F7E5CFEA00185E230"
2020,336,20301167,FALSE,"EFC3B6E338BDA74AACA469624CA6F0E9971F251D3FF9F2A33CB012953F1FB52D"
2020,337,20301168,FALSE,"C393034131EDBDBC3771AAA3C5D00CE959B18DB2E51C03D01D992CAB38D1334D"
2020,338,20301169,FALSE,"9E2E610E57D8B35B3ABCB46760D4A022F641B974B63B11674FB577D0A8D9B030"
2020,339,20301170,FALSE,"86AD6F688FFA1892817402B30FBFAEE38EB5A20E4D331774EA32680F72DDE36A"
2020,340,20301171,FALSE,"2DCB0EBC9FCF201D048F4AEFC782FDCAD5AD8350BEC3A54DA72C9FD546311133"
2020,341,20301172,FALSE,"D5122007FD15E70999E8AEFF391B361DFAFE4F33B26E61B6F0783F392E8D850C"
2020,342,20301173,FALSE,"5B1696AD37803D5266622FC3E77EF4FC1D18637CF9916B1B84CA3B5A32891C0F"
2020,343,20301174,FALSE,"D769D1D819FA20A58F62EC3F42850EF31CE1487CAF3614921966C8B82DDF768C"
2020,344,20301175,FALSE,"474E03087E1ACB1A8237CCC389896B1B23F8F9C5359DB5817C0903DE04AD3E08"
2020,345,20301176,FALSE,"AFDE9B36153E09E4BB52E9434F462052BDC11BE86464FE926AE40929993B8BDC"
2020,346,20301177,FALSE,"49C27FB4D80CDBCACDAF2F92CEA0913826E2F0ED337DD07CB02D88FD89CD459B"
2020,347,20301178,FALSE,"4A3531B18468ED97FB1E25FD8518CA1D25E31A52DEC89484E40D2DC43AD31459"
2020,348,20301179,FALSE,"BDA1318B224B6F62F76ECF17BAEEF7D2C7134DDEE67F6A050891BED3908B93D4"
2020,349,20301180,FALSE,"C1F40AF31F3D082EF967AC472485F93CC57C33DC6E5EEF5717DDC1D63FD73957"
2020,350,20301181,FALSE,"B7E798A4482718251B9176AF71210BC9313899601B65167A2F541E7DE7148F8D"
2020,351,20301182,FALSE,"5117A36C1AABEE55938A552D17B54F6AB862DA79A0CAA64BE95EB70B0E30E297"
2020,352,20301183,FALSE,"392DBFE3A1C694C2BF84461088501B8783511EDF623BF79FF0B8E77734BAE28D"
2020,353,20301184,FALSE,"8C4EEAFB3FC0202B9089F676BE7F2D6C14BDFB553FC51465BB231038F4EF5848"
2020,354,20301185,FALSE,"50F6EA53D23B3E55FB98307B5F1476B9A7F61A957EC569EB1CC2B9834792B477"
2020,355,20301186,FALSE,"F74CA6B363E7E9B24BF530CF7F8312068A2E7E0498065AE5BF9A5C9D587B8363"
2020,356,20301187,FALSE,"9386A75ABFA29AC6C1BADE1698089DBBE7EBB7D23A002D774DFEA63E52E53C65"
2020,357,20301188,FALSE,"AE0DFF95671E987F06BF20D00167C651DF680276C7BF1B48B3605D3B976E7533"
2020,358,20301189,FALSE,"877910BDB7709E0B9B14A33FB68F2FF7098738A56321E7E13588788C1933E2AB"
2020,359,20301190,FALSE,"D5C03C84C8170F0F19555374D3AD34306E34995E1C881F4C96393A654D78F5D2"
2020,360,20301191,FALSE,"4BDC9F6B93E63C176FA332CFAC9BDA2D387B575FE3ED7B387AE2765184FBC420"
2020,361,20301192,FALSE,"8833380397E8D2A19A060411F8D784A4EEB190AA97EC8E298696A93203EEE85F"
2020,362,20301193,FALSE,"30A07C3F4A49F63180DCD4BB5CCC61FC4A3C7052835D84017A0AA6D55FD6AC20"
2020,363,20301194,FALSE,"ED0E9475480D7B8B0C881138102705B93825958240174A80E6DCB7EB8B09E0E9"
2020,364,20301195,FALSE,"FB381C2E6C99FFEF0B217F962976703A29E2BFA3A1EF06C4A5A98976B074631F"
2020,365,20301196,FALSE,"FC2BF19A2D9C9928359EE9DB3274F820028EC4881E1B0CE3C5E8C69ACBD8CADF"
2020,366,20301197,FALSE,"6F0A2E608F2BF3F8060DF56F29E377E922BA18C73A43EBA82977C41BFC2637EF"
2020,367,20301198,FALSE,"34154E6162386034A73D94F6E11E48E02B3C55D48C2B408DAAEF4F659CD1BD44"
2020,368,20301199,FALSE,"E91FBF5318E8EC53E9E570767CAD0F62D989F140182A8B3C2C212AEAAE91BAC8"
2020,369,20301200,FALSE,"CA5778AC5291BB856A93B449A7A54491B83CBBD48B9A476DFC1820AA11364DCD"
2020,370,20301201,FALSE,"2202928484CC70F2775B58BE176855EA97E89210ACA5DB60863B3AE324D964D5"
2020,371,20301202,FALSE,"93679AA378BEB8D259595F811466AC368FE402D90961587073B761C824EF9BC6"
2020,372,20301203,FALSE,"6E074C43457A0CCFABAB4953DB8A1F19683350783D6D99189121FBAA000DCCE1"
2020,373,20301204,FALSE,"270A6821431890FD07E2F8F8914BE0FDC28737FCDFF00009344C09F7AB399CE1"
2020,374,20301205,FALSE,"803276133A32E7BA29FA12652E82F7A444FC7E5FA062A74476C807FC0B164A4F"
2020,375,20301206,FALSE,"0FB2866BE960A335EAA0A266EAE226314332291E0AB667C9527E78CCB22DC10D"
2020,376,20301207,FALSE,"35E1F689B15C0A99587999FC7DC58F7B1CCEE84150C275A7004BF271FDC6BD73"
2020,377,20301208,FALSE,"3208BB404EB98351F72C051E221B0C86D9FF6CE9B99B4CB345DCD2DF897301F2"
2020,378,20301209,FALSE,"A90D50A06EEC1EA371F803A236D90C6055DA38ED19D1A5DE8B4111D1EEE1A19B"
2020,379,20301210,FALSE,"A5947941A31DF7535FBB7F9D26599D7D40C54F19118D5A80E7DE94C189985870"
2020,380,20301211,FALSE,"77EC845C7815B3836A1FD51343817B265E1AF357C30A3630EF3E80F88E8114A0"
2020,381,20301212,FALSE,"81F754F88602CD58D47CA2E185B59A3C08F0DA2FAA7ACD4B26DE4C96E5A7F3E5"
2020,382,20301213,FALSE,"95E9B7714CF45579F5E3DA2DAFF7D7AB6BBD5666BB3286252C7E625C5E292D3E"
2020,383,20301214,FALSE,"F19F4C778A270B16F6CF591DA3D272C1120B2D858D6C64864C0CA798B82152D5"
2020,384,20301215,FALSE,"8C3304A5481CE23533340B34EDFB5B6C0F56B15FF358017A98BB3F4D48E2C102"
2020,385,20301216,FALSE,"633B3BB2A2E909A890398CEB37FB9CA66C8E192C183D331DA59C8F7095799967"
2020,386,20301217,FALSE,"85223888207B2E742093071ADD3E7866DF09727B720E0C1DC4C3289F550E610D"
2020,387,20301218,FALSE,"E1004ACFD744115819218DB839C80196FF22C9105275BFC805A01EF50DA78EEE"
2020,388,20301219,FALSE,"B27784448C2F3D282BDBF091E681E8345C4CE7134CC5992E687EBA88B8B4EC9D"
2020,389,20301220,FALSE,"074D056D297D5E44C094B69FD3DB972F4009B3F9B79E946F02D0E9ACCEDF0EBB"
2020,390,20301221,FALSE,"17EBFEF56538D53F40BDBEFCCC0C46C6FD5C3B520BF062B87EB9B33CA97EB95C"
2020,391,20301222,FALSE,"4D60D60C12CE3CA58959AB81A43AD17D2DFA90A42E21FC535DFD75B8A583B0F0"
2020,392,20301223,FALSE,"CA8BB82BA566BC344D6E8FA4B3112D9B3340989F8BEEA50AF1557169B69949A2"
2020,393,20301224,FALSE,"FF3E76347E5FEFD7B9407463D363C9C11F9EF660B1AF111629CBEC0A74D94D71"
2020,394,20301225,FALSE,"CC016EEF5687DF945EE0F39DE607B02C9D786ABCF2412F9B81987437ABE21D6C"
2020,395,20301226,FALSE,"EB07DE7EDA24F726DC6A9811C44A36EA9F610004C993E3EFBF49E68EB0BE32BB"
2020,396,20301227,FALSE,"0BC57E9FEA52CBCA3641C8CCD484AD63541277CFD9E2D6C4E490B14772333610"
2020,397,20301228,FALSE,"E20BECC084D3C0DD878A98D737CF2F898ECE273BEFB035840733D58D893ECA87"
2020,398,20301229,FALSE,"D0A773D63BBFEE2E67AF774A5F27DED557262AE93BD83529F938E5C5AFDFDF18"
2020,399,20301230,FALSE,"758B9A70472C7AE110C585960F94CD9F383BE830AD1761382F2EDF8924FC026C"
2020,400,20301231,FALSE,"71C910355E512766BA109F3DC0D268369C3C937B3203A6BCD3ACDC346ECF178A"
2020,401,20301232,FALSE,"35EC71A554497F40DBB63DE4EF2E8083436CC115108AFCC5E3A68297FB4998BE"
2020,402,20301233,FALSE,"B73F313E193CE41163D17BDE03F5FB6116B055F78E9ADA4B0282DBAFC1FACB06"
2020,403,20301234,FALSE,"5845A3EB8ED62D118D228C356B9FB3A7216FB8808DFDCAE8C4C68722849030F8"
2020,404,20301235,FALSE,"2730AD35D968272CE88BEA5F5185ECFC542A4894101F2FF5BDF4B161268090F9"
2020,405,20301236,FALSE,"50E16D5E623ABCABB193D97416A87E9593D4E33839E67ACBADD00B7B02C94B74"
2020,406,20301237,FALSE,"E0516812C97EE6059EAF97295DA2E972CA44E70542890E6F5E4A4FD2DDC38DA0"
2020,407,20301238,FALSE,"120C07D65AE54FB801EDBCF1E21F02C79E23F271E2A6016FADC8A00A82585E43"
2020,408,20301239,FALSE,"5A2239E5EB48271189BBF52E17CAA4664F300E8B353C41ADD4880BEBCF98E671"
2020,409,20301240,FALSE,"BE818CCB37F6BC28630C953F46E9D07AACF9037948E02362F92E4ECF6D631EDB"
2020,410,20301241,FALSE,"332E25165EEAB55EF5F1423DF894A88C8A7AB298CCCE50A2653B7C26697AD305"
2020,411,20301242,FALSE,"3323595D76C572BECBE9FF3EDB138504D7A16E5ED5D500A168C38E130E83670F"
2020,412,20301243,FALSE,"81297188D68DEE05EACB49AC247ADB4998F91013DCC2DF881A9260E6AA432162"
2020,413,20301244,FALSE,"5154EF630EA90EBA4B983A8D0D7EDA2E9371E4A7DC66A50FEFD60FCBFF3C7F86"
2020,414,20301245,FALSE,"8155585E67F356997211FAD4DDA948DB7ABD2C19674BFDA56D2951C1B71DDB07"
2020,415,20301246,FALSE,"BAD6F69F1005A0C4BFDF3F5B617A75DDB52B05F37ABAC17A7DA6F5D73430BC14"
2020,416,20301247,FALSE,"7EB9B0C1D9ECC3CC5FF80825ED5D5807E4A23E7E2B7EF7E152C6BCA4FBC05085"
2020,417,20301248,FALSE,"27289AE3C4FB97713662DFB4A4E0E962934A7D5AD38D43AFF8E4CDBE7DD2E868"
2020,418,20301249,FALSE,"067DD97076831B0F659EBDB78411C1919F4466258CD2FD6B6CFF92FED96B7948"
2020,419,20301250,FALSE,"BD941F958465C12E80F72022E405736185276AB08CDFD79C98D8AEEDEAB5A8E0"
2020,420,20301251,FALSE,"D12A5EEAFD93AE89D0DD7BF970424827C2FB0EECF3A8751626A5439A412CEDD3"
2020,421,20301252,FALSE,"88B19021C138ACE70581FB4D4BCAA3A9A816891541A557C543B54A06A681C82A"
2020,422,20301253,FALSE,"0EE5B1D9BFEA13304C5055423B02A48ACA10E79F6F1A671BF15598D035CD9A27"
2020,423,20301254,FALSE,"2F069D652BCCC3F9F571AC289898FC4E74F4D4E39EE86B1C05C7DC41D159591E"
2020,424,20301255,FALSE,"DB449984BDD343DF30FC817DADFE1FB5131EAF8732F37F87A0F2880CE0AE998C"
2020,425,20301256,FALSE,"A6530CF2258D50584105CEEE2837E376A76094E66E80F3A2615D4B3022C953A4"
2020,426,20301257,FALSE,"6A1CD113A15AED5A7CC5080068440BDFF6CFC7C4561E8BF534080417425B9D1E"
2020,427,20301258,FALSE,"140FE7DC54BDAD1A341AABF20C6E6FECB77DC166C19FD689038DA0C7A81754C4"
2020,428,20301259,FALSE,"5C43687FE19D0C747E2E08732F96B8A8C280AFF3D2E0AA45F7855E06575493D7"
2020,429,20301260,FALSE,"D6A4EAFFF6606D4D06E444B1C37EF790F24E1F4814BE026CC2F77ACD64764E85"
2020,430,20301261,FALSE,"50CF94481D45EB48F2D7156DF22D6942A9EBF0F415F42D0F89F9936F5F53F264"
2020,431,20301262,FALSE,"6846F11C33B634B33B4AD7AF9DE499E0286693A6CE6029CBA206C5176E1E9A07"
2020,432,20301263,FALSE,"0AB74311090E963CB3ACD39A21DDD1E196A9ADC728F3C18D9EA2E6A4BCFBCB68"
2020,433,20301264,FALSE,"F2487F9E7AC3DF4111F316F5CBA8F931203E531B88563398AF0F21E00EC6C646"
2020,434,20301265,FALSE,"2AE4D2DE5667984DBADC6CC197F3D4AFEFBA3F10DDD2AE1CB17A78C3D38DC943"
2020,435,20301266,FALSE,"56A3A9C525125812D6CC17FF1181E3CC28F984DA607CAA59D78B07C091EAD6C7"
2020,436,20301267,FALSE,"CA85A03AC07A0B9307649E219F970B5505E258F368BB82758BA29A40A3D38CE3"
2020,437,20301268,FALSE,"0E1C0E3686679CA4340E2AE36E474F58C532258349DE29882D9E044DBC82703C"
2020,438,20301269,FALSE,"33CF14991D4D2DCF9F76D40DE7E7E357E4482E5E1CB48198030EF383ADACA845"
2020,439,20301270,FALSE,"CA3FD2C837059AC46B8A4976E4DD1A0B2B04F622E8D41736E0F5C8C34E9FA217"
2020,440,20301271,FALSE,"54002A1C8A0A71DFB71838772F2EDEF08DEDE90C2823D15E3151A020AED3070D"
2020,441,20301272,FALSE,"58837552BAA18516440BAF768193278729F532F9832FFA01807E462750B17A24"
2020,442,20301273,FALSE,"C55518C811E416EFD69417A729CA98ABCC51FAB07EF2DFEF518DCFA4FDCC939A"
2020,443,20301274,FALSE,"6D4F7374DA3600359DF9D7B43A978EA3CD5A595B44C49ABA31522CCB0DD66A1C"
2020,444,20301275,FALSE,"6C24326583362A6D01CB22878CE487087B151517567725F9A91044028FBE3D50"
2020,445,20301276,FALSE,"20FC6B4C7570E79990B95F9D24037496850A83FDEE71BA600730CF287F1E496B"
2020,446,20301277,FALSE,"4CC5CF5460DD29C636E43229A710A1F3162F6B6B420ED634DDF7A57C7FC96FB5"
2020,447,20301278,FALSE,"2393ECAB22BC8A19F0BB874CDF9ADA7B44B7A60DD2D832C57356B1E5F20C6AB0"
2020,448,20301279,FALSE,"FB1241A77CEDAA6CEAB24D3A523BB860E0D892DF978F9EF7CB42781DA4E907A8"
2020,449,20301280,FALSE,"0448F89105B0E93971936A9752E3DC6032B6060BD6899A5767638DF5C2D4B9FF"
2020,450,20301281,FALSE,"8A0B82767926D8C0EBE88E4BB02CC985F2EEA4F305A0FA9A16A382078DA03F71"
2020,451,20301282,FALSE,"925D5D3F6A053B3BF411F5E52FC5310FFB830B13DE2B45707EA72FE773FBD762"
2020,452,20301283,FALSE,"32B4502B9042E06783C3F95928ED5433C5F7E4B880979145FCF5CA563E9F2CA3"
2020,453,20301284,FALSE,"64311BD4044D38E6289652EDC7771B33D268BE772CC564F418062A663AE581B4"
2020,454,20301285,FALSE,"DE40E318D9E276904843987B82712C95B0D4BC9ECA7350A8A35C68AD1438BCE7"
2020,455,20301286,FALSE,"334548F763A17F37FEF6092FD41B6E20683470E19CBD9C424B0673B55D8B5056"
2020,456,20301287,FALSE,"1CD1F25008A14CB0F0891405D933E2C5A8565581C8F77E0D48F3066C0F5A08DC"
2020,457,20301288,FALSE,"2BED0BFFA7120B4C09CB6E3F07BC3EA8820881D3CCDF9F2A2B23F01957F9AA2B"
2020,458,20301289,FALSE,"A910222CF7B05251CC3F21868BCE87C4B8956C1CB8D03BDF22759F5D0B2A2D22"
2020,459,20301290,FALSE,"F711AAE647AB52491307204F7C49EC00456842A04398A9963EDD72B7E38A7C7F"
2020,460,20301291,FALSE,"EA71C861DACAB5F8BD0D12EAB66ECB1DA1CBDDDB3D68EBAA8E402C001191155E"
2020,461,20301292,FALSE,"334979A688A6BE59FA127B3D2A505371DE6456F793B15FF7E6D0FFE0DC13BAB7"
2020,462,20301293,FALSE,"8DE6EBB027223C54572FA801D23524CAF6D25277369AEB3CF2F62AD91FA8A31D"
2020,463,20301294,FALSE,"5BBA1DC93DF40953AAE9E8EF4C193E4E9C331D3220D5902E150F6D8D0BBFEA43"
2020,464,20301295,FALSE,"7E0C86A0E7739B789344DAEDF8D1794E538676C6CD41C6A1D00740ECFAEA6832"
2020,465,20301296,FALSE,"0E1F4D6B6B7FA6C7D080221D84A68D4BBCFBDF78EBD6D4984CEFD924D1F8115B"
2020,466,20301297,FALSE,"345995F0E8276343DF9D31553505621988D7B5A2F705D8804692B3B1A3C219AE"
2020,467,20301298,FALSE,"26ADB2A9EED473F8483EE9A7BD8FA6AAD790053D22F3999D510EC21E6AA17782"
2020,468,20301299,FALSE,"E15EBE960A42581690A721C2ABAAF11D0FD00B744A4528793C628311A7AF4662"
2020,469,20301300,FALSE,"946E5A5CE8008DF177A3C4D1EA5CDB609335A3B879E988A36644F42E0E24B3D9"
2020,470,20301301,FALSE,"48AC6731B666073B753CBD921BE2AE2B6A1ABB2A4BA7822A26A12E152915FFEC"
2020,471,20301302,FALSE,"2F6A3279F7E31A67653B2238E7C165619BFE67E0A262EF0D594DEB8AA8475245"
2020,472,20301303,FALSE,"C50790E2B530BCFB716775524D6BA662C9115954D2A616E3AEE8BCC52C21FC57"
2020,473,20301304,FALSE,"8AD23588A65E7ACCB436660E372F363841EE76D420CB3F8EA9E8C3DFE7EE36DB"
2020,474,20301305,FALSE,"9AE86CDC7F8D8BFD3C6AD26DC03E7B20C9DDDB55B696F69058E431ED23D617A2"
2020,475,20301306,FALSE,"6DDE926F629E9D30C4FC741C088F683E9AF278C6E6727F75441BC5CE1B233F34"
2020,476,20301307,FALSE,"F34D7B0BC7A395DFD56C47236D85A4C0A5BA07CAD7484010BB008FFBE613F0D6"
2020,477,20301308,FALSE,"BFB2807FD59135365BFBCC2CAB79361AC7256481C57D2F8C166F94C30E0ABA9E"
2020,478,20301309,FALSE,"AF6E1A644A89D256008ED968E84C2E366E9A64963B9D04EC235BC5E4C506D27F"
2020,479,20301310,FALSE,"86E5DA0FA60737ADEDD0FC7F5DA70160173C53816C7675DBFE11FA0DEF0E312E"
2020,480,20301311,FALSE,"70CA46EFB6DF1293A27D271A1DF871A9573EAEF92EF482455F022F6F985E4BF5"
2020,481,20301312,FALSE,"777EB1BD437E025873F2DB80F8B755785E2E51C26E7E368047A6AB78F0D78FB0"
2020,482,20301313,FALSE,"D3FE9ED25A577EBB090E0D0E121C45B229FF5415F4A806CAEA2D66DF4D98621E"
2020,483,20301314,FALSE,"973FE71E1F8974E29B7EAF83792908FB683148CC4391BC9E1FA5E216DC09C5CC"
2020,484,20301315,FALSE,"BDD7588C8C01007565B910A67EBF4F2D3EAA7BB59961EA9B0577BEDA38D9E89F"
2020,485,20301316,FALSE,"8DDB0783BE0407796988373D6199EF05DD20F6413FB994BF5F82E6B9EB4B4AD8"
2020,486,20301317,FALSE,"C64B12502C2E2D82EAD0C88A1B40E9955A469302E68A1BC3E1931CE1D5C8B578"
2020,487,20301318,FALSE,"3C95F0BB5FE76E575577FE4472DD4BA71CA2088E5E9358809873FFC6CD733C8A"
2020,488,20301319,FALSE,"BDDEF76B631F3CB2CB1DCE54EB578DA4B363F68A6337C2B28604F0B716F9EB0D"
2020,489,20301320,FALSE,"7CC465AB6765D52A2694BE63C8839D73AB9017D18CF26F3F579637005ACD4834"
2020,490,20301321,FALSE,"1AC90206BE79C62D354E5BAA7FE7BEAB0B2E541D7E88DC90E40EBB54B327754C"
2020,491,20301322,FALSE,"8AC4724F739C31EDB0B07051B0FFC5DA0E144BE3BFBFBF14995B43E841B4B329"
2020,492,20301323,FALSE,"17B06F906F41719A41FB6ECDD5A74274377273C80561A9E586E8AC6AD8995DCF"
2020,493,20301324,FALSE,"67C9E82850D48E7E2F6B254320A4AF5620A73CE3E0F3561FD4D341B1A9B0E568"
2020,494,20301325,FALSE,"45E3E8073A85FD8018A915A47FAFB29DE3F61372FDD68A6003699ED353091C31"
2020,495,20301326,FALSE,"B7D6126C36B350896B3DD29710395E822E2CADDB34943A4D7F74B3DA5BDB1F78"
2020,496,20301327,FALSE,"605EFC9622755AF21D93351951FF361935E7DCC8B2355D6FBB5ACC6ED1EFB502"
2020,497,20301328,FALSE,"968144FB5FC0B84721337D7A8DD92BE8BAA09E09F0A719C49E134F7B91584824"
2020,498,20301329,FALSE,"9C6F9E997A59B18F3093DCE29FEEEE14ED9BC9A82F7576EA7D70AE4D684C505C"
2020,499,20301330,FALSE,"C7CFC3E8A8AD016D87BE507D946E74A083CF68C794150882513B69DD7E487058"
2020,500,20301331,FALSE,"175860370C982A481793661149E2E2B52EA1932E2167C7262EC11547EF5199FF"
2020,501,20301332,FALSE,"8624E8E3EEF8131A356B1F7867ED13860883E4EBACE9DEA59EEE93B68BB97CDB"
2020,502,20301333,FALSE,"06E772A4EDA50C97F9E6EAFD278405D0428896F16FAF55E58A20A001AD64CC4B"
2020,503,20301334,FALSE,"0BC8537E156C48E969363B1910589B11DB2FD4B3243F0C9A7957E456FC12F1BD"
2020,504,20301335,FALSE,"4A4100C3496C71CD9E6387D2336ECD9F566059D7808A88BA45EB32C854EB2556"
2020,505,20301336,FALSE,"C9BCC45547383F4E15FD97AD90863096B78962C455F0E8EC3C17A5683A59402F"
2020,506,20301337,FALSE,"54156A6365979E3AB662CDC2A4358AE9BDB829A61130F91247B0617A595212B3"
2020,507,20301338,FALSE,"74D6983F0AC382C68717413C3143A4458AF9F3259E7005440601BAF84649BC88"
2020,508,20301339,FALSE,"66912F0CA237ADBC05791E272E686AF2D2C4A23A990B9251E7251B71DAF2F870"
2020,509,20301340,FALSE,"B331C46E50CC32FC258FA77F2EA56C724275910746EA2398EACD88869BAFB688"
2020,510,20301341,FALSE,"FF9DC155106BB4866D137D553568807B13513A3C9B288C5F507DA739D431F776"
2020,511,20301342,FALSE,"FF8803375F5410D28ABF3EFA6DB4F9C8AA9B02E10F913DAC7DA5EAF4BFF24AE8"
2020,512,20301343,FALSE,"6E5AFE0E5D15EA10D97B371C9FBD98616ED2286972F7894FE617DA800AF4E2EA"
2020,513,20301344,FALSE,"44C7519D4B138360BD6016F19CB1B62CAE1441AFAF768B6ADE00001A11AC86EC"
2020,514,20301345,FALSE,"BBF95D1FE6072107F30DA9D9DADD364480F7FFA810AE99FDBE6E9FDA485A7124"
2020,515,20301346,FALSE,"8E2ECA522669E218C325962A0B65BFC83E3DB5EC2BE5F21A2421B198AAF1077A"
2020,516,20301347,FALSE,"7D9BDFE4E7BB838FEDD165E92932B12998637596592AAFE45EB52D3FB509E205"
2020,517,20301348,FALSE,"3208BC207B814506EFA21A6599CF4A158FFF21ED6812CD3439CE113B9B7FECEB"
2020,518,20301349,FALSE,"2B66B951B58B64A1347F7F198359734FFCAC393FAE8B29C7E36C6AFD2E9D7548"
2020,519,20301350,FALSE,"2D5C2CAE5C42E1F8232C68D16F024C3E17C107B6A7A976A49DC2B79231B5218E"
2020,520,20301351,FALSE,"17E916371461DD6B42F38295358C960A056AFD489CC89606E57F48B903D564DF"
2020,521,20301352,FALSE,"6E29E1C8F394237F0E96EAEB081EDE2B17BE41CB487A357E0A9E4FD90BA1927E"
2020,522,20301353,FALSE,"F106D0FB82468541ED3131580FA1D1A48606CA80D61068F15D608E8490D5B7F3"
2020,523,20301354,FALSE,"95DF86021CBE93BD0DC456609B60C67133E82DABE6E9570C1D72615CF9B5E287"
2020,524,20301355,FALSE,"000E30D522A532539E6006C66F60F08F91397B17C186C4F49C62DE84B15AAAB2"
2020,525,20301356,FALSE,"4AAA23CF33262EF21213157F2A8EA29E324C5607FD92D50D8A4928CF2DCC2223"
2020,526,20301357,FALSE,"9B8B70D5CA05F49760B41687233A2E2E817EC0425AF169431ABB5BEF56721D49"
2020,527,20301358,FALSE,"AEEA31B11343E350E432AE92DEA82742EA842EBB62774FE86CF66AE45ABF51B1"
2020,528,20301359,FALSE,"0E37C29B3FFAC35F562E06DB823296A93AA29497466D9C9AFE4030956EA7651E"
2020,529,20301360,FALSE,"8D1EF59F5833F4001BCEEEC804CFB88CFF8A5D558E62A32D8D704A1112285F70"
2020,530,20301361,FALSE,"6B31D4EAD789422A4EADAE6407A7754214351E0E29E8E1B670E39C45AB6D0400"
2020,531,20301362,FALSE,"2D72A03CEF0BF9966D75FC4280EED0AEEF1B398264CDE145E71FA0D567BC0404"
2020,532,20301363,FALSE,"06DAD4E51E357A3CF8A46B36159680416A0812FB710CF996C590DC5E744A0EB4"
2020,533,20301364,FALSE,"2EA26123AF5A9ABC620F96BDE8B145728850BC3CFC3A0396D586FFE0BDE97AA3"
2020,534,20301365,FALSE,"87B0B6717E4DC61B94B72FB85A5569421A9142FBCD60BA0EDE8D210FDE52BA65"
2020,535,20301366,FALSE,"84DD80EFE9AF650A76BC86293C7CE1D3208CBB99CAD34B1A2D7FAF0D3C314DEC"
2020,536,20301367,FALSE,"7E35202FD2D6137752ABCB7357FCA822D55C1665BC1CB68E6C70D1576A18AE80"
2020,537,20301368,FALSE,"0F2E1D1A213584391B7A9AAF009718DAC748F2A3F266064F7390E8E17F4E15D2"
2020,538,20301369,FALSE,"9418A6810220A7BA2B2092C498BA2836D2BCA338C33FEED9CCDDD2336855AC6D"
2020,539,20301370,FALSE,"A1A3EBA2CFBC0103B98AD72CE7CFAEC558FFB45B24A1FF764939FF10FA5A51D0"
2020,540,20301371,FALSE,"7DA3AFB8423414E6F99D047D8EB570312C98CE74E7687E480D50CE84CCA55B9B"
2020,541,20301372,FALSE,"E3B31F4BE5C8F8D45795A40002A9023D0E9142FD2C5DAC74D79E2DCC6BD3A505"
2020,542,20301373,FALSE,"EE9052193298FC133448891F84268D32BC41BD74F62072BAD216816FB8B6047C"
2020,543,20301374,FALSE,"3F78E2A9849AEB1DA34576AA83969DF7DF3B804CE60DB5D1C604E81DBCB02FF0"
2020,544,20301375,FALSE,"5BE68978EB145BA8EEB9691B890E1CC0A80C8297555C5E9A1798FFC41F6044C4"
2020,545,20301376,FALSE,"08AE143272362EB9429A925A29CD1782E490AFB52DBC7E5D381CAB0F84C8ECDC"
2020,546,20301377,FALSE,"755BEB6DD2E60A77A17191E2D49568C3DC33589C783667EA3A637092EA2EC3C9"
2020,547,20301378,FALSE,"62805F18BE1D85C0B79059558E1B8DDB07253C8440FD772ADEFFC8FB1626E926"
2020,548,20301379,FALSE,"09D5BA5E2F031D63C5869CAE320029419D0346B862F56D596A43DB7DF5615982"
2020,549,20301380,FALSE,"7AD1D79A7FB75B74DF73582B5DA3B7394FDFA8171E70B901F44ED1B68C0D3C37"
2020,550,20301381,FALSE,"97EC9132EC26FE79C46EE36EEF025C6773A689DC62CB997385D0C4A55A86F073"
2020,551,20301382,FALSE,"60862D5F3F5A5640D88AA7DCA0390FAEDD53E6118E2FE87A4716510FF97EAD19"
2020,552,20301383,FALSE,"046FFD2AA6F94ADC88C2CFF5BB9E69C4A9F5DF13266D5A3BF56968C39B4208FF"
2020,553,20301384,FALSE,"757CFF9760BDF4CE259E4F04382852DF1E1D20D43F9F6B95A7D7F5AFD8E30042"
2020,554,20301385,FALSE,"03D105DD37ABA48DFC4550CA3474D0423D75E4D913A929115627CF839DA09016"
2020,555,20301386,FALSE,"37C83FF066E26F26FDF2F64BC925AE0B192311BF67A6C3EFD2CA663A7954E9B9"
2020,556,20301387,FALSE,"A646B6AE8A8F9C37942FCAE87CA035DD4C847D4BBA3DC9A858E719908E16B1AC"
2020,557,20301388,FALSE,"41BD223371D8D2FA24385A903AEE7FFA2B0F1ACC0F0C343D82627B94D90D966C"
2020,558,20301389,FALSE,"1C74619131A71C88FFE14D8FCB44FAC69DDAD9B4953CAA089064AF9EFA8C1E57"
2020,559,20301390,FALSE,"05F0A842E19C8CF11AADDAE4F3B5718D38B4379C4245B7A332DFE23584E78A3F"
2020,560,20301391,FALSE,"8789106294262AE53F3D32AF80BEE2BAABC7350F73A162CFE21FB0C3A8F100D4"
2020,561,20301392,FALSE,"3685BCB8296791C20F69B70BF4F2277C280A04415E74AF6D54605AE9AB608915"
2020,562,20301393,FALSE,"70DF95BC18FD3B538449BD9CD67B77EB5AF7C76B705D57B1960F22B673331CEB"
2020,563,20301394,FALSE,"30A9272947A931E7AE159D6E8877B4E10786F46C19497B56A46B8C4ADE5271D0"
2020,564,20301395,FALSE,"3131CC914FD5D3BD9FB6979C6CB580C0FBE8B18D89E4025CDA40955F439CDC4C"
2020,565,20301396,FALSE,"3CF63014024189265AFE15FFE8079B998DA2EE978C072CB341A92A9F94E343B7"
2020,566,20301397,FALSE,"B587A2B35A642F30F77840EF601387EDBEADA9FD79EA6CB66B42C7E574EB5DE6"
2020,567,20301398,FALSE,"7F80A2397531039ADD25E86EE0DDA1ED170965E7E74A2AC2D8B60D26A0CA1A32"
2020,568,20301399,FALSE,"B01C0AD1F942E3954BD70140538DBEC00C8091BAB6598B633C1FAFFBD4110EB8"
2020,569,20301400,FALSE,"DCDF9FDBE1463F2928BA9289CA4173CFDE88919672128F9584E1451AC755D57E"
2020,570,20301401,FALSE,"8316BF80FC534F8C6929BEB51E9CD414442C1F207A46F55D1ABE8F8F271D6A80"
2020,571,20301402,FALSE,"CA27487CFA3F5AAE7D3C5EBD7E4DFAF3CA2CA41835F9C3BB210AB6637E76A99F"
2020,572,20301403,FALSE,"73BF76062A94DC10BBCFE5EB7D8A6018C0905CBA173F89821F1CF55E17A8328A"
2020,573,20301404,FALSE,"F39305CDF7023864DAB5B522681D57988503564E68CB37F6E574B85853565B54"
2020,574,20301405,FALSE,"DDD4EE8BA6C786412D161DB577A1EFBB383EADB2AD669395B4EEC63A54B9C619"
2020,575,20301406,FALSE,"0C552A6D5027807860DE814CA66BFBCB3B4EAB3631CA1B91E423C2F012EAADF3"
2020,576,20301407,FALSE,"1D58E0A51526C65B99452A0F88ACFE2B0ACF60FFFD9882BED0A5AC48EE2971CE"
2020,577,20301408,FALSE,"9E209D6B46E8BB195E30CEDE49240DCB889FE2CA389773953B4D8CA698073C58"
2020,578,20301409,FALSE,"03DA6EB1F98DBB5D41DDE2DC377C0999A7EE3D80CBDD20959C991E84F194995C"
2020,579,20301410,FALSE,"9CB641BFD666CB8EFB736BC9D38C6EF25832C90179FB61C5326CBD60B57E34E1"
2020,580,20301411,FALSE,"F5AD0EB86FDACE5DEA36EAB6747161342BC2972026F14E6E03E945DBC835727F"
2020,581,20301412,FALSE,"28E2CDABB68528AA01FBFDB93C7D8D0B4F16F2A0F80E134341DE080877053965"
2020,582,20301413,FALSE,"05DDBADAE6D59081E426877D32A1BDC59DBE07CAE936E060C54DE72BEEB3A63F"
2020,583,20301414,FALSE,"0B6BCC052D8F5D3659826D0463DA7F9C7AFC25FA98F42EC32BFFE43CBB8DF1D6"
2020,584,20301415,FALSE,"284C8326EC44E71C269ACB3047FB18E9026E7A55C333E251B05B40CD1190FE82"
2020,585,20301416,FALSE,"8EC3D5694422DA6C228186FC1D23A249638B009F403DE59514F5F20A35500378"
2020,586,20301417,FALSE,"A0F87EB88116D36BEB66F6265D2827D84A37E03527D5DA724AA17B3512DAB7EC"
2020,587,20301418,FALSE,"125E0416212ED86624502E02672C8FF860E53C434640081991711A4622DC4704"
2020,588,20301419,FALSE,"05BE3C5D8287DBED9452C97324CFE6CE19F26D384D782C1FF7D93E43BC6981EB"
2020,589,20301420,FALSE,"F3D585DACC232728F759ABC938F82A4A50C0C6776BC027EF5620E4154F94F8A3"
2020,590,20301421,FALSE,"BD83886D2EE065D2E98C5B5E5A0662C676163E3EAEC24268A75D3CAB3B79052E"
2020,591,20301422,FALSE,"57EF63DCECA0CB19EF96E31825585C0092423AC3DF90B96CBF3FF107EED2BC63"
2020,592,20301423,FALSE,"785E83F1BE9F0EA9F2712C6F5DC0B7A87A858C943AAEC95D872B0A33B4B76D28"
2020,593,20301424,FALSE,"CC9DBC9E738F051BED66A8CA1D50FE488359D5391E045F31751C83AE20421499"
2020,594,20301425,FALSE,"E5DC841443F36696DBE2C26B1E5572F71CD5B31F77511A60305B51102D24542C"
2020,595,20301426,FALSE,"7EB29FC2CDEB1ED33AFF3A92827FF61164D0442BC519D7C37502220219BB0E57"
2020,596,20301427,FALSE,"447ECE7C4E829976BAF7E90A9E2F14A65D2079E52B946F3781A2CB01123DA495"
2020,597,20301428,FALSE,"820DD2041DC9D867766E5B1569D43F7834B4D92F174B0F110B4F30148F86993A"
2020,598,20301429,FALSE,"68A0D40AEB41AF192E2647A00FBB8471606FAA4D5BC9E5D389A99E4DAA847D78"
2020,599,20301430,FALSE,"811033C7CD099B1114AA14D3E0772769BF4CBBC545CB29567CA8B100CCF2EC3F"
2020,600,20301431,FALSE,"FFAB82E17112D7984B1FC565E3C713C6CE0877EEC8533A3CD32C964D26E7D9A3"
2020,601,20301432,FALSE,"37C1A540B4311F594785FB3950BC7231AC27D45EAE5B2C592179ACEC7267C081"
2020,602,20301433,FALSE,"71618B5398F376132FDDF14F665B1B2085FA1424EC150D45FD6650AE7410B486"
2020,603,20301434,FALSE,"8CFE1A3D189E738246DC8449ADEB5A26DE65B9970677286E84852523023EAB7C"
2020,604,20301435,FALSE,"D8AE5997828BAD72D2AB3ADB29798D3A43326BB139FF4DCC8B0542394C2E8D49"
2020,605,20301436,FALSE,"F24D8838516A21FE1B9539F88A5393CC8DC2AA167F32955E2CC2E99EFF259F5E"
2020,606,20301437,FALSE,"56144D84DC38D5EFBF01511A6BE0E8CE986806596FB9898101DA7979634982BD"
2020,607,20301438,FALSE,"A4CC28F34BB1200E7C0D66419FBEB6A4F4352F215F529A469158C79251C47896"
2020,608,20301439,FALSE,"E29CCBBD34D60348F236A002D5AB0637FDBFCF2D1BF48908BF7AB91E2A0F04C4"
2020,609,20301440,FALSE,"AA85C2CC34D044141892D07D751286C1A884B3DE25E2C9F174E5DE52A29CEAAF"
2020,610,20301441,FALSE,"639633B5291F2840ED1D33204034E37FE5DB8ED377A44A3DC167898F8C62BF6B"
2020,611,20301442,FALSE,"CCC5B6237EAF6B7C7E7B285F323B1A4DE0A71C21B1DD23FC4159812AD91D0273"
2020,612,20301443,FALSE,"D51A6E2717987A384DACCFC1EE79AA5125A575EA81BD80030F09D1D48780958C"
2020,613,20301444,FALSE,"4136ECF7B06512641013E78E26D35A635BC107FA653A5C90B1DDD1D26607459C"
2020,614,20301445,FALSE,"D9FAA4FB0B5B6C7212008B5BFF1D8ABC7938E7311704493EE66B39FCE94BB700"
2020,615,20301446,FALSE,"138792912EA6AEF38DA095D1A002120521517DDDDBA9FCBBA742692B91502E58"
2020,616,20301447,FALSE,"BB662B2285821EBF85488F3B1936D71F8C4BFF2D144A1D01550ECEE4D621B62A"
2020,617,20301448,FALSE,"C8C80F521154E60541EEFC00AAE3EC92055D0FD038D05999D1709F5F52B2F09E"
2020,618,20301449,FALSE,"A4601B8FE891D10DD28F053153F0AC16650BD198D47557BDCC018F010694D636"
2020,619,20301450,FALSE,"4D53421BCADB96FA95203BEA3CEEC425EE613F4D87F22B6CD79F70B42267492D"
2020,620,20301451,FALSE,"053DEE8B7BA3C4661E666B9174B90A1EF524DFAF42404AAEB29F18CE729302A6"
2020,621,20301452,FALSE,"AC596E75EF7837FD7FD0ECA535F723474778C515B83F2112489841096DCA9240"
2020,622,20301453,FALSE,"A12D62154764817418B2FBB3D21C0DF95C58BFC65048FFC50A978DF45708D7F5"
2020,623,20301454,FALSE,"A8BBA95F03144072402D31D9A24372D93A38DA1E157B164F58491B7E6A33D31D"
2020,624,20301455,FALSE,"59E89C391FDABD6497C2775D6DCFA5EAC263334FA85899181BDC14A8BC9A4BBD"
2020,625,20301456,FALSE,"E77D450670588A130C04166D1BF569CDA3FBA75E08265B2B28EA4E23A8B6B361"
2020,626,20301457,FALSE,"A902F1CD45A29B3780D989EB37B9EE3FCDBF3C1D9ED7F89B7381A099A39B109F"
2020,627,20301458,FALSE,"9B77B62AD97EC421F30D15C9CA07B2BCE6E128B1E215FFD3C30F7F1DCCDE4F5A"
2020,628,20301459,FALSE,"6CF2588DE4C60DEA79DF3A84422F2375D027834571FE15741A804894EA481966"
2020,629,20301460,FALSE,"C565F2BAA7DAF58C2050B47B7B673297B5FB1CA6489EBC298D999CC6FA626295"
2020,630,20301461,FALSE,"678D2AA08F67582BFF858F0C7733045AC2EB343277096FBC778AA1940C3FF76F"
2020,631,20301462,FALSE,"9B12FDD781A1FCD59A7B336028D71C1CDE5109C19A9DAAE882CD6136E9FFFB99"
2020,632,20301463,FALSE,"EDCD53ABBDCF1310E9ED186A03CA2AEC3ECC10D8FAE1F081AED17E051E150762"
2020,633,20301464,FALSE,"C1CC7DAB33D7E9B74AD1D138CA0583CB67E095ED87B78E3D1E7F3A702DAA6942"
2020,634,20301465,FALSE,"DAC2184E7D34794C896EBA3376A0994B02B1E1ED9295459D2F4136068E153785"
2020,635,20301466,FALSE,"256363614F6778FC5B9B9406289744E4A0CECA0B3F397C0064F33E553BCDCEB2"
2020,636,20301467,FALSE,"0E4EF61BEA362170BB16B627A2659BEBA308FD31FCDF18DFE91A58330C23461C"
2020,637,20301468,FALSE,"6A72AE8398A3E89B7C35DAA84977AE59C965EEC056574229301F73347A7ADA12"
2020,638,20301469,FALSE,"03FB9D57248590BCF0D78CDE84801FE0DAB9E656E48C763508E143AC9147A2C1"
2020,639,20301470,FALSE,"7CA39FC9B62B157647237C7DCCC9216AE15650ED4809B87309173E320126463D"
2020,640,20301471,FALSE,"682E0EBA6EF89B99EBEE6273C0573406F8ED85083B1B1AB501AB569F36DD7E8D"
2020,641,20301472,FALSE,"DCF103E00CE10ADCC58DB6A6E858FE4E382A1966AED420370137D7BE5CFF4BD6"
2020,642,20301473,FALSE,"0D60DC10AF6578C2140B9B1191C001FE41F8EF03FF8E286E082088CC7D45DBC6"
2020,643,20301474,FALSE,"7ADFA703763759B86DE8FDF095104894B126A9D4391E4F788DF3C4F559F3FCA8"
2020,644,20301475,FALSE,"1ED21EDE95AE1390FE7F9B903AB71FB6B7066E0AC6A32A79AA7B818E30FE6FE4"
2020,645,20301476,FALSE,"7F6BDD80D2AA2DB18FDCC1B4D147E56F338562CB6B5E2396F6920D46F9B76854"
2020,646,20301477,FALSE,"A7C1679F1CABD7D10795E7B0FFDDE473D8A98730673C05A8B8EC62A0D729B0DB"
2020,647,20301478,FALSE,"C9116922BAFDA51B7C636B3154AC9BAEE665BDFD64542C7AC022A33F8ED9E3E9"
2020,648,20301479,FALSE,"28725C00EF0E5E63369D0099F12BD8E08671FC5327E83E1B4B6330F7B431BB8F"
2020,649,20301480,FALSE,"A565E0503D24DE0331108AD8A301990421A0EA0FF59E39079D8CAC4B09CC6851"
2020,650,20301481,FALSE,"8C6F7318822FBB69883E4D1B21E0F645ED3EF9A1D422A10A2207FDD81751CB7A"
2020,651,20301482,FALSE,"2EA37C076D4D6828AECCF3AC6D234EA16F9F005DC9B81F3BA4B6BCEEECD84130"
2020,652,20301483,FALSE,"5CB9BCA42042A3C397CBC174C66E8150388B49CAA270FEE2ABE272BE192EA251"
2020,653,20301484,FALSE,"D299CA90AA56023B7117CEA29FBA663909527D7E775C2D9BE2BEE5D8E07A629E"
2020,654,20301485,FALSE,"F2033C46AEBE6FDD908B7E6644E37B6061BC61F1165E75B0523FF0CC4DE102F9"
2020,655,20301486,FALSE,"7A4316C4C36D4ED8BD1E216D46AE2C3581E262BD1003FB368EDB0986DE80236A"
2020,656,20301487,FALSE,"28952557A16C4253B704068C1F1B9E8B7B284DD1CC62FBB4B6E49F13EAC13B19"
2020,657,20301488,FALSE,"FEAABE094544DCCFDEB860A106A4F98F1FD6CC4143F2EF7565D28C569588A284"
2020,658,20301489,FALSE,"E787EFE20CE31A969E8126AC450B6D20518641B0BADF65A7937047B1F65E1C81"
2020,659,20301490,FALSE,"63C327DA68C1F3C7C86600CF06C2193D0A4DAE8E1240518038E55FB210A44ED6"
2020,660,20301491,FALSE,"B32D8F65EAFC5014CC9FE9623810233E94990F1E97383341B8CFAE8F16C0BDE1"
2020,661,20301492,FALSE,"63AB300DCB2AF0B124801D87A66874F13759143980E42A928DE10EBBDECB860D"
2020,662,20301493,FALSE,"BC64FAF9983A51369DDCD84DE84541332D341EFDE43AE06B01A63D00C499D7B8"
2020,663,20301494,FALSE,"6487BDD19889A951FB2E5F66BB2A6869F234585270FA43C2DA47DF0035F2F620"
2020,664,20301495,FALSE,"1708B0FB1B071828BB49A011EF2A7DD14F407B4B1120998593A70507374E363D"
2020,665,20301496,FALSE,"E495CE023147D217B54A9B91913CCC4D3869DFA06DC45E7A9B38DBBCF58591A3"
2020,666,20301497,FALSE,"1CF13247B22B8DA842450960663B5DA7CB0EC3D26B85346BB48CD768CC356D29"
2020,667,20301498,FALSE,"AB1FCECD9D1366EAC2BD00A69E2EF2171A6B5574918C4B96236F0242209BF937"
2020,668,20301499,FALSE,"E5F54F211A674F831867E6379D7B704E29F31EE17FEB17D8D4A590F91705E12E"
2020,669,20301500,FALSE,"8D6B3A09D25D3492024E417CEE48E7903E8C85640061285A75C05608E712B3E4"
2020,670,20301501,FALSE,"0FE73B6363A05E747E0BA0E5818889FE727C8A7BE4D6AC09E8B13E9B2D3E415C"
2020,671,20301502,FALSE,"9BC68CCC6F56F3C14DE97A276FA3BC19E23E9151301399188EC42380F359733D"
2020,672,20301503,FALSE,"D7CF3C2BCD0B5C2A26735C710C4C90E83FA9C581D91EFC9F81B79FF7E6315A2F"
2020,673,20301504,FALSE,"798BF84E9E1C3267A4B33F81047AA15DE775BE4F027C77E17889399F3CB3BF45"
2020,674,20301505,FALSE,"68028A7C3A6C6C2751EC11A3955CE9F700863F2DE481DA21C465D8CB119EE3AE"
2020,675,20301506,FALSE,"DBA401216DC22BE406F78812725BC87935D89768DD0B0457FD2B9C18222F801C"
2020,676,20301507,FALSE,"DC8727AE4BD1F8F7FDA8ED24C85A88246781DF91B15D21886E4EDA9B7C007132"
2020,677,20301508,FALSE,"AF1048F1FEA93B109ADE17B5F1BEF1A72093A04D8C7197786F884D8382F9CF04"
2020,678,20301509,FALSE,"A1CB98287740675C98ADC0B1CC0CBB3D35903A17C3C1A05E72B0FAFE0B91B186"
2020,679,20301510,FALSE,"EE202032A68579EBB0A3E1BDD15D8069AA7142D0FB550B58A35285E686F13EB0"
2020,680,20301511,FALSE,"BE078B7152E1BEF19C2C751599F357D755389A8215483DB51B5D106B4C76DD22"
2020,681,20301512,FALSE,"620D336613323DCE62B6079BCD70AF0D2EE37D0508C1579F1DF8C637B50276A2"
2020,682,20301513,FALSE,"15159309433FECF5CA70A24F4469FEFBF93AB8A1C3637675F628BD93FDB6C0FD"
2020,683,20301514,FALSE,"5595CB928CB65B47143EEF936AFFE841BC293F9C43F785A1EDB8163D225556AF"
2020,684,20301515,FALSE,"FA2C6E7450B4CEB25274983189D1AAEC9F26A1E9819D82C873A267AA545FEB5F"
2020,685,20301516,FALSE,"1F6A99CEFC7A5EEC69C8F3B9AE800100976C91F3167DCA1A5D0B820B23B9D1A8"
2020,686,20301517,FALSE,"F61C66A79796FF196668987AD51DF37C685C470B34E50211908B7B4CB55DA807"
2020,687,20301518,FALSE,"DF84960327533FF452B40C776DD552B92958EBA2DF4F823FD985F4151424E9A9"
2020,688,20301519,FALSE,"EAE56F97DF19C6FDD651766BB08D0EB70E5DF4C1E3CF72A100FEF0EBC51F471E"
2020,689,20301520,FALSE,"509A1D5D7CF11ADD956332348625593E8258FD19B2CE7C5750B861769E9AEC7A"
2020,690,20301521,FALSE,"35433A3F347CB93DF74E4F460E96377B1354FA3B8228F65C2D38B19F99EC22E3"
2020,691,20301522,FALSE,"71303040ABD8E3357C15974B541A7949523DAADD44598221B35B953F4D094010"
2020,692,20301523,FALSE,"882190D530A976096BD7939C480B72A5ABF70EA10E642A5DC427960145ECF4FD"
2020,693,20301524,FALSE,"A7168942E5DB494756A0AC4734360560D5688122CCD6AC06C032DC8634B7DAD0"
2020,694,20301525,FALSE,"6E381B30FD6E423DD39638C1098590D8656D4E103B2CB20E7FDA787EEF4A0F25"
2020,695,20301526,FALSE,"A8A383D45EE8037BB91908A46A2E43077C8FA9FC97A5C48BACDD2662F24C3B00"
2020,696,20301527,FALSE,"02F0BC602C7B7F97728E1DC457949965A886090FDCFFFD90D6EDEE69BBA58971"
2020,697,20301528,FALSE,"727703515FC3B6468B4AA3FF00797BC8FEE449A91A22BE3DB6D59EE3988CE86C"
2020,698,20301529,FALSE,"F771619C7769C79AFD246F0CB98CAD79D5E95E100D9A53AB58F0232605441966"
2020,699,20301530,FALSE,"1141898EDF5699F9D6B68F3F46AAE8E1024BC9FD52DE149C5073387EBE2D3E52"
2020,700,20301531,FALSE,"42E24DC061E0269A2F2052BDEF56E4A5195363F9D79D6AE4EB015D8F820A7D09"
2020,701,20301532,FALSE,"F646A62E5C746231D6DD57F8178FC092568AF449E7F8F8F27A3608ABFD3E1D25"
2020,702,20301533,FALSE,"AA68CDF407A0EE69FA120083CDEEFE4F96865917A0C364E5EC18A93E03633220"
2020,703,20301534,FALSE,"180A14989B7D57D87FCA5727AD0DEE89905F3DF700C8DF979264E473CE691E3F"
2020,704,20301535,FALSE,"DEDEF3140EF0BAF6E85502FCFC66E94971184B865057E1BDDDDCC938BFFE6C55"
2020,705,20301536,FALSE,"A325933CAD2360DE01CC00733308CE5BCF0F312802ED94E9F8A81701F242F25C"
2020,706,20301537,FALSE,"A7A7E980F8392A5282CAD74975EC6E33F96C97E7F2EB9548B5ABF6FDEF65C540"
2020,707,20301538,FALSE,"05C811254C6D4F62FCF850EAE024E17ED2772D556B16171779A77A88E29F6F25"
2020,708,20301539,FALSE,"57312034508A0917ADE61690056FA5384962B0EB2EA3A39AAEDCE157A569282B"
2020,709,20301540,FALSE,"8313029B43730C2A4D995AF5E7E5DED7736EC07E50CA88350318C750B362BF52"
2020,710,20301541,FALSE,"5785C73F531D10BE5C7A09C1B61E20FCFA7B3595CAF448F68EE46E4F00CB20F8"
2020,711,20301542,FALSE,"9CAF91828B5423635E3B9D3EEA8653C708D2FB258A8ED189A1034C61F6B3EE48"
2020,712,20301543,FALSE,"976F2EEA171CB3E032445519840659FC60392A38E4245595804E77F8B147873C"
2020,713,20301544,FALSE,"F668609D78A4D8A446D2C713C495AE0E44B5B7FCECF422594FB414D098E1BE12"
2020,714,20301545,FALSE,"0A4B0C3C5EA2E03FCFC12970E2221C496AC128DF826108910954CE6653BA4CF7"
2020,715,20301546,FALSE,"F7A7E23434BBE21DEAC508E09F923CE8CFB51D39CA51FC94DCE55FC5F0C25342"
2020,716,20301547,FALSE,"CAAC0C0A0EC010D3CADC51E8D50ED11596F53DB3463847E67B743D5761F46852"
2020,717,20301548,FALSE,"3AC3580F7494B89DA6066A973F39101F1B9E15AD0A55E37C1717E0F9E613E5B1"
2020,718,20301549,FALSE,"26F2E2F37AB98A8D7EA663E6D999C609DBCCF08129BA7F08FCF00E9D75483E86"
2020,719,20301550,FALSE,"87677FD31DC18A5BAA562585B11F2CDAD64FA3A08D1AAEC2B8CDAB6F4FD67C6A"
2020,720,20301551,FALSE,"5A75E18B20C6F9E87D79E3703A7FD8AD601F1CE48CEEA95F760157BCBECB4625"
2020,721,20301552,FALSE,"86D9D7941FED5B9566F13DDDCF2C3C18E18E00CA58EE1138B8C1DED17C91E69B"
2020,722,20301553,FALSE,"E38FF3A18CF3AB539D5AF17C9B8C021C91EC978D2347C607A9C22F7B741CAC09"
2020,723,20301554,FALSE,"A6B395676B0138C19D188F562F9363C1E67BC577B2DED062A4C649D89A4ECCFD"
2020,724,20301555,FALSE,"4509B2A57F3E7CB1350562773CD43C8BE245B5918086038F1499EB5BE2C1AF04"
2020,725,20301556,FALSE,"6C4351BFE35F0597935A0396591A9B5F050037741BB86B8F61F2ADF431C9E5E8"
2020,726,20301557,FALSE,"5E59C33A40004EF40FB7217D55ADC15594C17FE89DC1F0B2E0C4037DEC77313C"
2020,727,20301558,FALSE,"95FB991AD4D6044F90B19DF6C085F03357109229CA8BD0CF55564A65A4CD2F49"
2020,728,20301559,FALSE,"5DEA28C14890D44F5032D953B20EF0FE5BD620F80CFF962708FB2680E0378FB1"
2020,729,20301560,FALSE,"0E8275A3AE495A397E408A67B0CA29CDADC0B0E29646BE5DCCBFFB4507EB02A2"
2020,730,20301561,FALSE,"55C453CC5010015EA580D68E56BD23B5F7DF7ACA1E8A3B7E23C3421BE9D7299A"
2020,731,20301562,FALSE,"279F8AFB90A01BCF0189F1F60A08AD7B3D5659DE70F13D528742A6CE9283C518"
2020,732,20301563,FALSE,"5011F8D246858CDBC2B050CDCBE695C07FE59ED8AB59E6F8FAC821C4BFCFCD32"
2020,733,20301564,FALSE,"FE7C68C8E63E9F89F4B6D9FB00DE74FA88130CD285DBDEA0F2191D2EC8B3DDBA"
2020,734,20301565,FALSE,"0921283F27C31758147FD4A495DF42340550E08F482A0F61A5A5B4CBDC0178B5"
2020,735,20301566,FALSE,"31B8B65B9BC0A4B52276C6E61FE883786437DF145F6AA92EDCC2A56189A1FA7F"
2020,736,20301567,FALSE,"6461A18D0216D55047736BA450A8E7F781B59135C6B59C368911FE2E4592FE8A"
2020,737,20301568,FALSE,"E0F0778FE030797B17A6003F864000127CFE9B0D5EAE430ACBCBD3789FE6B3C4"
2020,738,20301569,FALSE,"DB5178C40423906BA42645ECD4DA732AC39E51619677FD62E158631B7BC28B17"
2020,739,20301570,FALSE,"C88667C388D1539EAC8CBF3B75E54AF5366ED5D602C818F19B518545BE5B79DB"
2020,740,20301571,FALSE,"E880E7556441CD2775CE85E2ABC3427BE748F1C2D3A71FEFE17641BD73001A34"
2020,741,20301572,FALSE,"283C41A396C0444729158B0F9A427610405F1207DAD1179C35EF372CC5516494"
2020,742,20301573,FALSE,"F3FDE711E34DD7E9DC7588CB673CA054F3B8AACEC28D6B711D41DA455CF281BC"
2020,743,20301574,FALSE,"9A30F44CFE35DFAF6664C339F8B20CDA4328AA9754D68EF8FA5252B800DEA728"
2020,744,20301575,FALSE,"963FD1C215F21FCEF1E059C581942EED6FDE69ACBBCFAA7C978522D79341B093"
2020,745,20301576,FALSE,"4F02A39262C6AB12D0AC7BE468922E42B1A0D627C201E62B34DB7691BA80125F"
2020,746,20301577,FALSE,"6DA00144EDE1FDB3ADD7F94CADB6DA576C17059EDF6DA85D5AE86DF3515C158A"
2020,747,20301578,FALSE,"AB57699A9EB3DA6E4289FD6A3C34D8758ECA61927BF20CB7C5E2EB50D5AE63FC"
2020,748,20301579,FALSE,"1A23EB1D5F313B1ED523A7E2C9A6C748B082A2F93F3FD4CCF1464EFA0095C188"
2020,749,20301580,FALSE,"2B82C9AF05051BA65E7D93CB7034CE57A07C0ABED1830C28EA894070C81EAF29"
2020,750,20301581,FALSE,"9FD23C835A091E210404002DFC1C4B282FC673E2431A002D5F1A00C07AAFB0A9"
2020,751,20301582,FALSE,"3E08CD08739B9402BA465BA18422AB4292CC2AB743BC03673B819A38FAFEAFF7"
2020,752,20301583,FALSE,"263AC2A32D5EB6333EA7C38A4A374D9561573D0FABEE6D1B6B983445775E888B"
2020,753,20301584,FALSE,"9296E5CC35CE1D855E5669FFBCEFA5E79013BE32054C1C2FF39B316196218BD3"
2020,754,20301585,FALSE,"E0FBFD0BF22F150F414EAC30CCE66526DBC3062D529684A334AF3F3627DA4F64"
2020,755,20301586,FALSE,"12355132D25B68F1DF43CE411083B0A38AEE54E1908480E9B9B39CAB3B3B3F9D"
2020,756,20301587,FALSE,"8E2A1BA1D8C6944CE7783CD595E820B9342FBFB65B412A7134BCDB1144BF93DE"
2020,757,20301588,FALSE,"F865A65CFF8D7BDCCB515529FD8761157559658BB870950110D9BFEB09626EC5"
2020,758,20301589,FALSE,"F4E830034DD340D3B8AFE1BB3A854ED0E2F283CEB8519F29E24F6F3004A203E1"
2020,759,20301590,FALSE,"F51A57CD9062C8201C6FBB65D3776D77CD7C8394E8301093206BEF19C41DD449"
2020,760,20301591,FALSE,"009ABB2F021A7CECAC08283353AC9210CB2E56E4ED51E6493BC5031C0FE3DEC4"
2020,761,20301592,FALSE,"4D536A9B55B0FE5CFF2C7620A29BF1F0A225BF7495F9EC576FC1EB431E9953AA"
2020,762,20301593,FALSE,"C5103F819D2A31326125E6142BE11745473244EECBB3AC6C0DF0FE1048629D03"
2020,763,20301594,FALSE,"043E8494754031E90B23869E2D59194CC9D6D0D1DE292F8F4EDB04AD5B5CA927"
2020,764,20301595,FALSE,"470C6EDE3299A5EF06C2DAD2D39EC0EB8518A1B8F0529B17746301EC9F845D62"
2020,765,20301596,FALSE,"1A6D49E292BCA5E62EBAD55B7C818DCE86AAB487A3B33E3DF8CFA7B71459FE15"
2020,766,20301597,FALSE,"C03E37F6EA4C581310A4542BE17AF1093F840B9028B7DBCB5ED78377D236D6F0"
2020,767,20301598,FALSE,"5E29C344A2AB769252E5443E8FD27002E335797A01B5283A7D13ABD68BE6E0F4"
2020,768,20301599,FALSE,"CC8E7945E86481983725A4FC0501D87CF0F280E830B85DD5A6B6B061785A6AD3"
2020,769,20301600,FALSE,"F271A3505E136762FD57EFDCABA747B360CB7000B042F913F27706F1BD960278"
2020,770,20301601,FALSE,"C46383587EAD72DA496EAD7CEC95A45D70E127E2542350F29C1D5A4F7525D73D"
2020,771,20301602,FALSE,"63CFA94AC9CEC5F1534871C52F8B7B34CD4EB2FF32BCE904C76EE9DF7DD65034"
2020,772,20301603,FALSE,"1978C7D58A5F10C28ED5FB3EE9D85D2354212ED41B27DF229D3FC52A34B3EEEA"
2020,773,20301604,FALSE,"1E291DF6FD7B6034D9B65C98CCBB9DD9C8374CA793E17844F49B212B8BA9C24E"
2020,774,20301605,FALSE,"51DC05B27BAFDA0BCEDC481FA905A66F4888C4DF11F17605D04AB9572B76C7E2"
2020,775,20301606,FALSE,"ADC34EF40FDF4EDEF72E28F098F46C066EE8CC0ABCCE8E6B192A642B18C1BEC3"
2020,776,20301607,FALSE,"D46D41FBA9FD672043033087B64112B97CC3541913D7684C14F453750FB26465"
2020,777,20301608,FALSE,"1966C556205A9C115E9083CA3301E7ED015FA28DAB66EFD72F99C862B8BB50B0"
2020,778,20301609,FALSE,"3F4F35501BEFD93A273D40335CFCDEA59B326BD2731AC74D6420CBA59A4EAD73"
2020,779,20301610,FALSE,"AEAF52D3E0FDFED30D6270D50C0C94B1072D760B36652A40CE9F1AE1CC1EE54E"
2020,780,20301611,FALSE,"980606077F269F410BB8C80CE8F21F8CFF9B6A9A8DC5DAFC3AF8C600CA091C5C"
2020,781,20301612,FALSE,"BFD60988AA1E8B1838A19C25392A2D60E5CBB8AAA628ADE132B67DFF697518A3"
2020,782,20301613,FALSE,"22C57E621524F4F4EA1C55B1518A0F57CBE0F22E6DF4F4A0C86B3F2E2A5BC8A9"
2020,783,20301614,FALSE,"DF06934EAA332B9CA7D3FC041D9BC8B3C56DD1101034031ED26CDD465E315D75"
2020,784,20301615,FALSE,"9DAB0D46210D1419DB302E3C3CCACC668D4D3AD61F51A58DA1CDF4E175E96D37"
2020,785,20301616,FALSE,"DE9A808BDD95F6DDE5B15AA20C098A7A10F9052AEDE5CF82B7C939FE1F4BE99E"
2020,786,20301617,FALSE,"3AAB2FD1E7858A829D9C025E35F3EC4CAA969A33CE1DF5104230AD1888868475"
2020,787,20301618,FALSE,"4B9EF1620263ECD3B1D90B1B16FCBCAD2D360332DA68F7DE8FA66458C7703787"
2020,788,20301619,FALSE,"26B83D06DDBBE711582305DC8AC2C1D669E22D32C32BC6FAF569FA573BD523A8"
2020,789,20301620,FALSE,"FB0A9B9D1ACA0AF157E37E1A47543973A50BD1F4E67F5E615322D3445D9B9876"
2020,790,20301621,FALSE,"3FFFD46BAAAACC85F48CC27EA046E24F87438B1A2EDFAB3F6DA60A9F5D18920D"
2020,791,20301622,FALSE,"55A325757CE9B63B3D5E9012FAC1D250554363D9E4FC9B577B53EA7B15780014"
2020,792,20301623,FALSE,"4799CE71A74B49EE53F6BDFB27466E6B82DE024D391AF778740C0139C887A2AD"
2020,793,20301624,FALSE,"03DBF38C8327D65F755449BAF9547DE41B3DEB0599D2300C23A3D031850F6552"
2020,794,20301625,FALSE,"F2863AF3A46E6F92173369CBD4757803BC048787BFD9124C717E00F126EC6D30"
2020,795,20301626,FALSE,"48AC5904449FA08CC2F397DC36747DD5AAE9CB9AD877BEBE534877D3E8F95927"
2020,796,20301627,FALSE,"9A8B24C18D17CD29DEAF1B35FBE96FFF465228717F326651F0288132A3147499"
2020,797,20301628,FALSE,"6E7F098DA9F29671D61034EA715126191AAFD38CADB78082BEBFA2C01A69D06F"
2020,798,20301629,FALSE,"566EAB829BEDE122DD0C2F80E270AF8F77F5FB0BF4DCA288EEFE3F1A1FA88700"
2020,799,20301630,FALSE,"4FFBC04A17E861A53369620DF33C439CAEFCD983822877B9F7E293DA125F6AC8"
2020,800,20301631,FALSE,"F3F6695655828EFCF2A341FDA5D86B13274E613FB25C2FDE1A9321AD7E6877D8"
2020,801,20301632,FALSE,"8E27C414F51BDC32D614D337D68BAA681634ED8DA883378AE75CC85F4AF07FFE"
2020,802,20301633,FALSE,"20B29BBF3971A938C5982A4B32DAFEEFD3CC05D6ECD0E650AB660157A70C29F5"
2020,803,20301634,FALSE,"BD2A777037462A1598549AAFB7BE37BBB024D1676E8DDACF2E725DC6F7F5BCBC"
2020,804,20301635,FALSE,"FA3113AE7C0D259BA734F2CF8B12296B259300CAE8CD4B7245EE0913DE824FD0"
2020,805,20301636,FALSE,"F8E27BC70C8DD63006227FF3A115C58F5344501D3FE7FB597C4D377E7D97565C"
2020,806,20301637,FALSE,"12F9827AD76D985ED875FA483E97EEAE90449650B9D306978C7824AE623E8151"
2020,807,20301638,FALSE,"7FD351F9140A451FEF0642A0BF8827FEF82BA25EE00FBF9D0B6BE35B008E77D4"
2020,808,20301639,FALSE,"328A9801D1073A2C5B955E678A0CB7F5B2A9AC709BAF9640D2E7F8DDF0F5DC5E"
2020,809,20301640,FALSE,"54B4B644C8D4936686E812F043C169B701980306999202E0D80912A7BFC858BF"
2020,810,20301641,FALSE,"F36673288A1B741663C070858439D4FC6B8D33C799E480D18CF332750C35B8B9"
2020,811,20301642,FALSE,"59BC4B0575CCFE1D618F56D0DF98EF6DC201FDE43E4F168894F19B71871B479B"
2020,812,20301643,FALSE,"C63AA7F9A2553427DF34B21F6CE9420E780855BD81AA5D3595198CD606385F2D"
2020,813,20301644,FALSE,"0C95A34BF966F521AE8972B535C024E090900D573559D8A25F28383265A47260"
2020,814,20301645,FALSE,"5B0D497005D30E99D267F91FBD8D2E5B717C3D5A17F81847BE95869AB106EE4E"
2020,815,20301646,FALSE,"E3B8278CF7348C504C58AE61395324176ED25A730FE18532046384477A2EE8E2"
2020,816,20301647,FALSE,"DD11B7CFEDDDDE06A6BDFFDC51FACA627A834F6BA0AA11059FD18A6F2E7D2C04"
2020,817,20301648,FALSE,"9F419E3227FE68D87F1C572E9C0B69A045D625454D93412667E33449DADAE294"
2020,818,20301649,FALSE,"1FEEEB4316C43027DE360807A96D723C52287989C75EE34968D99EEF260E7337"
2020,819,20301650,FALSE,"0A15480BB05F727F9DCB29D843F3125D343864C7CBA4D5EF9411A85CC2A314B6"
2020,820,20301651,FALSE,"3BCDB40BAC72F07E2BE34F018BBCE2CBA803379EBB98C71AA7A803261E34F224"
2020,821,20301652,FALSE,"33DB0B95734A0F43BF135D1B374E802B34541E7736F0614FBA5A336AF4BE841B"
2020,822,20301653,FALSE,"DF8AABD5F7389C02EAC67F0127F211282D90DDEA1C16112C0676724B0AEDF14E"
2020,823,20301654,FALSE,"B1386CE703CB04209B0CE953191EABBC2B009C9CE9592D38553878B3E1CAEC9B"
2020,824,20301655,FALSE,"C7BD6676B427D3C659B9D946AA3F13A6DAC9CBEBF6E27B03897C8AFC6C51D91A"
2020,825,20301656,FALSE,"DEC3430C2C9F21F84AC3C9B87B2769101C1E98AFE98DD851DD2D0D16284D6139"
2020,826,20301657,FALSE,"9FFFE0EA6623D805634C768D1FF8F06D7B6240562E6B8A0ABE38CDC3C2CACD29"
2020,827,20301658,FALSE,"2C64EED87EB145AA2109187BB7F361D1E16373EDC26D3F2B90D6255F30378A4E"
2020,828,20301659,FALSE,"E9AFCF6D2C4DEBB2964D39ABD8842958305C0097012ACD860383393F0D7D6E2C"
2020,829,20301660,FALSE,"82591F08D8D93D11B5DFF2DA2AB400239543C9EE1B9DAED9752E7A5CB3A71134"
2020,830,20301661,FALSE,"737FDFD2F518E88F552945A51EBE84C1D4651EB4C1346AD8EEA6A28149AA22C3"
2020,831,20301662,FALSE,"98EEEF1145110D51CA17DF6C0A69571FD2B166878044EB0829F095E08885251F"
2020,832,20301663,FALSE,"25F58AEF58D3170BB15659861F46934C7FF3E5FA6FFDCF12CFC144C9E3497500"
2020,833,20301664,FALSE,"360FE2647787AB7F1307909D7A2B07EAF771F008BF56617162E2438E17FACA0E"
2020,834,20301665,FALSE,"F885370A8FB3EF6E25130E6813F83FDB6D403F1D34FA12D59CF8197FCE0D852F"
2020,835,20301666,FALSE,"4F365D01F92244485A46649A859825FD1557FB84211D3929870CC814685CCD41"
2020,836,20301667,FALSE,"365564771B8E80D23247368E5BB9A6E1F15DD1C5303009047BC85BF85AA11708"
2020,837,20301668,FALSE,"17A3E27528625C6659BAA82208490C6B9062021C847405423343DABBB1D7F795"
2020,838,20301669,FALSE,"447B74278654BDC8F235EACA0518393D0D95E2B78C67583DD13AB9878A325687"
2020,839,20301670,FALSE,"B2EFE9DCBB5A07295815E5CA9A9CB6C8078ABA7E1BE4A3847B53328A53077771"
2020,840,20301671,FALSE,"9C7F9E06CBF19CCBE5E8DE210EBA6DCCA560D0F7EDB46B8A17E834316C82F8FB"
2020,841,20301672,FALSE,"DC687B2990288535AB36DB21BFEA69AEAD88FE793F5200F0C10CED42473CB4FA"
2020,842,20301673,FALSE,"9BCA880FB84EF684616EA4D79039CCB74DFC7F043D2C63FA19484154C8C17256"
2020,843,20301674,FALSE,"537D4037CC8637E8EC09E95C2178304C7DE06CDAC57AF5BBC68AE9D092291C48"
2020,844,20301675,FALSE,"D4B37143D66E159C9B840BB7EF432E9E26ABC946FBCF83BCB18970F973C64B5E"
2020,845,20301676,FALSE,"A51F2DE77B808508661864244A26304A4EF91F61DAE0E56EE85F0C25DBC75C40"
2020,846,20301677,FALSE,"DB1EA77166D99D4057B08E28861B06906C4780C33FE1CD42ECC39B82879FFC4A"
2020,847,20301678,FALSE,"A3447C7252133450450D65300C25D56691C8D3D0A63DC162CF32E65426AC16FC"
2020,848,20301679,FALSE,"18D139B01A487993AF2BDC8CD20C37D1DA6F09BACE525188DDCB1FEB6A478637"
2020,849,20301680,FALSE,"C7492CF6824EF4F31668026FFB6FE6499D6EA17FD4A0FC6C24645AC3B8E05D6E"
2020,850,20301681,FALSE,"338B437D45124BA9858CE3C4FE08550787AB18664E9F5ED7C85BDD105C3B1D52"
2020,851,20301682,FALSE,"7A88299F4D995EA05B1A7CF616C67C155F2224A753093BAB0EAF06F9B811A6DE"
2020,852,20301683,FALSE,"FFBEC69C2AA1402ADA9F57FF61443A0D6AACB4A561B1313FE10A3B4F1EB7F571"
2020,853,20301684,FALSE,"745807D4226C9EF55E12790E97FAE221E6491D975E1C23AAB7773C1B87F7B53A"
2020,854,20301685,FALSE,"A1174CE67BD61590AD2C9884B3E061B124C779E5BE5D6F4128680DDB96E6A113"
2020,855,20301686,FALSE,"765206D07DE9BAC4686C643C9084DB7340E92D4095F58BDF264ECDF3DB830EF2"
2020,856,20301687,FALSE,"CFA72520BFD1C1BE4417BA7796067043B02240AA8DB03CB389C47ABB6A8AE3FE"
2020,857,20301688,FALSE,"5BE4A4AFF5570014E900B0E0A98454924B85F4000E80E9CDEEE226F51322839E"
2020,858,20301689,FALSE,"D07CDD2CCAB993E649F6168A177B49C53B45CD7E97E5C32D4E6B730E782CE400"
2020,859,20301690,FALSE,"9C6AC8CB884EF4BF1195CD55680A29A21FD76276FE96A87B4B4BBE1799FB062D"
2020,860,20301691,FALSE,"66C677DD18115D7C2DE34F4B1B72F78F89686E032D9D671D4C80D30861C4899F"
2020,861,20301692,FALSE,"6BFDE824297AF9A940608B95A6BC230E187B453630615CD1FC2899847FB5C31F"
2020,862,20301693,FALSE,"507BD4BFA3B7A5EE83F19E29B2DD7AD576AF85E0E8A0119AE58661FA3FE6913A"
2020,863,20301694,FALSE,"BD822E96707550C5AFA00F8EA5F041361CEFEA0816E775BFCB823BB60D136ED6"
2020,864,20301695,FALSE,"D10FFC3660FA458339B1E26C500AFBD1EE5FCA9B6253332ACD3D4159A7E70EE8"
2020,865,20301696,FALSE,"9D200511E7BE11C3C41A16A0AA52EB1CE3D64E60AC20FBB148734A75544A4F19"
2020,866,20301697,FALSE,"5A5926A57A913CC4F16BB32DC64C6C241EB9403A8D97AD1D8F9D47B81664FC74"
2020,867,20301698,FALSE,"5B41910862658A1472FDAB411776BEA4B07D44867848B65F6E23357AA859C9B0"
2020,868,20301699,FALSE,"F3CA85B3D32FEF1E8475C4BA1AA5F4737B91B6DF42475F571FD9CBAEC00B13F5"
2020,869,20301700,FALSE,"63AE0C30D6F082C1FC9B410F937AF870C11E537AFAC06395CC9878268FFDC5DF"
2020,870,20301701,FALSE,"3EB364F92B100732A57A5881632B9C9E9DDFD522E2858AEC7A7789FC5D1FFB5F"
2020,871,20301702,FALSE,"61EE5AC991FB44511D7C1B54956F60DEFCA72B3C219639D2466484B5E5750FAF"
2020,872,20301703,FALSE,"A80DA1827BEBE75A2F42CD1F9297B3CBEF31007E5AE8D6B7868C67691EFEC239"
2020,873,20301704,FALSE,"EA01FE0D09DE12C3B6583163052731A577C35591E6292B35FB4B1295B3549BF7"
2020,874,20301705,FALSE,"0B0144C730EB78D045A201BAD14386A56904D4AC5EC2B8B0D67D5497FB2AE892"
2020,875,20301706,FALSE,"BEEB93C80EA93D7CDA68F3BF885D4DEAFD59E5314029BBEBC7EAFB171A13D5D8"
2020,876,20301707,FALSE,"9F36F73ED5748F110AC17DC656ED74222E19B6D3F51996597DDE5BD81DAE22CB"
2020,877,20301708,FALSE,"E9AF45C30286735358BEC05CDC600F6BBAA49BC068FB18E823C8B041C5641915"
2020,878,20301709,FALSE,"541F4E51E2318084E2B85029285A2B10DDF2241D585C6EAF646FADEAECC98939"
2020,879,20301710,FALSE,"B1117B7C4D41E81E6EAA57551FB79E67365C6253DB3DD3C03067F4A59338C2DC"
2020,880,20301711,FALSE,"4C6F028752FB7CAC8C5B218BAC8451D91A964900AF2C90A6A9D890A025C019EA"
2020,881,20301712,FALSE,"8D614C6D999868AEDFFBFD684A874A4B50FDBB8FF11AA07F2D12F0033CA8F940"
2020,882,20301713,FALSE,"5E18BA29A6437C4705DC436A8B3F681EEC267CACD72AC78E9781C438CACFADC2"
2020,883,20301714,FALSE,"389EDE95C2D4AAC22E0311728D85F3277F27E7D7068F0C32354C919B186B8189"
2020,884,20301715,FALSE,"B50C0C3E1B3DBBDC1FA1DDD44F2C002160A62437B00E361E2C82B8D7B2B6A8DE"
2020,885,20301716,FALSE,"1B8A6DA193079D225D6B85B921B8F40ACC6A1719B39D22C7921B41E7F86B6EA0"
2020,886,20301717,FALSE,"5C795EAAE32E55487D5B06C4B3E1C863EE44459B0A43B8393166DC877DB58362"
2020,887,20301718,FALSE,"19EF89E675E0F33206EAA90DBF0545BD0B2ABB2922743F72FD2789B2A6323948"
2020,888,20301719,FALSE,"08AB98A89BA9A9266B810092CBA672C07B213AE1163D0AF902F2149EB8149409"
2020,889,20301720,FALSE,"A90918F179BE7CAE81FAB9686259AFF1C2CCC76E381D99470DB4D7DBFFBF9329"
2020,890,20301721,FALSE,"E05175CD7CE392605210B647676C6ADF6AE6E151581FE6FB23038C6F56545DA8"
2020,891,20301722,FALSE,"0FCCDAD7A88C73CA362CFDFEDEAAAE9A72FBCA2892F383D47EA5B4922623FD42"
2020,892,20301723,FALSE,"6753C983EEE24633C6D649423D6F342878F87350DC7B0744FBF9D70C0E9A8557"
2020,893,20301724,FALSE,"B2639421ADB3635135E4CC773A7C3CF911BE2DC55C4EBF81912299EA5D5AE5CB"
2020,894,20301725,FALSE,"188CA929164B88EE59134E024988B6971788D84A215A40DA4C52ACE5172F2771"
2020,895,20301726,FALSE,"A16C2D0C68CE9B69DC18C1E0423DD9A07711EFB12A6CF8A6AF5011E0231DCC3B"
2020,896,20301727,FALSE,"37E0F592E1B53108D1306DC4D66353C6E1339E97294B5884C2EDBA266972AD23"
2020,897,20301728,FALSE,"53C4DF05ECE24D717FC9F2AB977A115CE12153106CE45C61772BD2AECAE7DDD4"
2020,898,20301729,FALSE,"F86A0B6158F79B1C4345B5705973A3076ACF3098821864CF2BE8FD595B0AD4DF"
2020,899,20301730,FALSE,"34828F6010E2C7DE1529BA762606B39FDE64D490F7FAA466936D8CC0D83D8E9E"
2020,900,20301731,FALSE,"05DBD5E528278B05969D87522EE41BF01F0AE858F64820B1023AE192DD5B6752"
2020,901,20301732,FALSE,"719698EEC953D2B730C0F0F6317FFAA88FA0AF8A170F44B74A8CCFA023609298"
2020,902,20301733,FALSE,"C8FEA069D8C94A93DA70A9C87690D8BAC8830FC0928C02B3DA869A57A696D429"
2020,903,20301734,FALSE,"2B419ACED18C04159C7710EB988018F6D07F0D635502C8447DCA0A6EB61F11F9"
2020,904,20301735,FALSE,"DEB7D8D1A6EEB334D02DDEB5E18CF4BA4916C4C03AF8724C8BB43D67C3ECE2FD"
2020,905,20301736,FALSE,"2F95EA411B3C8814741CC97D523FFB296A6823BDF861399F3B9C46E1B360D5F8"
2020,906,20301737,FALSE,"1FD1768ED7A93551385A47EC176836D7B12AF889B86B91F0510B63BF585AD956"
2020,907,20301738,FALSE,"BA19AA4B85E23B724179C08DDA66FDBB1CA88C8C33DAF09BF8C098D82B0AE2F0"
2020,908,20301739,FALSE,"7544165FEF3B1A41378CC1B3B4585D578F61B4B7830C6CB612515F7D12B071EF"
2020,909,20301740,FALSE,"A4FAEEA213B1B4263F1F2622DF1104AF227ACEF700575EADE798EF46E510A10E"
2020,910,20301741,FALSE,"62D5E46C5D0F1F89AA58A6BA4EB730BFF21D2FA81337F04BE08CE59F9C69D497"
2020,911,20301742,FALSE,"E15DD8D69F733D07B4978445659D47FB2B0A1606A269B51485DF48DF7CE6F3F3"
2020,912,20301743,FALSE,"6CE27AF3754075F0322566FBD8CA41D7B2D57C7F2944634EAB7E7F0059279952"
2020,913,20301744,FALSE,"0664583DBC74C7D10B72EA943E9CE556AF5536C7851560AC1CD0B2BD53538B49"
2020,914,20301745,FALSE,"EA6AB54A39739920A455FED742FB1CC3456BAB175CDC3A476BEC291F88E2BE1F"
2020,915,20301746,FALSE,"F6765584EAEF21DD67866681793BF97C9439865329D50DE967031C235D05DFBE"
2020,916,20301747,FALSE,"D0D6E6E54823C46ADD1885F64FB435716F62F0A44D630190C404151CA8FB6D83"
2020,917,20301748,FALSE,"E6D9B6C8B0049ED464E9660B1EF3899FD79D33120D3BA1BDC21D0907DDECDEE9"
2020,918,20301749,FALSE,"3FF6251F1F4A4B368575D3BCBD36A3143925B57E425126714EBF6741A0F33D96"
2020,919,20301750,FALSE,"A695FC2107E4666D759E474B98F787B81727B5444E3FAF9AF99C0F21867568A1"
2020,920,20301751,FALSE,"9AA6E3BDFD083FD86AFE838E899814E7D08FC7B0A26EB9063F56014D6D1438C5"
2020,921,20301752,FALSE,"48DA70FD0A2442FF90B6BFE5D393BA9AC6057ACF05A4B1A1D95018C34A90B654"
2020,922,20301753,FALSE,"34CFC7C64F39773AA8DECC27F74EC3A335260B76CECD9A2555C9F4AF8FE5AC86"
2020,923,20301754,FALSE,"D20A46C546EBBBEBFE03386385427E967603FDB6E48611A8C9AAB8A61B8C5718"
2020,924,20301755,FALSE,"C78F9287BD13B8CC51A6FE9124FADFAD5411F01066B3BFF94C99461D24778C4A"
2020,925,20301756,FALSE,"9E1698D5F7E58593DFF82F97705B6C9668643FE1E56C793FB12BFCBA8BA3B5FD"
2020,926,20301757,FALSE,"B561088D843C4D54EDED005341EBAEFE931A50D0CB0F8F3282BE1844096C86DE"
2020,927,20301758,FALSE,"84D7428C93ACAF64FC182E5FC0F0044933F00AE68DF8C9DA17CC3649B33AA2DC"
2020,928,20301759,FALSE,"BCABF062F52EB29AC8803AE0EB847801376696A05F4DD7661C088B5FADAA1C97"
2020,929,20301760,FALSE,"C5BC4BAF721E6D69C46E50A825058414047ABEA7672961B394EADB94523801F4"
2020,930,20301761,FALSE,"A2F10AEF0F139F6B062BDD15AE62B089F775814FCD6180970A9B0BD1E3E5BBC4"
2020,931,20301762,FALSE,"ECBE8DDCF6E2FD4E218302E8E49C6FBA58F7ADF4009AE173B88C589F8B210598"
2020,932,20301763,FALSE,"E44BF93AD2C950EADC49E66C47E4BF380E941D196653010CC4389C2B124B4E25"
2020,933,20301764,FALSE,"6651D3797B2DE9FD845FD7588B21500CB00228BCFB0B2010C4A251C81A17E8B4"
2020,934,20301765,FALSE,"1D3FA75E6AA15094E562E3215C429722569D93F9E00066C41A180938A78B27F5"
2020,935,20301766,FALSE,"DA86BD3FA7B9015D9B9991524AAFD64BBF114FB8149C4DA8F23108D6FE229D89"
2020,936,20301767,FALSE,"E2566AFC2F9C5F92D824A2563CC4D58032364F8C3EEFED2B6826367E120C3B21"
2020,937,20301768,FALSE,"A3630B8213D209E8DA9B679281A4B8A8B7C289EC6AEBAF262475B1A7DB76ADA2"
2020,938,20301769,FALSE,"1274207BE8F74CF8570A12B0F971E8AECDFD391CE8454C8035065C22D462ABA5"
2020,939,20301770,FALSE,"AB5B609953B9BF32D57A38B05988C8B3C8F50AB56640EF3DEC08A6438CCE3615"
2020,940,20301771,FALSE,"775D2C6DE35D61C49A8482E5C96970F4BF848176DEFD36A45392293AAB60CBDD"
2020,941,20301772,FALSE,"DC449DD657D8B7F5F59C5FA78D9CB5BA0F08B0223E1F8FD6E5AE5BFC9AD94F9C"
2020,942,20301773,FALSE,"F26F3D04B7D2B7A1C61B60CD79ADCCAD407F785803B00546DFE5233AA1C1670E"
2020,943,20301774,FALSE,"15F62812D929AC0F54254BDE8F740232B1FC06307550F99D846AD61046C412B1"
2020,944,20301775,FALSE,"094CE43F4D2545C45B06E282141CC2AB527CE5830A04DC6D38C956A694CB0073"
2020,945,20301776,FALSE,"BF2D8A61A9C0B49DA668D3E307779DF39E3D961B4A39605D5C9724E46113B2F9"
2020,946,20301777,FALSE,"18C6270A71796DAD333C3C58E0172536CF4E6DED0DA2F081F9220C6EC97BCD13"
2020,947,20301778,FALSE,"9C6E34A69D720B6E67A334A0E2E8043BD7C42EED3D69562F4CCE24DA7CEC1D1E"
2020,948,20301779,FALSE,"C786DECBFCED55AB285C722923375EE2D42D80E0B0F4278CD7F935B1BFAE7D11"
2020,949,20301780,FALSE,"464CA192B28523E11F06D5A468A4F871D99619E1A84993630BCD9DDB82731E95"
2020,950,20301781,FALSE,"3F9ECEB87169F3E22B15F3733B807F86C08DF4A0E356DF4EBAA1ABADA77D03BD"
2020,951,20301782,FALSE,"225A8C7B69BA94964C2FB8DC8B60865A72C782ACE784014A06A728CA5121B02D"
2020,952,20301783,FALSE,"D729066074DF7CAA61CEFE5514028661E96211378834B0B7BB670521ADDEC7E9"
2020,953,20301784,FALSE,"9BB60DA1D0EB2DFE62C409F83239FB7A672A8B1154BD6C9EF75101C56DC5F85F"
2020,954,20301785,FALSE,"F3FFA795DE0164788A1953E0A5027B3DC442C504C57BB40992795FF9FC37D7AB"
2020,955,20301786,FALSE,"176AEE39F93DFBFEF0559D46FCB343E17BE7FAE957CE1B73DAB814CB64A3925C"
2020,956,20301787,FALSE,"3480DE00BA43F20CFCCAD616453A0F997800B1A2CBD1638D6093E44B9D8CAA50"
2020,957,20301788,FALSE,"335F241EB4289D32FFAC513E04982AE9F6AED9160422197BE5CCB580651DD1AF"
2020,958,20301789,FALSE,"019A28748A30C036FF48823AF755A2DC37EEFE29285C272423317CDDCD9E2EE6"
2020,959,20301790,FALSE,"88B42B7639A13E482AA4A689877C448CBD7EA8CD119479D708C34B844B80BE0B"
2020,960,20301791,FALSE,"97CF7DF6AF776172ACF960A186074FE574F602FB4616C14A320E7B672C18006B"
2020,961,20301792,FALSE,"EAA9BDB4CA09A9FEEA57E7606B24C1127EEC90F454243092DCCDF0A8A72463F6"
2020,962,20301793,FALSE,"4B44C7DF1389AE21D53F3B897D33021CA90B9E7B273636DEE4D85906BC63C98B"
2020,963,20301794,FALSE,"A5F7437933AC9C16D403969C60AB27A65E58AAA50C2B7BE7EAA5E641499B4E32"
2020,964,20301795,FALSE,"67EE55001E511E15AC1F97D6096B1F2B6A1549ED3677446D2012B995A9CF8286"
2020,965,20301796,FALSE,"F715CF1B91CDE02576AD12F01E41A3D484F9AD8B34EF1FD3DC9C92C57B8345C8"
2020,966,20301797,FALSE,"C694B954E1A66ED4714AA0C226C1924965FBD3B9A6A9609B93676093B45AD0C6"
2020,967,20301798,FALSE,"2EB2AE211632847C16413421DA46DDCC1860699B97CCDF4C0F1A7DEEA6E5E01B"
2020,968,20301799,FALSE,"7BD05607FA3704931263689EF54A4F450BE69D01DA4EE24E749EF3C9D34DAF68"
2020,969,20301800,FALSE,"6FBF884405F40C0683A979CF6BBAC8BF2257289395264C07FD1126C7E46BDE4F"
2020,970,20301801,FALSE,"02A42D86A2A2F97B1F8048704828BD0C0936B5A32A9CFAAC462B38A735B1F0FC"
2020,971,20301802,FALSE,"01E6B95DF44008D1B8886A51751091E06CF4BAF6EB2D5C57158331983D49B5E4"
2020,972,20301803,FALSE,"631F25BBCEFC2ED22A01F7BF28C175AC41E43C85061DADBB883357F86519F5E3"
2020,973,20301804,FALSE,"6EF333B4634F637CBB708D806E37C2AE70E6AB35F57FE5248AFD041BE0F055E0"
2020,974,20301805,FALSE,"B57BF6B4DF91FB6CC548A895D5AD92A7802B6F0850C462DEA7F2A54923F8876A"
2020,975,20301806,FALSE,"D88D26127E7E7B249240191353C11E5CD001B36B635DF09238663827546D2F25"
2020,976,20301807,FALSE,"AA3E7E47C74BB04AB4E91A46AF4A496371E9A1208F386751AEA09D04B9A2A0D9"
2020,977,20301808,FALSE,"635FFB8E0FF29225AF07939E98AF0EA322F8F994A569EE22CA08C5D10ABDDC4D"
2020,978,20301809,FALSE,"49781B95E69A51A494AB02338F9CC9E35AE8A330575403AFA0AC23F4809DD6E8"
2020,979,20301810,FALSE,"08EA6472318659B1040323BCA88952FD1BB9C30FD96949D1A872746248E59386"
2020,980,20301811,FALSE,"B185AEF050CB87F3342A1F84ABEC03AC641C7DA386AAB7F5A4F166F733D6624F"
2020,981,20301812,FALSE,"D42709D42AC17EF87F938038BB5E2D8E841EA9C6958B8AF43F53DA6DDB1C0B7E"
2020,982,20301813,FALSE,"9BDFFA37D4C8246A4D28F7D4CFD7F3C48B697656861A43A69DF7D95D9FA2A071"
2020,983,20301814,FALSE,"105054670B845B64D14A1EA330D2A2CB215F883A1F63C20871116A7DD1D0DC38"
2020,984,20301815,FALSE,"222ACBDAA906EADF295A473C5473E73BCA807B76B0B9715EE10858C76D7E70B0"
2020,985,20301816,FALSE,"84CF85CDEA3C962A28914701AFC06CBE40A20000EA5543CA033CB7116A9AD648"
2020,986,20301817,FALSE,"78A8551AFF720AD187A626CE0E9A6E448D6B8D27231270BC90C1061F973BBD57"
2020,987,20301818,FALSE,"56BF786B710A2717E1126A1D57BE2F2BD68E028F055B793317858BB83C86CF3B"
2020,988,20301819,FALSE,"E50D105E332E0F8F7EBFFB9F97D707A4DADAE337B5C022301FD71D7943FF0536"
2020,989,20301820,FALSE,"D14E6E5AE52EBC11C0B4CF077FA35FFF67A229A8B5EE69C78E271DAB21BEA54F"
2020,990,20301821,FALSE,"C784F16D479954606B5E0C1D47779A0D591126281E4EB76F2BD46923AF993E51"
2020,991,20301822,FALSE,"98632A19DA33A9661972872035F82C071F0F8D06AEB74A745C9852995871BF79"
2020,992,20301823,FALSE,"8FCF93CB47DE2CAAE111D1C68A436705AB0793EA2ECC7AFA58B5D0B9D1264D95"
2020,993,20301824,FALSE,"02B5128F8DCD4A456199A9C0E95711FB77BCD87A71623A44C641AF771F8D675A"
2020,994,20301825,FALSE,"56E48672C7765431F81E5FB08DE59EA03C29857143BC236B1013EE30A0F8A258"
2020,995,20301826,FALSE,"72E5F6469AFFC7AA7F4CED13096EA2B9BCE2E7BB0961F2796B536422306ECF59"
2020,996,20301827,FALSE,"CC230BD939E65617D8AAAF2F5F7681755E4377C7606705D050F423FEBDF7489F"
2020,997,20301828,FALSE,"669967CECABE4E3A2D3961C1929958A884CDA87A9BF290D2F887405BD5B7E6DF"
2020,998,20301829,FALSE,"FD9EA66018EB58403C4C716FA678DBA9DE0E5982747F9690551CD202F8EEAC4F"
2020,999,20301830,FALSE,"92CF1F668BC804D5F08A4E0F66CB0AE66C7F23899657C3542620CF604B33D3AD"
2020,1000,20301831,FALSE,"DEA8F1E819162D1E313D07D5B76DA634F60E9E0FE1662B04971929CD142BBD49"
2024,1,20310832,FALSE,"637C1AD1B6B7CED81B52F138EF0B1E5B59CBFF9BA8E86804B43B8DE54E798EE1"
2024,2,20310833,FALSE,"E1E0BE093C9E84A9FCB7E9A093E58A912C30EDA416A9763695820F1A957B747E"
2024,3,20310834,FALSE,"0DE9E255936E688D9CF076865AE58AEA218083F02B228177CFB93020B7303802"
2024,4,20310835,FALSE,"23359D442E5BF76BDAD5A0C995414F238F43E5593375621D573EECE1E0309617"
2024,5,20310836,FALSE,"3FBBF7765FC999E368698E545658BFE505B0CC6EE6242DE76DF8E1AA0F205E46"
2024,6,20310837,FALSE,"9824A1AE4424EE80AAFC9ED8C190C1F0A2F33001246E736E24A0BC0AD20C3148"
2024,7,20310838,FALSE,"9CAE4C3241AA00F3A4280A2E54C118D14F1D283744B4FE17F32E3D143EA95B4C"
2024,8,20310839,FALSE,"B4FBA67FC6C63E9B867F7BA08D173F0A6E0A2FD65D7B74D02505DCDAF2E93FDD"
2024,9,20310840,FALSE,"6DA80F6552B3B786EFEA74A275775E8BDE0426206BEAEEFBF143407E6660660A"
2024,10,20310841,FALSE,"3E72CE22980A2B17C5FD0F56340D7E64BF9DAE33EC396D391EEFA399FB225271"
2024,11,20310842,FALSE,"B11A911F9088D2848B5B128D98919807340489BEFB3AD92F01BED0ACBC8C0D17"
2024,12,20310843,FALSE,"1B2C41B0A60471A054FC9618A3440A1186D52C1411B0A97A947317B517DFBA1A"
2024,13,20310844,FALSE,"D650D49F5F3E45B75EA5B4749B6E1E20DB3B301FF71A5EF4FE3435BB1C44016B"
2024,14,20310845,FALSE,"61ECC9E0F294E5A3BE8CFB2FD6825960B790A47ADA663AEC594A835A2E094C26"
2024,15,20310846,FALSE,"BEA2E632B18490F687D88B1254D0F66676B55D7DCC0FD41C5F7083424C5FB7EA"
2024,16,20310847,FALSE,"C44AF2CE57C77FFD911B4C6C7B23775F5A062743439F21F9740DA71E52BBE8A5"
2024,17,20310848,FALSE,"939E17437D4BD7D607AFBD7DC3CA4351FB3699994A5E9F1D124B06F3A5C3F23E"
2024,18,20310849,FALSE,"CFDB511ABC4E08EFF0355D6AF8FEE8F588D7F5EEC089806575DDE08464F6EB65"
2024,19,20310850,FALSE,"0EE673CB7CEA13F1560DB63DDC0A023B0AB1A7E6BD79B8F9A4DFB65C9FD51460"
2024,20,20310851,FALSE,"4AE3DA8A5FF172D51DA8A8639489AFA43BBA8CF56399B300A713DEF3683AFA7E"
2024,21,20310852,FALSE,"2202802E384BDDABD5C61EF931C0BEAEC0053A34AFC9DA59C8753C2EE1BE3826"
2024,22,20310853,FALSE,"E4277DB55FEA58445E03336DE12787C26BCC8B6E256CDCF34064F05D22548328"
2024,23,20310854,FALSE,"572CED293892D17DEC652CBC2406F2C301DB3D863F67C90BECBAE495CF05F101"
2024,24,20310855,FALSE,"F0BDA6B556A9FC181DACBDE60CBEE167CA7F1CB543065C954B2475B782C52789"
2024,25,20310856,FALSE,"4F21C2C1D199E3AE413E8664A5A9801348E220634454F3F1389701A1D6EB5C5D"
2024,26,20310857,FALSE,"02592E3DB5EF2D54031F0B62481FA9A1AEBEFA4BBFE7E26817E9C9B9C7090394"
2024,27,20310858,FALSE,"D64A874FDF763E27F10207C365FE8CE6E68F20DF163775D05327507D086CBC4D"
2024,28,20310859,FALSE,"19FC4D994A47B072D8581FDEC70FE985B2B73372C23D5343F7C25B779550A125"
2024,29,20310860,FALSE,"C81F9CFB68ECD2990A0C3671625CFDE1B696B7F73967BCFD68A07FED15F17097"
2024,30,20310861,FALSE,"61525B5966B0F954EADA8E0B7C19E3D0FD3F75FA4DB78A74F5CBEC5FBFCA910E"
2024,31,20310862,FALSE,"E03FBD67103043E81FE7CD907641A9D15721A42CC778691E2D708FB50127A8AA"
2024,32,20310863,FALSE,"AD24FD700B346526462B53907534CDB6F1DB2846523C20C4C614690B7F10F7EA"
2024,33,20310864,FALSE,"135E07C77002FD610D97D6D9175D915F52C51D53650A65A0E6996CE334C2CDFB"
2024,34,20310865,FALSE,"FE7BA8BDA6E284E6520D0A0C6C56C7D82B2ACADDB8A929462D1F83B95C31C603"
2024,35,20310866,FALSE,"77018CE52A51527AA0FB2531C460728415CF548B27F59BB64F9DA106CAC80B70"
2024,36,20310867,FALSE,"CCA34F44B3AF53F4A0A04384436A32458305CD86A6C3F5001F31B9BD1FB89B95"
2024,37,20310868,FALSE,"5DB72C7F4C66907E439D71629D68EE9751960336DE61D31343A881B381EFE497"
2024,38,20310869,FALSE,"6B04ECFC5F3EDE5939AD2F9C9BD1F083E87E2724B75061996038891089768E08"
2024,39,20310870,FALSE,"3B6ECDC6A1718D9DB4260E33934A44D6022846FEB1B0E41E7F3FFE65DD74EA66"
2024,40,20310871,FALSE,"E63DAC290E6C1CAB505EC98ACC90F838F691D19109940EFB5DE6DC52BD679CF6"
2024,41,20310872,FALSE,"AB1AE9801463E3975BC0F26FF677674E7DB8DB2D5DF7924C21366659C1504B9D"
2024,42,20310873,FALSE,"C5BEFC94CBBF0DB75ECB83820BF4746F3CA26FE29C7F685EF4C0CA24557285F3"
2024,43,20310874,FALSE,"9DB296A4C9FCCAA93D883558C080923109EB8CDDB4E2A2F4F116FCB85D2FD7E0"
2024,44,20310875,FALSE,"B19760A2B2D935307DE2F5E82C269499D6EC600037C0D98216202987D12843E6"
2024,45,20310876,FALSE,"48F5942956EFF5AC55628E519C44E608FC9EAF90851F042A108FA2067B2144C3"
2024,46,20310877,FALSE,"05738C7C31397FF216DCBABDD60F5C2C308D992C8FE7288B0F31AF50259D81B7"
2024,47,20310878,FALSE,"A8B5C1CAE283243BAF78B244035B54B7D6923D8AA73FAFA987A6AABE7096F4A3"
2024,48,20310879,FALSE,"E6C536B35A8AB114D9AE3133A4BA6B37FF3F783E52AE7FD74E95AF68B8F87D60"
2024,49,20310880,FALSE,"696FC1F5CDEEB3DA0611CF789D81BCB7A8D8400A630E77A76C11CEB106754401"
2024,50,20310881,FALSE,"E58DF3C5DBEA41FAF61BDE8ED5D21134D2987025D1428EABAF139F3BCA77A947"
2024,51,20310882,FALSE,"B81D2A81A6715149BAF63298550248193FD1358249519513EFB8DAF1D8FD7CE5"
2024,52,20310883,FALSE,"5F04B348EF8F46ED27BC0D044718EF5CB64C7F9FECD312DD3504F0F5C3764159"
2024,53,20310884,FALSE,"8AB0AEF518B55215D0E65D7343E35B2A35C98802365BE79E40894B1F44811082"
2024,54,20310885,FALSE,"BFFAA72DB5F387BB3EB2910FE2509E3B9784F84D7EA4AF13BE9BE1C0BAFCC7CE"
2024,55,20310886,FALSE,"2E04DE2F97C744A7A5E399EB51FD57E2DBD00197869E5FF538659B292FD457F4"
2024,56,20310887,FALSE,"8A69B705FAB8662B75BA69AE505640830C488BB4F3D1E85048C3002ACAA97358"
2024,57,20310888,FALSE,"D5509B06DEA3DD942B8C74483BA3CFC9D2AF7B67C6AD227E802B6EAF97E4A72D"
2024,58,20310889,FALSE,"0D129CFC582525D844065F56A6AB7F8C19876BCC43A937B3535D91A961D90A60"
2024,59,20310890,FALSE,"93F96EFE521CE48E0E277B9DDAAB35666B95FBC361205AA4703CC91A27D3D600"
2024,60,20310891,FALSE,"403E02EFCD6421CC4AC2BD3D06F1531B9DE3232FFD201985581748A1CC302532"
2024,61,20310892,FALSE,"D9C35A3321EA113FE6CB149502F67639152258A043E150EDCF4C6D86D9CDB54E"
2024,62,20310893,FALSE,"CA813645C4DF039AB55915E4E0EC41E8DB272AFD05BCB85FB57A4541CECA6683"
2024,63,20310894,FALSE,"E9680D4DB3740D65F1AE83D3F5FD1166D8159CF4707B3001E9D3BF1E74C7FEEB"
2024,64,20310895,FALSE,"DBA45E8D150F7327861686A08315156C8820A3C0EAA198286FFB518B358AE7B0"
2024,65,20310896,FALSE,"559EE6416E1B9A24B578739CC7547ACDFDA969D21D734A7C325503DD98636221"
2024,66,20310897,FALSE,"EF99F0BFB0449F1B7C8A1CAB7A3ECAFCEBC2CFCEDA71BA9041EF216966A4C9FC"
2024,67,20310898,FALSE,"A1E5D826CD288273AF9A8574E83D66775F3BCD79411128A3217CD8C210C41AF9"
2024,68,20310899,FALSE,"ECD053B7C5A10E4A1C144BDABBED60AD6F8AF5029ACD7F516E305F6D153882AD"
2024,69,20310900,FALSE,"7686D20EFF72FD666DCD9D0D883A19F9F095412805FD9DB0B1F6EE65A56BF4DB"
2024,70,20310901,FALSE,"A731D75E06DED0B3C964EE339B3E183E0E46E96E3CE68A918B173B3628183F9E"
2024,71,20310902,FALSE,"C987A67482203EAD969095B0D8D9F966660AC38565E4449E21311165301C4CDB"
2024,72,20310903,FALSE,"370E1F3B0D504D89756079BF8E8B1623EA145B9917E882C26B866F41F4017B23"
2024,73,20310904,FALSE,"F3836B8062D953102D06754BD73DBF5A0B96C1204D0724CC83A577D8BF70F24B"
2024,74,20310905,FALSE,"44E9B49069D16A2E77CC1FC68279A043AFF0BAD557CE04EB261A25BE44C6CE5D"
2024,75,20310906,FALSE,"7EBB848F45A4124167A4795B49A24BC5E40D9B0B7982CB5FF5347C7EB9DCDD54"
2024,76,20310907,FALSE,"7C2F1059CEFC4652945619D0D9889D5DAC547FFA827667F5D634F4920E24D15E"
2024,77,20310908,FALSE,"7CF2423AAC8728134B5B06CB999C48DFA988912956B12584F6FC75707B4F6DF9"
2024,78,20310909,FALSE,"085E9A4F687877BE7831EB1C81D0AFCD192DEFF54B6E221023CD245051A9472A"
2024,79,20310910,FALSE,"8D450AC4847825BEA34B8FA5840858D39E91DA7B23255DEEAF58C44A206D2D17"
2024,80,20310911,FALSE,"914ACFD94469A5F2A117B5640503AA20A655CD6892CCBE87FACFD9BD8B566975"
2024,81,20310912,FALSE,"E5459B2C1EF0908F348C239A7542A9FBCD42A08BA66B938CE28EA6E09E987465"
2024,82,20310913,FALSE,"C038A6F4AC8272330FD840F90A1FC9D6E83C6ED3E01929089C8A58CA585ABA95"
2024,83,20310914,FALSE,"31B80E193125B16A53F966F949A68EDCC6ED8EF627DA65C8E91CE0C59B3A374E"
2024,84,20310915,FALSE,"1F9EE0791AD0DA5AE500A09A86CA4C46ADCDC787674D40683D41B5DD1ED8D9B0"
2024,85,20310916,FALSE,"7C4F0C293DBE05EC1A2F73947EFF1D637B5D5D239CC0C591F0A5F0D2DB707AC3"
2024,86,20310917,FALSE,"0E6E01917153E05F46E16B1568DDED4271739CBE55F3EF7617F76C5E9FA26D06"
2024,87,20310918,FALSE,"813868E489FF11016494B1464F0D214996058ECEA1CB9623E3FBF6827F2066C1"
2024,88,20310919,FALSE,"33A3E2AFBAB1814849B4D2284B45E45CBCEB29EA1BF10D7DF31ACEAD9A19E0F8"
2024,89,20310920,FALSE,"BA731CAE5946E0344790A83512A93CC0E72D144CF61411127C66F34C782116C3"
2024,90,20310921,FALSE,"6BCD800DE6E74ED314CA733A011D15859AB230390EB27AC4545837758CAD9627"
2024,91,20310922,FALSE,"669903B27786D0413C6526D81618D76AB108F4BFD08470E7559A50B20AC4816F"
2024,92,20310923,FALSE,"44F2ECE7735699450CD29A414598268A961F7B5BCD957B769148729B73144307"
2024,93,20310924,FALSE,"A21F3919AEB92F11ED3ED1471D7AC06B7FD9A64CE570313DBEF756BE81746C16"
2024,94,20310925,FALSE,"EAF0825150A6552E900CA56A08CF0922C26B3EF17BA4688A62BD185B60F628B3"
2024,95,20310926,FALSE,"AC13F57B0255E9FD1D127ECFEEB6873ED76722E8D29313CC58DB063CAB212968"
2024,96,20310927,FALSE,"049B2B69C3E3B9BD343275F492C67A310002C9AAB8EEC2FBA9D803ED4A848DFA"
2024,97,20310928,FALSE,"BBE2FA24FE5CDBF41173EF8FC2A339DA0AF2E76A828AABE0CFF50C173CF7CC28"
2024,98,20310929,FALSE,"9E5B8BFE1101AB5F73C8F31F490611FB2E379583EE1939D06FE892E2752F22A5"
2024,99,20310930,FALSE,"C530274B5D7AD65DADB26C56D534072121348D2B3C924C51BD448663EF54DFAD"
2024,100,20310931,FALSE,"028B3A062B2968CADE0E9A147998FD4AA82C0B78A5DB9ADB52E7A8103D7A1FE9"
2024,101,20310932,FALSE,"E77449083F41138F9E4EBA66B818B9DF8E559B781AED91571859CD30A39AB340"
2024,102,20310933,FALSE,"80BADCD9D83CB48C38410065BA87F25AE8BB971F4058291C04DCB43EF1B6C061"
2024,103,20310934,FALSE,"56FAB6E1AE0B37CBD3AB643553142878ED815B574DFE5C71A6E31AFC80E184F7"
2024,104,20310935,FALSE,"3EA0924BB342AA0941D14736F81A378620D3933A9E5FE8682D232573CAD2FE7E"
2024,105,20310936,FALSE,"6FE366631667D9A61D38B8DAB477F91398E39494E5ED91C42947841FD46A5DF0"
2024,106,20310937,FALSE,"20DB211A6AF827507BF5CC3BA7D5ADC84C586D2433CDAFF2383D1AFDEB5BB8A0"
2024,107,20310938,FALSE,"9048E9DE1B717F894DA2F595E8160D8E8304E82E34F00BD73ED1BABB77103CD3"
2024,108,20310939,FALSE,"E296C8A5242D19CF2B4042EF6CAE0DB1B67060CA2910F2C27B9B0F2C5C3003D9"
2024,109,20310940,FALSE,"B0C1FED94548FFAEFAD9C714E1F77542345EE87D998E60D8762E1355994458FE"
2024,110,20310941,FALSE,"1E89A5A58C8FFE3CBF73A4AD72FA73698246072F211C1DABFCB024F16234F44B"
2024,111,20310942,FALSE,"1374DD83A054AFF7A3602540D0338984EFBEC1CD32DCB3069C5D1F64E81A33B9"
2024,112,20310943,FALSE,"96FDC0455B125F85AA6CCCF4F563016622152962FB98AD1F54F8A2179950440D"
2024,113,20310944,FALSE,"1B91446A8777B8493459B078679C4A499A60BEA9445C2246B046D433958D557D"
2024,114,20310945,FALSE,"62E3F353A462E77BE4C18C246CD1B51A96733E82D0D5BB69CC943F351E764079"
2024,115,20310946,FALSE,"83C1908C4023517FF872A97560AD3B948F1B5E2DC364A253DB34ADA219F19404"
2024,116,20310947,FALSE,"3F6747AD2DE7A97FEB1DCC677D6040D93E39A062B6652D657E0CDED3AA276C3F"
2024,117,20310948,FALSE,"DD5F0EB26AF6804A5E0048A99F4FAEE769DCBD74DC67A5C35D6659FEE3CFAC69"
2024,118,20310949,FALSE,"A82863C68228B5B28BAF23FE0F79C4DF44E0C30FB3D3CD7A1F4275FC410C349D"
2024,119,20310950,FALSE,"C7EFC9F17522881657FE21CA29E34C191C31A2FA8E67E62355AE650351B3AAD1"
2024,120,20310951,FALSE,"6784F80ECF5D959A4E7F4D324BA596825AE16FECD7085F82CB9F7EFC0E76A7E4"
2024,121,20310952,FALSE,"CE16A4095677BEF3A83C4FC6DB80E079C4A3686500C36BFFDAF0D56C69DAFD6D"
2024,122,20310953,FALSE,"83940C7120061826F09115AD4E7DF5CCAA7C33180AABB89669EB3C3FE1966B7C"
2024,123,20310954,FALSE,"8DCAA2F6F62892F0E511CAD0E2B3659E1816A23CFA1AB0CE3F1B89A8533D6C54"
2024,124,20310955,FALSE,"196608C2F38D98602228F3CA582D670E4F84C5A28A01BB7863223B57CF12A490"
2024,125,20310956,FALSE,"FF08F7FB95F18199B66485D04F01564A078AC5806BF133960865BFBAF0C052A6"
2024,126,20310957,FALSE,"FA54A76916D7F4563EDF23BBBA43252AA2A5F6163DDA99A4908F57795682C80D"
2024,127,20310958,FALSE,"E3C3895BF6DD2D524447310486A41396DD8BC2075A1CC9DE2D060F674065BBFF"
2024,128,20310959,FALSE,"073AE532F6F333C42F304F860487D44FAB7106B8B1B7F3FC188F6AAA80DA75E4"
2024,129,20310960,FALSE,"869EC91C632CB370D6498A24706F01A6B194A1913AC217E8188D6002F72241EF"
2024,130,20310961,FALSE,"DFC662B0EE6CC9E866CFBB1D38D2B24FAC2428E8C1684512762525341059E76C"
2024,131,20310962,FALSE,"F69C1BDD05FF81DC536D0AE9D8D70DD3D898768F8464D697C990A55140ADFA0A"
2024,132,20310963,FALSE,"AE889070360A3AF087A056948733813A6FB7EDB1F9DDCB5E4CC01DAC1F94C0C6"
2024,133,20310964,FALSE,"5816130C94481EE0D781E37818F50B076FE39B8DECA9066FE1E3BEB95E41F288"
2024,134,20310965,FALSE,"7E0732DDF17287C12BDC4158CE050868EDA76058B9BCCEF0CDBE6C54D5AB36A0"
2024,135,20310966,FALSE,"56925F5728A11A361828366157D66AF0E4CBDAD1F78773E697FD041B154BB660"
2024,136,20310967,FALSE,"CB6F32D68C4F0BE07263688A3F9C024B8C8A2D19AD41E5298EDEBA14BC272F41"
2024,137,20310968,FALSE,"A65E195A89C92EFC11127F8DA46EE75CC9E9C71AF5F81718AA2785BCC388F912"
2024,138,20310969,FALSE,"CEF67DC08728B96BBD8F0B19280D9083787C71F2DC0CB5F56396215CF4626022"
2024,139,20310970,FALSE,"58C69380CF9B1762A2D80846BCFCDA011A8F6E44C3CCD01E80A3D63F9A3F6D31"
2024,140,20310971,FALSE,"6B3FF3AE94B8EA2C4C8C6BCC595ADE0FFD67F515A167FD18D5ACACA1F196DC3B"
2024,141,20310972,FALSE,"2483ABDD42F9F794F952C990AE7FCF1575ABB7F67C68743C7691CC78771F537A"
2024,142,20310973,FALSE,"26C96A3EE7AA44D643825B7BA63D94ABC796BC4906529660517D1D7522F50F2F"
2024,143,20310974,FALSE,"DC8597A81F717E1DD7CA6E38AC2823FF0E3DCB2A1A0FD8B5760F0BA02F7CB796"
2024,144,20310975,FALSE,"8BD4FDAD33EAA4CB429CC9345DD3F820AA6DF34EFA796A3C029066F4B4E7EB8B"
2024,145,20310976,FALSE,"014BBA26EF6B0EB0908AD5262624CDB04EDC21FBA3C6CF86CD6675F4FBCFFA29"
2024,146,20310977,FALSE,"3F128C8D89DE0CDBE026BFE0BC07B8662154659928974EAFBEE58B723C42216A"
2024,147,20310978,FALSE,"D70B56E0A57ED16C1D8997D5E2C313CF3B73B634D12D00F7CBA4F839202FDA5E"
2024,148,20310979,FALSE,"6E84D98D26760DE1F734A6CCC02FCAF45A90E6A511542FB51BF0D726A753AAF6"
2024,149,20310980,FALSE,"F233709CA375148963B8DBDD9E56F959BC0CA5B54DFC7E629ACF193F491D0B20"
2024,150,20310981,FALSE,"1E0219418E26BBCC53D54C5552F440B583E1AAA9FCA7FA42A866956C353C3FFC"
2024,151,20310982,FALSE,"57E9913F7B20801541BE11E9DFFE2B35BCE2ED7E9DFA951974FCC3524EDAF470"
2024,152,20310983,FALSE,"B657FB27242114579F02694333C4AC112DD0A334C2E5D0C7EE6F7780720D3A1C"
2024,153,20310984,FALSE,"F4BAFF5D6EF926ECAB7EA2B1A01186269BE82F2D75769344CDB84A7B33BE5E2F"
2024,154,20310985,FALSE,"5B9AC369568EDE13E022B807CEF80903CA676071E6193129DC5D99F283EBBB89"
2024,155,20310986,FALSE,"3D3726C03AD4C67FB226E837B695C59DA963DA60ABF7CEEF075F3C836FD1B0E2"
2024,156,20310987,FALSE,"FB9D2A78B33DB1220F27E22B6F3AAABC5C794E3E135548959B9FD895CAF9AA36"
2024,157,20310988,FALSE,"A51590827CC01F5D633212C860FF696B26C101D64C5674AE29811EEA12E02066"
2024,158,20310989,FALSE,"ADA1468FAF7E52240A8074661C77BA6008DF2876B4DD7653028F1D6D0DE8B646"
2024,159,20310990,FALSE,"0BD0D8F761E211FBE86660C78D627C3A91B04A0523973D58AD8CBB484805737F"
2024,160,20310991,FALSE,"839D12BF8828DBB13EF05A930760C4C5ADCD481F6762116CC023A0C5F12F375C"
2024,161,20310992,FALSE,"BC8D26E70C374969E8D0D2C1519A2AB4565665BB5E65AF55A034CA5A17915B31"
2024,162,20310993,FALSE,"81289E0A6C310445A6E4EAFFFBF1F5E096200FEDA344CE3D3AE16E8082FDD9CA"
2024,163,20310994,FALSE,"98A0D467CB0E701F86FB70974D20B75028B912EC3E63906C696F966E80A13ADF"
2024,164,20310995,FALSE,"DD02F0611FF76FBC0E1E2E27876853588AFD3A73A7CD4F31F35B85FFCF92A490"
2024,165,20310996,FALSE,"1B2E93884A051D5C212853BFFBDF2EF257487EC2D769537F3164DD8269C3664F"
2024,166,20310997,FALSE,"20E90A65D0A1056233E2646447366546601A1DA93C4756CDD1E47DE389D4F27F"
2024,167,20310998,FALSE,"A0D8059B265C7B02E085AB06CF1083BEB6A73AE6BBCB796DEC287E96E62553C9"
2024,168,20310999,FALSE,"96A2098D44C76D941F50443EEF88ECD9E31E3C4A18B271B511F65CB83EB8C6A0"
2024,169,20311000,FALSE,"B5A144D9A1DA0D8F33F47789AB44525CABC84CC4904289ECB67DBCEDCA1B0E39"
2024,170,20311001,FALSE,"D64A1364511375C98CD8E1A1614A8E3932F73B85EC4E8D8113C54ED7BABCDAE1"
2024,171,20311002,FALSE,"11EAFC12D8D855061CD23706C3A1865767D1B840387BE8EDA3155C29D3FD9828"
2024,172,20311003,FALSE,"671EC9892A9CE63D265B357BA4D5D1967CD5C3039FEE762D0373AAA593E7CAF3"
2024,173,20311004,FALSE,"66DBAE8852F5C6F377CE1C989E337F48E3CA2EB2F1B7C435361AE219BFB784BA"
2024,174,20311005,FALSE,"BC2945B00CF3A2756969D86528D82C3C7CE23F10F2352751C6151FD3BBDD4E59"
2024,175,20311006,FALSE,"FADBEEF0B7D5541B4B0B80E1021730589ECE0200A07B2E6D3653FC334D8EC9FF"
2024,176,20311007,FALSE,"41AB25DB8E4865FA5C4F5C9E278F4F74E1B55C778652E710BF9F63C26CE43D0E"
2024,177,20311008,FALSE,"C80134FAA47A45C8D3783EDCBD9FA3710DC979EFD4510FE256953700B4522233"
2024,178,20311009,FALSE,"F242FB4AF3BAA66483855D6FBE1F18A95DA24906899ABD66CA7B1C3FF23B5D0B"
2024,179,20311010,FALSE,"72CE560FEC89813168678AD8137800B6A5F4F9DD0E4BE702D009761F0DBA9316"
2024,180,20311011,FALSE,"B69728508F72E9893E4A00A31F3AB7D07CA1319BABCCB8E2B266BC510A4E70D1"
2024,181,20311012,FALSE,"8E760A787616EC461C0C9FF6C2780CAF47A644107B3CD9517F0B3259093704D3"
2024,182,20311013,FALSE,"59D51E401AD2A2597DC962E1D42F35E0BEFA16144F9CD314B41E8F845A4CBEF7"
2024,183,20311014,FALSE,"56E31603610142DD24545183BA1D82D79B050C87C7E9A453ABD034F7280FD1C0"
2024,184,20311015,FALSE,"CD3F8B4C315254D3BC2335268A4825DA5E1424771C3AA3A7049547211059B2EC"
2024,185,20311016,FALSE,"FA82A00438F745FFAAB39CCDB30E633EF93D6B9B8C1AB5ABC0FFFD0993782912"
2024,186,20311017,FALSE,"5B437DB8145E990254887EFCF477D890D6DCCFB3E445B560D2910D6BD7FC1F49"
2024,187,20311018,FALSE,"12288F111BAB3C3B7A94DBC32312FD862680EC802535A24ACB75DB294472186B"
2024,188,20311019,FALSE,"EA8C0F2816AA6B84139B59A58F7E8D4F350D7898646A47B0B5182482B15D3F0B"
2024,189,20311020,FALSE,"B2AD42EE4677F8334A2807A484E301D2BCB3A85758CAD85A91D503D2577ADC03"
2024,190,20311021,FALSE,"DD15C0075174E51D3E916771C8562EC3CD936F6E650325A564CCCC42D72352D3"
2024,191,20311022,FALSE,"85A823BC903B9CE53C1B36903EC319DB53BE4422ED978ECAB17158F9796E56AA"
2024,192,20311023,FALSE,"8641C6F7DF710F699A91A18CC7B5286527249097E45B1EF011CC9BB81EDF3833"
2024,193,20311024,FALSE,"498AA490EBEE0C2EA0C89C53D94F1E80AA55B1404F17C2F4B32D7DD217CCC38F"
2024,194,20311025,FALSE,"2F05ED3C749D2966DD28EE4E5B45C7F94D8FE795633F0E4EA2FEA8FEFE2FE64E"
2024,195,20311026,FALSE,"B92D0A35DF1C85716FF470AF62E1CCCEB839E324B1EB6E3ED54D04C9946E409C"
2024,196,20311027,FALSE,"DFFD014B03CD33E95B09787A1ADD14F6BF83E614FA5A7E62B25B15C90753C48A"
2024,197,20311028,FALSE,"C6A79963F55A866DDA64BEA74CDCFE5AE1559C9D10C7388B61A07206D35C711E"
2024,198,20311029,FALSE,"7D5BB48E67BBB713B02A43989CBF8D4FEBC0F1B9DD905956C9D364EA27E83841"
2024,199,20311030,FALSE,"EBCC360D1F001DA95695F6620817EB1BFB72B4796F1D4F3F50AE366861993DDA"
2024,200,20311031,FALSE,"BB1EB6580FD89D8BBF1666FA773E2360D6A0F126233686EBF08A72153675162E"
2024,201,20311032,FALSE,"2E1B7C41F0B6856DD6459516970F1B869B8AC16C9F6162B73AF40FBAFC3FF2B5"
2024,202,20311033,FALSE,"85B8112D0044BB57883AE4FDF6908948C3C4B4A4B7204A123545D7097036B52B"
2024,203,20311034,FALSE,"4D7A6C1A5C92B0D6267DFCF3FE211BEECDD64EC1E81EF315C120DCCE658AAB98"
2024,204,20311035,FALSE,"28B5166E990A18B570D11ABF1A0E2A202F77444B49727BDB0577468A8C76BF02"
2024,205,20311036,FALSE,"61FF6F78F14EE0DC0752E8FA067A0888D4197C56694326F0EBA463194FD1D9E5"
2024,206,20311037,FALSE,"B4B0CB5638C2B70C70FF0CDA9F5D61F43611745D6F093631BE30CC5A5C09A8D0"
2024,207,20311038,FALSE,"34BF263A4B5260C61EE2BDB93F8F61C7B5DBD32B3AEBDD1BFC5B2A5961CC65A8"
2024,208,20311039,FALSE,"84A4CF0C89A5FDA7E0CFD34F52B4EA07AD6A616613A63657DF194513B961FAD8"
2024,209,20311040,FALSE,"E75EE536353FCEDDC44EBD5D41EB2D2DD446DB41F26E92684F05A90898D16CAD"
2024,210,20311041,FALSE,"816350140D54C13544B815E848DEABB50C0830497288453914B938C40D6F0026"
2024,211,20311042,FALSE,"BE7DFE331D444AE6129689DE0119B84587DB8660F1C9D3D92476590491198DD6"
2024,212,20311043,FALSE,"33EB4BC1FC5ECF34DF582D6C0BC8BEB8ABF852AD6CF238BEA70BD40F4308FE7D"
2024,213,20311044,FALSE,"4ABEB7A57C3B27D9F215D5AF1D1504D2BB2BBB6AB03D9DD81B116DFAE7C515BB"
2024,214,20311045,FALSE,"DC901E01105255F064C653230D3EB530E96286A1A3AC62018769A30B68DF1B6D"
2024,215,20311046,FALSE,"0140C6C006FD877B9D35CE1E7EDADCC5B8F464500C60312236852FC286644BB1"
2024,216,20311047,FALSE,"84056109894F15858CC3D8B08805409BEAF08E994D7DF80B79270C66C9F552EB"
2024,217,20311048,FALSE,"4EBA8CA5E910A9F271F9175AEF1C91AE5A23DE0958ECF32976D477B986B0ED81"
2024,218,20311049,FALSE,"DFAB77D1D32F8E703DA6858B9CB166D96D0162942BCBD156ABBB545CF98B36DB"
2024,219,20311050,FALSE,"EABA53DE937B6F5377F89153A726CBDB255FC817668EDA21DAD589755A549172"
2024,220,20311051,FALSE,"EB42224ACBB806B2CB9375B1CDECBEE65365F97B28237656BCD4F1B5D2FD753E"
2024,221,20311052,FALSE,"4450BE9AE1A33DC8B163B0257A72B50152A0C705A640D995E64E83C882FB1C55"
2024,222,20311053,FALSE,"4F1B6B54CAA971BC067662EEBD56A7233D671D98A52731A3C94E2FF19DEE4584"
2024,223,20311054,FALSE,"61934D13592F065C195E2D61554618F8178FB02FC3727558DDD5B582784F4840"
2024,224,20311055,FALSE,"69E39E0D6DA2A9B7683EF904C3DA89250E2284D44385CA4836E9BBFA69DB8DDB"
2024,225,20311056,FALSE,"EEADD9B8C70CE97061A1BDAB050AD2EC43D14E59F606BF420C9ECC9D06EF4F96"
2024,226,20311057,FALSE,"096BD3F4AC6563A5EE83241A5DEBA8C03E21856EF58D9DFC12D94E07EADFF5C0"
2024,227,20311058,FALSE,"B2E40B8BE1F0843DFCA9FF09ED99A380741CE39A787D27748869AE403C8D1C62"
2024,228,20311059,FALSE,"1FC287ABD36FBC22B0D3D28087ED3458E9A420BB9245588DF00A648A3EF2184E"
2024,229,20311060,FALSE,"D5D6203BF09B9F1D2FA2A852BDC84BF7C829C3677932E05A48DE74BE3E04E784"
2024,230,20311061,FALSE,"C09466BFA2F1278417A6B5432CF657501A45C5437D57685DA2F790F1DFF2D9D0"
2024,231,20311062,FALSE,"D6D3DC322DB17D7F0A40AF1EE18647C604500052725EFC375CB0C78C371C2DDC"
2024,232,20311063,FALSE,"30686D4B53A44B6D610388A268F51DB1855610199EFF89D917B24337CAD54489"
2024,233,20311064,FALSE,"46C7F22C2287E2B5B161928562285E27C33A41826779C0284AC26B0C4BE692B9"
2024,234,20311065,FALSE,"5244322D1DBD1F167FF2C4D601E0B8B9697F38E2089E3B0B669654F2C1D3C262"
2024,235,20311066,FALSE,"7057F27DA7AD41BC8EE33D47D57479373CCB0EE8E11B2DFEAEC156FDB76257DD"
2024,236,20311067,FALSE,"B7F8E5A75D1AA798BA55A9898B0CFAF02DDEB432679139D1A10819382912B4AA"
2024,237,20311068,FALSE,"4D269F37BB4EEF70BE48B194044E201648F0742C8B541C48C29650512D57D1B3"
2024,238,20311069,FALSE,"9D846A5819B52EC976713BB3763109828AF8E6E453188D104978252806DAA796"
2024,239,20311070,FALSE,"0A31850A27DF2CE015825424EB267EE4D6B6BBE93290DBC3A3A137515DA84297"
2024,240,20311071,FALSE,"92AC7B17F0BE57A7DDA4FEB7A78C03B6220E4647436ED8D83F5B05DBAE03D091"
2024,241,20311072,FALSE,"A8FDF53B83A83E0B990E185CC08F7C1A60D09243D7A5EF428DE7D52FD509F38E"
2024,242,20311073,FALSE,"4E9DA25FB922CB3075B3356E9632A04FACB5110862226256054F0DCE8610001C"
2024,243,20311074,FALSE,"E8E5CF183DDA1D8D4A08397AC0745EFA58A46EA715CE0BE0231F49A446FB9319"
2024,244,20311075,FALSE,"03E873AF7AF7D0CC75ECCC273CFA360A7FD732E7B79DD9F9268F3D247CF34842"
2024,245,20311076,FALSE,"F2BA4EBBD721BD53252D380B9A55ECFC8C38A4E09AFF505F353A60C829CEC79B"
2024,246,20311077,FALSE,"C85053EC689C186FE6101CA8F0A8733847B4B7055DBC03893681672E4CCD2D79"
2024,247,20311078,FALSE,"04FC48457F7CA05685C731DE2D8B828591063EAB63E8FBF793CBE5A6DBAB9C36"
2024,248,20311079,FALSE,"920ABA2E50B0B92CE10F1D5447AD58C37997FE42426D71FB7EB5E580589EC5AD"
2024,249,20311080,FALSE,"17427700AA77C6FB53B898B7F26B08085A2FFC95EC74BE61047624F0359210DB"
2024,250,20311081,FALSE,"99ECC86566EF37E05C342C1CAA1442A75D958DB90125C00626278D4C896945C8"
2024,251,20311082,FALSE,"1C1C674783A7248E0F9F875F2771EA334E745195E5C01017A2FD4E632A4A4571"
2024,252,20311083,FALSE,"115F5579124881C371ED29EE5F5CA5F7AD759DCFF52EB50D84A05CF16D9602BE"
2024,253,20311084,FALSE,"6BA4DB236FCC046B7FE0E77F876384850C246B877A72262AF11B2E7649791AA9"
2024,254,20311085,FALSE,"80F2B990A4123FBD4C074261BA7040FD705CBB1F16C2424EDD5B043634EA6401"
2024,255,20311086,FALSE,"7EE7838007BA71CA8AF7EF939CF8C39F7897F89A415CFBC7C47E90ED74A9796A"
2024,256,20311087,FALSE,"85537A6D35119181FCB5526E770BB2FFDEE86189C4BCA8BECB40A774E2BD3328"
2024,257,20311088,FALSE,"22FD637038DA7ABD13AE078453E5BE4AD38FEB4FCB0ED3BE137A0D37AB7A3760"
2024,258,20311089,FALSE,"87051DAD2ED81E6E4DF399B57675DB2412AAD9D142D7DDB2BB7AA9FCFE88541B"
2024,259,20311090,FALSE,"0FD40F6F801B8F38318F816B7AF5122A0CA2A3DAAA1EE031D4B87C459BCDDDD0"
2024,260,20311091,FALSE,"A32D07F488148C84B4DC7E20C1AED0D6DC853CF24018C71028440C0FE916499E"
2024,261,20311092,FALSE,"AEDB6EF26E08B5A63A6F185508572975B5C59AEF8B5BA80C5BD4FB75B9488106"
2024,262,20311093,FALSE,"36289BFB6CF69D686E50F02687CCBD823E33189611D96984CB786F6E06499598"
2024,263,20311094,FALSE,"F1507A2A41C543B91C6D13F30073EB9CC136FC4A4A2089BC090DFBF9F86281B5"
2024,264,20311095,FALSE,"5C3248833E639FC328BC01018F70F67E8179A52570A8EDA48996CCBA0D9DF163"
2024,265,20311096,FALSE,"DFAF6F5638F5B17428197DA22D431DFC4E1B3720F8CF4FA32D58D683582D7D91"
2024,266,20311097,FALSE,"FA909339416B58340AEC9881B0F0DA617AA1EE2CF450B1BAC9D26A69049BEBE7"
2024,267,20311098,FALSE,"8178A96D79A370C0CC5C7405DAB1A922F80AB236442184A28D80CDDDAF9082B4"
2024,268,20311099,FALSE,"4CB48827C89A7E488DFA95837FE8430524B4604C5BE0784C76A83125578DC8A3"
2024,269,20311100,FALSE,"BC48EE706DF553518D1CBB40BC14CFB6E99A9D7EC0E4E1506B87BD0390E2D5E3"
2024,270,20311101,FALSE,"418032A749211E90337CF57D8C0D53E8D73885646BDD06E826A06797AA53189C"
2024,271,20311102,FALSE,"AA91984B2C68DC2586C2289DE493A4CF397092BEE16A3D1AC6258BED06E24CF0"
2024,272,20311103,FALSE,"E3BBAB6D6550DFFE63BAD703F9B3C8EA4919CC7F9D7E4DBC7BA1ADE9B4E18E31"
2024,273,20311104,FALSE,"26D5F7BFC2D06576A0EA054E8FDE4920854F05F4A77B734743F3B2A0AF346F61"
2024,274,20311105,FALSE,"CDD356D5308B4B77F4F16FBFCDE5F86AB085CD7193C387410E7CCAF94C0F9A51"
2024,275,20311106,FALSE,"36D3F2799FC37235F42AF33ED0AF65DA4747116DD73589ACA39D9264FCEA69CD"
2024,276,20311107,FALSE,"606BC893A554B2E1F5A2E159B723899E69B7893FAA0582DC8F08A4C10BEADB86"
2024,277,20311108,FALSE,"A5B5453CFC9F1CA4C15B057A5B7823ECACA0CD323127CE7E89286575206A227E"
2024,278,20311109,FALSE,"F4E4408AD4DF3CAEE661AEE4521183FEE8011EE5BF66832EA9CEAB93693F930B"
2024,279,20311110,FALSE,"3AD8CB76774E0226E0F33489597367F8A40EAFA6B60A858C928D293AEFB0E83F"
2024,280,20311111,FALSE,"11D19255836841B717CC6545A374DD4ED2A2D687A03FE6654606F5022921A9DC"
2024,281,20311112,FALSE,"9BCBD336D4155EC6AB725DBA65DCB193DF182AA31D88EB130657A8E5056DB8D6"
2024,282,20311113,FALSE,"E3D8AF9E80E1539A788CAAF3F0AF3F4794EA598739320B78F56497778608EE2E"
2024,283,20311114,FALSE,"B8E412708AB7674F760E90637E82F04823007041A740FD7588B49504F7323218"
2024,284,20311115,FALSE,"94D07CBF3341E100B6905CDDEE09ED293157727D409DF43D3A55DAFE230CDF34"
2024,285,20311116,FALSE,"A2A95C7508AB5BAA44882A4C6F858673DF20364F21CDA51E1833FF727F9DF7D1"
2024,286,20311117,FALSE,"1334E36853A84B4FE10593D982E8F68774F6BEDDB045A2CAA08D079B0A034DF1"
2024,287,20311118,FALSE,"FF6175881F1A91EA7EBAD2DC94D993411B8309E96E1751F1CDE38B0F0FB89B63"
2024,288,20311119,FALSE,"D1DE704263BD64DEB139A32BE12777E7867FB362631BA725B2DD7BC43899B21C"
2024,289,20311120,FALSE,"7D8EB1FBDDE0A755EC4716C1356A29E85BD99C9D6A21671E6770BC9D42479215"
2024,290,20311121,FALSE,"1FC1ABFA6047428DE56D7D6B4AA12955A424F4FC5330113FFB4EC2B1E976BBF1"
2024,291,20311122,FALSE,"C789BB3746B7704A483140A1867547699A42B552A0A882D9E6FC68AD712871A1"
2024,292,20311123,FALSE,"6578C6B9EC7EE186B6CC5F0333F6B56049AB60D7D51E4245E19DD5A96C3215D0"
2024,293,20311124,FALSE,"7320485DABAA90DA94EFAABF750459AA7F3551293516DD060B4EC9606BA06444"
2024,294,20311125,FALSE,"8238E7593C1110B855D99FF418D06130B1AFB0982CACC3D5A10E90D668ED1DF7"
2024,295,20311126,FALSE,"E5802466308151F4B869B178B3E4F36FFA0B2A76724BEE7079934A847257599A"
2024,296,20311127,FALSE,"55501EC6A0AEBDB892A8D399355ABF4A807B34BF35151532A1CBE6057E8FF529"
2024,297,20311128,FALSE,"BFE76E7E495F96218D45CD1A3FAFD2E249BD230F7259F60CE4620CF50B6443DE"
2024,298,20311129,FALSE,"1B9F0B231DD96B6B6AFA2B2457A9AF7510CE97605D4F105743EA57678D97806C"
2024,299,20311130,FALSE,"2D7C2022087C1B48BA6985C8F39E99837BC1A92F4AB447EA3088A96703172225"
2024,300,20311131,FALSE,"D5DE56892A5930D399411BD662254AFAA4F887FB363CB8C6B808CF7280CADAF6"
2024,301,20311132,FALSE,"9AFF6ED7362D43F1DE05A2F6303C5D173A8ED77C5DADD3FD13B20978A4BAD67C"
2024,302,20311133,FALSE,"E661DF53A781A80924033F58685BA630DC2B1A7F38590CBEA2EED841453E092B"
2024,303,20311134,FALSE,"7938C81A8104265484E44D1815DAD8D403002A63D7C4D3B8958EF6638E5C5720"
2024,304,20311135,FALSE,"1F3FF49B1C999DDF3119CDF00C85AA76ABEB7CD149D2E07E80F1023F0846904D"
2024,305,20311136,FALSE,"8ADB5CDEB5F650ACE1410879CE891074C5F07A4B36C0BE8D4F7BB235099593BD"
2024,306,20311137,FALSE,"71CFF1E8325A8DF6CDF3C1014CA85EB11795FD2AAEA2FCDE4D57BA57801BC529"
2024,307,20311138,FALSE,"43040E96735701BDC42D24BE8B446171428073A26C6019F26516DD445874DF7C"
2024,308,20311139,FALSE,"1EEB6AE43C6FE3D7CB308FBB21F73D9C16363E8622EA7EACC52BEEC3FFDA003E"
2024,309,20311140,FALSE,"93EBABE8690A406570C2923FCE1237BCA291A3D5503E59080976757AFD6B6CE3"
2024,310,20311141,FALSE,"BD6C29C167B9AA1B8EC3743A0AE276525E88A86484FDA7AAAD7FA66953D6BC44"
2024,311,20311142,FALSE,"025BE45C399191BDB7123729F26421814D4D3ED9F723BDDC30AFEFBBA569DE92"
2024,312,20311143,FALSE,"A7FFFE8CF5CFA3070211242C2A2CE368DB1ED2217BE88F63B542F5560AD63783"
2024,313,20311144,FALSE,"D4ECC8123BCA13DC0FB45DB7544EA6ABA3F37F98AD66E0D33803DB1FE29E9284"
2024,314,20311145,FALSE,"58E79E603C7E0FE3256C1EA0635D8A5E657565407FDB28C941C6507AC24D9A15"
2024,315,20311146,FALSE,"DCE1F906867352C925391E6E2F432B488A2CD1C08927FA99C12D6CBD87ED7104"
2024,316,20311147,FALSE,"A3F5837E4AD0C0A2E2C1B267DDAFD30B91F31494CB5048E5C59562776B039287"
2024,317,20311148,FALSE,"2A4DF8E008016BA5AAAE7CFEDBEE0EBA2A7E10C891922435FECA0470197802FD"
2024,318,20311149,FALSE,"B3782A839C30BEDCC679BE80AD69BE4F35566DD9B021AA2AA0E42B53B8134881"
2024,319,20311150,FALSE,"E929B2C098E933F599DE1E71D86996BD329A6ECA05B3AF575620D6C07AC01D42"
2024,320,20311151,FALSE,"31FD95B67AC376AF24BCEBFC2CE910E2A726E2EBE0BDD5B054FC79467A05BAC5"
2024,321,20311152,FALSE,"2ECE109404D1C886ABC2814EEE1A32C87982DABC24589E889A4263AECB5A06A3"
2024,322,20311153,FALSE,"23754ED087DC67917540913625001A3DC218A346950DE7EE9776E7E1413E68AC"
2024,323,20311154,FALSE,"0F8104AEDF0C533CB0F67232F3C1B1C9574BE8D7332FA9FD9A7D583754634370"
2024,324,20311155,FALSE,"E2E341F0B3128198CF3FF7433D33568ECCBDEBE87C84ECE838A664EE6280E606"
2024,325,20311156,FALSE,"AE4F5ADF062904CC4FE0D4EFBDDBE617208B1949091BFD948B76BE9289EB91F7"
2024,326,20311157,FALSE,"2F2BF7CC2991ED786539A51245FA35848DFB034A94311BE9A3FA198BC6BD6B1B"
2024,327,20311158,FALSE,"1C25A3338D51FB49F21F231F3059C11EF28311075505AB5DFB0AEC6C9763C035"
2024,328,20311159,FALSE,"C0256D7109CE3FE9CEFF76267799C4B08A25E5CF49F430F576C04F216328602F"
2024,329,20311160,FALSE,"34FAF4F20B69443ED29F71EF1CC71C6D0F00E77AE6D9541E82C0C7DFC9D87105"
2024,330,20311161,FALSE,"37379075DD7424983432C17360CE3EF3449EA5FD22D1153DAA7F4AAA374BA402"
2024,331,20311162,FALSE,"F6A137B26219F5687794025D646BC2E5A1315E9BCAB936BFFEF05506DC6AAA6F"
2024,332,20311163,FALSE,"62EAF759CA921583E8F78B1F01F8E5A30F7AA19CB84C51BD4988163D8D125987"
2024,333,20311164,FALSE,"4C0AA744728BB89F5A757665416C849FD6F9BD05EF56C46E94A150FB3D827967"
2024,334,20311165,FALSE,"2A2AF7AF9E91A7FDFA544860A806CFC4364F5936FCB672ECB80000EE395F980A"
2024,335,20311166,FALSE,"A5346C7B3800978CADEE80A59359C0C4A08D1669EC88D18140CCC3E4307EC68A"
2024,336,20311167,FALSE,"746E5437E107F10AAF8847391389BD1B52772FA9996C87E2F3660012565971DC"
2024,337,20311168,FALSE,"CCAF3685E029BD1C88D4CCBDD2DF078E826B8CF779C44BA3E77C4B89ECEB0AD1"
2024,338,20311169,FALSE,"7D3FC424F1C3C132D0DD3D5783E863E911E27B5BD6EB088D4D8F50FD24C7F6CB"
2024,339,20311170,FALSE,"FEBA5EFA4413953B5DF1DC618CB2941BC6B814FBAEC7B7ACEC6D8CD12EC0BE88"
2024,340,20311171,FALSE,"BBC34119A35491A61581E69762765FF2EA4A57B0C97E1B427B945274AC28C2B3"
2024,341,20311172,FALSE,"96DD31BC17240FEC7DF03008B735A31BA0EA5643A3E88D85DA59FB90A8D4BB23"
2024,342,20311173,FALSE,"AFAE85F0639F271B4CB414A5BB45C2DBCBC421078D3219CF86E0C5F9E398EF52"
2024,343,20311174,FALSE,"26CAD42221D2110DC0BEC55BF5ECE68EF902BA72469F1D131BCFEB10EE1CF759"
2024,344,20311175,FALSE,"6C570A0CDB0C9137F3951B841F2345505AC9EFDFF25DF11652DECEE59B882FC4"
2024,345,20311176,FALSE,"052E9E3A7E2B4890B9BAE9F27E6C27F4D04580A6EE2A1D0F147611B6EA950203"
2024,346,20311177,FALSE,"349665EEBF181BC4E6A42C34902D2186A5C878DCD5396E6E417F1F66ED515DA5"
2024,347,20311178,FALSE,"AC75595E8BD11C5CF6A9019021B506CDE67C6A5C988613E43504D0E37CC26D7A"
2024,348,20311179,FALSE,"EBDB129D9C421B7F8BE305F31540517AAA1D232B7CCC836F59D0223D069288E6"
2024,349,20311180,FALSE,"1C7AAA1FCB5409FB92F764B4B55D6EFF2CF9C136348CC4DA7BA8294E679419BC"
2024,350,20311181,FALSE,"53D9E0F20FA312FC7E420E1030E3B0632F497B4ECBC035514EE987AE9FC1AA06"
2024,351,20311182,FALSE,"14B709C2C5003339E6FB2B5DDE478B1B450EAC7232CFB4B355AB7261732FB7CC"
2024,352,20311183,FALSE,"695C1A5704F07FE2D341AECE4B3EFB0508468D07BA56F79DE52CA03C3399373C"
2024,353,20311184,FALSE,"50C2608655AB43CD6C3F9A9A248C6BE643579CCC84BAA6F236515249D3AD8AA3"
2024,354,20311185,FALSE,"DAB1D6BA61CE84153955689FFC16AD469A9B9B649FD758D9FAA6DF8559689925"
2024,355,20311186,FALSE,"7D1D939A49F5FCF1C3C09AD445C1440E342AEE41CB6D0456FFC040A4E65635F8"
2024,356,20311187,FALSE,"51E1990294985A5B0D37792C42ACE4F105279AF94257A3181452881459E76DA7"
2024,357,20311188,FALSE,"C6E00454327F3133FAFCE05CC913B08568CE38E602A3D3F695CDAB27B45133BD"
2024,358,20311189,FALSE,"BBDA7F2EB47FEC981EE89483B947DA499329D63E9A0786416503E0ACB9945A35"
2024,359,20311190,FALSE,"77C93E9347458E49391D2D3C1C9C55E0F0F13E6BC2321F1A28AE5C0BC1B97917"
2024,360,20311191,FALSE,"D4B3597137556B9FCF3086E57F442F5F08A7A3929981302B03ACF87888BC48FF"
2024,361,20311192,FALSE,"D9741E8184F0AD1E528363D28F438CE78314B6897CE4305FA64802D1073C2044"
2024,362,20311193,FALSE,"9D8A2C328D523D03DF8CC023593AE599BDA77C195922326B1CD424B5ABA5317A"
2024,363,20311194,FALSE,"38B98FAF276D723DBD65EB75C601AB29C465F3A54378166753FC7063BFE415B2"
2024,364,20311195,FALSE,"E573D18218BDD991BE1CACB819B30F99CD4A69C5738C0CC1495782BA2556BDF6"
2024,365,20311196,FALSE,"9DE85025C92050290C03B2E190E8C6E0C56B746F2E6B11B1BB4E87B04B2299A5"
2024,366,20311197,FALSE,"4CE4315648CD266E9653C742D9966FE39238E96F8FD36F7CC02D4F06140E6A4F"
2024,367,20311198,FALSE,"4893F19CC930FFD06B75E119C5CB1EFFCEF4B4D4ECE69875581345967A4CDFC2"
2024,368,20311199,FALSE,"611974AF26839276A3CAB41494CFC0DF99ED76BA9AB3593CF3539A67DD95791D"
2024,369,20311200,FALSE,"92728E4AED80ABB5FACD7A49E2D5A6F5A872E5C093390E2C93168702047D636E"
2024,370,20311201,FALSE,"AB53F2D4680B2BDFE5B3945CD7563F266FDED34BA2604DF576D4E8832A605442"
2024,371,20311202,FALSE,"8E35ACE963C8D8AF5C8883FAE372EF991F1EEE1FB5EFEC12F728EF03D7906506"
2024,372,20311203,FALSE,"4FA74E656855CAA7B4F38CB3F2228A9C8648AF306D287172908BB265A2E51659"
2024,373,20311204,FALSE,"9E2BBD879754CEB333FE3B478B3FBF53D8AA1AF87FFC05E3EA8982D1F578DF9B"
2024,374,20311205,FALSE,"C4FCE967DC974F3D5F47126FAAE77B26DE039D18D4C393C28E724E736AB2EB72"
2024,375,20311206,FALSE,"2F94452B11EE116F0FC2889605FB9A52A43F637D551C3A2F0D808EE8F047F975"
2024,376,20311207,FALSE,"BA5CFF02DBE5C521F219D2BF50E2D0FED41198D4E6CA273BCA03DEB8A206C63C"
2024,377,20311208,FALSE,"AEF0D1B372297572F8AD2CD590DE9AF40FB6AB47366CBB082DFA82DD3B85B252"
2024,378,20311209,FALSE,"3E7AA163ECE13D98E501539801967048CDA52AE61F78D1558780B8D4357A828B"
2024,379,20311210,FALSE,"1BD82820A064B40842D54B8EC6F1F4130E891B168BCF512D4E361F060C059153"
2024,380,20311211,FALSE,"B59635E0E689CE45CA1E3C919A906DC1ECAB510358388E41065F65F01F925520"
2024,381,20311212,FALSE,"8ADE57515679625DB6BBEE442E18D9E80484A8C454A2C277628DCD8E77BEA2AB"
2024,382,20311213,FALSE,"5071E4F7528A47C28C604EB169563A933ABEB58DF6E75B9196CA411BF900C928"
2024,383,20311214,FALSE,"D3FD531E0FDDFABD4213BCC410C203EA6DD4B0C428C069028DCC2813C636D9EF"
2024,384,20311215,FALSE,"266FA896F6506716EB9866B0993D00407D5937788D0B267ED264AB65B952CDF4"
2024,385,20311216,FALSE,"522FD7B43642498ABBF9119B5725B7A3D3FE0046906A9F76293720DEF3FA3D84"
2024,386,20311217,FALSE,"2902A508FD55AD18633681D78A0A18B72E6CDFDA771B157C65FF9B777312DD58"
2024,387,20311218,FALSE,"4026A9DEAB0AFF85846297313C993ABADA8A739AD5D80215B4B5E68D612619A0"
2024,388,20311219,FALSE,"9AA0F542CB2A7E38D04D744ED0E26AEBEFC5B4D13711AFF8E59131501B6D9076"
2024,389,20311220,FALSE,"C0A896EC04A3F315BF6297E5E904D2B802EAA47896A030E9194B1EBC6D0862BB"
2024,390,20311221,FALSE,"F0953BC61C91391526E250A0EF9C8BB5B26E415641CCA044A913E7E545FE1435"
2024,391,20311222,FALSE,"449B0E1A5523B20745095445C5C444269C32B36B64026BB839BF407856D054CA"
2024,392,20311223,FALSE,"AB66708E73D6D8E5E3D5E59AF84174D0CD60E792B81338E3A7419C56858E3CD8"
2024,393,20311224,FALSE,"63EF6FAE02ED3CBD00EB0BC418C387E0C70AA14D70ACC36AB55857FF05A8D151"
2024,394,20311225,FALSE,"ACC740EBC17F7F7449D8303333C5275A16F2DD39945B16F63A1855AD0211213A"
2024,395,20311226,FALSE,"B947D99C3AECD8263B5040D66EBBE6EA3EC4B7306BD77FEAF8CF2D0527F56621"
2024,396,20311227,FALSE,"56E465FFD5DB09E390A662CC39AFBF61ED7F309DC2E64CABDD5A81AC7CCA9C90"
2024,397,20311228,FALSE,"DF2EAC9911C4CB4587B196302EFA1E27811060FC663CB664235557C20375D410"
2024,398,20311229,FALSE,"325EF7AD26BFFB7E9CBF97470217C123747B842EADE7E9C6822187C6EBA38087"
2024,399,20311230,FALSE,"872B510C129549B7D69CB92DC83A3AF5A533A6CA0DBF0C1A31C9D51F6B66DD4D"
2024,400,20311231,FALSE,"9C1EC2FD35824A7F8798C87E544C9AF0108045EE57427B7240011D497D080616"
2024,401,20311232,FALSE,"5D43EDC0E52AD09A9AB3894025D2708F059C17681F82711674D0A026E06D53B6"
2024,402,20311233,FALSE,"FC90E228EF16BC87F68F156AC1B4DC5D8625AE0346009935035CEBDB54A7E35D"
2024,403,20311234,FALSE,"A95E2089E0BC9A5D6C56A612AD5494801BD2759C0FB88BAF97FB4D0EFEFBA382"
2024,404,20311235,FALSE,"4DC4EF17B325C253BCE06A89C225EF22B706255E58DC456806EA7B15F0AF1800"
2024,405,20311236,FALSE,"C907447BC2C0A34B3906ABA1801714088E06724A9CFDBAC6C1666818F80F5C89"
2024,406,20311237,FALSE,"DCA10EB57224C4E0E2AD17ED343201F1D5A0937DB585AC0547153F399FDE3A34"
2024,407,20311238,FALSE,"EB5F3506052F4A1339500B6BA0CBBC53E318671895B8FFC377B4FA24C9DEB281"
2024,408,20311239,FALSE,"A0267D8CB5EAD00B1C3E82562699EB420052A47354FC6051CD9FA9525652EEDA"
2024,409,20311240,FALSE,"DAD63F81EB95C11D93DCD2A4EEB82F398978155CB0C0BF0E75BAEAD68BE9D4A5"
2024,410,20311241,FALSE,"79D4E4969BAFB41E28748A4B8F31B91AADD01C6140E6FCE7092CD687BD3CBEC4"
2024,411,20311242,FALSE,"DDCDC67C3D743B2DE29D8F1FBCE32D898A28E3F47764213EDB90E11C39390BF3"
2024,412,20311243,FALSE,"564D4C45DEB4187AAB2E81C19146B2BB783372917883EAE41021A8158098C327"
2024,413,20311244,FALSE,"0AEB856AE5E3D57D318794426D85FCD6CC976A8C3DF300FD4DB4610F687127E4"
2024,414,20311245,FALSE,"F0036597A0621E158F9E11FEB94DCC1A0BA194FC3E59D1D7E70C2B5A57443384"
2024,415,20311246,FALSE,"5BF788251D920D188D9BBD84047059026AF8BDA4273A113A6BB5611CC4A704FE"
2024,416,20311247,FALSE,"3EA9B70A98DA9167FCB7670C2F4E1B27AEE77F278EB41729E8017A274C5ABB1F"
2024,417,20311248,FALSE,"721D4FA41C9C417B72D2344C57D06084615A0C991B8C46AE20A54598A47B1BD8"
2024,418,20311249,FALSE,"4529E6602BFD8027AF8F47464811EA4789822B0BE400AFCFEB7A7ED5CD4C212C"
2024,419,20311250,FALSE,"16DF9DC95752A7F2BD486332533619F050C2F86C45BB30078A9E179BCBA58480"
2024,420,20311251,FALSE,"FA9FAF94562544864CF4B1DF1DA3BE11A032B4E1CAB1E2CC7482D3C2B2E359BA"
2024,421,20311252,FALSE,"47BF6CFD8A8AA072F24ED3E79A67BBD110EC194734C8F1ECED62EF01DA283B0E"
2024,422,20311253,FALSE,"F5160B17D3F6A82E1D3093DA0BB0EB6B24839288B315ADA5FB3A6B1D4F1C7D67"
2024,423,20311254,FALSE,"BA174A01A0FC05A6098D684E01B89BD41486B23AE5D8E78DFA2100F444675095"
2024,424,20311255,FALSE,"3081D0EE70AFEC1C8FE6AEC158542EE6FB562AE1B0E27E0C9B0ED5D5B6676216"
2024,425,20311256,FALSE,"41CD175BD3B7430BDB4351408365EDA33863FACAF277739A7B4381990CAE203B"
2024,426,20311257,FALSE,"84F38BCE85C88C6999DFBB7398A0F15D534401C42B9D081943957BA9B6EF1D4D"
2024,427,20311258,FALSE,"C972393563CB2007FE6E10B418E518B68D7062783C81B001C029540D357FC9CA"
2024,428,20311259,FALSE,"891CD075EF0D00F5287B4772A04DCED863A63416AAE66F23E2D3290A0E34E00A"
2024,429,20311260,FALSE,"B44E1A0D8CD5772B3F955A230ED4B116F733D0B7A56D08550A00B97C98AEEA39"
2024,430,20311261,FALSE,"DCA2ACA5A371B51E1D8B4F163BF34EE42075CDBD33B6DC0B965699B2C3D82150"
2024,431,20311262,FALSE,"51276CE1C48E033848C04568C106486532D4EE792CA83DFBD9F6D7C118BA1024"
2024,432,20311263,FALSE,"F9FA2699AA52663A94DB5F400E5710D999D4E7EE11603C008D4FF86201272A8C"
2024,433,20311264,FALSE,"5C1AD57EB31E776C4D3DD5C8F8606723924234C2B93291A20501406ADB141C23"
2024,434,20311265,FALSE,"A04FB0AAB2BA3BE8AAF6ED928A3B770A196815E40203FEB92ADBC41A71C7533F"
2024,435,20311266,FALSE,"910E373998722C2EB5D714785E02E2F3618CE8368FA6303D38D750F1997A7F81"
2024,436,20311267,FALSE,"2A8A5AEFF2FFA91EF2471BBD0BA28E1822574C4DD36180B957D27967928C9BC3"
2024,437,20311268,FALSE,"E95E22763F42302B7B27DA20FDE78A134A44EA040B7CC2CFDD2C5C94C1A4B9AA"
2024,438,20311269,FALSE,"E893E54784A69DF49A66F071E1BF66584641549F848A6166212F8109DC742F5B"
2024,439,20311270,FALSE,"9C0F6106A925DA8D038D06C709926319C702C4D7F60DD74BF0D6A8BB33BF61F7"
2024,440,20311271,FALSE,"F589655DF6374F6ADD8CF7C4CEA35179D41AC7BEBDFD9F91C5DA7650EA26616C"
2024,441,20311272,FALSE,"49C4AB893EE42527C0795B9C3B4847788D5B76DBC4EC7B8EB3399B595319FF56"
2024,442,20311273,FALSE,"2F3FA78612B7B04233D3BAFF08B5B708F4C7D23F5F2CAD5D1A5745BAC03EA8DD"
2024,443,20311274,FALSE,"D47E49EF9C375AC7CA3D65B0F207AFAFD1D524AFEBB4633AEE3D716F0BE3F13E"
2024,444,20311275,FALSE,"FD7FEF1D23BC60531A69A8CB629C8DC124DD838BC4AD281A5D816F92D16DD2EB"
2024,445,20311276,FALSE,"32DBEC62D166503905440FFDBA7264B39FDD53FEA35760329E9CAC743699541D"
2024,446,20311277,FALSE,"715454C440E31CFECA4B95E91171AAA36A0521CE5714029ADF193152169D340E"
2024,447,20311278,FALSE,"7220241A150FAAEF030B65D4E32F639870765F9D9099674FD2FA08B68FAC1CAA"
2024,448,20311279,FALSE,"982E15E6EE9AF6355243CDC052EB56B69F17B420FB2A80E23AE0244EA6FD19E4"
2024,449,20311280,FALSE,"09325F6552851A03E7ACA5DD4B4EDA616C5D1278CB7AF75B71377C38B460864D"
2024,450,20311281,FALSE,"52BD573D76F029B3A2AA96A24B3634163819F6D113DE1038738C36A2281FC139"
2024,451,20311282,FALSE,"84AB131EF072142BBC3ED1B9ECB42A2B254717D595E52FC11803D692C2C07458"
2024,452,20311283,FALSE,"453FEF685BC1544D2D24E79F80E688CE203CD5DF1A2548031D7847E44EBB4917"
2024,453,20311284,FALSE,"12466650CFD981E46FC615AA57355B9E7712A6652BEA5FFB86C1BE2CAF2EA7BC"
2024,454,20311285,FALSE,"712474E2DE52E45F32ED4A736A40828135002BE9C3ECC4C48154F044D288B157"
2024,455,20311286,FALSE,"EFF26A1F6EA2BF24147DB20F5C53ED20AB6E1BCDEAD76C7B20DEE8C45EE122C3"
2024,456,20311287,FALSE,"5AA4D268090C54D6E7F0D002A389ED6D8DE618DA6D1F7C68AD7C056322404670"
2024,457,20311288,FALSE,"1DFBD1CAD5E12AB9C796276A5D2758100C6AC509F7DE807E665DB05B1A502056"
2024,458,20311289,FALSE,"FDB7034E1E2DD10FA08CC1D747FE5635BB536D3C590FD680A3001642816F1125"
2024,459,20311290,FALSE,"0C300840D0835943AE522A1B4106A9F66F3547D7033C9DA005579A79D87EF3DA"
2024,460,20311291,FALSE,"F5E7BA608C74307812CA62405FCC3664ACF30DEDEE125E25599284E973A65BBC"
2024,461,20311292,FALSE,"4CAE3A0CA75D11DE86BD8BF3AE2F10DE3B67B77FCE62DC5A0629FC4F214D7E46"
2024,462,20311293,FALSE,"EA7DE913CCDFE64812E8EE5AF88B334758326ADB8CE05746A726980D55032BDD"
2024,463,20311294,FALSE,"D940F4B2E20BCBF8D7506B8323C5E2612D8D1B762D814AF836BF4DEB598D806E"
2024,464,20311295,FALSE,"9624D7BC8B26869D58261216D6451F14C13FDD5BB1E819DB78790214D179E717"
2024,465,20311296,FALSE,"5CD6E64910D0D89FDFDB9394A0D6A2A9E9C129032DFE1AE83E1CE24F0C275EDD"
2024,466,20311297,FALSE,"1BAA95932418B5E19A79E97ADF1588E22FB3118CF4B6C1FB7A987FFDF8437767"
2024,467,20311298,FALSE,"2475036E5A7BB3DBA7F8360B10C3C95363781BBF71146A2FCDEA283B194BBC0C"
2024,468,20311299,FALSE,"804B26D7FFF507E27817AF02263C8DC2C38EBFF09021668C1A7CCC77E98918C3"
2024,469,20311300,FALSE,"BC47A9E33D179ADB3914FBDAC0447DA2031C930F4B90408EFC42B9B284C25F1E"
2024,470,20311301,FALSE,"AF25C8CD26974E37EB1E212414456E7F9525BB588A6AA5089A23B44C74B8BCAA"
2024,471,20311302,FALSE,"BF6D04276FE633F1F72761395C782FB893F4A69769422DB176E041257D4D35BB"
2024,472,20311303,FALSE,"D7D436BC98AB364ACF10C32496B69D3E65BD5C7ADC4EDEEBB55D72EE76D3CA54"
2024,473,20311304,FALSE,"6842675636D0DDE4C4FE331FCC0A2DC736B262734317995FC395C3BD7C4B2D9C"
2024,474,20311305,FALSE,"2EF3FE506965D5BBC98F10144037FBDDA035128C402B64BAF052930F84B8C020"
2024,475,20311306,FALSE,"0B1A81B2B3F498A15E7BA54EBCB7837CDC3AE0C70E17B276B247761992A7A52D"
2024,476,20311307,FALSE,"E48E103810C69F6960460B2156BC4BB2E9665AC69686706C53ED530BADEA0380"
2024,477,20311308,FALSE,"41C8E846CEE81B2330C171EDA41B0CCC13C0FF3274B7B466F0FA052F8A276E29"
2024,478,20311309,FALSE,"574AA28B62A1B29A3E1E2267DD8E4C59EE1477D2550C6038696514FABD8903E3"
2024,479,20311310,FALSE,"510DF7CCC1B251652C395FA8AC21420F5063D87B33C5005116D49DB84780DACC"
2024,480,20311311,FALSE,"0EF20AA6922ABD7F42C2E69862A0E6FC865EA0DEC291616BBF0F0B2F9F486CAB"
2024,481,20311312,FALSE,"7E4FBADA9DD871D8951532FAA4A809BC42CBDE8BE8C66D05B2218C3B1D90F4C6"
2024,482,20311313,FALSE,"FD7404092BC07332583ACABD67260AFDFBA58448C78250E0375118EDA585C20E"
2024,483,20311314,FALSE,"9FDD4149DA2C44BEE53A8F1AA5562A164DD08336E5788B7ACE490F2B7F116199"
2024,484,20311315,FALSE,"59CBCD810C840BD990A4E528FC71BD7C68CABA3B51844A4BEF72068C9FE01B7C"
2024,485,20311316,FALSE,"39029C9A9BC56D28A16FFC76E5BB66452CDBBC25BDAA5FC2946D8126A4421A74"
2024,486,20311317,FALSE,"03AEBF3F66D94EB291432FC4BFC12A4A47AD2FDE5C333F255368789CA101C72B"
2024,487,20311318,FALSE,"FAE052817A9441F5ADD0DAB7F493C9482735924F3450BD893D3F7DEF8678DA6A"
2024,488,20311319,FALSE,"5C985623435246732A7B83E412B0793D19F7D930B4B36F99F37C3DD4E3E848E6"
2024,489,20311320,FALSE,"CCBE742C43CF3FE5FD98B25EC6E5364F8107FB76BD4F11E2D88B3E3CDEA56BFE"
2024,490,20311321,FALSE,"52A54BDAFC1945C242D53CC5E10D022D217C4096258C5205783386A3933EC1C0"
2024,491,20311322,FALSE,"5909B9608043A8AD9E8DE6ADF39828FD1F851D0FBE4D18E2C663F902924F44DC"
2024,492,20311323,FALSE,"2E1B2496950D75F01346FD3F4D6EDCD66CDA26BFFE07BCAFEA8C60E3C1C31082"
2024,493,20311324,FALSE,"B6DDA69504C3CC10D29DB3300A6A90A90930D6CADDD5588D34171B242D3EFCE9"
2024,494,20311325,FALSE,"649EFFEB192B81A35339B8BB56D809778108C5E85F07955942110660F5E652D5"
2024,495,20311326,FALSE,"F39C16BB8F20F770FC4098D0E86EC728F87187BFB1D1380ECB473EB587121006"
2024,496,20311327,FALSE,"BCD7C6C6BB1618C70821969F9C945EF0CE4B66E8722AF53F43A9D3A9FEE0E7B7"
2024,497,20311328,FALSE,"B82CF0C075534B2429188898B3EA446035BAEFFD808ABA69E0B37CA613E304A1"
2024,498,20311329,FALSE,"8C29A348EC9B807E235B28D113F6C23B748EC68DCA864679732E5D2258E9C205"
2024,499,20311330,FALSE,"E567074AA079DF4E9CE39919AA5B87472DC2257F7D95F6259A51B15679B6F039"
2024,500,20311331,FALSE,"BE01C615A5BA3F57D97569692E20C5164E90686E1DD513CDE8BF3DAF4AF420A1"
2024,501,20311332,FALSE,"DF99CD2D9B07A787B0AC4477FF7EF206B0ABE644BE02C49039AEA7345AEC78C0"
2024,502,20311333,FALSE,"B87FD4721445FC060A85085DAC0130F810BB57A7D7B8E7D5D2E1E4CAF42FD6AE"
2024,503,20311334,FALSE,"58A37347C9D5D13B44992CA181BF2B1F9338A133F526ABD2FEF27D154F7E4A1B"
2024,504,20311335,FALSE,"AA89154B19C32427C8F4C6DCCD7783687B503F16570FF586462FC90EE08B0A42"
2024,505,20311336,FALSE,"A71FC9D17898C0583E5E31D056495FCA9D59C301EC703CC17260C3680534365B"
2024,506,20311337,FALSE,"CEB8DCD6EB15571FFC01CE4C95197CE04CB584EE65C08D5019087ADCB9E0984C"
2024,507,20311338,FALSE,"421BC82F98EA8CD764E6B7AEF4112920B7279E0264D50006672F08653B7E02ED"
2024,508,20311339,FALSE,"558812D8AC5068A986899A553FD3BFAE37648E85A11578DB43E4431BF18BBCF2"
2024,509,20311340,FALSE,"B4A94771C897FF9DE2F608FD1547B6681DD359BA14606923BD7D848AB92DCE69"
2024,510,20311341,FALSE,"B0D9FBF1B0AA4C67B72F5349F9BCA2E8539CF9AC0D9077BC99AF09F679A86F3A"
2024,511,20311342,FALSE,"D695E089E60271659D2582A173F5CA3AACAD0293CDB289DE47B8E14FE3701CA0"
2024,512,20311343,FALSE,"55F953FAD4A5D8FA88C8FA80E71F940DE3CCC663D1BABAAF8684DAA38A6E7BBF"
2024,513,20311344,FALSE,"1C10199988B4ED9107663A9C87C6EB88B61C0B761B1B6C428B96332D9AEDF097"
2024,514,20311345,FALSE,"9C971A97426D2C96D9009E78CFED3C1C624B92CAE58A09CAC2C606A0A8DACF20"
2024,515,20311346,FALSE,"4432474CBAC3A4B914C6EBDAA995B88CF9A853C8CCB5BE243787EF89F0B6BB44"
2024,516,20311347,FALSE,"409596C87FB2B5FB94BE31C1921C56FCEC1CB919F9F16F1964BE81D252225479"
2024,517,20311348,FALSE,"65D3C0BA23A830600C2C53A478C8D5B3602A310DA561E93391AB096FDE793F41"
2024,518,20311349,FALSE,"FD6E592BA5B0214CCD3FDDA71407EF9436F558BC6045AA0835FBD70BAEA62F3C"
2024,519,20311350,FALSE,"BFDCDD141ED4676EAE3782F85EBC9504AA855E1D0C5A31333D897D74B512458A"
2024,520,20311351,FALSE,"128F13B6F784BAE3115A691432E56B74FDFCEFEC4859149C1F618290B4987600"
2024,521,20311352,FALSE,"2BF885CDA6E7E115E6E2FF88B22BA33A81961F14E935788694F406E5E89994A6"
2024,522,20311353,FALSE,"6866C44AAB1E5D271297BC13EBDCBB407227EC873FFD19297AB477B886768235"
2024,523,20311354,FALSE,"D81FA8F47B4635FDCC7382B5CD8B0915D234D1FF1D2A1EEC0790455E2B4479ED"
2024,524,20311355,FALSE,"F0B22F28CC848BAD1E68E40F3AD00FCA9A37C6AF2B62F82730CE7C33FF79BF0A"
2024,525,20311356,FALSE,"84D2EA94AD75E07B9481FF023A616A446F4EEEE917E51464DD2C73B657CAEBE9"
2024,526,20311357,FALSE,"42992EA13A101BC7A656C546B9C7970269002DA33FA9DC1221948230DE2617B2"
2024,527,20311358,FALSE,"7B6FDCB1E8C105458A6E5965F1A2061F8234C940ED898E6A1B91E2F5A8AB796E"
2024,528,20311359,FALSE,"B76CDB24CC18980AFB3207D894BC172DA0A2072FEA89C458BFC30BAC6265B6EC"
2024,529,20311360,FALSE,"7E252AA2D95688BF25EAAEFCE8A55B0431900995D639DB603A7461F5A4D66412"
2024,530,20311361,FALSE,"BCE198CD98A38E0D2A99D15EF2CC3B1128FD235A6C0AFACFD8996E7A5EC9D13E"
2024,531,20311362,FALSE,"EAF7BF60CEB21939E2213B248AAAC4B4D36D5CEBD6A622B57F61E0D96EFD2AE5"
2024,532,20311363,FALSE,"AC69BF445914CA0057047E5E4F07494AFADB8E0F57B60872816548F8DE146F92"
2024,533,20311364,FALSE,"118562F50F11210A465A2EC78ACB051B8F79A5C0A68967EC6AC07F072FECFB34"
2024,534,20311365,FALSE,"A62235D04B19DBF84B52E2B262D6645BD4B3F815C389741FF84F90A15FCB473D"
2024,535,20311366,FALSE,"88B7FC3F1A45ECBD44695F7C6A16776B25A084C8F743C768AE283210B10A1B5F"
2024,536,20311367,FALSE,"E1DFD36FABFB46E16C9A228C18F0888C800178602FC8E5DA1231EAB56F25F6E4"
2024,537,20311368,FALSE,"B6CCD2C19EACB38C808FD0CEC83431FF0A468D0E66ACF6B4236E7DE0D0F63545"
2024,538,20311369,FALSE,"C84150C5FA228BE055A086C45A4C3207AD74A530D40B4A24B4A9D60B50DA8D16"
2024,539,20311370,FALSE,"757FD4B16CFA22F6A2111A4BD9BAAF791325EAA8029D5E63D520A2EF214AB670"
2024,540,20311371,FALSE,"995B6A470B1B529EFA69FD68726BB713B7407C4F9B723F1F13A9CD0811E3E35D"
2024,541,20311372,FALSE,"E7789CDB5B0106E414A778F4A65C29F6913F8E67A39791F68FA13A16FB1A02EE"
2024,542,20311373,FALSE,"105D6863BDBDA885EF095FFBC022A36FF3B9A5D9CE9D13348EE2F0F9586A8F5D"
2024,543,20311374,FALSE,"A6D1A2C3B2230BF56E152AD50A8BB8B56BD91C64FA006CBF0A3A238D40FDEE44"
2024,544,20311375,FALSE,"C7BDFB0D8F3DA6401A211EF7310136C5DAD881454D922735270BD358A3FFB2B5"
2024,545,20311376,FALSE,"98ED0B585EBA06D7B09AF8296A463EE604E71BBF077EBF68649BD57E971FBCC9"
2024,546,20311377,FALSE,"BB039B9905659678AD4C0DECEFB85B892A3D5EE54E55CBCE72C26B4C96FF345B"
2024,547,20311378,FALSE,"577D272964DFA4F40AFBE3F7ED28FE69ACE8234BF42988361CE99DE086DF8BA4"
2024,548,20311379,FALSE,"E76D55D3B6345F01A07AD9D90A5F8620980B40EC1240D899E91026D5D623CC86"
2024,549,20311380,FALSE,"F48AE1D1AF62AA34B074D044FDD12B378DC7F33DD77F4990BD5837F6A28D74B3"
2024,550,20311381,FALSE,"7C856AF4B478F6F072FC345E39E1B78400C1626C69AA068B02A8F2D6AE503E37"
2024,551,20311382,FALSE,"B994C7591C0DF812BCF5EF628E47535D90842DCA8CAAC01540484A54621E4B3C"
2024,552,20311383,FALSE,"249D9480452332EC82DDAF5041D0952E9C029BA7C5B4CB8B65E42B3CE1AC3653"
2024,553,20311384,FALSE,"25234EB7724CA9AB73BEF96182010BE46392131A38DAEFA4C9685B7B5FD9A0F6"
2024,554,20311385,FALSE,"87BCD615DAF89D0377EAC8D6C8815D46289B1E5CEDE257E84C3C4994DD128E57"
2024,555,20311386,FALSE,"852F61C63C20B2ABB5800654763F2185D2817968DEBBDB53B9169A873F376E27"
2024,556,20311387,FALSE,"C602C67ACE500DE936BDC10B0FA62FBD6974553C51A73A167D44C56F1D9D880A"
2024,557,20311388,FALSE,"6732B7936E77676587E7973730E969D658F134241CD912EC4DB6B2CE86BC6758"
2024,558,20311389,FALSE,"7ACA2C7E5A92DC9287A476499879473AAABADD9F98C45BA7E89AE6C0D9F9630B"
2024,559,20311390,FALSE,"16BB15BD3B3E987B0B9E3D27918212B707BE1CD8FB93F9911D608D77A0EBA6F4"
2024,560,20311391,FALSE,"F9ED8C86E7868C04ECB4734D622E07556CFEB125762438C10701470C56482310"
2024,561,20311392,FALSE,"C294A74DA9515FC40FF5EBF65332913176B9DA545F95D65ED8F76D3BB5320C85"
2024,562,20311393,FALSE,"216B337B6F1610F3547BFD08D2FFBA7BA4E984DD92367B558F78F9C79B032A81"
2024,563,20311394,FALSE,"EBEA9794D017C33A4D4110B00D0AA8E4B1CEFFCB88DBF0D2BD13F05224DA1708"
2024,564,20311395,FALSE,"945D75ED658071B1DFF90C5AB3CCD24EC2CF92AC80FE4BE8BED35171AFE18A04"
2024,565,20311396,FALSE,"C0C1780885473E9D6A9A4FF020F3693CA3D2F86963AD912D77D1C30126ABD403"
2024,566,20311397,FALSE,"0C3772879D3FE06C4E0335EC79F17ABB88CE3D0BAB6848B2040C7029E168F498"
2024,567,20311398,FALSE,"C9B22CD5B53CE0B20C73D70FB80222E19448E488066FC4652C67B85316D18217"
2024,568,20311399,FALSE,"4091041E459B617D800A41AED8FDE8A0C3344A676DFDCCF830FEA6CD1B773A61"
2024,569,20311400,FALSE,"C25CD9A8D3FAF9194F408C5CA4ED6C3D81B2311AE820F897F84E4F418BC89698"
2024,570,20311401,FALSE,"43CD68022616949E3F1D773284AB6E5DF3BE59BE73B6C142E4BDFA203381F1E1"
2024,571,20311402,FALSE,"D595E42DBF446559FD28F9721BCC5C4CD7A66FCA3118AF0442AEDEC2888EC1C0"
2024,572,20311403,FALSE,"2D77DA0D9E46344F5ED3A6DFE987D1437CF2F478F94B87952B4D83C60A025CB6"
2024,573,20311404,FALSE,"E33E71EA531B732A71041C75064F804F12AF428C2880FA4BA7D3280C9D6A7BF7"
2024,574,20311405,FALSE,"2C07C2A4B6E8077A051920DB0BDF522333934CCE6D5535F139DA5525D06591C8"
2024,575,20311406,FALSE,"F467629CB979968411A9185D50F014C426090B37A46F855A1A1207043751F3C5"
2024,576,20311407,FALSE,"F49E55BBCBC6B425097F180847F7BECCFAF15C3C1CD95A5A81F4438ABB15E28E"
2024,577,20311408,FALSE,"381EB20C714BC2384F03EC214E1211AFB0F452FAA1B10F9D3C135AEC5C971248"
2024,578,20311409,FALSE,"3F7C4D1CF72E1EB39DE15296E14FC293C8B4D2E8E224A153C019A891DBC1E794"
2024,579,20311410,FALSE,"4EDCCE33D26312B155E5600E4E28C162BEB8D9EEBFF611764C1D51F32B350D7D"
2024,580,20311411,FALSE,"0149F7ED861DA8356CB9E8F1034879C3AC32B4FAEB16A0C851AD4602678A800E"
2024,581,20311412,FALSE,"FC05A911B6D9B02AD0FDD41FDC4ABEFE8B01DE0E40C436C03501A54760A445C5"
2024,582,20311413,FALSE,"31D98E9AA235B2922182984675A755CBD1A5B33A73255887D87BBBCE68F17024"
2024,583,20311414,FALSE,"F34480314C2510B63E598165B9B572F17DB0AFC1222E7929C3512FE2C6106613"
2024,584,20311415,FALSE,"06CE89B394FF0828C29287117DBD73538FB7255B6351221244485601CA89CA50"
2024,585,20311416,FALSE,"378D4ADAF126E6F9B969F1596DC7DF18FD5356986C883B35A064D30CEE3B817E"
2024,586,20311417,FALSE,"D72BCDB7DFF490F0B5B2E1D09F3DFC5FBF75B31C7C1EF12770637A596D779B29"
2024,587,20311418,FALSE,"4A1BACECD6768D73A1A2D6451BC6D461E1F0560F9F9CB8D3EF6B88B451A54928"
2024,588,20311419,FALSE,"7AA3A29F0629771198557D51ADBD2E565F358327BA05B0E08CAB3A19E71005E4"
2024,589,20311420,FALSE,"8B7826DFB7C92C1923BF08798F25DB2D62E5DB0EEC16569FF78E10E3ACF26146"
2024,590,20311421,FALSE,"01261FABB8AE506FF4F5B4BA3C375E8FC29A834538990FDED199AB95F1CEF9B8"
2024,591,20311422,FALSE,"97025CFC765FA8E832807C6B9FB1CAC902C46C3A68F1A998DBA041C3C933E8E4"
2024,592,20311423,FALSE,"81AF628CBAC5058BE3E56D3A52AD89D07C7E80782054222ED49012E85B846839"
2024,593,20311424,FALSE,"ED357B3ADE05E5D2B2F52E1FA2F870DE5D8380146E750E2B31BFBCB87AEA0EDF"
2024,594,20311425,FALSE,"504498B3222E306AECE48AD28AA235A28856CE1B918123549DB455163B2B2810"
2024,595,20311426,FALSE,"810AF1372D6EB77C0C62AB9F3C12A983B3F392B951F70F2AE7793ECAD6B07B90"
2024,596,20311427,FALSE,"BD73EA21692E19392CF72EE158686A439C14E135AF26B677671F4A75FA5DCE60"
2024,597,20311428,FALSE,"F2A12E9D4479CA1B63117F3032F7B6A72F44C9D3F76B029E83AE6A4A00E765E2"
2024,598,20311429,FALSE,"B4AFA5FF30B6AEBD303A1291B38239C9B95962102DFB7B81136A02B21B1ECAB0"
2024,599,20311430,FALSE,"51AB868AAB2CB485DB55CE03822F4F4E7ABBFBE95EF1D0AAB4AB2CFFC378CD4C"
2024,600,20311431,FALSE,"0A454C548D8CF73E8DBA13EBCADDF4C80D1EB5E356166FB6511DA9B4D3E76EB3"
2024,601,20311432,FALSE,"65BB56E7FF1B6A41F7CFD3591E29F95E567C12465976C9BFADAF2EE89EBFD14D"
2024,602,20311433,FALSE,"93C8280E851E3F277918DB40A77A74886F353149FACC0FBDA2C3AF4D26CF53EC"
2024,603,20311434,FALSE,"AFD6363229E393D090C9F16CCBE777B929B51DD88D7958874244B3E467361896"
2024,604,20311435,FALSE,"1D38B7404E72B9A9ADC5D3F41ECE46D6391CC973C6642810EFAA274FAB53B856"
2024,605,20311436,FALSE,"252C4C9F5C1582BDD11A4F19CB2E1E993A9275DEACA68B356498F06CD792B27C"
2024,606,20311437,FALSE,"70B8780389DF8281252D7C714D56C30FCC41D440F9AFA2D448A1C875995978DD"
2024,607,20311438,FALSE,"28E904C68A312D0DAE71A01E59A258CFAB1D6128985698B85CF88F641BB90C2B"
2024,608,20311439,FALSE,"5892440A7FC99715F0DA34BA687AD9D7044137964F352BAB6BB55D0A3D1C369A"
2024,609,20311440,FALSE,"91AF50B1A2A024D9E70E0F3C391BB6F74F16AED146D3E3837A177D17F8CFED25"
2024,610,20311441,FALSE,"F10EC4CF7E22B2B13B4064BF9ED1C6A29CF64AD2AFED5A4C2E5672E5FB620DF9"
2024,611,20311442,FALSE,"1F4F71B4A4205A5CB6EF24C5A49575E9709032653C79520B1673C9BA7B4257B7"
2024,612,20311443,FALSE,"EB92A45CAA759D730E1C7114DFC7590910C995C7395E59D930E0355B19C27088"
2024,613,20311444,FALSE,"12FE55331340624D5C1469871D3AB5CC7686626C7B36D0C143A04DAB1FFE651D"
2024,614,20311445,FALSE,"6F8119B533CFD3C3E929F47A06641194CE1D4FF91A28CF35974473BD9252AA96"
2024,615,20311446,FALSE,"FE57C1ABF789C4DCC1F76D68AFD3A6A8DC6068C363EF1F6C4F80D8E0639DA6CC"
2024,616,20311447,FALSE,"3E383339319C3178E12F1279DCA9FC7DBB06A9FBD6BCE6E230DAC067993D958B"
2024,617,20311448,FALSE,"B5DE0C8AA39E9025FE8982633DC8E2EF9933BA40F52227F79A1FDBEC653656CB"
2024,618,20311449,FALSE,"6E91CA39E623696E8AA301CD876AF465CA2530E456F098CA37F55DB1733D0EAD"
2024,619,20311450,FALSE,"9A7BC479EB26A4838B7FF57ED7F41EA90A0B4F247A8AEB585118C54A909200A0"
2024,620,20311451,FALSE,"8C95F1EB83CC60375F7A54801B94172184F72AA53DC1B68940CA5C01580B952F"
2024,621,20311452,FALSE,"8B65EAD7CB65BC236704950454AA10EA07A3939D1A0BEA705A8F6766794AB00C"
2024,622,20311453,FALSE,"7BABEB06F7DCA805E2658BACF51AD3039FA75A7958F56883EA061C7D7076440D"
2024,623,20311454,FALSE,"4F0D29792E669E17E16650D978EAB7733FB28E3A1F918AC713DEA4E643ECB669"
2024,624,20311455,FALSE,"77EF79491DEB5DFDDF191B5B9A9890802B491FE1A9B330B06C85AA2A9896CCE7"
2024,625,20311456,FALSE,"5B9A62117AC5A1639D062498BC16EC98676150EC34B9820317CB685D7B036DCB"
2024,626,20311457,FALSE,"A4873D98F9EBEF609962FFB0A2A9381A8DBF0063EFFCEEBAB719B0FFAF72784B"
2024,627,20311458,FALSE,"43A49491097BF6D5D469909FEB1337DD963C98F733848FEC866952FA0D9A091A"
2024,628,20311459,FALSE,"889971FB3972DAC3AF26154246964C8DC5FF92E9DDA7A32CBA935A6B56FDFA59"
2024,629,20311460,FALSE,"E3FA1D26539EA7BDB5FD85286D7FF47EF897AB5FD88719FCA60B391E3699658C"
2024,630,20311461,FALSE,"506792AAD6870DC56225D2195813E7F5C5C9D87040B38D39B945A92F48283BF1"
2024,631,20311462,FALSE,"B46949AAE434B8CE598909C8A89C5D6E5F1F7537D16AE8BAC227C8C92737929E"
2024,632,20311463,FALSE,"F10AB833DB70E10E4EEF63C99CFFF08DECFC17E44E9A9FCEB50B493C5C4CB7F7"
2024,633,20311464,FALSE,"8244DE00749B284BED9A5F0D98D4737262B432650C94C013C3534ADB22224149"
2024,634,20311465,FALSE,"F116276207F78128E7336007F92BC9A4BA5C0898CEEC8E4350552205EFF3F2AB"
2024,635,20311466,FALSE,"A20475BD384750ECFEFE0BA9F970E409F38816B36DAC30EFD4BC0D551C8B5B08"
2024,636,20311467,FALSE,"C92925FBE9F68531C1CC628F91A56C03FEC2CC0E43E74C23B2B3621CDA59995D"
2024,637,20311468,FALSE,"178900BFFD24F4E89479355BCB79780FBF6687E3C2F3F3687372747EFDB48BCC"
2024,638,20311469,FALSE,"99BA90E73B58F9A8E3BD8FD4B3EDFDF5A9A7D0A809CEC414195B548C36E49EF4"
2024,639,20311470,FALSE,"D1E9D04380CA9BF3F7334237C4B5BE58B961D84A2D647076A95FD3CB7FC05A4F"
2024,640,20311471,FALSE,"F6B4BFCFDAEA4D14F66D612B9E09D6F26CCFA6C473C4ACFCC0356EF1931E5A49"
2024,641,20311472,FALSE,"CC816B6F543CE98B609CF80F1B292BAEC3D8E787FB770C65910F10D0D8791613"
2024,642,20311473,FALSE,"AE11751958EE60D03BC3E4595B62407E3EB54AE1C8105D8D8459C39A744020B4"
2024,643,20311474,FALSE,"DCC8FA80B32929CA9CA799CB1BB1A38782E0D6CF92DC719F63660BFA3835E082"
2024,644,20311475,FALSE,"0F0A2865F4AD3403806AB3163C016F5848D1DE4F33A8A6D2BF9E63398BEE536C"
2024,645,20311476,FALSE,"FA56C6503E85DA3CDA31BFFFEB935F68051BDC91A073EE9F197C872BB9698F57"
2024,646,20311477,FALSE,"2D79A9A316019372742B8C3157F36BAB790647E515CAF51EAFB3EAB7B1890BB6"
2024,647,20311478,FALSE,"CBAB2585AF3E6C4A30F9ED69000ADE0A824DEDA005D98E6094430E8D11D7946B"
2024,648,20311479,FALSE,"90552DD5AB193E4B30471FFB75E51133077D9C41C0E62BC2BCFA2089925E5386"
2024,649,20311480,FALSE,"BAEDF7D7C76EADFDFE3B743FB5BCCC8D5265C59E2F4A982192DA4977D57588BE"
2024,650,20311481,FALSE,"68098090BBABEE8563B3F4719D5D02D958C0DD7C12356B5971609A08B9E512B3"
2024,651,20311482,FALSE,"6DB6E76C81D0FB08B161DD20FD1A7B74E96EAEAF3646DF7CC04B7BB4065231A2"
2024,652,20311483,FALSE,"754DA37CC65B4F377CE0259606C6BE802B80A8DEE2FFBFE1C5BA6D721305BBBF"
2024,653,20311484,FALSE,"0C2C3904E7128D9C2DF2984D1A0EC1A9040073410A3A6FE45DC9001E12BDC374"
2024,654,20311485,FALSE,"B2F573F33F156C35D7CB3A9C0EE7A4463965987EF7632AC52FB3EEBF092C8A28"
2024,655,20311486,FALSE,"A0E042E4EC0AE7FF57CD4E2F57289EA2AD415177FBEE2993C6A9A7CC20B05BE7"
2024,656,20311487,FALSE,"50EE7570A34258D03E0CC55D470C91753A49C9ECE67C17A1E954C6282AEF4FF6"
2024,657,20311488,FALSE,"7B6A172E51CAB6C19F7B5577195E21283E1F8FA9B69D11217A2CC98B381C8AB0"
2024,658,20311489,FALSE,"99816E272D14B2B4DEA6A5866779C1F04AAB9988D2AE04EDE49C90E06EA1ECC0"
2024,659,20311490,FALSE,"02D40E767D090F59FC85978354D12B166735FD5515A3D16D4260A6FCCEB3D785"
2024,660,20311491,FALSE,"639AE9B9767C5BF2B54C8DA4857B747172E344ED5428060DBB5563E38D985A70"
2024,661,20311492,FALSE,"C65D64D3EBEE6B612F3FDD129C6497875295F96A292B7F9362E70218777BB793"
2024,662,20311493,FALSE,"E1EEEB5837265BE71A01D2F050EC6EC20D27DB8216378C30A09A3B24009D3F1E"
2024,663,20311494,FALSE,"C331286141E6B3440AF6026E16347E484144E437543A30B0973A8D71493A5049"
2024,664,20311495,FALSE,"910406561432A0859E3CF1308E18FC891E35B8EB3996057F4DD352AA2B47ACCF"
2024,665,20311496,FALSE,"C04AD8786962D458E245C23BCE0428C5A495271B623B45F05CF2998D4131FAD5"
2024,666,20311497,FALSE,"A029C45E7836DD3B421CFB0A67A830F47EBCAD5222084A789774BB76DFF5D636"
2024,667,20311498,FALSE,"29C2F8461BE9E2C5C3941F29DD1E75F7DDE35E85C0BB18720F4AB6994987800F"
2024,668,20311499,FALSE,"8DE244CB4F5A9428923D576961188BCBE2D9D8732084D28C60BCA47E93EC0305"
2024,669,20311500,FALSE,"24D52D8B72A631B108A3498CDB4939F235714D5BE06EBB8D57DD1A18A89B76E5"
2024,670,20311501,FALSE,"C08F2E563CC3B70EC7F9B8CEC9DBB4A1E3D5905EB4E20438F0B35B8896EF84D0"
2024,671,20311502,FALSE,"62F0D2568CFB02A70AD5A4CBD7A228A82911A1327C84418DC60B816EC6318304"
2024,672,20311503,FALSE,"AA8344BE218E5EC5BDFE8E4DA226C1194FE7DC330860629904F5201F23E7ED6B"
2024,673,20311504,FALSE,"DAB44769B7AEC36CD09C01CC2C3709010FE97884777E09C01ED7D7538ED9A237"
2024,674,20311505,FALSE,"8B8BB9CFEBB7EE17F0268D95FD322B8C7D44A0328A1A7C1AA68097914D1C4E27"
2024,675,20311506,FALSE,"6D62BC035CDDC8C0C3A3CD16512B491CA015A2D5ED2A38D945D6AD81DAC33202"
2024,676,20311507,FALSE,"EC99F87CF9F363FA067CFE092F08AE5D65DFBE451923D6B30FFF8CBACC6A2E03"
2024,677,20311508,FALSE,"C3326A7A24454D0928B557F2BF05AC78B7D1645C5EBD186C20BA1B5E1731FEF7"
2024,678,20311509,FALSE,"38C279D36874AA2FF71C23300B13AE0CCDF22523A9EF04262D4F56C0CBE19DED"
2024,679,20311510,FALSE,"877F37EFF2A3638ABAB0D5CFECDB4771B71E52477FBBCD440C4E070483259939"
2024,680,20311511,FALSE,"4B817230AB836CD60A5E5DCA3628FBBB47B8962C08FC7EA09A8AC847A196092E"
2024,681,20311512,FALSE,"3BE9675B422CE3B08E0A4A587ACCC6FA299E36B678DBCA1323EEB7393A1028F3"
2024,682,20311513,FALSE,"A942C03E0A96C4BCB5E6795F9C211349CD4E8B11597086550597309F13568DDA"
2024,683,20311514,FALSE,"3998521ACCCAE7544D6230CDD0B4366D8D30799FEA0256420B9B42F739935BBB"
2024,684,20311515,FALSE,"0B601FA59C25EC4A699A549433BFEC2FDABDFE28AC2FA55413F002F6F26BC0EF"
2024,685,20311516,FALSE,"BFE37001FCBD2993A013D4EE47A0E86616F12BA39719EC3957CC84EB40A241DC"
2024,686,20311517,FALSE,"384A20C5AF9154AAA8994652E47BCE2B0116D67E7B2970FCA4AC82B6668698D8"
2024,687,20311518,FALSE,"75029C4F2E29DDE285E755DECBB8CB86643CEB12C4E0FEC7441EBFD5B93B4D41"
2024,688,20311519,FALSE,"16C40599C778F49BDD8045D02F5BA76A029987C208E28121DAC4EEE7B8A3F5B8"
2024,689,20311520,FALSE,"2DE7CF21686FD755FA03DD8F639E1C89FD29841014F7CA6EAA210D5CAB833DDE"
2024,690,20311521,FALSE,"3557FABEC860270BC493961FBCB98C8426DEF4B55C3B457942830B8E6DEABE87"
2024,691,20311522,FALSE,"BEFE1750D75007286A4D5B771136D52694D8856C04544C7111E14C4EA993A02D"
2024,692,20311523,FALSE,"E5DC92BB8FD3950E0BDBE0B010DA88AF8751850590DB058058B3CA932CC5612B"
2024,693,20311524,FALSE,"D6BA11B431FBFB774B45520651A1DBC77B440CDAD115FF3A2DE96658C8B9D008"
2024,694,20311525,FALSE,"30EBD1D79BD3A5E0D6831D6AB8823DFC6AFFBF0231F293891FC070C689B6BF32"
2024,695,20311526,FALSE,"EFF09B539E39555A07AE3C0118364C4818AA77727A90A97F8AFB6C16C4C1C5A5"
2024,696,20311527,FALSE,"4E9020C674B3DB51609DCB0DB050E3999E4F099CC82C7CE6EEBF86E400E50952"
2024,697,20311528,FALSE,"8D943E66162DC8A6041B49E6BC71975209C3032FCFEF29BE8EA9A7BFA6EC6174"
2024,698,20311529,FALSE,"2DC29106E9BCF04A9BEF8D23C04FF8E87F6BCBE7F97E5057805996C3A43FD83F"
2024,699,20311530,FALSE,"5E02B255988C9E0DA4D4C58F4CB0D17D00DF151846A33853CDF1C0AA64C20E1E"
2024,700,20311531,FALSE,"C4E3C3D572C6AC21AFF035B902F8DDB1A906F8BB59AEF43FD3EDF932EC98F589"
2024,701,20311532,FALSE,"A706566A98EA4137D3CFA71958CEA79357BCB482EB21F1136235F48AC9D3727D"
2024,702,20311533,FALSE,"8CF1AB3E85749A175214C10CC0D20F93AEEE71EB3F9E171223622B10BBF91DB7"
2024,703,20311534,FALSE,"DC958062E18DBDF2126004FE8A88A2C8848492E9C6AB748307F772F9E90CABFF"
2024,704,20311535,FALSE,"1CAB718652604F219D0CA2062493B22106A14AEC1E5D69A533A163E5CDCB989A"
2024,705,20311536,FALSE,"2637A026D269D869BB7D91F43210092AE3111F1C46A0F82E8BDA581C3CDF6FCE"
2024,706,20311537,FALSE,"0B9C8F1BFE9047FF122E8D00A4D11655DEE2C0E1319E71B511F1830CA7BCE494"
2024,707,20311538,FALSE,"99F1CB07683873201B3A02FA185DEEECB4238E4FA691541F146DD72356E7B31B"
2024,708,20311539,FALSE,"287B208ABA0120BB125C0E894E9698B0DCC4A54F09A909DA6A8B4321A7828ABE"
2024,709,20311540,FALSE,"C00C30438AD91EA2EB28EF416449DF09540AD420ED2AB2EDEAE42CA172AD6ED9"
2024,710,20311541,FALSE,"C92069D92353D1E0342BEE87D14E43E137001C871566B58FDBBADBE089DFA79F"
2024,711,20311542,FALSE,"0615651B6514904E3E6701232C77FFA0B8B0FEE7DFAB417054E7188050E7CA72"
2024,712,20311543,FALSE,"144816B9E827D77771DDAAF282D8C7D6840EF7850CB233F8FAE143F0B82FC550"
2024,713,20311544,FALSE,"6DCC4B7272CAF3561B22F47DEDFB9062D01FD03834F1C60AE0B7919AB4DB8DDE"
2024,714,20311545,FALSE,"67C352E68B97CBCBA61A239A3E3EA26C52125F174634A4DB1CFA69B76F84C07B"
2024,715,20311546,FALSE,"5EAA00ED8BBEAC86C17C89B9D5249ECF985FA31018108114D2DF013441408B70"
2024,716,20311547,FALSE,"FD3493961B605A83060817F0AB3B0915E2BD029F98B2D2196E0FEEF7BC3002D7"
2024,717,20311548,FALSE,"FABBBA43629E56F840A694DAD4391CF7BB89DB05CA936D8E7820267D44BAC7A2"
2024,718,20311549,FALSE,"EEDB780D70B8505214DAB9B20D51D8AF41EF6196EB072524A8F8624FB5018149"
2024,719,20311550,FALSE,"2BD77BB6BD1C73D6B2F6355CE28369F39AEE63190F4B5195E378584FE2C482B1"
2024,720,20311551,FALSE,"121E2AE77F157403C2B0ECFCEF381BE46FCB572E5CE48E8FAAD5F962DF7859E4"
2024,721,20311552,FALSE,"C1E2B92E59F805F1FA6D54F26653F949CC43FAE40287FE63E085FAA939E680C7"
2024,722,20311553,FALSE,"C5A533FD6B673136E0CC7486E52C42561986F89B4830429C4A05AB225CD293CB"
2024,723,20311554,FALSE,"6C5B5F20EC848DA0CB3D0ADBDA036656B4562C1A5D3C97C7650998F8E94471BB"
2024,724,20311555,FALSE,"AFF5A007ADCBA70C640955A816E5E7A4EBCD84A44A72E35573BE2AE68618ADE6"
2024,725,20311556,FALSE,"80F3A402225F9345095D46014269F8E5F110B887ACE1A2A315662CF2BC7F68FB"
2024,726,20311557,FALSE,"6A51B3B2F9DA1FB37B144FE6125A20DDAE0C021151FDACBCE3FCA0A8D0DA35D5"
2024,727,20311558,FALSE,"B3750D50C1E81DC70B99ABD40CFB12A0DA55E1DC056B850C0685E02CB77DC289"
2024,728,20311559,FALSE,"6EB6469448CA8964AF061BDAA3D4BC5188FF854F3AB4BB675A433FA24E5C09EC"
2024,729,20311560,FALSE,"92267269EBE5761574061A6A2BECDEC2FA8E367934D6FC88128CBEC27BE9FEAD"
2024,730,20311561,FALSE,"7B1E4AE537A96240488B03E79EB8B8B8322A10330C5D4F790D5C81F1DC5E8F73"
2024,731,20311562,FALSE,"970CCBB00E6E1B38C6CA0ABC66A3E21FF9928078DF7DD2BA59BDEA394F029D66"
2024,732,20311563,FALSE,"93DB8DC732DF912343717638F8CBDD3D0D30B98F3397ACA7A7B637A8C6BF4612"
2024,733,20311564,FALSE,"D00F92FB9BB652F2AB17EB37DBB0CB8B4D399FE2BCC0C9EC73F3E128F25830FC"
2024,734,20311565,FALSE,"2DC858D317FCEF15052197CD9C12858EC22A2BB2B708D89AA99B19051D4D0124"
2024,735,20311566,FALSE,"B94FFB37ED71F54A2881D79F4B82D23FC4414DFEBD6144A7A7C022B81A9A25B5"
2024,736,20311567,FALSE,"8A5554F4DF380DD64FBA2675B724660ADAF5EBF0B54500A9851594DBE5A549AF"
2024,737,20311568,FALSE,"6356983AD869F5A512D0D06059E536F344CEA3F0480BE182AFA3196745D57CCD"
2024,738,20311569,FALSE,"A0663A77FDCE947D13653DE814121D7AC0C6EA2D0FDE03D25EB8AEC52A128369"
2024,739,20311570,FALSE,"49FC4C257F49963C8542DB0294AE2BEEB7CA535C9355FCF9D41C40DC4F47E558"
2024,740,20311571,FALSE,"0C8926679BF0CC48D9F0301E11B16E1A31EF1D2F4593AC5AA48F2661E16A640D"
2024,741,20311572,FALSE,"7BA508020B06D2429EB7653643242C400E484242D9FA43DA814F5FC1A447DCED"
2024,742,20311573,FALSE,"BC13A4C00D675367A221CEA1FB4EDB3F2F48E96260FC110E4A9EF9E164A22A79"
2024,743,20311574,FALSE,"6DD2ED2B036D9CEE2320AA718BF3B4C9BBF4C381F50B2CC62BFC0662103A318C"
2024,744,20311575,FALSE,"A3ED70BB90450B891E848E644EC5BB7994B402E384FFB89F4FAE3199AE5833E0"
2024,745,20311576,FALSE,"3EB210A4C75EA39F7A11055E052EAF748051CDD0E984904619EC715C36CD1093"
2024,746,20311577,FALSE,"0361E5873DC8A8939F244321D79935475C8E5F8DB0C8F68903AAF4B696209FB6"
2024,747,20311578,FALSE,"511F9E17577B83CE4A0764F2B746B5DCAB211D55C596CACA356028E355BDF550"
2024,748,20311579,FALSE,"013A8503BDD1841AECEB6EFAB6CE211E2B1991C065F542EBC94C6A7BB8B23F46"
2024,749,20311580,FALSE,"43844A56C8B04711223DFDCE192D9AF046FB26B198621C1C3CAA1781946CD0A5"
2024,750,20311581,FALSE,"CB7DB41CA357090299D5CE96FE077884DD3BA0522405CF9AB84249D48594C549"
2024,751,20311582,FALSE,"5F2FEDAB4F461E6B86E071E3ECE6612764C44B9A40208C7D46361BE0F0BF3FCA"
2024,752,20311583,FALSE,"9F003488BC1D8FE01C95DED6932C5C40610DB41D3242B59F804E24CA96C3EDA3"
2024,753,20311584,FALSE,"30F65EDC0DB64B4900BC5B89890BD6DF431272CADA0486FD42A44B5E8DB4E2B2"
2024,754,20311585,FALSE,"D26BB40BDC7313BB0CA117265BB0AC513A9BCE4DA83417C197D302AD7FF3A5E5"
2024,755,20311586,FALSE,"8E8FC4873910C428FFE2D48D1FC26C021EF948842C2152C608378B4F2E3A18FD"
2024,756,20311587,FALSE,"F73B1F03E70C935D4DF3262B0192B4B32A610F9003C7F9686E682D9AFF0C6D99"
2024,757,20311588,FALSE,"FBE2129DF4F6E28E5FFC384B4A61B13322D3CB45BBD019871F5214FD1E6D050D"
2024,758,20311589,FALSE,"4A4A800358E7135F3D5EBC925F7334B798673D1981F9A82FF2A5331F2A09DD7B"
2024,759,20311590,FALSE,"6FE08DF77224DBF28FB630A897E7EE37D7986AB79ED0504EBDB07E6BF536877C"
2024,760,20311591,FALSE,"5BF4EFB8EFC9D08E70B23DCCBCABE3644042E2E3B4954E43F04746FEE1B5B56D"
2024,761,20311592,FALSE,"B82505300BE5ECA2C41D90E832062B8F9F9508FC6A419DF17FD255F0EA376A3B"
2024,762,20311593,FALSE,"33DDE303BF507FED8BF386920A626D72F69AFE9544F849A1C633F8160104595B"
2024,763,20311594,FALSE,"0822DEF274CC86591F9B2B0E99D431231FDADDB63950BD38A1FA2D35AAD1C1BD"
2024,764,20311595,FALSE,"33ACC8F497579E399EDD4654506D25062A67831D5445C7B0EE4DB1FCD078924B"
2024,765,20311596,FALSE,"56EA374A7D69A9543F99132E17796C35D967955FF0D25403FE9EA58E9E1FCEB4"
2024,766,20311597,FALSE,"CD5C36F166D12CBEF0A7233C203B0C4A7D706A4E0E4244DF755A76CE82283319"
2024,767,20311598,FALSE,"4E89DE4BE67D21D9039A7EEC66E2105A0E3EC3328DA16CECB8201730AFCC0599"
2024,768,20311599,FALSE,"9D57C5D3034F45A62B69977727FB0AAAC69A0AF1067A910BBB0D3B5C8FE471D7"
2024,769,20311600,FALSE,"D19934A603C361FEA6354D9E908E3C7FA79586CAB9899B101D22BB23BB721204"
2024,770,20311601,FALSE,"A03753E321F45E39A37B113D803BDAE38794497E7E8790B0679F151C35E5A16D"
2024,771,20311602,FALSE,"BF596AE88DF8EF80C44C3F5503846CC240BC63A4641728A098DAB5777EA2133C"
2024,772,20311603,FALSE,"DD931E193C5B666439CA22A437988FDCFEABF27668E8C864B1E0C6FBD6E80916"
2024,773,20311604,FALSE,"F75280BCD7AA85E078C450DA739CD8D340B1071475EE29C78A105EAFD1175EA5"
2024,774,20311605,FALSE,"6AB089B915501EC3EEA829952170AE5A6B5C7DA24BF05CDF4EFE02ED6A85F0B4"
2024,775,20311606,FALSE,"5A4D7633773A4C2363EAB21262B9F035B5C883DC3EE716A181B0D5B891C342FB"
2024,776,20311607,FALSE,"309326AEE7041C667BA9C719E281C6C137A6821CE8E720CD97C5F1D7FB304DAA"
2024,777,20311608,FALSE,"8B8FED819B09D575A55D0B599AB6B7D7E991355419FDF7EBD2E90DD464B21F86"
2024,778,20311609,FALSE,"B80762E75A6391B6AE1438FF1F36231489D38F3FBE7AAE4F192D8C5BA65D2AE7"
2024,779,20311610,FALSE,"23F2F33FFD163FBB3A5480A3692A897E57D5818F2E9258E9E5BA14442366E85B"
2024,780,20311611,FALSE,"16FA0675B306FD7DC481DDCBC3468180B198A4F21CA16F902E6834DF0C058480"
2024,781,20311612,FALSE,"65B206E8840063287326AC8123E046754875E081AF1F279A362CBC1C64F1A8A1"
2024,782,20311613,FALSE,"A7EC55BB6E84175CBA823CC8CE41905D833147947A2CE56C6490386E58BABF8A"
2024,783,20311614,FALSE,"6496ED649FAA13DD99D59129D69AB3A4819F0F81EB65E1A98E4BAAF190A9CA08"
2024,784,20311615,FALSE,"3562ED117C2400F561D2CCDD9247F1F05C0022FB79829F0B4B331AFE7BD47867"
2024,785,20311616,FALSE,"1DFF33DF9D22C1C6B0C074DEA190B867F1A2C0B6B309CCF8A307CC36C86A865B"
2024,786,20311617,FALSE,"2BD48295B56EBBD624726756D99753B8B798D40C5DD8ED71B7AEAC3F2FEF7F24"
2024,787,20311618,FALSE,"48B6A7480EB52215C6557164309C9CF6AFA1E299C8DD728316C4BA256166CAD3"
2024,788,20311619,FALSE,"5512D5FD4311CFEA1977E08122080D96CAEF9DFF2CFB204BD643370CCC2E98D0"
2024,789,20311620,FALSE,"EDC705A0C255B9BA0B2C18E753FBF9D88E4DAF38682C3A7817BBCA2B6FE7E4E4"
2024,790,20311621,FALSE,"229154D37B8B7E7DCE42D9709F1870B0AF3A628C68D5921970AE9B96B5133A6B"
2024,791,20311622,FALSE,"A2A190536B8A8E713FDA4175CCDC4DCBA6B077147E7B094E0FBABD85882FFE36"
2024,792,20311623,FALSE,"3A7B9E6BF57755AAAF6CCED0C980F2A7EB79E279F8AD7596C0AC33036A90C932"
2024,793,20311624,FALSE,"7A771E628A5A0652D6C248E04C98E5AFA54282E56F0D7551919C78DD720CB4B8"
2024,794,20311625,FALSE,"C2A665BC7D242386252B1A8E6DDE36D3F05078ED46CA89FA595F0BF152BC81DE"
2024,795,20311626,FALSE,"05C45131CAAAF540FBB0BD4EC779380C0E929B055547735285E294AE73A9B038"
2024,796,20311627,FALSE,"DDB1A93D6C2BA4664EC67E172010BBDA0DDA3A8794BFCF96A61EF93BA26D3893"
2024,797,20311628,FALSE,"257FA9B6B68B8D132F5F427504DD55454628E827C29AE3189261F8B868E68C9E"
2024,798,20311629,FALSE,"AE2962CA08C5441D0FCAAA5996FC3C3D9013E13399AA079B773053AE899920E7"
2024,799,20311630,FALSE,"397BC90D34ED917DDB923DF36E80F3FB824C34502FBE0751D8641428AD75BFF0"
2024,800,20311631,FALSE,"66959CE1EF6F505BB9F75A63752E897950AD987712B1E6B2F42E8F6CE51FB0E9"
2024,801,20311632,FALSE,"F744FEB198291DBF0993C903976B91078A678575A0DE9B6CF7C48C5F654EE47C"
2024,802,20311633,FALSE,"7D02317BE6A0D0DF817666779521E0FBC9BBF695D033C546F60D4A1EA0EB184C"
2024,803,20311634,FALSE,"405C157000A151AF9E15A96B33F51DD35A61615E3C354680A97316F6D843F74A"
2024,804,20311635,FALSE,"AC6FA609BF3DF9AA93C82A8CEC852E7B265FB277C4C142D5D1D1B9EA2B3BA50B"
2024,805,20311636,FALSE,"DD7DC85B617EBF6BE5F5AC4C2426D6A93D0C4BCA9454D0ECC04513EF9DE1E019"
2024,806,20311637,FALSE,"061310663E273A51C8EE10D4AB5E4C174656879BACF5B72DC142CE7F9E737DD3"
2024,807,20311638,FALSE,"E59E592D5DB476F447E75C1E522AF81C7458C8371FB1F58BF7D1210D62358BCA"
2024,808,20311639,FALSE,"6329CE34271A7A2999BACEDD4EF52DC4F307EE80622EAACB5BD11DC8E8A83951"
2024,809,20311640,FALSE,"6F4EF7F65DCEE760AC8726BBFC528E284385FBB6A8BD0A8B65693AA9AFD09A9F"
2024,810,20311641,FALSE,"55CE632F165D504CC5436219B1E52273328847D12BB5DF37D00DF2A6FD1FAEF0"
2024,811,20311642,FALSE,"3C90FF5AA9DF9E5E990EBFC6C77071A5F14E5DA97517F1E1E4795F1D936BE133"
2024,812,20311643,FALSE,"035FD33B1EA041ECA766712B3A28D2D59B3B9F52E6B9B76B13EC2FCBBB9EC31C"
2024,813,20311644,FALSE,"D7B5D6041EC068826C5750A82407A1F0052CBB18083FDE989477990640BBFF3B"
2024,814,20311645,FALSE,"C2116A13E781CF7AE0D8A7E9186F40FEE203E890AA9AF79E91163324F5719656"
2024,815,20311646,FALSE,"57F0ADCAA4614EA725D809D129826CA430CA4D3F9DBBA289E5556E3377ABFE1E"
2024,816,20311647,FALSE,"4B90871E9D6A3E69FDAC8B2DF670D680748BB14B41D701F26A48B67D035DEA6E"
2024,817,20311648,FALSE,"93F26A786DD5667030407DDAAE1965125CD137675FFC432A68BBAE4DFDA92BE6"
2024,818,20311649,FALSE,"528F5FFCE20B0D7B43ACB9189748B2382D4D0106F2FEA112D03C83623E334EEB"
2024,819,20311650,FALSE,"5B11B3C7CC41354204779B677298C50EF6CED409C31527AD1AC76F4607DCB7C4"
2024,820,20311651,FALSE,"A80016FE5D4C9A2BC68335FE98DD1975F0C6BF2E87D2F3B699F2C8E9C9CDA357"
2024,821,20311652,FALSE,"BAF7757D5DEBD17C218907131E86E881AD1BCBCED3C0B70CFDA41F591CB14EB8"
2024,822,20311653,FALSE,"E4238BCE0F00CC6810F6B2B0E624892EA3063A338D4D8E23B956C9802906CA0B"
2024,823,20311654,FALSE,"FBFD48B89257E807B5EE0851E425262EB535B973B14073DF0BC999EDE38E591A"
2024,824,20311655,FALSE,"CD133A61440434E41CD081F35C3108FC5591347C2C3DB36F15F5E392393C89E6"
2024,825,20311656,FALSE,"838ACDA2A9817E46522F213A8F26548F30D0CDB95A45B559AA9B8E7877DCA631"
2024,826,20311657,FALSE,"51843CE8F522C1014FC81775F8ADABFF1DB19668C4C1B7F6E4CE28A70FEE5230"
2024,827,20311658,FALSE,"5BA87883138DE2F6D397BE06F95A8BFC88111B2EECE1860B0FE8AB8FB59171B6"
2024,828,20311659,FALSE,"FE90F67A4F5A63F37AFE246C783B6FFAD09333E8ED5A557F58956A905AFF2A3E"
2024,829,20311660,FALSE,"406A10562931C39942DC3B6798C40ED4B126DD8916C32720F2C6188C9CE39B75"
2024,830,20311661,FALSE,"96748E117F285B75737D97D799A5A040E3D2BEA22F15F8BF67FA3E86F560AAD7"
2024,831,20311662,FALSE,"70ADB0174E6C04926C764D8577D6E6E14B2B30169D8104B83784DE461796165E"
2024,832,20311663,FALSE,"E25CE9B88FBA7AB90D4198512BC845AC46BB3B005DDBCAA2A9AAFD809BB9456A"
2024,833,20311664,FALSE,"3D805CD446D7CEA4947863BAFF7908565F17DA6CAA6DBCE3B63CD163F39AE594"
2024,834,20311665,FALSE,"C5AAF893A6A881B8481BAF0ED685E86E659CC14E9CCDCC70F1DB867709C18002"
2024,835,20311666,FALSE,"EF6E6C8C3B7F39AA8246FFB2C712D32DF1AED7B26C2873B0204F5FFB38BB7104"
2024,836,20311667,FALSE,"E81C7DB26404EA285524BAF67BC01E1EB7F038B1B56DAA5D6F0F98F16D22C979"
2024,837,20311668,FALSE,"9068747460188CF381921CFE97D1F408086C930C0E84F91AF85AA8872BB811D5"
2024,838,20311669,FALSE,"350EAC0B8AEEB43E38FF7806B092EF985E8846615EDF201F25A45668758ADFC5"
2024,839,20311670,FALSE,"C3F88793D499D3432581A7692ADC6D07894364F92A7554AECFB290AD69B52CAD"
2024,840,20311671,FALSE,"C336D13645AF97B33C54644C5826B5935BEFEE6C7AF46641CECA02BDF7CB8EEE"
2024,841,20311672,FALSE,"C28DEC2402F53DEDD5B028FC84FE56C2711DF9AB13DDF971038FF7C783008359"
2024,842,20311673,FALSE,"D5A4B0634F8D23F558863ACF57369A3D12C1C17C36DC98D250C5D67AA678278C"
2024,843,20311674,FALSE,"81DC637F47591C2CE899C0274371101930F1AB81A3C3F26269F58815A46E0849"
2024,844,20311675,FALSE,"785283C1D7590091C17CEE12C61EE4D953B97F135A0E369953BCFCDD0346622D"
2024,845,20311676,FALSE,"79608D5D23356462B9AF6FAE6A359EC4D6B54FA13E49923ABEF9158C23B8CC5A"
2024,846,20311677,FALSE,"AABC99FA2BAF7DAD40B9CCCDCE285E68DAED5FB91B62AE801FE643FF00BEE4B7"
2024,847,20311678,FALSE,"1B96135A1059DD254D7967E2A0F06F6A332EA115C3ADCD1E5F7D3C13557171C1"
2024,848,20311679,FALSE,"995853A7E2CF008A6388EF8322CF9A66E25C912B927EFC527B1E86E0C2484E17"
2024,849,20311680,FALSE,"CC3C0E52CA18A6849D7E212ED5157F1864C9A41ABFBAEB8A5B83F43A14AEE27C"
2024,850,20311681,FALSE,"8AB7714D772B7721C9E9977F8F0E131191D44B133C8BC4D8DED211CEB406B944"
2024,851,20311682,FALSE,"84DB50872EC4034C48EE6594A1B7248A37B9F8B3CB50D15DBB84A6704C74D9A7"
2024,852,20311683,FALSE,"48ABAD6597B928B49CA9A05B5C88A0113D4E1F03D433A94156B29FBEF8DF0945"
2024,853,20311684,FALSE,"B22F92B2A8BA69D8BDAC2C41F899C1CB3A3F3A5C5121FFB92D7779B3CD06F0AE"
2024,854,20311685,FALSE,"A496EF2BF5DB988AB64D3A7C12F3379F05B3A9E026B318771FE021565850C3C4"
2024,855,20311686,FALSE,"C7D2BAB0325FAC32A05A566521F257FF2EAE896777A6D3E28BA3A6F2CE23BE91"
2024,856,20311687,FALSE,"4BE9107E1A26B6724023662BB3EE3AB560B88D468D9F3E8754BEA448E9F154F8"
2024,857,20311688,FALSE,"685088AD4A57B3695F10F2DF218B7F8FC0E198B6C3EB54626245737E179AAD83"
2024,858,20311689,FALSE,"DA4EB36C168792016DBDA6C00BD096FD1B5F8C21E787BB907BE2BC258E039D8A"
2024,859,20311690,FALSE,"F67B6E74C2095BB63AE8BEAC567C4C5378CE4DF8F187519BB733B4EC41F53E0C"
2024,860,20311691,FALSE,"64E5689043D91944AD00F7EEFF92D830870836198C0EA740404CE7B6AF107547"
2024,861,20311692,FALSE,"BA222D93ED5CB4922D142C91116E9AE8A79A64FC18169F1CFE1B77BA865B56A4"
2024,862,20311693,FALSE,"21814921555D967B0612A9AB977B38E3A197466CC4D34B579C3641A8860BF310"
2024,863,20311694,FALSE,"10F9CA1C7DFA087F2FE8C02F688D491D7D6704B1BC392D06004784EC6BECD9F8"
2024,864,20311695,FALSE,"6C8F885445C0D6A016A8AEEC0B99AC0F2E3D9E260444E8197BF477BA7C38074F"
2024,865,20311696,FALSE,"D07D81CE118355C8861985E4F48E0F474B5193DCA83B976CF8D72512A734AFF9"
2024,866,20311697,FALSE,"54F783082A01F4A9DFD85DD5C176736C85EF667F3E150CCB3AA6C91D90627B41"
2024,867,20311698,FALSE,"A6A492720AA3441C9DDED59CE06CF4FA4F94872F198A342E90F58668FF3C18D3"
2024,868,20311699,FALSE,"CA3D6BE9EAC11DC70D21E29071C7EA67D421AAEC434115624FD23E04256A3718"
2024,869,20311700,FALSE,"CCBAC4B0B28AD2127A3BA679038EC5E33110E59D1DCBBDEAAF27853916D9E7D7"
2024,870,20311701,FALSE,"487E51A0454E41401025BE4395C0EA90D6CA4899D8DFEEAC519A7429BD040946"
2024,871,20311702,FALSE,"D73ACA6FD8CA313B08D4B153B3DF3A0BC792B3BC28B2A9FA80589BD3A4531779"
2024,872,20311703,FALSE,"458E57E2B7BAD0A53941E253B21E7BEBD9A76616F2B44C6EC0B5191EEE0333C7"
2024,873,20311704,FALSE,"79C36FEC77102C0B12618ACC801DABA9954E6445242D89D276100B67855CF93C"
2024,874,20311705,FALSE,"533CADCBCF973C2354A067E7629BF551FA68CF83CEBF9C52EECDADF2DCF2AEE0"
2024,875,20311706,FALSE,"1080FCDDD947B34DDA91468835E45BB1148C359347E1E11549AE22D6708CAB8B"
2024,876,20311707,FALSE,"55F8E828999776EDC33CACA0761ADC4342AD344E010714E850DB337D350259F5"
2024,877,20311708,FALSE,"5C4FF7E054BAD6B260BA918ECC7D36C15935DCAB4B4197439183802E84B8A68F"
2024,878,20311709,FALSE,"DBFE5509FB63B3B170F1CF1E67E71AC0314F9E1EECC4F1B6C40D513835CEA33E"
2024,879,20311710,FALSE,"95DDBA6AFF53EA23AA5F3DD40321C00B5180F4B56F71992EC663E54F747119FC"
2024,880,20311711,FALSE,"7F2706E9108F5C826C7BC84C8B352921CD9F4F786505DA729C844606C2A69C23"
2024,881,20311712,FALSE,"CADEE41206B65AE83B3B25EFA4E544441EA87CF70459943E57DB950DD0AEA619"
2024,882,20311713,FALSE,"A53F34783EADB3316199EEA1A2285D3B9FD23206558AFF682B1266F9FBB76C3B"
2024,883,20311714,FALSE,"B2078D051EB27E5B069AF4D6A8A450C5282D10575DFF4488730667B45E5AACF4"
2024,884,20311715,FALSE,"5EC33D056B453EAC22556C6090A1C3F03BC98CC081CD32F7F61509EBD0678F6A"
2024,885,20311716,FALSE,"781B477A9901ECD6E069F9E78CF8F785752CE9D7046240D73002FAFA597BE9BA"
2024,886,20311717,FALSE,"E3B38CACCDAF3EFD8CF1111E2E9F0F43B6FF82692A7407ED179BBA9DEFFB460D"
2024,887,20311718,FALSE,"AED751FADD1A1C6FEE4C1623F046C96AF916366EB4A4A997F72BD928ED75FC51"
2024,888,20311719,FALSE,"C8159500138BF0CC337EE29EEA4460613050EAED257E98F212C8DB7BC2D3FB52"
2024,889,20311720,FALSE,"D4CD6B6F01847AF1B21D86A4B27837D10890A89A8BCE6F5BB560C9DCD57A4788"
2024,890,20311721,FALSE,"7D76AF627A727B3D6DF8C51BAD82508C9C906FEF4F134BBFAA10A2F2A8C73551"
2024,891,20311722,FALSE,"23A30C40841D3EC6D1C049976EDA41D2E60020D37E3D66A7FE2AED584373A57D"
2024,892,20311723,FALSE,"322087785F121FEE37EAD0A6E83FCC739A0C39B2001EEA4A5245CD8C805E4807"
2024,893,20311724,FALSE,"FAEF58E09D8080810620ED515629EF25A1AFAC3884A145FBA495D26D795CF7FC"
2024,894,20311725,FALSE,"C3E177B7E46D547D62B0A4329FD6F07223AF1A89083F71B78FE4525EE15FFD70"
2024,895,20311726,FALSE,"01EE843ACC7AE8A40A8B3A51C0DB031E9F64B13C133C6241EFCD192CC3761DDC"
2024,896,20311727,FALSE,"7D669AF7CF52C841C4BCB7513659CC74E663EE408901069FD4715328D12771E5"
2024,897,20311728,FALSE,"864316C22C8610453537C22CB57FFDEFB0F9294425C2CE241209107A6123D942"
2024,898,20311729,FALSE,"4BD505CC99871172B283E55AD54E70DD6CE7ADC889E263FC3D8D803CC5B2ECF6"
2024,899,20311730,FALSE,"5C6B902893B925998509AD9D46AAFF9CF3DF4904B3F2F5AAAB5E62D87D7D2EFC"
2024,900,20311731,FALSE,"E3E5D3EA54BB0EB870D9A8C94499C1A9907168EE9AFBF88A80FCCC4AE9E24724"
2024,901,20311732,FALSE,"EADC01BEED56BE3AE5C5F3E23979A33A48798FE89ADC2E14D614EB8FC9389998"
2024,902,20311733,FALSE,"D1EDD63E37B927AC1EAE9BEFDF2FEAE351A73E8074E62BC87FACFB3060DBE9DB"
2024,903,20311734,FALSE,"DB00960F77088C45ABDA3F0460907672B093D53A864D37E9C4A6FA653A096739"
2024,904,20311735,FALSE,"1D1B329A035661CC43E70F3C4536577DB7B89CD3F8801359DA0D5C8D3662C194"
2024,905,20311736,FALSE,"01E88D866E42AA38260BECFEA5EF2431D8C449553B08BB95870E6CA040900822"
2024,906,20311737,FALSE,"335EC450ABC65A4125C3CD65D6E1542D166DFF72DE39F63C76603DF38D64B763"
2024,907,20311738,FALSE,"F07EBE40FCD7FC8FEFD254B422876956EBE8F64E32455BD2D45F0A8E290D36E4"
2024,908,20311739,FALSE,"DED42E7E1D282FEFEFAB9E6CC14156837731184B8BD99CFB07181A396FE8EC69"
2024,909,20311740,FALSE,"65192E898B465FFD4A242BBB3740C1C03B4A0A49413FEF7CAFA36A1398253271"
2024,910,20311741,FALSE,"0CB9AFB0BDAD1929F3F5BDBE2D5094CB43792579C45E26F090E555E093D26362"
2024,911,20311742,FALSE,"84CF32AED1C95F19254D0F124169F95834768A1E97758E5014B5E877BF95A120"
2024,912,20311743,FALSE,"DD5A897A8A732F5EC69269BADC32EFD2FFCB3CDEFE273A1247CEBE3B7B0046A6"
2024,913,20311744,FALSE,"0191B54780A38BF26890D6F170049131D5DBD4CB9FFDF46C3FD428E28C3172F4"
2024,914,20311745,FALSE,"16F49CE7BAFD88D1912F5C841D8931658770D85DB74DFF10BC54E45F3CD70983"
2024,915,20311746,FALSE,"965567A439569259985D974C52706460CA5AC57AC6CFAFE8356B798631836B26"
2024,916,20311747,FALSE,"F9E108BFA1E1E46DDBEFCB15A64A3281DF642AF7EA54C7EC48587DCFD03850C9"
2024,917,20311748,FALSE,"18A4F8AD5AD88803AA5E7B964BF0AF7130B0D443524CE0CB293526DEE5730150"
2024,918,20311749,FALSE,"A3369A2136E48DFDC08E6C1563CDA41F79994165CA99F4F5321DA3DC99569B79"
2024,919,20311750,FALSE,"A1B3937133B85CF38B6E06CD4595031153675D4A95A08EC26C621F8C9F1E365A"
2024,920,20311751,FALSE,"4036E5F86B16DEB955176E434B38D37FEA7977F7B317A432A837DA90799AE66E"
2024,921,20311752,FALSE,"2E78280102B02405A10A1B567AEA41D4C4288DD7D226B2B0FDDA274601070F6F"
2024,922,20311753,FALSE,"29DED5CADA811FD8100B875FFA8F1C342FB591F2F1A4AE3C95230BF2F99772C3"
2024,923,20311754,FALSE,"478210BE7DC2A6B945DD3AD2ACFEE086A3FA02E722EB98069E8FEB16BBCE42FD"
2024,924,20311755,FALSE,"363F7D35A9818FE9F360737E04DF76554AF5E015F05DD7C88F44D053A0EE7140"
2024,925,20311756,FALSE,"1B91B5F57CC6ECF51393F1FFCC9D7D594700FBC40B1BFE2098B45235DAF7CD20"
2024,926,20311757,FALSE,"4DD88A8122D92198C1C28B573AFAF0871EBF90D1E0DB00073FEE42095611CE98"
2024,927,20311758,FALSE,"73859C21998B861AF2013986A4523A5071F86FFF6ACF924FB37E4D545C017140"
2024,928,20311759,FALSE,"28823EBC1798211FB472E5DED26BC51C6B5C63DF3F790EBEDE95B16E4EF176DE"
2024,929,20311760,FALSE,"68C1C1DE65EA7DE568484081FFA338EECD7BEB99533E00C3BD8FD51B0D10117D"
2024,930,20311761,FALSE,"3D92DA2312990B6305FEB314ECFA3E930609E29AB037521D4CB7784C3B62E078"
2024,931,20311762,FALSE,"492B1911EFEDBDA9F99810579BBF005DA1C75C02CA94139A1027AFA59884EBA2"
2024,932,20311763,FALSE,"916DB84D8B181B88F77AEF123A9112A87B1C2F00C15B73ECAD3342059C6F4612"
2024,933,20311764,FALSE,"172CCF664E4259A9752BD2D4DEFF8D0B1CC5F354E22B082F6B2888E033062A5F"
2024,934,20311765,FALSE,"9FA4185ECFDA15F5F2D3314BA73C0DDDAAFB183FF1EC4B632FF4CE8EACBEAA48"
2024,935,20311766,FALSE,"C59326F7A39843BF663C4F6207D1813F3CAC004499ACE6FA3763D149D2F183AD"
2024,936,20311767,FALSE,"47AA2C041C4AC46AA7DAEF680C3C8FCD6906673C140148699B7A52481C12F07C"
2024,937,20311768,FALSE,"38B1CC13933D5421E378E432FBDED10BD1D7583FBE368931657304801AB961C4"
2024,938,20311769,FALSE,"435035538D6B56C974E89D3F7F596A9E4A8CEA8F51911A6BBDB219B11F9D60EE"
2024,939,20311770,FALSE,"D0A4C0742808C56F08852D0B2A43E2D51FAF35BBC4C3C1E6910CAA4A1F103168"
2024,940,20311771,FALSE,"A4BEE4DDEA2FCF66136B6197C8163EE75CAF8C1ADC035B7EDCB22EA82449B6D4"
2024,941,20311772,FALSE,"07B220B8C1B98DB4232D5252BD12DC28C09BDB246AC85814904C097D08D396F9"
2024,942,20311773,FALSE,"B4F58DF782D47ED4CB0BB87FB7AA2DC6AB50D8A6978411312181BD292DAEB38D"
2024,943,20311774,FALSE,"FC498879C0C671B499E5C174BDE7918055EB05C3B3920DF8095AFBD973877ECD"
2024,944,20311775,FALSE,"29065B4B71D1FCCD80D38E243CA01A05DB9458AAD8917EEE49A18F90E8D3B20A"
2024,945,20311776,FALSE,"1391814945770E0E9211D4C50E6493716433113D75CC66C8D63F961313DD13C5"
2024,946,20311777,FALSE,"C07CB4C82B7AE30F1B3E86CE58CEC5EEEFE4A15E74BAA14BF7E1CED0EF9D7551"
2024,947,20311778,FALSE,"309ED71EFC90664477C59AFCB7050B238E115DC69CF3C38370DA0C3C2C5D645B"
2024,948,20311779,FALSE,"224D11984BEC4527DD74571B8BC938559986ABBF4D6A58830B32D642F919B9D6"
2024,949,20311780,FALSE,"E9191DE7DAA41A056F2B4D202EDD2D115EFA018026FE611E9267DC98E15CC0E7"
2024,950,20311781,FALSE,"08A934BDADA9EF95DAB3637D0912AEA344E15162E9A117F4AB7FD599229C1EAC"
2024,951,20311782,FALSE,"64648EBF07BBEAE09107B5EDD26BA59680EA8F9E0C65C6228E183E36A40356D5"
2024,952,20311783,FALSE,"21FF3751BD45A520057ED313DF771D9BBB8FCD56BD519911F192D2561DC9D2A2"
2024,953,20311784,FALSE,"FBD05609CFAEA8A364DF374109B012DBD7625267307DF5D4898C66ED6CAC78CE"
2024,954,20311785,FALSE,"755102E6393E5CD04D2FAAD42A80DCCEB053FABD908C1D87813FEE3F7E76EF8E"
2024,955,20311786,FALSE,"CD89BA33008AF9C64042BDE47340C4696E5F8D601F7688192D7A9F26D266AB56"
2024,956,20311787,FALSE,"68279BA44C459F98B06F22FB7D418B5B87883924F531D7F065B7CAAEB67F3A31"
2024,957,20311788,FALSE,"61BB00739AE0C39D732A394984B9EE1298DF1E59CB2CFEF8C51C891971F9DE23"
2024,958,20311789,FALSE,"98BC10E9B02ACA114DA469A1FD3EA5CFC4C2A93F38ED6473AC41198B46C34078"
2024,959,20311790,FALSE,"E793FBF156D5BEC2A16184D4B275856224E5837AE245CFCA96B0BE7BE84780D3"
2024,960,20311791,FALSE,"C043BF2E250F47D64CE4B1898CEB65D454AAC0DCB1028C0BC92B64BED44CF4BD"
2024,961,20311792,FALSE,"3051798908D21E952B4B1F26980FEFA000D1735595C8E0AC26FAF532C823FE4B"
2024,962,20311793,FALSE,"47956B7457D6AAF38F26A1C0CE233C03BEEB5A6DA42D7963777F17DA76BAEF2C"
2024,963,20311794,FALSE,"683C29B637E7A32BB29DECAAC7C477F08C56B582CCE528AFE2B3C2DCDA5DC322"
2024,964,20311795,FALSE,"B4999B2A86333F21A1B39EA40AFD24A08598851DA02296719BC4B9824DA2CF38"
2024,965,20311796,FALSE,"07BCA7C5E638E8B11FA1E8CD868B9BAF3A28A747C0EC584790616BEF3DF712A2"
2024,966,20311797,FALSE,"BBF771CC4DA7F2AD04FA39B7016A209003A0FC77059772F819BD8C45AD1EEA17"
2024,967,20311798,FALSE,"8CFBB1790A322AAD9FD3398A48C85C7F928FB7889F5370648F543CB8DE82EE60"
2024,968,20311799,FALSE,"4A64DD767D8637D84C1EDFCC8ED92AB0F435D1595E60464281B73D05B9891ACB"
2024,969,20311800,FALSE,"7621F04BBD4B9C700D72C81E195D31204CC20DCD5E4C8FABBA5770685EB998AF"
2024,970,20311801,FALSE,"898F9EB61225D05C2518F50A123660551E802F16DB740AA83DD70668568E77BF"
2024,971,20311802,FALSE,"CBC19556E6CE0077B5E29CB5AE95391A4C410EA9BF720A2093A9CDF7C15AD2D1"
2024,972,20311803,FALSE,"F63DBB12731DC93303159870EB229FE7E11DF2A960298B4B2A07F7AED5A99EFD"
2024,973,20311804,FALSE,"A009DF929342FAF59ABFC704DF8B95A2B640C145CE8758828CF49F491D578F6C"
2024,974,20311805,FALSE,"851513369CE7EF2BB89D2A2BD4FA6E9B3C610B8894D1D19788CFED501C4BED24"
2024,975,20311806,FALSE,"8BDCA4BCF8871A2CA139FCF9251F5CFE5D29CA1F42B9DFF777BCEF596052A6C0"
2024,976,20311807,FALSE,"B3A69907B1047A2CE5972C7E5AAC9A4B199B4B0E79529C214C936B0EFAE65AE0"
2024,977,20311808,FALSE,"5FA18C0BD3868133F88267DF10F1B46B60763553929B8BC45EA6567BC06F847A"
2024,978,20311809,FALSE,"D16EE310ECBCD371DF04988AC727DF9380EDB176FEAC91994FAACD7248E91F4C"
2024,979,20311810,FALSE,"C0B9A76EC4AB0365071CD50A2848006D13A47DA2F68F50AB49BC307F6CFC7E04"
2024,980,20311811,FALSE,"58F2D596ACE0151378F26929A31284B5B60B8167EF2F5C9264004262234C7BD3"
2024,981,20311812,FALSE,"4360EF57D74818DACC0F75DF50F88EEE954D64E741409D0A22367AF02DC72337"
2024,982,20311813,FALSE,"D01AB823F1C8BAAA4CFA816D10E00618325FF358866FE84FE8DDBCF3A9AE64E0"
2024,983,20311814,FALSE,"18DD3343FDBE8FEF07F6E2B4B4D91C2E808964827F6CE09DE357C508CF252807"
2024,984,20311815,FALSE,"AE10741CD7E7B9D1C5C140570A0E5031A10E64781F6970F8BF29EFEDAD7D86EA"
2024,985,20311816,FALSE,"8616BF20E0A6B5BB793AFA2159BDD3FBF6007419A6A28B8A533ECE25360CFC04"
2024,986,20311817,FALSE,"E0F463EEACE02F5FCA9984243A15ED58C7B7BCEE74D830370073DF4C5C5A63AE"
2024,987,20311818,FALSE,"1122B311BA93393FA421BC3133B601E0DB5577577F674DB6A9C69607726AA7DB"
2024,988,20311819,FALSE,"8CAE65F369263D1C21BEA2B15660B8B8C81D18BB0B8C61BC6B460CA326EE48B5"
2024,989,20311820,FALSE,"8C33A57986361B4D324CA8EEC876908143C7484CFB6FB617D954A851C1044BC3"
2024,990,20311821,FALSE,"4258C01AD86E0047715283D5FFDE2282D1AF1FEBD341548C9BBAE8FD724BE310"
2024,991,20311822,FALSE,"064035BA0B526BAD0D5FB69AD7A88199DA9AC0AABC7FB55C73CAB7F0E07B62DE"
2024,992,20311823,FALSE,"1D3F5A370235F49891C38C60993DA5BCA1A037365CC9FE11D7958B2CB7C37E58"
2024,993,20311824,FALSE,"2F9D8E055CE0DE96BB9EA22C1B6BDD7B34F8A19E8306E91156AA55992A00CC8B"
2024,994,20311825,FALSE,"645626E2AF99B516DFEF60EECAC6F1714541281814B090D6AB65C646B166172E"
2024,995,20311826,FALSE,"ED70159BA1A0A6745CDE35E102229D62DB10543DF9DA30AF30B8FA113786665A"
2024,996,20311827,FALSE,"36CF41C4191830329BF959DF94775D098AC085D56099A7F64595C86DAF0F6208"
2024,997,20311828,FALSE,"646BC96EBBF32E00C573BCF0BEB9652893A16E04A179DE0FBA797A402B0677BB"
2024,998,20311829,FALSE,"95A134F52542D9368CE6C84BF0E3458A2A0AAD6D4BF46D775E7C7C8CCECC5C39"
2024,999,20311830,FALSE,"7A432EA3D19D6AB21719403BF60AF414A47AC15A8E4AC0EC7097C81A9668E075"
2024,1000,20311831,FALSE,"D9841D92AA7DB6A64B9DAC645AE25F90507F8E5BE6994E48AF733E2F4F0F0FAC"
