year,pair_index,node1,node2,level1,level2,cell_n,pairwise_n,cell_proportion
2004,1,VCF0806,VCF0809,1,1,51,1032,0.0494186046511628
2004,1,VCF0806,VCF0809,2,1,20,1032,0.0193798449612403
2004,1,VCF0806,VCF0809,3,1,23,1032,0.0222868217054264
2004,1,VCF0806,VCF0809,4,1,10,1032,0.00968992248062015
2004,1,VCF0806,VCF0809,5,1,4,1032,0.00387596899224806
2004,1,VCF0806,VCF0809,6,1,1,1032,0.000968992248062015
2004,1,VCF0806,VCF0809,7,1,21,1032,0.0203488372093023
2004,1,VCF0806,VCF0809,1,2,18,1032,0.0174418604651163
2004,1,VCF0806,VCF0809,2,2,41,1032,0.0397286821705426
2004,1,VCF0806,VCF0809,3,2,38,1032,0.0368217054263566
2004,1,VCF0806,VCF0809,4,2,32,1032,0.0310077519379845
2004,1,VCF0806,VCF0809,5,2,17,1032,0.0164728682170543
2004,1,VCF0806,VCF0809,6,2,10,1032,0.00968992248062015
2004,1,VCF0806,VCF0809,7,2,10,1032,0.00968992248062015
2004,1,VCF0806,VCF0809,1,3,4,1032,0.00387596899224806
2004,1,VCF0806,VCF0809,2,3,24,1032,0.0232558139534884
2004,1,VCF0806,VCF0809,3,3,44,1032,0.0426356589147287
2004,1,VCF0806,VCF0809,4,3,43,1032,0.0416666666666667
2004,1,VCF0806,VCF0809,5,3,30,1032,0.0290697674418605
2004,1,VCF0806,VCF0809,6,3,21,1032,0.0203488372093023
2004,1,VCF0806,VCF0809,7,3,13,1032,0.0125968992248062
2004,1,VCF0806,VCF0809,1,4,9,1032,0.00872093023255814
2004,1,VCF0806,VCF0809,2,4,17,1032,0.0164728682170543
2004,1,VCF0806,VCF0809,3,4,27,1032,0.0261627906976744
2004,1,VCF0806,VCF0809,4,4,74,1032,0.0717054263565892
2004,1,VCF0806,VCF0809,5,4,35,1032,0.0339147286821705
2004,1,VCF0806,VCF0809,6,4,24,1032,0.0232558139534884
2004,1,VCF0806,VCF0809,7,4,27,1032,0.0261627906976744
2004,1,VCF0806,VCF0809,1,5,3,1032,0.00290697674418605
2004,1,VCF0806,VCF0809,2,5,5,1032,0.00484496124031008
2004,1,VCF0806,VCF0809,3,5,8,1032,0.00775193798449612
2004,1,VCF0806,VCF0809,4,5,18,1032,0.0174418604651163
2004,1,VCF0806,VCF0809,5,5,36,1032,0.0348837209302326
2004,1,VCF0806,VCF0809,6,5,37,1032,0.0358527131782946
2004,1,VCF0806,VCF0809,7,5,24,1032,0.0232558139534884
2004,1,VCF0806,VCF0809,1,6,0,1032,0
2004,1,VCF0806,VCF0809,2,6,3,1032,0.00290697674418605
2004,1,VCF0806,VCF0809,3,6,7,1032,0.00678294573643411
2004,1,VCF0806,VCF0809,4,6,10,1032,0.00968992248062015
2004,1,VCF0806,VCF0809,5,6,19,1032,0.0184108527131783
2004,1,VCF0806,VCF0809,6,6,22,1032,0.0213178294573643
2004,1,VCF0806,VCF0809,7,6,27,1032,0.0261627906976744
2004,1,VCF0806,VCF0809,1,7,8,1032,0.00775193798449612
2004,1,VCF0806,VCF0809,2,7,4,1032,0.00387596899224806
2004,1,VCF0806,VCF0809,3,7,6,1032,0.00581395348837209
2004,1,VCF0806,VCF0809,4,7,12,1032,0.0116279069767442
2004,1,VCF0806,VCF0809,5,7,3,1032,0.00290697674418605
2004,1,VCF0806,VCF0809,6,7,9,1032,0.00872093023255814
2004,1,VCF0806,VCF0809,7,7,83,1032,0.0804263565891473
2004,2,VCF0806,VCF0838,1,1,17,961,0.0176899063475546
2004,2,VCF0806,VCF0838,2,1,14,961,0.0145681581685744
2004,2,VCF0806,VCF0838,3,1,21,961,0.0218522372528616
2004,2,VCF0806,VCF0838,4,1,23,961,0.0239334027055151
2004,2,VCF0806,VCF0838,5,1,14,961,0.0145681581685744
2004,2,VCF0806,VCF0838,6,1,8,961,0.00832466181061395
2004,2,VCF0806,VCF0838,7,1,26,961,0.0270551508844953
2004,2,VCF0806,VCF0838,1,2,32,961,0.0332986472424558
2004,2,VCF0806,VCF0838,2,2,38,961,0.0395421436004162
2004,2,VCF0806,VCF0838,3,2,48,961,0.0499479708636837
2004,2,VCF0806,VCF0838,4,2,61,961,0.0634755463059313
2004,2,VCF0806,VCF0838,5,2,39,961,0.040582726326743
2004,2,VCF0806,VCF0838,6,2,41,961,0.0426638917793965
2004,2,VCF0806,VCF0838,7,2,41,961,0.0426638917793965
2004,2,VCF0806,VCF0838,1,3,6,961,0.00624349635796046
2004,2,VCF0806,VCF0838,2,3,16,961,0.0166493236212279
2004,2,VCF0806,VCF0838,3,3,24,961,0.0249739854318418
2004,2,VCF0806,VCF0838,4,3,35,961,0.036420395421436
2004,2,VCF0806,VCF0838,5,3,25,961,0.0260145681581686
2004,2,VCF0806,VCF0838,6,3,27,961,0.0280957336108221
2004,2,VCF0806,VCF0838,7,3,32,961,0.0332986472424558
2004,2,VCF0806,VCF0838,1,4,29,961,0.0301768990634755
2004,2,VCF0806,VCF0838,2,4,46,961,0.0478668054110302
2004,2,VCF0806,VCF0838,3,4,42,961,0.0437044745057232
2004,2,VCF0806,VCF0838,4,4,67,961,0.0697190426638918
2004,2,VCF0806,VCF0838,5,4,57,961,0.0593132154006244
2004,2,VCF0806,VCF0838,6,4,47,961,0.0489073881373569
2004,2,VCF0806,VCF0838,7,4,85,961,0.0884495317377732
2004,3,VCF0806,VCF0839,1,1,21,1004,0.0209163346613546
2004,3,VCF0806,VCF0839,2,1,9,1004,0.00896414342629482
2004,3,VCF0806,VCF0839,3,1,5,1004,0.0049800796812749
2004,3,VCF0806,VCF0839,4,1,4,1004,0.00398406374501992
2004,3,VCF0806,VCF0839,5,1,0,1004,0
2004,3,VCF0806,VCF0839,6,1,4,1004,0.00398406374501992
2004,3,VCF0806,VCF0839,7,1,6,1004,0.00597609561752988
2004,3,VCF0806,VCF0839,1,2,8,1004,0.00796812749003984
2004,3,VCF0806,VCF0839,2,2,17,1004,0.0169322709163347
2004,3,VCF0806,VCF0839,3,2,20,1004,0.0199203187250996
2004,3,VCF0806,VCF0839,4,2,6,1004,0.00597609561752988
2004,3,VCF0806,VCF0839,5,2,8,1004,0.00796812749003984
2004,3,VCF0806,VCF0839,6,2,3,1004,0.00298804780876494
2004,3,VCF0806,VCF0839,7,2,7,1004,0.00697211155378486
2004,3,VCF0806,VCF0839,1,3,18,1004,0.0179282868525896
2004,3,VCF0806,VCF0839,2,3,23,1004,0.0229083665338645
2004,3,VCF0806,VCF0839,3,3,27,1004,0.0268924302788845
2004,3,VCF0806,VCF0839,4,3,23,1004,0.0229083665338645
2004,3,VCF0806,VCF0839,5,3,10,1004,0.0099601593625498
2004,3,VCF0806,VCF0839,6,3,8,1004,0.00796812749003984
2004,3,VCF0806,VCF0839,7,3,6,1004,0.00597609561752988
2004,3,VCF0806,VCF0839,1,4,10,1004,0.0099601593625498
2004,3,VCF0806,VCF0839,2,4,32,1004,0.0318725099601594
2004,3,VCF0806,VCF0839,3,4,49,1004,0.048804780876494
2004,3,VCF0806,VCF0839,4,4,82,1004,0.0816733067729084
2004,3,VCF0806,VCF0839,5,4,38,1004,0.0378486055776892
2004,3,VCF0806,VCF0839,6,4,20,1004,0.0199203187250996
2004,3,VCF0806,VCF0839,7,4,32,1004,0.0318725099601594
2004,3,VCF0806,VCF0839,1,5,13,1004,0.0129482071713147
2004,3,VCF0806,VCF0839,2,5,16,1004,0.0159362549800797
2004,3,VCF0806,VCF0839,3,5,28,1004,0.0278884462151394
2004,3,VCF0806,VCF0839,4,5,47,1004,0.0468127490039841
2004,3,VCF0806,VCF0839,5,5,52,1004,0.051792828685259
2004,3,VCF0806,VCF0839,6,5,47,1004,0.0468127490039841
2004,3,VCF0806,VCF0839,7,5,28,1004,0.0278884462151394
2004,3,VCF0806,VCF0839,1,6,4,1004,0.00398406374501992
2004,3,VCF0806,VCF0839,2,6,10,1004,0.0099601593625498
2004,3,VCF0806,VCF0839,3,6,12,1004,0.0119521912350598
2004,3,VCF0806,VCF0839,4,6,17,1004,0.0169322709163347
2004,3,VCF0806,VCF0839,5,6,26,1004,0.0258964143426295
2004,3,VCF0806,VCF0839,6,6,29,1004,0.0288844621513944
2004,3,VCF0806,VCF0839,7,6,43,1004,0.0428286852589641
2004,3,VCF0806,VCF0839,1,7,9,1004,0.00896414342629482
2004,3,VCF0806,VCF0839,2,7,5,1004,0.0049800796812749
2004,3,VCF0806,VCF0839,3,7,6,1004,0.00597609561752988
2004,3,VCF0806,VCF0839,4,7,17,1004,0.0169322709163347
2004,3,VCF0806,VCF0839,5,7,8,1004,0.00796812749003984
2004,3,VCF0806,VCF0839,6,7,17,1004,0.0169322709163347
2004,3,VCF0806,VCF0839,7,7,74,1004,0.0737051792828685
2004,4,VCF0806,VCF0888,1,1,8,1104,0.0072463768115942
2004,4,VCF0806,VCF0888,2,1,3,1104,0.00271739130434783
2004,4,VCF0806,VCF0888,3,1,4,1104,0.0036231884057971
2004,4,VCF0806,VCF0888,4,1,2,1104,0.00181159420289855
2004,4,VCF0806,VCF0888,5,1,5,1104,0.00452898550724638
2004,4,VCF0806,VCF0888,6,1,2,1104,0.00181159420289855
2004,4,VCF0806,VCF0888,7,1,15,1104,0.0135869565217391
2004,4,VCF0806,VCF0888,1,2,19,1104,0.0172101449275362
2004,4,VCF0806,VCF0888,2,2,48,1104,0.0434782608695652
2004,4,VCF0806,VCF0888,3,2,50,1104,0.0452898550724638
2004,4,VCF0806,VCF0888,4,2,63,1104,0.0570652173913044
2004,4,VCF0806,VCF0888,5,2,44,1104,0.0398550724637681
2004,4,VCF0806,VCF0888,6,2,43,1104,0.0389492753623188
2004,4,VCF0806,VCF0888,7,2,61,1104,0.0552536231884058
2004,4,VCF0806,VCF0888,1,3,70,1104,0.0634057971014493
2004,4,VCF0806,VCF0888,2,3,73,1104,0.0661231884057971
2004,4,VCF0806,VCF0888,3,3,109,1104,0.098731884057971
2004,4,VCF0806,VCF0888,4,3,151,1104,0.136775362318841
2004,4,VCF0806,VCF0888,5,3,100,1104,0.0905797101449275
2004,4,VCF0806,VCF0888,6,3,94,1104,0.0851449275362319
2004,4,VCF0806,VCF0888,7,3,140,1104,0.126811594202899
2004,5,VCF0806,VCF0890,1,1,16,1104,0.0144927536231884
2004,5,VCF0806,VCF0890,2,1,10,1104,0.00905797101449275
2004,5,VCF0806,VCF0890,3,1,11,1104,0.00996376811594203
2004,5,VCF0806,VCF0890,4,1,5,1104,0.00452898550724638
2004,5,VCF0806,VCF0890,5,1,1,1104,0.000905797101449275
2004,5,VCF0806,VCF0890,6,1,3,1104,0.00271739130434783
2004,5,VCF0806,VCF0890,7,1,6,1104,0.00543478260869565
2004,5,VCF0806,VCF0890,1,2,19,1104,0.0172101449275362
2004,5,VCF0806,VCF0890,2,2,36,1104,0.0326086956521739
2004,5,VCF0806,VCF0890,3,2,48,1104,0.0434782608695652
2004,5,VCF0806,VCF0890,4,2,49,1104,0.0443840579710145
2004,5,VCF0806,VCF0890,5,2,28,1104,0.0253623188405797
2004,5,VCF0806,VCF0890,6,2,13,1104,0.0117753623188406
2004,5,VCF0806,VCF0890,7,2,22,1104,0.0199275362318841
2004,5,VCF0806,VCF0890,1,3,61,1104,0.0552536231884058
2004,5,VCF0806,VCF0890,2,3,77,1104,0.0697463768115942
2004,5,VCF0806,VCF0890,3,3,106,1104,0.0960144927536232
2004,5,VCF0806,VCF0890,4,3,161,1104,0.145833333333333
2004,5,VCF0806,VCF0890,5,3,121,1104,0.109601449275362
2004,5,VCF0806,VCF0890,6,3,121,1104,0.109601449275362
2004,5,VCF0806,VCF0890,7,3,190,1104,0.172101449275362
2004,6,VCF0806,VCF0894,1,1,48,1097,0.0437556973564266
2004,6,VCF0806,VCF0894,2,1,53,1097,0.0483135824977211
2004,6,VCF0806,VCF0894,3,1,65,1097,0.0592525068368277
2004,6,VCF0806,VCF0894,4,1,55,1097,0.0501367365542388
2004,6,VCF0806,VCF0894,5,1,31,1097,0.0282588878760255
2004,6,VCF0806,VCF0894,6,1,40,1097,0.0364630811303555
2004,6,VCF0806,VCF0894,7,1,59,1097,0.0537830446672744
2004,6,VCF0806,VCF0894,1,2,33,1097,0.0300820419325433
2004,6,VCF0806,VCF0894,2,2,55,1097,0.0501367365542388
2004,6,VCF0806,VCF0894,3,2,75,1097,0.0683682771194166
2004,6,VCF0806,VCF0894,4,2,124,1097,0.113035551504102
2004,6,VCF0806,VCF0894,5,2,77,1097,0.0701914311759344
2004,6,VCF0806,VCF0894,6,2,56,1097,0.0510483135824977
2004,6,VCF0806,VCF0894,7,2,73,1097,0.0665451230628988
2004,6,VCF0806,VCF0894,1,3,15,1097,0.0136736554238833
2004,6,VCF0806,VCF0894,2,3,15,1097,0.0136736554238833
2004,6,VCF0806,VCF0894,3,3,24,1097,0.0218778486782133
2004,6,VCF0806,VCF0894,4,3,34,1097,0.0309936189608022
2004,6,VCF0806,VCF0894,5,3,41,1097,0.0373746581586144
2004,6,VCF0806,VCF0894,6,3,41,1097,0.0373746581586144
2004,6,VCF0806,VCF0894,7,3,83,1097,0.0756608933454877
2004,7,VCF0806,VCF0879a,1,1,43,963,0.0446521287642783
2004,7,VCF0806,VCF0879a,2,1,54,963,0.0560747663551402
2004,7,VCF0806,VCF0879a,3,1,64,963,0.0664589823468328
2004,7,VCF0806,VCF0879a,4,1,94,963,0.0976116303219107
2004,7,VCF0806,VCF0879a,5,1,55,963,0.0571131879543095
2004,7,VCF0806,VCF0879a,6,1,54,963,0.0560747663551402
2004,7,VCF0806,VCF0879a,7,1,84,963,0.0872274143302181
2004,7,VCF0806,VCF0879a,1,2,31,963,0.0321910695742471
2004,7,VCF0806,VCF0879a,2,2,51,963,0.0529595015576324
2004,7,VCF0806,VCF0879a,3,2,71,963,0.0737279335410177
2004,7,VCF0806,VCF0879a,4,2,77,963,0.0799584631360332
2004,7,VCF0806,VCF0879a,5,2,65,963,0.0674974039460021
2004,7,VCF0806,VCF0879a,6,2,51,963,0.0529595015576324
2004,7,VCF0806,VCF0879a,7,2,66,963,0.0685358255451713
2004,7,VCF0806,VCF0879a,1,3,7,963,0.00726895119418484
2004,7,VCF0806,VCF0879a,2,3,9,963,0.00934579439252336
2004,7,VCF0806,VCF0879a,3,3,6,963,0.00623052959501558
2004,7,VCF0806,VCF0879a,4,3,16,963,0.0166147455867082
2004,7,VCF0806,VCF0879a,5,3,15,963,0.0155763239875389
2004,7,VCF0806,VCF0879a,6,3,15,963,0.0155763239875389
2004,7,VCF0806,VCF0879a,7,3,35,963,0.0363447559709242
2004,8,VCF0806,VCF9223,1,1,18,973,0.0184994861253854
2004,8,VCF0806,VCF9223,2,1,16,973,0.0164439876670093
2004,8,VCF0806,VCF9223,3,1,21,973,0.0215827338129496
2004,8,VCF0806,VCF9223,4,1,35,973,0.0359712230215827
2004,8,VCF0806,VCF9223,5,1,14,973,0.0143884892086331
2004,8,VCF0806,VCF9223,6,1,31,973,0.0318602261048304
2004,8,VCF0806,VCF9223,7,1,52,973,0.0534429599177801
2004,8,VCF0806,VCF9223,1,2,18,973,0.0184994861253854
2004,8,VCF0806,VCF9223,2,2,30,973,0.0308324768756423
2004,8,VCF0806,VCF9223,3,2,33,973,0.0339157245632066
2004,8,VCF0806,VCF9223,4,2,50,973,0.0513874614594039
2004,8,VCF0806,VCF9223,5,2,33,973,0.0339157245632066
2004,8,VCF0806,VCF9223,6,2,26,973,0.02672147995889
2004,8,VCF0806,VCF9223,7,2,41,973,0.0421377183967112
2004,8,VCF0806,VCF9223,1,3,33,973,0.0339157245632066
2004,8,VCF0806,VCF9223,2,3,51,973,0.052415210688592
2004,8,VCF0806,VCF9223,3,3,69,973,0.0709146968139774
2004,8,VCF0806,VCF9223,4,3,79,973,0.0811921891058582
2004,8,VCF0806,VCF9223,5,3,65,973,0.0668036998972251
2004,8,VCF0806,VCF9223,6,3,43,973,0.0441932168550874
2004,8,VCF0806,VCF9223,7,3,66,973,0.0678314491264132
2004,8,VCF0806,VCF9223,1,4,15,973,0.0154162384378212
2004,8,VCF0806,VCF9223,2,4,18,973,0.0184994861253854
2004,8,VCF0806,VCF9223,3,4,17,973,0.0174717368961973
2004,8,VCF0806,VCF9223,4,4,25,973,0.025693730729702
2004,8,VCF0806,VCF9223,5,4,23,973,0.0236382322713258
2004,8,VCF0806,VCF9223,6,4,22,973,0.0226104830421377
2004,8,VCF0806,VCF9223,7,4,29,973,0.0298047276464543
2004,9,VCF0809,VCF0838,1,1,25,956,0.0261506276150628
2004,9,VCF0809,VCF0838,2,1,23,956,0.0240585774058577
2004,9,VCF0809,VCF0838,3,1,22,956,0.0230125523012552
2004,9,VCF0809,VCF0838,4,1,18,956,0.0188284518828452
2004,9,VCF0809,VCF0838,5,1,8,956,0.00836820083682008
2004,9,VCF0809,VCF0838,6,1,3,956,0.00313807531380753
2004,9,VCF0809,VCF0838,7,1,19,956,0.0198744769874477
2004,9,VCF0809,VCF0838,1,2,38,956,0.0397489539748954
2004,9,VCF0809,VCF0838,2,2,55,956,0.0575313807531381
2004,9,VCF0809,VCF0838,3,2,64,956,0.0669456066945607
2004,9,VCF0809,VCF0838,4,2,64,956,0.0669456066945607
2004,9,VCF0809,VCF0838,5,2,32,956,0.0334728033472803
2004,9,VCF0809,VCF0838,6,2,23,956,0.0240585774058577
2004,9,VCF0809,VCF0838,7,2,28,956,0.0292887029288703
2004,9,VCF0809,VCF0838,1,3,23,956,0.0240585774058577
2004,9,VCF0809,VCF0838,2,3,30,956,0.0313807531380753
2004,9,VCF0809,VCF0838,3,3,22,956,0.0230125523012552
2004,9,VCF0809,VCF0838,4,3,34,956,0.0355648535564854
2004,9,VCF0809,VCF0838,5,3,26,956,0.0271966527196653
2004,9,VCF0809,VCF0838,6,3,14,956,0.0146443514644351
2004,9,VCF0809,VCF0838,7,3,19,956,0.0198744769874477
2004,9,VCF0809,VCF0838,1,4,39,956,0.0407949790794979
2004,9,VCF0809,VCF0838,2,4,53,956,0.0554393305439331
2004,9,VCF0809,VCF0838,3,4,56,956,0.0585774058577406
2004,9,VCF0809,VCF0838,4,4,70,956,0.0732217573221757
2004,9,VCF0809,VCF0838,5,4,61,956,0.0638075313807531
2004,9,VCF0809,VCF0838,6,4,42,956,0.0439330543933054
2004,9,VCF0809,VCF0838,7,4,45,956,0.047071129707113
2004,10,VCF0809,VCF0839,1,1,25,984,0.0254065040650407
2004,10,VCF0809,VCF0839,2,1,9,984,0.00914634146341463
2004,10,VCF0809,VCF0839,3,1,6,984,0.00609756097560976
2004,10,VCF0809,VCF0839,4,1,1,984,0.00101626016260163
2004,10,VCF0809,VCF0839,5,1,1,984,0.00101626016260163
2004,10,VCF0809,VCF0839,6,1,3,984,0.00304878048780488
2004,10,VCF0809,VCF0839,7,1,4,984,0.0040650406504065
2004,10,VCF0809,VCF0839,1,2,22,984,0.0223577235772358
2004,10,VCF0809,VCF0839,2,2,23,984,0.0233739837398374
2004,10,VCF0809,VCF0839,3,2,12,984,0.0121951219512195
2004,10,VCF0809,VCF0839,4,2,9,984,0.00914634146341463
2004,10,VCF0809,VCF0839,5,2,0,984,0
2004,10,VCF0809,VCF0839,6,2,1,984,0.00101626016260163
2004,10,VCF0809,VCF0839,7,2,4,984,0.0040650406504065
2004,10,VCF0809,VCF0839,1,3,19,984,0.0193089430894309
2004,10,VCF0809,VCF0839,2,3,37,984,0.0376016260162602
2004,10,VCF0809,VCF0839,3,3,26,984,0.0264227642276423
2004,10,VCF0809,VCF0839,4,3,20,984,0.0203252032520325
2004,10,VCF0809,VCF0839,5,3,10,984,0.0101626016260163
2004,10,VCF0809,VCF0839,6,3,2,984,0.00203252032520325
2004,10,VCF0809,VCF0839,7,3,3,984,0.00304878048780488
2004,10,VCF0809,VCF0839,1,4,19,984,0.0193089430894309
2004,10,VCF0809,VCF0839,2,4,48,984,0.0487804878048781
2004,10,VCF0809,VCF0839,3,4,63,984,0.0640243902439024
2004,10,VCF0809,VCF0839,4,4,66,984,0.0670731707317073
2004,10,VCF0809,VCF0839,5,4,30,984,0.0304878048780488
2004,10,VCF0809,VCF0839,6,4,22,984,0.0223577235772358
2004,10,VCF0809,VCF0839,7,4,18,984,0.0182926829268293
2004,10,VCF0809,VCF0839,1,5,15,984,0.0152439024390244
2004,10,VCF0809,VCF0839,2,5,22,984,0.0223577235772358
2004,10,VCF0809,VCF0839,3,5,37,984,0.0376016260162602
2004,10,VCF0809,VCF0839,4,5,57,984,0.0579268292682927
2004,10,VCF0809,VCF0839,5,5,48,984,0.0487804878048781
2004,10,VCF0809,VCF0839,6,5,21,984,0.0213414634146341
2004,10,VCF0809,VCF0839,7,5,18,984,0.0182926829268293
2004,10,VCF0809,VCF0839,1,6,5,984,0.00508130081300813
2004,10,VCF0809,VCF0839,2,6,11,984,0.0111788617886179
2004,10,VCF0809,VCF0839,3,6,16,984,0.016260162601626
2004,10,VCF0809,VCF0839,4,6,28,984,0.0284552845528455
2004,10,VCF0809,VCF0839,5,6,31,984,0.0315040650406504
2004,10,VCF0809,VCF0839,6,6,23,984,0.0233739837398374
2004,10,VCF0809,VCF0839,7,6,17,984,0.0172764227642276
2004,10,VCF0809,VCF0839,1,7,17,984,0.0172764227642276
2004,10,VCF0809,VCF0839,2,7,7,984,0.00711382113821138
2004,10,VCF0809,VCF0839,3,7,12,984,0.0121951219512195
2004,10,VCF0809,VCF0839,4,7,24,984,0.024390243902439
2004,10,VCF0809,VCF0839,5,7,10,984,0.0101626016260163
2004,10,VCF0809,VCF0839,6,7,13,984,0.0132113821138211
2004,10,VCF0809,VCF0839,7,7,49,984,0.0497967479674797
2004,11,VCF0809,VCF0888,1,1,9,1094,0.00822669104204753
2004,11,VCF0809,VCF0888,2,1,5,1094,0.00457038391224863
2004,11,VCF0809,VCF0888,3,1,1,1094,0.000914076782449726
2004,11,VCF0809,VCF0888,4,1,10,1094,0.00914076782449726
2004,11,VCF0809,VCF0888,5,1,4,1094,0.0036563071297989
2004,11,VCF0809,VCF0888,6,1,4,1094,0.0036563071297989
2004,11,VCF0809,VCF0888,7,1,7,1094,0.00639853747714808
2004,11,VCF0809,VCF0888,1,2,41,1094,0.0374771480804388
2004,11,VCF0809,VCF0888,2,2,56,1094,0.0511882998171847
2004,11,VCF0809,VCF0888,3,2,59,1094,0.0539305301645338
2004,11,VCF0809,VCF0888,4,2,63,1094,0.0575868372943327
2004,11,VCF0809,VCF0888,5,2,51,1094,0.046617915904936
2004,11,VCF0809,VCF0888,6,2,30,1094,0.0274223034734918
2004,11,VCF0809,VCF0888,7,2,30,1094,0.0274223034734918
2004,11,VCF0809,VCF0888,1,3,88,1094,0.0804387568555759
2004,11,VCF0809,VCF0888,2,3,117,1094,0.106946983546618
2004,11,VCF0809,VCF0888,3,3,128,1094,0.117001828153565
2004,11,VCF0809,VCF0888,4,3,151,1094,0.138025594149909
2004,11,VCF0809,VCF0888,5,3,88,1094,0.0804387568555759
2004,11,VCF0809,VCF0888,6,3,57,1094,0.0521023765996344
2004,11,VCF0809,VCF0888,7,3,95,1094,0.086837294332724
2004,12,VCF0809,VCF0890,1,1,20,1094,0.0182815356489945
2004,12,VCF0809,VCF0890,2,1,12,1094,0.0109689213893967
2004,12,VCF0809,VCF0890,3,1,9,1094,0.00822669104204753
2004,12,VCF0809,VCF0890,4,1,4,1094,0.0036563071297989
2004,12,VCF0809,VCF0890,5,1,2,1094,0.00182815356489945
2004,12,VCF0809,VCF0890,6,1,2,1094,0.00182815356489945
2004,12,VCF0809,VCF0890,7,1,3,1094,0.00274223034734918
2004,12,VCF0809,VCF0890,1,2,41,1094,0.0374771480804388
2004,12,VCF0809,VCF0890,2,2,58,1094,0.0530164533820841
2004,12,VCF0809,VCF0890,3,2,39,1094,0.0356489945155393
2004,12,VCF0809,VCF0890,4,2,41,1094,0.0374771480804388
2004,12,VCF0809,VCF0890,5,2,12,1094,0.0109689213893967
2004,12,VCF0809,VCF0890,6,2,9,1094,0.00822669104204753
2004,12,VCF0809,VCF0890,7,2,14,1094,0.0127970749542962
2004,12,VCF0809,VCF0890,1,3,76,1094,0.0694698354661792
2004,12,VCF0809,VCF0890,2,3,107,1094,0.0978062157221207
2004,12,VCF0809,VCF0890,3,3,140,1094,0.127970749542962
2004,12,VCF0809,VCF0890,4,3,180,1094,0.164533820840951
2004,12,VCF0809,VCF0890,5,3,127,1094,0.116087751371115
2004,12,VCF0809,VCF0890,6,3,81,1094,0.0740402193784278
2004,12,VCF0809,VCF0890,7,3,117,1094,0.106946983546618
2004,13,VCF0809,VCF0894,1,1,89,1088,0.0818014705882353
2004,13,VCF0809,VCF0894,2,1,81,1088,0.0744485294117647
2004,13,VCF0809,VCF0894,3,1,60,1088,0.0551470588235294
2004,13,VCF0809,VCF0894,4,1,51,1088,0.046875
2004,13,VCF0809,VCF0894,5,1,30,1088,0.0275735294117647
2004,13,VCF0809,VCF0894,6,1,13,1088,0.0119485294117647
2004,13,VCF0809,VCF0894,7,1,23,1088,0.0211397058823529
2004,13,VCF0809,VCF0894,1,2,32,1088,0.0294117647058824
2004,13,VCF0809,VCF0894,2,2,84,1088,0.0772058823529412
2004,13,VCF0809,VCF0894,3,2,100,1088,0.0919117647058824
2004,13,VCF0809,VCF0894,4,2,120,1088,0.110294117647059
2004,13,VCF0809,VCF0894,5,2,61,1088,0.0560661764705882
2004,13,VCF0809,VCF0894,6,2,33,1088,0.0303308823529412
2004,13,VCF0809,VCF0894,7,2,53,1088,0.0487132352941176
2004,13,VCF0809,VCF0894,1,3,16,1088,0.0147058823529412
2004,13,VCF0809,VCF0894,2,3,14,1088,0.0128676470588235
2004,13,VCF0809,VCF0894,3,3,25,1088,0.0229779411764706
2004,13,VCF0809,VCF0894,4,3,52,1088,0.0477941176470588
2004,13,VCF0809,VCF0894,5,3,49,1088,0.0450367647058824
2004,13,VCF0809,VCF0894,6,3,44,1088,0.0404411764705882
2004,13,VCF0809,VCF0894,7,3,58,1088,0.0533088235294118
2004,14,VCF0809,VCF0879a,1,1,74,956,0.0774058577405858
2004,14,VCF0809,VCF0879a,2,1,74,956,0.0774058577405858
2004,14,VCF0809,VCF0879a,3,1,75,956,0.0784518828451883
2004,14,VCF0809,VCF0879a,4,1,72,956,0.0753138075313808
2004,14,VCF0809,VCF0879a,5,1,52,956,0.0543933054393306
2004,14,VCF0809,VCF0879a,6,1,40,956,0.0418410041841004
2004,14,VCF0809,VCF0879a,7,1,63,956,0.0658995815899582
2004,14,VCF0809,VCF0879a,1,2,41,956,0.0428870292887029
2004,14,VCF0809,VCF0879a,2,2,73,956,0.0763598326359833
2004,14,VCF0809,VCF0879a,3,2,83,956,0.0868200836820084
2004,14,VCF0809,VCF0879a,4,2,92,956,0.096234309623431
2004,14,VCF0809,VCF0879a,5,2,53,956,0.0554393305439331
2004,14,VCF0809,VCF0879a,6,2,29,956,0.0303347280334728
2004,14,VCF0809,VCF0879a,7,2,34,956,0.0355648535564854
2004,14,VCF0809,VCF0879a,1,3,13,956,0.0135983263598326
2004,14,VCF0809,VCF0879a,2,3,13,956,0.0135983263598326
2004,14,VCF0809,VCF0879a,3,3,7,956,0.00732217573221757
2004,14,VCF0809,VCF0879a,4,3,20,956,0.0209205020920502
2004,14,VCF0809,VCF0879a,5,3,21,956,0.0219665271966527
2004,14,VCF0809,VCF0879a,6,3,13,956,0.0135983263598326
2004,14,VCF0809,VCF0879a,7,3,14,956,0.0146443514644351
2004,15,VCF0809,VCF9223,1,1,28,968,0.0289256198347107
2004,15,VCF0809,VCF9223,2,1,26,968,0.0268595041322314
2004,15,VCF0809,VCF9223,3,1,24,968,0.0247933884297521
2004,15,VCF0809,VCF9223,4,1,26,968,0.0268595041322314
2004,15,VCF0809,VCF9223,5,1,24,968,0.0247933884297521
2004,15,VCF0809,VCF9223,6,1,12,968,0.012396694214876
2004,15,VCF0809,VCF9223,7,1,43,968,0.0444214876033058
2004,15,VCF0809,VCF9223,1,2,30,968,0.0309917355371901
2004,15,VCF0809,VCF9223,2,2,29,968,0.0299586776859504
2004,15,VCF0809,VCF9223,3,2,48,968,0.0495867768595041
2004,15,VCF0809,VCF9223,4,2,44,968,0.0454545454545455
2004,15,VCF0809,VCF9223,5,2,29,968,0.0299586776859504
2004,15,VCF0809,VCF9223,6,2,20,968,0.0206611570247934
2004,15,VCF0809,VCF9223,7,2,27,968,0.0278925619834711
2004,15,VCF0809,VCF9223,1,3,49,968,0.0506198347107438
2004,15,VCF0809,VCF9223,2,3,74,968,0.0764462809917355
2004,15,VCF0809,VCF9223,3,3,76,968,0.0785123966942149
2004,15,VCF0809,VCF9223,4,3,89,968,0.0919421487603306
2004,15,VCF0809,VCF9223,5,3,49,968,0.0506198347107438
2004,15,VCF0809,VCF9223,6,3,40,968,0.0413223140495868
2004,15,VCF0809,VCF9223,7,3,30,968,0.0309917355371901
2004,15,VCF0809,VCF9223,1,4,21,968,0.0216942148760331
2004,15,VCF0809,VCF9223,2,4,32,968,0.0330578512396694
2004,15,VCF0809,VCF9223,3,4,20,968,0.0206611570247934
2004,15,VCF0809,VCF9223,4,4,29,968,0.0299586776859504
2004,15,VCF0809,VCF9223,5,4,24,968,0.0247933884297521
2004,15,VCF0809,VCF9223,6,4,11,968,0.0113636363636364
2004,15,VCF0809,VCF9223,7,4,14,968,0.0144628099173554
2004,16,VCF0838,VCF0839,1,1,11,924,0.0119047619047619
2004,16,VCF0838,VCF0839,2,1,13,924,0.0140692640692641
2004,16,VCF0838,VCF0839,3,1,4,924,0.00432900432900433
2004,16,VCF0838,VCF0839,4,1,16,924,0.0173160173160173
2004,16,VCF0838,VCF0839,1,2,14,924,0.0151515151515152
2004,16,VCF0838,VCF0839,2,2,24,924,0.025974025974026
2004,16,VCF0838,VCF0839,3,2,10,924,0.0108225108225108
2004,16,VCF0838,VCF0839,4,2,17,924,0.0183982683982684
2004,16,VCF0838,VCF0839,1,3,17,924,0.0183982683982684
2004,16,VCF0838,VCF0839,2,3,42,924,0.0454545454545455
2004,16,VCF0838,VCF0839,3,3,22,924,0.0238095238095238
2004,16,VCF0838,VCF0839,4,3,29,924,0.0313852813852814
2004,16,VCF0838,VCF0839,1,4,28,924,0.0303030303030303
2004,16,VCF0838,VCF0839,2,4,82,924,0.0887445887445888
2004,16,VCF0838,VCF0839,3,4,53,924,0.0573593073593074
2004,16,VCF0838,VCF0839,4,4,90,924,0.0974025974025974
2004,16,VCF0838,VCF0839,1,5,21,924,0.0227272727272727
2004,16,VCF0838,VCF0839,2,5,61,924,0.066017316017316
2004,16,VCF0838,VCF0839,3,5,36,924,0.038961038961039
2004,16,VCF0838,VCF0839,4,5,87,924,0.0941558441558442
2004,16,VCF0838,VCF0839,1,6,4,924,0.00432900432900433
2004,16,VCF0838,VCF0839,2,6,38,924,0.0411255411255411
2004,16,VCF0838,VCF0839,3,6,20,924,0.0216450216450216
2004,16,VCF0838,VCF0839,4,6,65,924,0.0703463203463204
2004,16,VCF0838,VCF0839,1,7,20,924,0.0216450216450216
2004,16,VCF0838,VCF0839,2,7,30,924,0.0324675324675325
2004,16,VCF0838,VCF0839,3,7,18,924,0.0194805194805195
2004,16,VCF0838,VCF0839,4,7,52,924,0.0562770562770563
2004,17,VCF0838,VCF0888,1,1,4,1037,0.0038572806171649
2004,17,VCF0838,VCF0888,2,1,8,1037,0.0077145612343298
2004,17,VCF0838,VCF0888,3,1,7,1037,0.00675024108003857
2004,17,VCF0838,VCF0888,4,1,13,1037,0.0125361620057859
2004,17,VCF0838,VCF0888,1,2,41,1037,0.0395371263259402
2004,17,VCF0838,VCF0888,2,2,86,1037,0.0829315332690453
2004,17,VCF0838,VCF0888,3,2,58,1037,0.055930568948891
2004,17,VCF0838,VCF0888,4,2,136,1037,0.131147540983607
2004,17,VCF0838,VCF0888,1,3,90,1037,0.0867888138862102
2004,17,VCF0838,VCF0888,2,3,234,1037,0.225650916104147
2004,17,VCF0838,VCF0888,3,3,119,1037,0.114754098360656
2004,17,VCF0838,VCF0888,4,3,241,1037,0.232401157184185
2004,18,VCF0838,VCF0890,1,1,12,1039,0.0115495668912416
2004,18,VCF0838,VCF0890,2,1,12,1039,0.0115495668912416
2004,18,VCF0838,VCF0890,3,1,6,1039,0.00577478344562079
2004,18,VCF0838,VCF0890,4,1,18,1039,0.0173243503368624
2004,18,VCF0838,VCF0890,1,2,30,1039,0.0288739172281039
2004,18,VCF0838,VCF0890,2,2,73,1039,0.0702598652550529
2004,18,VCF0838,VCF0890,3,2,55,1039,0.0529355149181906
2004,18,VCF0838,VCF0890,4,2,53,1039,0.0510105871029836
2004,18,VCF0838,VCF0890,1,3,95,1039,0.0914340712223292
2004,18,VCF0838,VCF0890,2,3,246,1039,0.236766121270452
2004,18,VCF0838,VCF0890,3,3,122,1039,0.117420596727623
2004,18,VCF0838,VCF0890,4,3,317,1039,0.305101058710298
2004,19,VCF0838,VCF0894,1,1,48,1030,0.0466019417475728
2004,19,VCF0838,VCF0894,2,1,110,1030,0.106796116504854
2004,19,VCF0838,VCF0894,3,1,56,1030,0.054368932038835
2004,19,VCF0838,VCF0894,4,1,117,1030,0.113592233009709
2004,19,VCF0838,VCF0894,1,2,56,1030,0.054368932038835
2004,19,VCF0838,VCF0894,2,2,155,1030,0.150485436893204
2004,19,VCF0838,VCF0894,3,2,100,1030,0.0970873786407767
2004,19,VCF0838,VCF0894,4,2,160,1030,0.155339805825243
2004,19,VCF0838,VCF0894,1,3,32,1030,0.0310679611650485
2004,19,VCF0838,VCF0894,2,3,61,1030,0.0592233009708738
2004,19,VCF0838,VCF0894,3,3,25,1030,0.0242718446601942
2004,19,VCF0838,VCF0894,4,3,110,1030,0.106796116504854
2004,20,VCF0838,VCF0879a,1,1,69,1030,0.0669902912621359
2004,20,VCF0838,VCF0879a,2,1,160,1030,0.155339805825243
2004,20,VCF0838,VCF0879a,3,1,84,1030,0.0815533980582524
2004,20,VCF0838,VCF0879a,4,1,171,1030,0.166019417475728
2004,20,VCF0838,VCF0879a,1,2,56,1030,0.054368932038835
2004,20,VCF0838,VCF0879a,2,2,143,1030,0.138834951456311
2004,20,VCF0838,VCF0879a,3,2,81,1030,0.0786407766990291
2004,20,VCF0838,VCF0879a,4,2,162,1030,0.157281553398058
2004,20,VCF0838,VCF0879a,1,3,10,1030,0.00970873786407767
2004,20,VCF0838,VCF0879a,2,3,26,1030,0.0252427184466019
2004,20,VCF0838,VCF0879a,3,3,15,1030,0.0145631067961165
2004,20,VCF0838,VCF0879a,4,3,53,1030,0.0514563106796117
2004,21,VCF0838,VCF9223,1,1,37,1042,0.0355086372360845
2004,21,VCF0838,VCF9223,2,1,67,1042,0.064299424184261
2004,21,VCF0838,VCF9223,3,1,42,1042,0.0403071017274472
2004,21,VCF0838,VCF9223,4,1,57,1042,0.0547024952015355
2004,21,VCF0838,VCF9223,1,2,29,1042,0.027831094049904
2004,21,VCF0838,VCF9223,2,2,96,1042,0.0921305182341651
2004,21,VCF0838,VCF9223,3,2,40,1042,0.0383877159309021
2004,21,VCF0838,VCF9223,4,2,89,1042,0.0854126679462572
2004,21,VCF0838,VCF9223,1,3,55,1042,0.0527831094049904
2004,21,VCF0838,VCF9223,2,3,129,1042,0.123800383877159
2004,21,VCF0838,VCF9223,3,3,74,1042,0.0710172744721689
2004,21,VCF0838,VCF9223,4,3,175,1042,0.167946257197697
2004,21,VCF0838,VCF9223,1,4,16,1042,0.0153550863723608
2004,21,VCF0838,VCF9223,2,4,39,1042,0.0374280230326296
2004,21,VCF0838,VCF9223,3,4,29,1042,0.027831094049904
2004,21,VCF0838,VCF9223,4,4,68,1042,0.0652591170825336
2004,22,VCF0839,VCF0888,1,1,5,1053,0.00474833808167142
2004,22,VCF0839,VCF0888,2,1,3,1053,0.00284900284900285
2004,22,VCF0839,VCF0888,3,1,3,1053,0.00284900284900285
2004,22,VCF0839,VCF0888,4,1,6,1053,0.0056980056980057
2004,22,VCF0839,VCF0888,5,1,5,1053,0.00474833808167142
2004,22,VCF0839,VCF0888,6,1,6,1053,0.0056980056980057
2004,22,VCF0839,VCF0888,7,1,9,1053,0.00854700854700855
2004,22,VCF0839,VCF0888,1,2,15,1053,0.0142450142450142
2004,22,VCF0839,VCF0888,2,2,33,1053,0.0313390313390313
2004,22,VCF0839,VCF0888,3,2,37,1053,0.0351377018043685
2004,22,VCF0839,VCF0888,4,2,96,1053,0.0911680911680912
2004,22,VCF0839,VCF0888,5,2,59,1053,0.0560303893637227
2004,22,VCF0839,VCF0888,6,2,31,1053,0.0294396961063628
2004,22,VCF0839,VCF0888,7,2,43,1053,0.0408357075023742
2004,22,VCF0839,VCF0888,1,3,30,1053,0.0284900284900285
2004,22,VCF0839,VCF0888,2,3,35,1053,0.0332383665716999
2004,22,VCF0839,VCF0888,3,3,84,1053,0.0797720797720798
2004,22,VCF0839,VCF0888,4,3,180,1053,0.170940170940171
2004,22,VCF0839,VCF0888,5,3,178,1053,0.169040835707502
2004,22,VCF0839,VCF0888,6,3,108,1053,0.102564102564103
2004,22,VCF0839,VCF0888,7,3,87,1053,0.0826210826210826
2004,23,VCF0839,VCF0890,1,1,15,1053,0.0142450142450142
2004,23,VCF0839,VCF0890,2,1,15,1053,0.0142450142450142
2004,23,VCF0839,VCF0890,3,1,7,1053,0.00664767331433998
2004,23,VCF0839,VCF0890,4,1,6,1053,0.0056980056980057
2004,23,VCF0839,VCF0890,5,1,4,1053,0.00379867046533713
2004,23,VCF0839,VCF0890,6,1,2,1053,0.00189933523266857
2004,23,VCF0839,VCF0890,7,1,1,1053,0.000949667616334283
2004,23,VCF0839,VCF0890,1,2,14,1053,0.01329534662868
2004,23,VCF0839,VCF0890,2,2,29,1053,0.0275403608736942
2004,23,VCF0839,VCF0890,3,2,36,1053,0.0341880341880342
2004,23,VCF0839,VCF0890,4,2,64,1053,0.0607787274453941
2004,23,VCF0839,VCF0890,5,2,32,1053,0.0303893637226971
2004,23,VCF0839,VCF0890,6,2,15,1053,0.0142450142450142
2004,23,VCF0839,VCF0890,7,2,12,1053,0.0113960113960114
2004,23,VCF0839,VCF0890,1,3,21,1053,0.0199430199430199
2004,23,VCF0839,VCF0890,2,3,26,1053,0.0246913580246914
2004,23,VCF0839,VCF0890,3,3,81,1053,0.0769230769230769
2004,23,VCF0839,VCF0890,4,3,210,1053,0.199430199430199
2004,23,VCF0839,VCF0890,5,3,207,1053,0.196581196581197
2004,23,VCF0839,VCF0890,6,3,127,1053,0.120607787274454
2004,23,VCF0839,VCF0890,7,3,129,1053,0.122507122507123
2004,24,VCF0839,VCF0894,1,1,38,1046,0.0363288718929254
2004,24,VCF0839,VCF0894,2,1,39,1046,0.0372848948374761
2004,24,VCF0839,VCF0894,3,1,58,1046,0.0554493307839388
2004,24,VCF0839,VCF0894,4,1,88,1046,0.0841300191204589
2004,24,VCF0839,VCF0894,5,1,53,1046,0.0506692160611855
2004,24,VCF0839,VCF0894,6,1,29,1046,0.0277246653919694
2004,24,VCF0839,VCF0894,7,1,32,1046,0.0305927342256214
2004,24,VCF0839,VCF0894,1,2,9,1046,0.00860420650095602
2004,24,VCF0839,VCF0894,2,2,25,1046,0.0239005736137667
2004,24,VCF0839,VCF0894,3,2,51,1046,0.0487571701720841
2004,24,VCF0839,VCF0894,4,2,152,1046,0.145315487571702
2004,24,VCF0839,VCF0894,5,2,124,1046,0.118546845124283
2004,24,VCF0839,VCF0894,6,2,58,1046,0.0554493307839388
2004,24,VCF0839,VCF0894,7,2,48,1046,0.0458891013384321
2004,24,VCF0839,VCF0894,1,3,3,1046,0.00286806883365201
2004,24,VCF0839,VCF0894,2,3,6,1046,0.00573613766730402
2004,24,VCF0839,VCF0894,3,3,14,1046,0.0133843212237094
2004,24,VCF0839,VCF0894,4,3,39,1046,0.0372848948374761
2004,24,VCF0839,VCF0894,5,3,65,1046,0.0621414913957935
2004,24,VCF0839,VCF0894,6,3,56,1046,0.0535372848948375
2004,24,VCF0839,VCF0894,7,3,59,1046,0.0564053537284895
2004,25,VCF0839,VCF0879a,1,1,19,924,0.0205627705627706
2004,25,VCF0839,VCF0879a,2,1,33,924,0.0357142857142857
2004,25,VCF0839,VCF0879a,3,1,47,924,0.0508658008658009
2004,25,VCF0839,VCF0879a,4,1,114,924,0.123376623376623
2004,25,VCF0839,VCF0879a,5,1,83,924,0.0898268398268398
2004,25,VCF0839,VCF0879a,6,1,53,924,0.0573593073593074
2004,25,VCF0839,VCF0879a,7,1,67,924,0.0725108225108225
2004,25,VCF0839,VCF0879a,1,2,22,924,0.0238095238095238
2004,25,VCF0839,VCF0879a,2,2,24,924,0.025974025974026
2004,25,VCF0839,VCF0879a,3,2,53,924,0.0573593073593074
2004,25,VCF0839,VCF0879a,4,2,120,924,0.12987012987013
2004,25,VCF0839,VCF0879a,5,2,102,924,0.11038961038961
2004,25,VCF0839,VCF0879a,6,2,49,924,0.053030303030303
2004,25,VCF0839,VCF0879a,7,2,34,924,0.0367965367965368
2004,25,VCF0839,VCF0879a,1,3,5,924,0.00541125541125541
2004,25,VCF0839,VCF0879a,2,3,9,924,0.00974025974025974
2004,25,VCF0839,VCF0879a,3,3,9,924,0.00974025974025974
2004,25,VCF0839,VCF0879a,4,3,17,924,0.0183982683982684
2004,25,VCF0839,VCF0879a,5,3,21,924,0.0227272727272727
2004,25,VCF0839,VCF0879a,6,3,24,924,0.025974025974026
2004,25,VCF0839,VCF0879a,7,3,19,924,0.0205627705627706
2004,26,VCF0839,VCF9223,1,1,7,936,0.00747863247863248
2004,26,VCF0839,VCF9223,2,1,10,936,0.0106837606837607
2004,26,VCF0839,VCF9223,3,1,22,936,0.0235042735042735
2004,26,VCF0839,VCF9223,4,1,41,936,0.0438034188034188
2004,26,VCF0839,VCF9223,5,1,32,936,0.0341880341880342
2004,26,VCF0839,VCF9223,6,1,25,936,0.0267094017094017
2004,26,VCF0839,VCF9223,7,1,43,936,0.045940170940171
2004,26,VCF0839,VCF9223,1,2,11,936,0.0117521367521368
2004,26,VCF0839,VCF9223,2,2,13,936,0.0138888888888889
2004,26,VCF0839,VCF9223,3,2,16,936,0.0170940170940171
2004,26,VCF0839,VCF9223,4,2,62,936,0.0662393162393162
2004,26,VCF0839,VCF9223,5,2,53,936,0.0566239316239316
2004,26,VCF0839,VCF9223,6,2,29,936,0.030982905982906
2004,26,VCF0839,VCF9223,7,2,30,936,0.0320512820512821
2004,26,VCF0839,VCF9223,1,3,18,936,0.0192307692307692
2004,26,VCF0839,VCF9223,2,3,29,936,0.030982905982906
2004,26,VCF0839,VCF9223,3,3,56,936,0.0598290598290598
2004,26,VCF0839,VCF9223,4,3,110,936,0.117521367521368
2004,26,VCF0839,VCF9223,5,3,93,936,0.0993589743589744
2004,26,VCF0839,VCF9223,6,3,48,936,0.0512820512820513
2004,26,VCF0839,VCF9223,7,3,38,936,0.0405982905982906
2004,26,VCF0839,VCF9223,1,4,10,936,0.0106837606837607
2004,26,VCF0839,VCF9223,2,4,14,936,0.014957264957265
2004,26,VCF0839,VCF9223,3,4,17,936,0.0181623931623932
2004,26,VCF0839,VCF9223,4,4,41,936,0.0438034188034188
2004,26,VCF0839,VCF9223,5,4,30,936,0.0320512820512821
2004,26,VCF0839,VCF9223,6,4,25,936,0.0267094017094017
2004,26,VCF0839,VCF9223,7,4,13,936,0.0138888888888889
2004,27,VCF0888,VCF0890,1,1,6,1191,0.00503778337531486
2004,27,VCF0888,VCF0890,2,1,18,1191,0.0151133501259446
2004,27,VCF0888,VCF0890,3,1,29,1191,0.0243492863140218
2004,27,VCF0888,VCF0890,1,2,7,1191,0.00587741393786734
2004,27,VCF0888,VCF0890,2,2,115,1191,0.0965575146935348
2004,27,VCF0888,VCF0890,3,2,109,1191,0.09151973131822
2004,27,VCF0888,VCF0890,1,3,29,1191,0.0243492863140218
2004,27,VCF0888,VCF0890,2,3,217,1191,0.182199832073887
2004,27,VCF0888,VCF0890,3,3,661,1191,0.554995801847187
2004,28,VCF0888,VCF0894,1,1,20,1185,0.0168776371308017
2004,28,VCF0888,VCF0894,2,1,101,1185,0.0852320675105485
2004,28,VCF0888,VCF0894,3,1,256,1185,0.216033755274262
2004,28,VCF0888,VCF0894,1,2,7,1185,0.00590717299578059
2004,28,VCF0888,VCF0894,2,2,187,1185,0.157805907172996
2004,28,VCF0888,VCF0894,3,2,342,1185,0.288607594936709
2004,28,VCF0888,VCF0894,1,3,14,1185,0.0118143459915612
2004,28,VCF0888,VCF0894,2,3,59,1185,0.049789029535865
2004,28,VCF0888,VCF0894,3,3,199,1185,0.167932489451477
2004,29,VCF0888,VCF0879a,1,1,16,1037,0.0154291224686596
2004,29,VCF0888,VCF0879a,2,1,123,1037,0.118611378977821
2004,29,VCF0888,VCF0879a,3,1,347,1037,0.334619093539055
2004,29,VCF0888,VCF0879a,1,2,14,1037,0.0135004821600771
2004,29,VCF0888,VCF0879a,2,2,151,1037,0.145612343297975
2004,29,VCF0888,VCF0879a,3,2,281,1037,0.270973963355834
2004,29,VCF0888,VCF0879a,1,3,4,1037,0.0038572806171649
2004,29,VCF0888,VCF0879a,2,3,48,1037,0.0462873674059788
2004,29,VCF0888,VCF0879a,3,3,53,1037,0.0511089681774349
2004,30,VCF0888,VCF9223,1,1,3,1050,0.00285714285714286
2004,30,VCF0888,VCF9223,2,1,52,1050,0.0495238095238095
2004,30,VCF0888,VCF9223,3,1,149,1050,0.141904761904762
2004,30,VCF0888,VCF9223,1,2,6,1050,0.00571428571428571
2004,30,VCF0888,VCF9223,2,2,55,1050,0.0523809523809524
2004,30,VCF0888,VCF9223,3,2,193,1050,0.183809523809524
2004,30,VCF0888,VCF9223,1,3,15,1050,0.0142857142857143
2004,30,VCF0888,VCF9223,2,3,154,1050,0.146666666666667
2004,30,VCF0888,VCF9223,3,3,266,1050,0.253333333333333
2004,30,VCF0888,VCF9223,1,4,10,1050,0.00952380952380953
2004,30,VCF0888,VCF9223,2,4,61,1050,0.0580952380952381
2004,30,VCF0888,VCF9223,3,4,86,1050,0.0819047619047619
2004,31,VCF0890,VCF0894,1,1,40,1184,0.0337837837837838
2004,31,VCF0890,VCF0894,2,1,78,1184,0.0658783783783784
2004,31,VCF0890,VCF0894,3,1,258,1184,0.217905405405405
2004,31,VCF0890,VCF0894,1,2,9,1184,0.00760135135135135
2004,31,VCF0890,VCF0894,2,2,135,1184,0.11402027027027
2004,31,VCF0890,VCF0894,3,2,390,1184,0.329391891891892
2004,31,VCF0890,VCF0894,1,3,3,1184,0.00253378378378378
2004,31,VCF0890,VCF0894,2,3,18,1184,0.0152027027027027
2004,31,VCF0890,VCF0894,3,3,253,1184,0.213682432432432
2004,32,VCF0890,VCF0879a,1,1,25,1040,0.0240384615384615
2004,32,VCF0890,VCF0879a,2,1,106,1040,0.101923076923077
2004,32,VCF0890,VCF0879a,3,1,357,1040,0.343269230769231
2004,32,VCF0890,VCF0879a,1,2,16,1040,0.0153846153846154
2004,32,VCF0890,VCF0879a,2,2,98,1040,0.0942307692307692
2004,32,VCF0890,VCF0879a,3,2,333,1040,0.320192307692308
2004,32,VCF0890,VCF0879a,1,3,7,1040,0.00673076923076923
2004,32,VCF0890,VCF0879a,2,3,11,1040,0.0105769230769231
2004,32,VCF0890,VCF0879a,3,3,87,1040,0.0836538461538462
2004,33,VCF0890,VCF9223,1,1,4,1053,0.00379867046533713
2004,33,VCF0890,VCF9223,2,1,45,1053,0.0427350427350427
2004,33,VCF0890,VCF9223,3,1,156,1053,0.148148148148148
2004,33,VCF0890,VCF9223,1,2,11,1053,0.0104463437796771
2004,33,VCF0890,VCF9223,2,2,42,1053,0.0398860398860399
2004,33,VCF0890,VCF9223,3,2,204,1053,0.193732193732194
2004,33,VCF0890,VCF9223,1,3,25,1053,0.0237416904083571
2004,33,VCF0890,VCF9223,2,3,89,1053,0.0845204178537512
2004,33,VCF0890,VCF9223,3,3,321,1053,0.304843304843305
2004,33,VCF0890,VCF9223,1,4,9,1053,0.00854700854700855
2004,33,VCF0890,VCF9223,2,4,39,1053,0.037037037037037
2004,33,VCF0890,VCF9223,3,4,108,1053,0.102564102564103
2004,34,VCF0894,VCF0879a,1,1,190,1032,0.184108527131783
2004,34,VCF0894,VCF0879a,2,1,186,1032,0.180232558139535
2004,34,VCF0894,VCF0879a,3,1,108,1032,0.104651162790698
2004,34,VCF0894,VCF0879a,1,2,116,1032,0.112403100775194
2004,34,VCF0894,VCF0879a,2,2,244,1032,0.236434108527132
2004,34,VCF0894,VCF0879a,3,2,85,1032,0.0823643410852713
2004,34,VCF0894,VCF0879a,1,3,28,1032,0.0271317829457364
2004,34,VCF0894,VCF0879a,2,3,41,1032,0.0397286821705426
2004,34,VCF0894,VCF0879a,3,3,34,1032,0.0329457364341085
2004,35,VCF0894,VCF9223,1,1,77,1043,0.0738255033557047
2004,35,VCF0894,VCF9223,2,1,75,1043,0.0719079578139981
2004,35,VCF0894,VCF9223,3,1,52,1043,0.049856184084372
2004,35,VCF0894,VCF9223,1,2,91,1043,0.087248322147651
2004,35,VCF0894,VCF9223,2,2,108,1043,0.103547459252157
2004,35,VCF0894,VCF9223,3,2,53,1043,0.0508149568552253
2004,35,VCF0894,VCF9223,1,3,127,1043,0.12176414189837
2004,35,VCF0894,VCF9223,2,3,211,1043,0.202301054650048
2004,35,VCF0894,VCF9223,3,3,93,1043,0.0891658676893576
2004,35,VCF0894,VCF9223,1,4,42,1043,0.0402684563758389
2004,35,VCF0894,VCF9223,2,4,80,1043,0.0767018216682646
2004,35,VCF0894,VCF9223,3,4,34,1043,0.0325982742090125
2004,36,VCF0879a,VCF9223,1,1,157,1043,0.150527325023969
2004,36,VCF0879a,VCF9223,2,1,42,1043,0.0402684563758389
2004,36,VCF0879a,VCF9223,3,1,4,1043,0.00383509108341323
2004,36,VCF0879a,VCF9223,1,2,168,1043,0.161073825503356
2004,36,VCF0879a,VCF9223,2,2,72,1043,0.0690316395014382
2004,36,VCF0879a,VCF9223,3,2,16,1043,0.0153403643336529
2004,36,VCF0879a,VCF9223,1,3,142,1043,0.13614573346117
2004,36,VCF0879a,VCF9223,2,3,229,1043,0.219558964525408
2004,36,VCF0879a,VCF9223,3,3,58,1043,0.0556088207094919
2004,36,VCF0879a,VCF9223,1,4,24,1043,0.0230105465004794
2004,36,VCF0879a,VCF9223,2,4,103,1043,0.0987535953978907
2004,36,VCF0879a,VCF9223,3,4,28,1043,0.0268456375838926
2012,1,VCF0806,VCF0809,1,1,302,5177,0.0583349430171914
2012,1,VCF0806,VCF0809,2,1,143,5177,0.0276221750048291
2012,1,VCF0806,VCF0809,3,1,80,5177,0.0154529650376666
2012,1,VCF0806,VCF0809,4,1,45,5177,0.00869229283368746
2012,1,VCF0806,VCF0809,5,1,20,5177,0.00386324125941665
2012,1,VCF0806,VCF0809,6,1,19,5177,0.00367007919644582
2012,1,VCF0806,VCF0809,7,1,46,5177,0.0088854548966583
2012,1,VCF0806,VCF0809,1,2,175,5177,0.0338033610198957
2012,1,VCF0806,VCF0809,2,2,254,5177,0.0490631639945915
2012,1,VCF0806,VCF0809,3,2,142,5177,0.0274290129418582
2012,1,VCF0806,VCF0809,4,2,123,5177,0.0237589337454124
2012,1,VCF0806,VCF0809,5,2,46,5177,0.0088854548966583
2012,1,VCF0806,VCF0809,6,2,38,5177,0.00734015839289164
2012,1,VCF0806,VCF0809,7,2,38,5177,0.00734015839289164
2012,1,VCF0806,VCF0809,1,3,84,5177,0.0162256132895499
2012,1,VCF0806,VCF0809,2,3,150,5177,0.0289743094456249
2012,1,VCF0806,VCF0809,3,3,193,5177,0.0372802781533707
2012,1,VCF0806,VCF0809,4,3,180,5177,0.0347691713347499
2012,1,VCF0806,VCF0809,5,3,91,5177,0.0175777477303458
2012,1,VCF0806,VCF0809,6,3,57,5177,0.0110102375893375
2012,1,VCF0806,VCF0809,7,3,45,5177,0.00869229283368746
2012,1,VCF0806,VCF0809,1,4,50,5177,0.00965810314854163
2012,1,VCF0806,VCF0809,2,4,104,5177,0.0200888545489666
2012,1,VCF0806,VCF0809,3,4,150,5177,0.0289743094456249
2012,1,VCF0806,VCF0809,4,4,399,5177,0.0770716631253622
2012,1,VCF0806,VCF0809,5,4,199,5177,0.0384392505311957
2012,1,VCF0806,VCF0809,6,4,138,5177,0.0266563646899749
2012,1,VCF0806,VCF0809,7,4,148,5177,0.0285879853196832
2012,1,VCF0806,VCF0809,1,5,19,5177,0.00367007919644582
2012,1,VCF0806,VCF0809,2,5,47,5177,0.00907861695962913
2012,1,VCF0806,VCF0809,3,5,66,5177,0.0127486961560749
2012,1,VCF0806,VCF0809,4,5,143,5177,0.0276221750048291
2012,1,VCF0806,VCF0809,5,5,141,5177,0.0272358508788874
2012,1,VCF0806,VCF0809,6,5,143,5177,0.0276221750048291
2012,1,VCF0806,VCF0809,7,5,111,5177,0.0214409889897624
2012,1,VCF0806,VCF0809,1,6,19,5177,0.00367007919644582
2012,1,VCF0806,VCF0809,2,6,30,5177,0.00579486188912498
2012,1,VCF0806,VCF0809,3,6,39,5177,0.00753332045586247
2012,1,VCF0806,VCF0809,4,6,63,5177,0.0121692099671625
2012,1,VCF0806,VCF0809,5,6,86,5177,0.0166119374154916
2012,1,VCF0806,VCF0809,6,6,131,5177,0.0253042302491791
2012,1,VCF0806,VCF0809,7,6,134,5177,0.0258837164380916
2012,1,VCF0806,VCF0809,1,7,50,5177,0.00965810314854163
2012,1,VCF0806,VCF0809,2,7,17,5177,0.00328375507050415
2012,1,VCF0806,VCF0809,3,7,26,5177,0.00502221363724165
2012,1,VCF0806,VCF0809,4,7,69,5177,0.0133281823449874
2012,1,VCF0806,VCF0809,5,7,39,5177,0.00753332045586247
2012,1,VCF0806,VCF0809,6,7,50,5177,0.00965810314854163
2012,1,VCF0806,VCF0809,7,7,295,5177,0.0569828085763956
2012,2,VCF0806,VCF0838,1,1,145,5428,0.0267133382461312
2012,2,VCF0806,VCF0838,2,1,100,5428,0.0184229918938836
2012,2,VCF0806,VCF0838,3,1,76,5428,0.0140014738393515
2012,2,VCF0806,VCF0838,4,1,112,5428,0.0206337509211496
2012,2,VCF0806,VCF0838,5,1,53,5428,0.00976418570375829
2012,2,VCF0806,VCF0838,6,1,44,5428,0.00810611643330877
2012,2,VCF0806,VCF0838,7,1,84,5428,0.0154753131908622
2012,2,VCF0806,VCF0838,1,2,262,5428,0.0482682387619749
2012,2,VCF0806,VCF0838,2,2,274,5428,0.050478997789241
2012,2,VCF0806,VCF0838,3,2,235,5428,0.0432940309506264
2012,2,VCF0806,VCF0838,4,2,285,5428,0.0525055268975682
2012,2,VCF0806,VCF0838,5,2,139,5428,0.0256079587324982
2012,2,VCF0806,VCF0838,6,2,119,5428,0.0219233603537214
2012,2,VCF0806,VCF0838,7,2,175,5428,0.0322402358142962
2012,2,VCF0806,VCF0838,1,3,102,5428,0.0187914517317612
2012,2,VCF0806,VCF0838,2,3,133,5428,0.0245025792188651
2012,2,VCF0806,VCF0838,3,3,128,5428,0.023581429624171
2012,2,VCF0806,VCF0838,4,3,159,5428,0.0292925571112749
2012,2,VCF0806,VCF0838,5,3,126,5428,0.0232129697862933
2012,2,VCF0806,VCF0838,6,3,91,5428,0.016764922623434
2012,2,VCF0806,VCF0838,7,3,93,5428,0.0171333824613117
2012,2,VCF0806,VCF0838,1,4,212,5428,0.0390567428150332
2012,2,VCF0806,VCF0838,2,4,262,5428,0.0482682387619749
2012,2,VCF0806,VCF0838,3,4,301,5428,0.0554532056005895
2012,2,VCF0806,VCF0838,4,4,519,5428,0.0956153279292557
2012,2,VCF0806,VCF0838,5,4,339,5428,0.0624539425202653
2012,2,VCF0806,VCF0838,6,4,352,5428,0.0648489314664702
2012,2,VCF0806,VCF0838,7,4,508,5428,0.0935887988209285
2012,3,VCF0806,VCF0839,1,1,237,4994,0.0474569483380056
2012,3,VCF0806,VCF0839,2,1,100,4994,0.0200240288346015
2012,3,VCF0806,VCF0839,3,1,33,4994,0.0066079295154185
2012,3,VCF0806,VCF0839,4,1,29,4994,0.00580696836203444
2012,3,VCF0806,VCF0839,5,1,8,4994,0.00160192230676812
2012,3,VCF0806,VCF0839,6,1,4,4994,0.000800961153384061
2012,3,VCF0806,VCF0839,7,1,23,4994,0.00460552663195835
2012,3,VCF0806,VCF0839,1,2,200,4994,0.040048057669203
2012,3,VCF0806,VCF0839,2,2,214,4994,0.0428514217060473
2012,3,VCF0806,VCF0839,3,2,133,4994,0.02663195835002
2012,3,VCF0806,VCF0839,4,2,77,4994,0.0154185022026432
2012,3,VCF0806,VCF0839,5,2,34,4994,0.00680816980376452
2012,3,VCF0806,VCF0839,6,2,32,4994,0.00640768922707249
2012,3,VCF0806,VCF0839,7,2,25,4994,0.00500600720865038
2012,3,VCF0806,VCF0839,1,3,80,4994,0.0160192230676812
2012,3,VCF0806,VCF0839,2,3,205,4994,0.0410492591109331
2012,3,VCF0806,VCF0839,3,3,197,4994,0.039447336804165
2012,3,VCF0806,VCF0839,4,3,171,4994,0.0342410893071686
2012,3,VCF0806,VCF0839,5,3,98,4994,0.0196235482579095
2012,3,VCF0806,VCF0839,6,3,53,4994,0.0106127352823388
2012,3,VCF0806,VCF0839,7,3,34,4994,0.00680816980376452
2012,3,VCF0806,VCF0839,1,4,82,4994,0.0164197036443732
2012,3,VCF0806,VCF0839,2,4,92,4994,0.0184221065278334
2012,3,VCF0806,VCF0839,3,4,164,4994,0.0328394072887465
2012,3,VCF0806,VCF0839,4,4,425,4994,0.0851021225470565
2012,3,VCF0806,VCF0839,5,4,199,4994,0.039847817380857
2012,3,VCF0806,VCF0839,6,4,155,4994,0.0310372446936324
2012,3,VCF0806,VCF0839,7,4,158,4994,0.0316379655586704
2012,3,VCF0806,VCF0839,1,5,26,4994,0.0052062474969964
2012,3,VCF0806,VCF0839,2,5,75,4994,0.0150180216259511
2012,3,VCF0806,VCF0839,3,5,115,4994,0.0230276331597918
2012,3,VCF0806,VCF0839,4,5,169,4994,0.0338406087304766
2012,3,VCF0806,VCF0839,5,5,168,4994,0.0336403684421306
2012,3,VCF0806,VCF0839,6,5,187,4994,0.0374449339207048
2012,3,VCF0806,VCF0839,7,5,194,4994,0.038846615939127
2012,3,VCF0806,VCF0839,1,6,16,4994,0.00320384461353624
2012,3,VCF0806,VCF0839,2,6,31,4994,0.00620744893872647
2012,3,VCF0806,VCF0839,3,6,25,4994,0.00500600720865038
2012,3,VCF0806,VCF0839,4,6,71,4994,0.0142170604725671
2012,3,VCF0806,VCF0839,5,6,67,4994,0.013416099319183
2012,3,VCF0806,VCF0839,6,6,82,4994,0.0164197036443732
2012,3,VCF0806,VCF0839,7,6,145,4994,0.0290348418101722
2012,3,VCF0806,VCF0839,1,7,46,4994,0.0092110532639167
2012,3,VCF0806,VCF0839,2,7,9,4994,0.00180216259511414
2012,3,VCF0806,VCF0839,3,7,16,4994,0.00320384461353624
2012,3,VCF0806,VCF0839,4,7,49,4994,0.00981177412895475
2012,3,VCF0806,VCF0839,5,7,16,4994,0.00320384461353624
2012,3,VCF0806,VCF0839,6,7,33,4994,0.0066079295154185
2012,3,VCF0806,VCF0839,7,7,192,4994,0.0384461353624349
2012,4,VCF0806,VCF0888,1,1,95,5432,0.0174889543446244
2012,4,VCF0806,VCF0888,2,1,73,5432,0.0134388807069219
2012,4,VCF0806,VCF0888,3,1,50,5432,0.00920471281296024
2012,4,VCF0806,VCF0888,4,1,68,5432,0.0125184094256259
2012,4,VCF0806,VCF0888,5,1,30,5432,0.00552282768777614
2012,4,VCF0806,VCF0888,6,1,51,5432,0.00938880706921944
2012,4,VCF0806,VCF0888,7,1,97,5432,0.0178571428571429
2012,4,VCF0806,VCF0888,1,2,304,5432,0.0559646539027982
2012,4,VCF0806,VCF0888,2,2,337,5432,0.062039764359352
2012,4,VCF0806,VCF0888,3,2,288,5432,0.053019145802651
2012,4,VCF0806,VCF0888,4,2,414,5432,0.0762150220913108
2012,4,VCF0806,VCF0888,5,2,261,5432,0.0480486008836524
2012,4,VCF0806,VCF0888,6,2,221,5432,0.0406848306332842
2012,4,VCF0806,VCF0888,7,2,261,5432,0.0480486008836524
2012,4,VCF0806,VCF0888,1,3,323,5432,0.0594624447717231
2012,4,VCF0806,VCF0888,2,3,358,5432,0.0659057437407953
2012,4,VCF0806,VCF0888,3,3,398,5432,0.0732695139911635
2012,4,VCF0806,VCF0888,4,3,598,5432,0.110088365243004
2012,4,VCF0806,VCF0888,5,3,366,5432,0.0673784977908689
2012,4,VCF0806,VCF0888,6,3,336,5432,0.0618556701030928
2012,4,VCF0806,VCF0888,7,3,503,5432,0.09259941089838
2012,5,VCF0806,VCF0890,1,1,215,5448,0.0394640234948605
2012,5,VCF0806,VCF0890,2,1,153,5448,0.0280837004405286
2012,5,VCF0806,VCF0890,3,1,73,5448,0.0133994126284875
2012,5,VCF0806,VCF0890,4,1,51,5448,0.00936123348017621
2012,5,VCF0806,VCF0890,5,1,24,5448,0.00440528634361234
2012,5,VCF0806,VCF0890,6,1,21,5448,0.00385462555066079
2012,5,VCF0806,VCF0890,7,1,34,5448,0.00624082232011747
2012,5,VCF0806,VCF0890,1,2,207,5448,0.0379955947136564
2012,5,VCF0806,VCF0890,2,2,262,5448,0.0480910425844347
2012,5,VCF0806,VCF0890,3,2,243,5448,0.0446035242290749
2012,5,VCF0806,VCF0890,4,2,307,5448,0.0563509544787078
2012,5,VCF0806,VCF0890,5,2,139,5448,0.0255139500734214
2012,5,VCF0806,VCF0890,6,2,106,5448,0.0194566813509545
2012,5,VCF0806,VCF0890,7,2,131,5448,0.0240455212922173
2012,5,VCF0806,VCF0890,1,3,301,5448,0.0552496328928047
2012,5,VCF0806,VCF0890,2,3,354,5448,0.0649779735682819
2012,5,VCF0806,VCF0890,3,3,423,5448,0.0776431718061674
2012,5,VCF0806,VCF0890,4,3,726,5448,0.133259911894273
2012,5,VCF0806,VCF0890,5,3,494,5448,0.0906754772393539
2012,5,VCF0806,VCF0890,6,3,484,5448,0.0888399412628488
2012,5,VCF0806,VCF0890,7,3,700,5448,0.12848751835536
2012,6,VCF0806,VCF0894,1,1,551,5424,0.101585545722714
2012,6,VCF0806,VCF0894,2,1,540,5424,0.0995575221238938
2012,6,VCF0806,VCF0894,3,1,411,5424,0.0757743362831859
2012,6,VCF0806,VCF0894,4,1,407,5424,0.0750368731563422
2012,6,VCF0806,VCF0894,5,1,178,5424,0.0328171091445428
2012,6,VCF0806,VCF0894,6,1,141,5424,0.0259955752212389
2012,6,VCF0806,VCF0894,7,1,179,5424,0.0330014749262537
2012,6,VCF0806,VCF0894,1,2,118,5424,0.0217551622418879
2012,6,VCF0806,VCF0894,2,2,192,5424,0.0353982300884956
2012,6,VCF0806,VCF0894,3,2,268,5424,0.0494100294985251
2012,6,VCF0806,VCF0894,4,2,528,5424,0.0973451327433628
2012,6,VCF0806,VCF0894,5,2,364,5424,0.0671091445427729
2012,6,VCF0806,VCF0894,6,2,336,5424,0.0619469026548673
2012,6,VCF0806,VCF0894,7,2,387,5424,0.0713495575221239
2012,6,VCF0806,VCF0894,1,3,52,5424,0.00958702064896755
2012,6,VCF0806,VCF0894,2,3,40,5424,0.00737463126843658
2012,6,VCF0806,VCF0894,3,3,55,5424,0.0101401179941003
2012,6,VCF0806,VCF0894,4,3,145,5424,0.0267330383480826
2012,6,VCF0806,VCF0894,5,3,111,5424,0.0204646017699115
2012,6,VCF0806,VCF0894,6,3,131,5424,0.0241519174041298
2012,6,VCF0806,VCF0894,7,3,290,5424,0.0534660766961652
2012,7,VCF0806,VCF0879a,1,1,341,5012,0.0680367118914605
2012,7,VCF0806,VCF0879a,2,1,347,5012,0.0692338387869114
2012,7,VCF0806,VCF0879a,3,1,326,5012,0.0650438946528332
2012,7,VCF0806,VCF0879a,4,1,419,5012,0.0835993615323224
2012,7,VCF0806,VCF0879a,5,1,235,5012,0.0468874700718276
2012,7,VCF0806,VCF0879a,6,1,207,5012,0.0413008778930567
2012,7,VCF0806,VCF0879a,7,1,267,5012,0.0532721468475658
2012,7,VCF0806,VCF0879a,1,2,245,5012,0.0488826815642458
2012,7,VCF0806,VCF0879a,2,2,292,5012,0.0582601755786113
2012,7,VCF0806,VCF0879a,3,2,289,5012,0.0576616121308859
2012,7,VCF0806,VCF0879a,4,2,459,5012,0.0915802075019952
2012,7,VCF0806,VCF0879a,5,2,282,5012,0.0562649640861931
2012,7,VCF0806,VCF0879a,6,2,257,5012,0.0512769353551476
2012,7,VCF0806,VCF0879a,7,2,323,5012,0.0644453312051078
2012,7,VCF0806,VCF0879a,1,3,74,5012,0.0147645650438947
2012,7,VCF0806,VCF0879a,2,3,79,5012,0.0157621707901038
2012,7,VCF0806,VCF0879a,3,3,68,5012,0.0135674381484437
2012,7,VCF0806,VCF0879a,4,3,121,5012,0.0241420590582602
2012,7,VCF0806,VCF0879a,5,3,85,5012,0.0169592976855547
2012,7,VCF0806,VCF0879a,6,3,99,5012,0.0197525937749401
2012,7,VCF0806,VCF0879a,7,3,197,5012,0.0393056664006385
2012,8,VCF0806,VCF9223,1,1,179,5069,0.0353126849477215
2012,8,VCF0806,VCF9223,2,1,128,5069,0.0252515289011639
2012,8,VCF0806,VCF9223,3,1,121,5069,0.0238705859143815
2012,8,VCF0806,VCF9223,4,1,187,5069,0.0368909055040442
2012,8,VCF0806,VCF9223,5,1,83,5069,0.0163740382718485
2012,8,VCF0806,VCF9223,6,1,76,5069,0.0149930952850661
2012,8,VCF0806,VCF9223,7,1,172,5069,0.033931741960939
2012,8,VCF0806,VCF9223,1,2,136,5069,0.0268297494574867
2012,8,VCF0806,VCF9223,2,2,176,5069,0.0347208522391004
2012,8,VCF0806,VCF9223,3,2,137,5069,0.027027027027027
2012,8,VCF0806,VCF9223,4,2,193,5069,0.0380745709212863
2012,8,VCF0806,VCF9223,5,2,93,5069,0.0183468139672519
2012,8,VCF0806,VCF9223,6,2,126,5069,0.0248569737620833
2012,8,VCF0806,VCF9223,7,2,115,5069,0.0226869204971395
2012,8,VCF0806,VCF9223,1,3,251,5069,0.0495166699546262
2012,8,VCF0806,VCF9223,2,3,327,5069,0.0645097652396923
2012,8,VCF0806,VCF9223,3,3,330,5069,0.0651015979483133
2012,8,VCF0806,VCF9223,4,3,447,5069,0.0881830735845334
2012,8,VCF0806,VCF9223,5,3,295,5069,0.0581968830144013
2012,8,VCF0806,VCF9223,6,3,240,5069,0.0473466166896824
2012,8,VCF0806,VCF9223,7,3,269,5069,0.0530676662063523
2012,8,VCF0806,VCF9223,1,4,102,5069,0.020122312093115
2012,8,VCF0806,VCF9223,2,4,95,5069,0.0187413691063326
2012,8,VCF0806,VCF9223,3,4,105,5069,0.020714144801736
2012,8,VCF0806,VCF9223,4,4,179,5069,0.0353126849477215
2012,8,VCF0806,VCF9223,5,4,140,5069,0.0276188597356481
2012,8,VCF0806,VCF9223,6,4,125,5069,0.0246596961925429
2012,8,VCF0806,VCF9223,7,4,242,5069,0.0477411718287631
2012,9,VCF0809,VCF0838,1,1,136,5430,0.0250460405156538
2012,9,VCF0809,VCF0838,2,1,95,5430,0.0174953959484346
2012,9,VCF0809,VCF0838,3,1,81,5430,0.0149171270718232
2012,9,VCF0809,VCF0838,4,1,121,5430,0.0222836095764273
2012,9,VCF0809,VCF0838,5,1,56,5430,0.0103130755064457
2012,9,VCF0809,VCF0838,6,1,48,5430,0.00883977900552486
2012,9,VCF0809,VCF0838,7,1,77,5430,0.0141804788213628
2012,9,VCF0809,VCF0838,1,2,220,5430,0.0405156537753223
2012,9,VCF0809,VCF0838,2,2,275,5430,0.0506445672191529
2012,9,VCF0809,VCF0838,3,2,225,5430,0.0414364640883978
2012,9,VCF0809,VCF0838,4,2,277,5430,0.0510128913443831
2012,9,VCF0809,VCF0838,5,2,175,5430,0.0322283609576427
2012,9,VCF0809,VCF0838,6,2,130,5430,0.0239410681399632
2012,9,VCF0809,VCF0838,7,2,177,5430,0.0325966850828729
2012,9,VCF0809,VCF0838,1,3,93,5430,0.0171270718232044
2012,9,VCF0809,VCF0838,2,3,151,5430,0.0278084714548803
2012,9,VCF0809,VCF0838,3,3,151,5430,0.0278084714548803
2012,9,VCF0809,VCF0838,4,3,187,5430,0.0344383057090239
2012,9,VCF0809,VCF0838,5,3,114,5430,0.0209944751381215
2012,9,VCF0809,VCF0838,6,3,77,5430,0.0141804788213628
2012,9,VCF0809,VCF0838,7,3,65,5430,0.0119705340699816
2012,9,VCF0809,VCF0838,1,4,232,5430,0.0427255985267035
2012,9,VCF0809,VCF0838,2,4,309,5430,0.0569060773480663
2012,9,VCF0809,VCF0838,3,4,378,5430,0.0696132596685083
2012,9,VCF0809,VCF0838,4,4,661,5430,0.121731123388582
2012,9,VCF0809,VCF0838,5,4,357,5430,0.0657458563535912
2012,9,VCF0809,VCF0838,6,4,278,5430,0.0511970534069982
2012,9,VCF0809,VCF0838,7,4,284,5430,0.0523020257826888
2012,10,VCF0809,VCF0839,1,1,241,4991,0.0482869164496093
2012,10,VCF0809,VCF0839,2,1,86,4991,0.0172310158284913
2012,10,VCF0809,VCF0839,3,1,41,4991,0.00821478661590863
2012,10,VCF0809,VCF0839,4,1,34,4991,0.00681226207172911
2012,10,VCF0809,VCF0839,5,1,9,4991,0.00180324584251653
2012,10,VCF0809,VCF0839,6,1,8,4991,0.00160288519334803
2012,10,VCF0809,VCF0839,7,1,18,4991,0.00360649168503306
2012,10,VCF0809,VCF0839,1,2,160,4991,0.0320577038669605
2012,10,VCF0809,VCF0839,2,2,265,4991,0.0530955720296534
2012,10,VCF0809,VCF0839,3,2,125,4991,0.0250450811460629
2012,10,VCF0809,VCF0839,4,2,80,4991,0.0160288519334803
2012,10,VCF0809,VCF0839,5,2,37,4991,0.00741334401923462
2012,10,VCF0809,VCF0839,6,2,28,4991,0.00561009817671809
2012,10,VCF0809,VCF0839,7,2,18,4991,0.00360649168503306
2012,10,VCF0809,VCF0839,1,3,102,4991,0.0204367862151873
2012,10,VCF0809,VCF0839,2,3,202,4991,0.0404728511320377
2012,10,VCF0809,VCF0839,3,3,219,4991,0.0438789821679022
2012,10,VCF0809,VCF0839,4,3,153,4991,0.030655179322781
2012,10,VCF0809,VCF0839,5,3,80,4991,0.0160288519334803
2012,10,VCF0809,VCF0839,6,3,57,4991,0.0114205570026047
2012,10,VCF0809,VCF0839,7,3,22,4991,0.00440793428170707
2012,10,VCF0809,VCF0839,1,4,58,4991,0.0116209176517732
2012,10,VCF0809,VCF0839,2,4,131,4991,0.0262472450410739
2012,10,VCF0809,VCF0839,3,4,207,4991,0.0414746543778802
2012,10,VCF0809,VCF0839,4,4,467,4991,0.0935684231616911
2012,10,VCF0809,VCF0839,5,4,201,4991,0.0402724904828692
2012,10,VCF0809,VCF0839,6,4,120,4991,0.0240432779002204
2012,10,VCF0809,VCF0839,7,4,106,4991,0.0212382288118613
2012,10,VCF0809,VCF0839,1,5,37,4991,0.00741334401923462
2012,10,VCF0809,VCF0839,2,5,72,4991,0.0144259667401322
2012,10,VCF0809,VCF0839,3,5,134,4991,0.0268483269885794
2012,10,VCF0809,VCF0839,4,5,239,4991,0.0478861951512723
2012,10,VCF0809,VCF0839,5,5,195,4991,0.0390703265878582
2012,10,VCF0809,VCF0839,6,5,138,4991,0.0276497695852535
2012,10,VCF0809,VCF0839,7,5,101,4991,0.0202364255660188
2012,10,VCF0809,VCF0839,1,6,13,4991,0.00260468843919054
2012,10,VCF0809,VCF0839,2,6,23,4991,0.00460829493087558
2012,10,VCF0809,VCF0839,3,6,27,4991,0.00540973752754959
2012,10,VCF0809,VCF0839,4,6,120,4991,0.0240432779002204
2012,10,VCF0809,VCF0839,5,6,89,4991,0.0178320977759968
2012,10,VCF0809,VCF0839,6,6,90,4991,0.0180324584251653
2012,10,VCF0809,VCF0839,7,6,79,4991,0.0158284912843118
2012,10,VCF0809,VCF0839,1,7,40,4991,0.00801442596674013
2012,10,VCF0809,VCF0839,2,7,16,4991,0.00320577038669605
2012,10,VCF0809,VCF0839,3,7,27,4991,0.00540973752754959
2012,10,VCF0809,VCF0839,4,7,49,4991,0.00981767180925666
2012,10,VCF0809,VCF0839,5,7,34,4991,0.00681226207172911
2012,10,VCF0809,VCF0839,6,7,40,4991,0.00801442596674013
2012,10,VCF0809,VCF0839,7,7,153,4991,0.030655179322781
2012,11,VCF0809,VCF0888,1,1,101,5438,0.0185730047811695
2012,11,VCF0809,VCF0888,2,1,87,5438,0.0159985288709084
2012,11,VCF0809,VCF0888,3,1,65,5438,0.0119529238690695
2012,11,VCF0809,VCF0888,4,1,84,5438,0.0154468554615668
2012,11,VCF0809,VCF0888,5,1,51,5438,0.00937844795880839
2012,11,VCF0809,VCF0888,6,1,41,5438,0.00753953659433615
2012,11,VCF0809,VCF0888,7,1,40,5438,0.00735564545788893
2012,11,VCF0809,VCF0888,1,2,279,5438,0.0513056270687753
2012,11,VCF0809,VCF0888,2,2,405,5438,0.0744759102611254
2012,11,VCF0809,VCF0888,3,2,337,5438,0.0619713129827142
2012,11,VCF0809,VCF0888,4,2,481,5438,0.0884516366311144
2012,11,VCF0809,VCF0888,5,2,283,5438,0.0520411916145642
2012,11,VCF0809,VCF0888,6,2,172,5438,0.0316292754689224
2012,11,VCF0809,VCF0888,7,2,121,5438,0.022250827510114
2012,11,VCF0809,VCF0888,1,3,299,5438,0.0549834497977198
2012,11,VCF0809,VCF0888,2,3,339,5438,0.0623390952556087
2012,11,VCF0809,VCF0888,3,3,433,5438,0.0796248620816477
2012,11,VCF0809,VCF0888,4,3,684,5438,0.125781537329901
2012,11,VCF0809,VCF0888,5,3,372,5438,0.068407502758367
2012,11,VCF0809,VCF0888,6,3,321,5438,0.0590290547995587
2012,11,VCF0809,VCF0888,7,3,443,5438,0.0814637734461199
2012,12,VCF0809,VCF0890,1,1,224,5455,0.0410632447296059
2012,12,VCF0809,VCF0890,2,1,160,5455,0.0293308890925756
2012,12,VCF0809,VCF0890,3,1,77,5455,0.014115490375802
2012,12,VCF0809,VCF0890,4,1,49,5455,0.00898258478460128
2012,12,VCF0809,VCF0890,5,1,26,5455,0.00476626947754354
2012,12,VCF0809,VCF0890,6,1,16,5455,0.00293308890925756
2012,12,VCF0809,VCF0890,7,1,20,5455,0.00366636113657195
2012,12,VCF0809,VCF0890,1,2,195,5455,0.0357470210815765
2012,12,VCF0809,VCF0890,2,2,296,5455,0.0542621448212649
2012,12,VCF0809,VCF0890,3,2,244,5455,0.0447296058661778
2012,12,VCF0809,VCF0890,4,2,341,5455,0.0625114573785518
2012,12,VCF0809,VCF0890,5,2,158,5455,0.0289642529789184
2012,12,VCF0809,VCF0890,6,2,97,5455,0.017781851512374
2012,12,VCF0809,VCF0890,7,2,76,5455,0.0139321723189734
2012,12,VCF0809,VCF0890,1,3,261,5455,0.047846012832264
2012,12,VCF0809,VCF0890,2,3,379,5455,0.0694775435380385
2012,12,VCF0809,VCF0890,3,3,515,5455,0.0944087992667278
2012,12,VCF0809,VCF0890,4,3,864,5455,0.158386801099908
2012,12,VCF0809,VCF0890,5,3,524,5455,0.0960586617781851
2012,12,VCF0809,VCF0890,6,3,422,5455,0.0773602199816682
2012,12,VCF0809,VCF0890,7,3,511,5455,0.0936755270394134
2012,13,VCF0809,VCF0894,1,1,528,5423,0.0973630831643002
2012,13,VCF0809,VCF0894,2,1,563,5423,0.103817075419509
2012,13,VCF0809,VCF0894,3,1,453,5423,0.0835330997602803
2012,13,VCF0809,VCF0894,4,1,381,5423,0.0702563156924212
2012,13,VCF0809,VCF0894,5,1,193,5423,0.0355891572930113
2012,13,VCF0809,VCF0894,6,1,134,5423,0.0247095703485156
2012,13,VCF0809,VCF0894,7,1,137,5423,0.0252627696846764
2012,13,VCF0809,VCF0894,1,2,106,5423,0.0195463765443481
2012,13,VCF0809,VCF0894,2,2,235,5423,0.0433339479992624
2012,13,VCF0809,VCF0894,3,2,312,5423,0.0575327309607228
2012,13,VCF0809,VCF0894,4,2,680,5423,0.125391849529781
2012,13,VCF0809,VCF0894,5,2,383,5423,0.0706251152498617
2012,13,VCF0809,VCF0894,6,2,260,5423,0.047943942467269
2012,13,VCF0809,VCF0894,7,2,231,5423,0.0425963488843813
2012,13,VCF0809,VCF0894,1,3,44,5423,0.00811359026369168
2012,13,VCF0809,VCF0894,2,3,38,5423,0.00700719159137009
2012,13,VCF0809,VCF0894,3,3,69,5423,0.0127235847316983
2012,13,VCF0809,VCF0894,4,3,181,5423,0.0333763599483681
2012,13,VCF0809,VCF0894,5,3,124,5423,0.0228655725613129
2012,13,VCF0809,VCF0894,6,3,139,5423,0.0256315692421169
2012,13,VCF0809,VCF0894,7,3,232,5423,0.0427807486631016
2012,14,VCF0809,VCF0879a,1,1,299,5027,0.059478814402228
2012,14,VCF0809,VCF0879a,2,1,368,5027,0.073204694648896
2012,14,VCF0809,VCF0879a,3,1,335,5027,0.0666401432265765
2012,14,VCF0809,VCF0879a,4,1,460,5027,0.09150586831112
2012,14,VCF0809,VCF0879a,5,1,248,5027,0.0493335985677342
2012,14,VCF0809,VCF0879a,6,1,183,5027,0.0364034215237716
2012,14,VCF0809,VCF0879a,7,1,247,5027,0.0491346727670579
2012,14,VCF0809,VCF0879a,1,2,252,5027,0.0501293017704396
2012,14,VCF0809,VCF0879a,2,2,328,5027,0.0652476626218421
2012,14,VCF0809,VCF0879a,3,2,329,5027,0.0654465884225184
2012,14,VCF0809,VCF0879a,4,2,548,5027,0.109011338770639
2012,14,VCF0809,VCF0879a,5,2,276,5027,0.054903520986672
2012,14,VCF0809,VCF0879a,6,2,213,5027,0.0423711955440621
2012,14,VCF0809,VCF0879a,7,2,205,5027,0.0407797891386513
2012,14,VCF0809,VCF0879a,1,3,74,5027,0.0147205092500497
2012,14,VCF0809,VCF0879a,2,3,83,5027,0.0165108414561369
2012,14,VCF0809,VCF0879a,3,3,102,5027,0.0202904316689875
2012,14,VCF0809,VCF0879a,4,3,163,5027,0.0324249055102447
2012,14,VCF0809,VCF0879a,5,3,118,5027,0.023473244479809
2012,14,VCF0809,VCF0879a,6,3,96,5027,0.0190968768649294
2012,14,VCF0809,VCF0879a,7,3,100,5027,0.0198925800676348
2012,15,VCF0809,VCF9223,1,1,168,5074,0.0331099724083563
2012,15,VCF0809,VCF9223,2,1,126,5074,0.0248324793062672
2012,15,VCF0809,VCF9223,3,1,121,5074,0.0238470634607805
2012,15,VCF0809,VCF9223,4,1,185,5074,0.0364603862830114
2012,15,VCF0809,VCF9223,5,1,92,5074,0.018131651556957
2012,15,VCF0809,VCF9223,6,1,77,5074,0.0151754040204967
2012,15,VCF0809,VCF9223,7,1,168,5074,0.0331099724083563
2012,15,VCF0809,VCF9223,1,2,127,5074,0.0250295624753646
2012,15,VCF0809,VCF9223,2,2,183,5074,0.0360662199448167
2012,15,VCF0809,VCF9223,3,2,152,5074,0.0299566417027986
2012,15,VCF0809,VCF9223,4,2,184,5074,0.0362633031139141
2012,15,VCF0809,VCF9223,5,2,132,5074,0.0260149783208514
2012,15,VCF0809,VCF9223,6,2,94,5074,0.0185258178951518
2012,15,VCF0809,VCF9223,7,2,100,5074,0.0197083169097359
2012,15,VCF0809,VCF9223,1,3,229,5074,0.0451320457232952
2012,15,VCF0809,VCF9223,2,3,363,5074,0.0715411903823414
2012,15,VCF0809,VCF9223,3,3,357,5074,0.0703586913677572
2012,15,VCF0809,VCF9223,4,3,563,5074,0.110957824201813
2012,15,VCF0809,VCF9223,5,3,281,5074,0.0553803705163579
2012,15,VCF0809,VCF9223,6,3,221,5074,0.0435553803705164
2012,15,VCF0809,VCF9223,7,3,162,5074,0.0319274733937722
2012,15,VCF0809,VCF9223,1,4,111,5074,0.0218762317698069
2012,15,VCF0809,VCF9223,2,4,113,5074,0.0222703981080016
2012,15,VCF0809,VCF9223,3,4,145,5074,0.0285770595191171
2012,15,VCF0809,VCF9223,4,4,240,5074,0.0472999605833662
2012,15,VCF0809,VCF9223,5,4,150,5074,0.0295624753646039
2012,15,VCF0809,VCF9223,6,4,102,5074,0.0201024832479306
2012,15,VCF0809,VCF9223,7,4,128,5074,0.025226645644462
2012,16,VCF0838,VCF0839,1,1,88,5200,0.0169230769230769
2012,16,VCF0838,VCF0839,2,1,159,5200,0.0305769230769231
2012,16,VCF0838,VCF0839,3,1,65,5200,0.0125
2012,16,VCF0838,VCF0839,4,1,135,5200,0.0259615384615385
2012,16,VCF0838,VCF0839,1,2,108,5200,0.0207692307692308
2012,16,VCF0838,VCF0839,2,2,267,5200,0.0513461538461539
2012,16,VCF0838,VCF0839,3,2,104,5200,0.02
2012,16,VCF0838,VCF0839,4,2,245,5200,0.0471153846153846
2012,16,VCF0838,VCF0839,1,3,78,5200,0.015
2012,16,VCF0838,VCF0839,2,3,277,5200,0.0532692307692308
2012,16,VCF0838,VCF0839,3,3,172,5200,0.0330769230769231
2012,16,VCF0838,VCF0839,4,3,345,5200,0.0663461538461539
2012,16,VCF0838,VCF0839,1,4,126,5200,0.0242307692307692
2012,16,VCF0838,VCF0839,2,4,342,5200,0.0657692307692308
2012,16,VCF0838,VCF0839,3,4,207,5200,0.0398076923076923
2012,16,VCF0838,VCF0839,4,4,670,5200,0.128846153846154
2012,16,VCF0838,VCF0839,1,5,71,5200,0.0136538461538462
2012,16,VCF0838,VCF0839,2,5,195,5200,0.0375
2012,16,VCF0838,VCF0839,3,5,148,5200,0.0284615384615385
2012,16,VCF0838,VCF0839,4,5,559,5200,0.1075
2012,16,VCF0838,VCF0839,1,6,30,5200,0.00576923076923077
2012,16,VCF0838,VCF0839,2,6,81,5200,0.0155769230769231
2012,16,VCF0838,VCF0839,3,6,68,5200,0.0130769230769231
2012,16,VCF0838,VCF0839,4,6,277,5200,0.0532692307692308
2012,16,VCF0838,VCF0839,1,7,64,5200,0.0123076923076923
2012,16,VCF0838,VCF0839,2,7,97,5200,0.0186538461538462
2012,16,VCF0838,VCF0839,3,7,50,5200,0.00961538461538462
2012,16,VCF0838,VCF0839,4,7,172,5200,0.0330769230769231
2012,17,VCF0838,VCF0888,1,1,67,5816,0.0115199449793673
2012,17,VCF0838,VCF0888,2,1,133,5816,0.0228679504814305
2012,17,VCF0838,VCF0888,3,1,57,5816,0.00980055020632737
2012,17,VCF0838,VCF0888,4,1,227,5816,0.0390302613480055
2012,17,VCF0838,VCF0888,1,2,232,5816,0.0398899587345254
2012,17,VCF0838,VCF0888,2,2,560,5816,0.0962861072902338
2012,17,VCF0838,VCF0888,3,2,324,5816,0.0557083906464924
2012,17,VCF0838,VCF0888,4,2,1091,5816,0.187585969738652
2012,17,VCF0838,VCF0888,1,3,363,5816,0.062414030261348
2012,17,VCF0838,VCF0888,2,3,903,5816,0.155261348005502
2012,17,VCF0838,VCF0888,3,3,512,5816,0.0880330123796424
2012,17,VCF0838,VCF0888,4,3,1347,5816,0.231602475928473
2012,18,VCF0838,VCF0890,1,1,124,5833,0.0212583576204355
2012,18,VCF0838,VCF0890,2,1,216,5833,0.0370306874678553
2012,18,VCF0838,VCF0890,3,1,97,5833,0.0166295216869535
2012,18,VCF0838,VCF0890,4,1,147,5833,0.0252014400822904
2012,18,VCF0838,VCF0890,1,2,187,5833,0.0320589747985599
2012,18,VCF0838,VCF0890,2,2,467,5833,0.0800617178124464
2012,18,VCF0838,VCF0890,3,2,232,5833,0.0397737013543631
2012,18,VCF0838,VCF0890,4,2,608,5833,0.104234527687296
2012,18,VCF0838,VCF0890,1,3,356,5833,0.0610320589747986
2012,18,VCF0838,VCF0890,2,3,918,5833,0.157380421738385
2012,18,VCF0838,VCF0890,3,3,566,5833,0.0970341162352134
2012,18,VCF0838,VCF0890,4,3,1915,5833,0.328304474541402
2012,19,VCF0838,VCF0894,1,1,326,5803,0.0561778390487679
2012,19,VCF0838,VCF0894,2,1,793,5803,0.136653455109426
2012,19,VCF0838,VCF0894,3,1,408,5803,0.0703084611407892
2012,19,VCF0838,VCF0894,4,1,989,5803,0.17042908840255
2012,19,VCF0838,VCF0894,1,2,222,5803,0.038256074444253
2012,19,VCF0838,VCF0894,2,2,573,5803,0.0987420299844908
2012,19,VCF0838,VCF0894,3,2,377,5803,0.0649663966913665
2012,19,VCF0838,VCF0894,4,2,1211,5803,0.208685162846803
2012,19,VCF0838,VCF0894,1,3,116,5803,0.0199896605204205
2012,19,VCF0838,VCF0894,2,3,223,5803,0.0384283991039118
2012,19,VCF0838,VCF0894,3,3,108,5803,0.0186110632431501
2012,19,VCF0838,VCF0894,4,3,457,5803,0.0787523694640703
2012,20,VCF0838,VCF0879a,1,1,272,5355,0.0507936507936508
2012,20,VCF0838,VCF0879a,2,1,714,5355,0.133333333333333
2012,20,VCF0838,VCF0879a,3,1,359,5355,0.0670401493930906
2012,20,VCF0838,VCF0879a,4,1,945,5355,0.176470588235294
2012,20,VCF0838,VCF0879a,1,2,240,5355,0.0448179271708684
2012,20,VCF0838,VCF0879a,2,2,592,5355,0.110550887021475
2012,20,VCF0838,VCF0879a,3,2,352,5355,0.0657329598506069
2012,20,VCF0838,VCF0879a,4,2,1115,5355,0.208216619981326
2012,20,VCF0838,VCF0879a,1,3,80,5355,0.0149393090569561
2012,20,VCF0838,VCF0879a,2,3,166,5355,0.0309990662931839
2012,20,VCF0838,VCF0879a,3,3,114,5355,0.0212885154061625
2012,20,VCF0838,VCF0879a,4,3,406,5355,0.0758169934640523
2012,21,VCF0838,VCF9223,1,1,142,5412,0.0262379896526238
2012,21,VCF0838,VCF9223,2,1,344,5412,0.0635624538063563
2012,21,VCF0838,VCF9223,3,1,155,5412,0.028640059127864
2012,21,VCF0838,VCF9223,4,1,380,5412,0.0702143385070214
2012,21,VCF0838,VCF9223,1,2,119,5412,0.0219881744271988
2012,21,VCF0838,VCF9223,2,2,336,5412,0.0620842572062084
2012,21,VCF0838,VCF9223,3,2,177,5412,0.0327050997782705
2012,21,VCF0838,VCF9223,4,2,420,5412,0.0776053215077605
2012,21,VCF0838,VCF9223,1,3,252,5412,0.0465631929046563
2012,21,VCF0838,VCF9223,2,3,610,5412,0.112712490761271
2012,21,VCF0838,VCF9223,3,3,350,5412,0.0646711012564671
2012,21,VCF0838,VCF9223,4,3,1083,5412,0.200110864745011
2012,21,VCF0838,VCF9223,1,4,89,5412,0.0164449371766445
2012,21,VCF0838,VCF9223,2,4,200,5412,0.0369549150036955
2012,21,VCF0838,VCF9223,3,4,148,5412,0.0273466371027347
2012,21,VCF0838,VCF9223,4,4,607,5412,0.112158167036216
2012,22,VCF0839,VCF0888,1,1,87,5205,0.0167146974063401
2012,22,VCF0839,VCF0888,2,1,82,5205,0.0157540826128722
2012,22,VCF0839,VCF0888,3,1,73,5205,0.0140249759846302
2012,22,VCF0839,VCF0888,4,1,67,5205,0.0128722382324688
2012,22,VCF0839,VCF0888,5,1,63,5205,0.0121037463976945
2012,22,VCF0839,VCF0888,6,1,41,5205,0.00787704130643612
2012,22,VCF0839,VCF0888,7,1,39,5205,0.00749279538904899
2012,22,VCF0839,VCF0888,1,2,182,5205,0.0349663784822286
2012,22,VCF0839,VCF0888,2,2,351,5205,0.0674351585014409
2012,22,VCF0839,VCF0888,3,2,396,5205,0.0760806916426513
2012,22,VCF0839,VCF0888,4,2,523,5205,0.100480307396734
2012,22,VCF0839,VCF0888,5,2,346,5205,0.0664745437079731
2012,22,VCF0839,VCF0888,6,2,148,5205,0.0284341978866475
2012,22,VCF0839,VCF0888,7,2,76,5205,0.0146013448607109
2012,22,VCF0839,VCF0888,1,3,177,5205,0.0340057636887608
2012,22,VCF0839,VCF0888,2,3,290,5205,0.0557156580211335
2012,22,VCF0839,VCF0888,3,3,400,5205,0.0768491834774256
2012,22,VCF0839,VCF0888,4,3,759,5205,0.145821325648415
2012,22,VCF0839,VCF0888,5,3,562,5205,0.107973102785783
2012,22,VCF0839,VCF0888,6,3,270,5205,0.0518731988472623
2012,22,VCF0839,VCF0888,7,3,273,5205,0.0524495677233429
2012,23,VCF0839,VCF0890,1,1,187,5221,0.0358168933154568
2012,23,VCF0839,VCF0890,2,1,196,5221,0.0375407010151312
2012,23,VCF0839,VCF0890,3,1,94,5221,0.0180042137521548
2012,23,VCF0839,VCF0890,4,1,47,5221,0.00900210687607738
2012,23,VCF0839,VCF0890,5,1,23,5221,0.00440528634361234
2012,23,VCF0839,VCF0890,6,1,11,5221,0.00210687607737981
2012,23,VCF0839,VCF0890,7,1,10,5221,0.0019153418885271
2012,23,VCF0839,VCF0890,1,2,132,5221,0.0252825129285578
2012,23,VCF0839,VCF0890,2,2,256,5221,0.0490327523462938
2012,23,VCF0839,VCF0890,3,2,318,5221,0.0609078720551619
2012,23,VCF0839,VCF0890,4,2,384,5221,0.0735491285194407
2012,23,VCF0839,VCF0890,5,2,165,5221,0.0316031411606972
2012,23,VCF0839,VCF0890,6,2,57,5221,0.0109174487646045
2012,23,VCF0839,VCF0890,7,2,36,5221,0.00689523079869757
2012,23,VCF0839,VCF0890,1,3,127,5221,0.0243248419842942
2012,23,VCF0839,VCF0890,2,3,274,5221,0.0524803677456426
2012,23,VCF0839,VCF0890,3,3,459,5221,0.087914192683394
2012,23,VCF0839,VCF0890,4,3,925,5221,0.177169124688757
2012,23,VCF0839,VCF0890,5,3,785,5221,0.150354338249378
2012,23,VCF0839,VCF0890,6,3,391,5221,0.0748898678414097
2012,23,VCF0839,VCF0890,7,3,344,5221,0.0658877609653323
2012,24,VCF0839,VCF0894,1,1,382,5192,0.0735747303543914
2012,24,VCF0839,VCF0894,2,1,605,5192,0.116525423728814
2012,24,VCF0839,VCF0894,3,1,548,5192,0.105546995377504
2012,24,VCF0839,VCF0894,4,1,436,5192,0.0839753466872111
2012,24,VCF0839,VCF0894,5,1,234,5192,0.0450693374422188
2012,24,VCF0839,VCF0894,6,1,68,5192,0.0130970724191063
2012,24,VCF0839,VCF0894,7,1,71,5192,0.0136748844375963
2012,24,VCF0839,VCF0894,1,2,54,5192,0.0104006163328197
2012,24,VCF0839,VCF0894,2,2,98,5192,0.0188751926040062
2012,24,VCF0839,VCF0894,3,2,275,5192,0.0529661016949153
2012,24,VCF0839,VCF0894,4,2,751,5192,0.144645608628659
2012,24,VCF0839,VCF0894,5,2,541,5192,0.104198767334361
2012,24,VCF0839,VCF0894,6,2,230,5192,0.0442989214175655
2012,24,VCF0839,VCF0894,7,2,133,5192,0.0256163328197227
2012,24,VCF0839,VCF0894,1,3,10,5192,0.00192604006163328
2012,24,VCF0839,VCF0894,2,3,23,5192,0.00442989214175655
2012,24,VCF0839,VCF0894,3,3,45,5192,0.00866718027734977
2012,24,VCF0839,VCF0894,4,3,157,5192,0.0302388289676425
2012,24,VCF0839,VCF0894,5,3,192,5192,0.036979969183359
2012,24,VCF0839,VCF0894,6,3,157,5192,0.0302388289676425
2012,24,VCF0839,VCF0894,7,3,182,5192,0.0350539291217257
2012,25,VCF0839,VCF0879a,1,1,207,4822,0.0429282455412692
2012,25,VCF0839,VCF0879a,2,1,343,4822,0.0711323102447117
2012,25,VCF0839,VCF0879a,3,1,401,4822,0.0831605143094152
2012,25,VCF0839,VCF0879a,4,1,527,4822,0.10929075072584
2012,25,VCF0839,VCF0879a,5,1,313,4822,0.0649108253836582
2012,25,VCF0839,VCF0879a,6,1,138,4822,0.0286188303608461
2012,25,VCF0839,VCF0879a,7,1,132,4822,0.0273745333886354
2012,25,VCF0839,VCF0879a,1,2,144,4822,0.0298631273330568
2012,25,VCF0839,VCF0879a,2,2,250,4822,0.0518457071754459
2012,25,VCF0839,VCF0879a,3,2,327,4822,0.0678141849854832
2012,25,VCF0839,VCF0879a,4,2,578,4822,0.119867274989631
2012,25,VCF0839,VCF0879a,5,2,433,4822,0.0897967648278723
2012,25,VCF0839,VCF0879a,6,2,178,4822,0.0369141435089175
2012,25,VCF0839,VCF0879a,7,2,143,4822,0.029655744504355
2012,25,VCF0839,VCF0879a,1,3,53,4822,0.0109912899211945
2012,25,VCF0839,VCF0879a,2,3,69,4822,0.0143094151804231
2012,25,VCF0839,VCF0879a,3,3,89,4822,0.0184570717544587
2012,25,VCF0839,VCF0879a,4,3,153,4822,0.0317295727913729
2012,25,VCF0839,VCF0879a,5,3,160,4822,0.0331812525922854
2012,25,VCF0839,VCF0879a,6,3,106,4822,0.0219825798423891
2012,25,VCF0839,VCF0879a,7,3,78,4822,0.0161758606387391
2012,26,VCF0839,VCF9223,1,1,120,4864,0.0246710526315789
2012,26,VCF0839,VCF9223,2,1,142,4864,0.0291940789473684
2012,26,VCF0839,VCF9223,3,1,146,4864,0.0300164473684211
2012,26,VCF0839,VCF9223,4,1,209,4864,0.04296875
2012,26,VCF0839,VCF9223,5,1,124,4864,0.0254934210526316
2012,26,VCF0839,VCF9223,6,1,64,4864,0.0131578947368421
2012,26,VCF0839,VCF9223,7,1,95,4864,0.01953125
2012,26,VCF0839,VCF9223,1,2,95,4864,0.01953125
2012,26,VCF0839,VCF9223,2,2,153,4864,0.0314555921052632
2012,26,VCF0839,VCF9223,3,2,179,4864,0.0368009868421053
2012,26,VCF0839,VCF9223,4,2,218,4864,0.0448190789473684
2012,26,VCF0839,VCF9223,5,2,168,4864,0.0345394736842105
2012,26,VCF0839,VCF9223,6,2,69,4864,0.0141858552631579
2012,26,VCF0839,VCF9223,7,2,53,4864,0.0108963815789474
2012,26,VCF0839,VCF9223,1,3,130,4864,0.0267269736842105
2012,26,VCF0839,VCF9223,2,3,293,4864,0.0602384868421053
2012,26,VCF0839,VCF9223,3,3,381,4864,0.0783305921052632
2012,26,VCF0839,VCF9223,4,3,601,4864,0.123560855263158
2012,26,VCF0839,VCF9223,5,3,404,4864,0.0830592105263158
2012,26,VCF0839,VCF9223,6,3,159,4864,0.0326891447368421
2012,26,VCF0839,VCF9223,7,3,113,4864,0.0232319078947368
2012,26,VCF0839,VCF9223,1,4,64,4864,0.0131578947368421
2012,26,VCF0839,VCF9223,2,4,78,4864,0.0160361842105263
2012,26,VCF0839,VCF9223,3,4,117,4864,0.0240542763157895
2012,26,VCF0839,VCF9223,4,4,241,4864,0.0495476973684211
2012,26,VCF0839,VCF9223,5,4,221,4864,0.0454358552631579
2012,26,VCF0839,VCF9223,6,4,132,4864,0.0271381578947368
2012,26,VCF0839,VCF9223,7,4,95,4864,0.01953125
2012,27,VCF0888,VCF0890,1,1,166,5851,0.0283712185951119
2012,27,VCF0888,VCF0890,2,1,257,5851,0.0439241155358058
2012,27,VCF0888,VCF0890,3,1,163,5851,0.0278584857289352
2012,27,VCF0888,VCF0890,1,2,91,5851,0.0155528969406939
2012,27,VCF0888,VCF0890,2,2,792,5851,0.135361476670655
2012,27,VCF0888,VCF0890,3,2,615,5851,0.105110237566228
2012,27,VCF0888,VCF0890,1,3,233,5851,0.0398222526063921
2012,27,VCF0888,VCF0890,2,3,1174,5851,0.200649461630491
2012,27,VCF0888,VCF0890,3,3,2360,5851,0.403349854725688
2012,28,VCF0888,VCF0894,1,1,267,5817,0.0458999484270242
2012,28,VCF0888,VCF0894,2,1,1024,5817,0.176035757263194
2012,28,VCF0888,VCF0894,3,1,1225,5817,0.210589651022864
2012,28,VCF0888,VCF0894,1,2,127,5817,0.0218325597386969
2012,28,VCF0888,VCF0894,2,2,1003,5817,0.172425648959945
2012,28,VCF0888,VCF0894,3,2,1260,5817,0.216606498194946
2012,28,VCF0888,VCF0894,1,3,94,5817,0.0161595324050198
2012,28,VCF0888,VCF0894,2,3,191,5817,0.0328347945676466
2012,28,VCF0888,VCF0894,3,3,626,5817,0.107615609420664
2012,29,VCF0888,VCF0879a,1,1,155,5360,0.0289179104477612
2012,29,VCF0888,VCF0879a,2,1,765,5360,0.142723880597015
2012,29,VCF0888,VCF0879a,3,1,1369,5360,0.255410447761194
2012,29,VCF0888,VCF0879a,1,2,178,5360,0.0332089552238806
2012,29,VCF0888,VCF0879a,2,2,965,5360,0.180037313432836
2012,29,VCF0888,VCF0879a,3,2,1160,5360,0.216417910447761
2012,29,VCF0888,VCF0879a,1,3,113,5360,0.0210820895522388
2012,29,VCF0888,VCF0879a,2,3,311,5360,0.0580223880597015
2012,29,VCF0888,VCF0879a,3,3,344,5360,0.0641791044776119
2012,30,VCF0888,VCF9223,1,1,91,5415,0.0168051708217913
2012,30,VCF0888,VCF9223,2,1,281,5415,0.0518928901200369
2012,30,VCF0888,VCF9223,3,1,650,5415,0.120036934441367
2012,30,VCF0888,VCF9223,1,2,72,5415,0.0132963988919668
2012,30,VCF0888,VCF9223,2,2,357,5415,0.0659279778393352
2012,30,VCF0888,VCF9223,3,2,627,5415,0.115789473684211
2012,30,VCF0888,VCF9223,1,3,185,5415,0.0341643582640813
2012,30,VCF0888,VCF9223,2,3,965,5415,0.178208679593721
2012,30,VCF0888,VCF9223,3,3,1136,5415,0.209787626962142
2012,30,VCF0888,VCF9223,1,4,104,5415,0.0192059095106187
2012,30,VCF0888,VCF9223,2,4,453,5415,0.0836565096952909
2012,30,VCF0888,VCF9223,3,4,494,5415,0.0912280701754386
2012,31,VCF0890,VCF0894,1,1,488,5834,0.0836475831333562
2012,31,VCF0890,VCF0894,2,1,741,5834,0.12701405553651
2012,31,VCF0890,VCF0894,3,1,1297,5834,0.22231744943435
2012,31,VCF0890,VCF0894,1,2,78,5834,0.0133699005827905
2012,31,VCF0890,VCF0894,2,2,658,5834,0.112787110044566
2012,31,VCF0890,VCF0894,3,2,1658,5834,0.284196091875214
2012,31,VCF0890,VCF0894,1,3,23,5834,0.0039424065821049
2012,31,VCF0890,VCF0894,2,3,101,5834,0.0173123071648954
2012,31,VCF0890,VCF0894,3,3,790,5834,0.135413095646212
2012,32,VCF0890,VCF0879a,1,1,230,5375,0.0427906976744186
2012,32,VCF0890,VCF0879a,2,1,644,5375,0.119813953488372
2012,32,VCF0890,VCF0879a,3,1,1420,5375,0.264186046511628
2012,32,VCF0890,VCF0879a,1,2,218,5375,0.0405581395348837
2012,32,VCF0890,VCF0879a,2,2,599,5375,0.111441860465116
2012,32,VCF0890,VCF0879a,3,2,1494,5375,0.277953488372093
2012,32,VCF0890,VCF0879a,1,3,91,5375,0.0169302325581395
2012,32,VCF0890,VCF0879a,2,3,147,5375,0.0273488372093023
2012,32,VCF0890,VCF0879a,3,3,532,5375,0.0989767441860465
2012,33,VCF0890,VCF9223,1,1,110,5432,0.0202503681885125
2012,33,VCF0890,VCF9223,2,1,255,5432,0.0469440353460972
2012,33,VCF0890,VCF9223,3,1,657,5432,0.120949926362298
2012,33,VCF0890,VCF9223,1,2,124,5432,0.0228276877761414
2012,33,VCF0890,VCF9223,2,2,294,5432,0.0541237113402062
2012,33,VCF0890,VCF9223,3,2,637,5432,0.117268041237113
2012,33,VCF0890,VCF9223,1,3,232,5432,0.0427098674521355
2012,33,VCF0890,VCF9223,2,3,630,5432,0.115979381443299
2012,33,VCF0890,VCF9223,3,3,1438,5432,0.264727540500736
2012,33,VCF0890,VCF9223,1,4,79,5432,0.0145434462444772
2012,33,VCF0890,VCF9223,2,4,218,5432,0.0401325478645066
2012,33,VCF0890,VCF9223,3,4,758,5432,0.139543446244477
2012,34,VCF0894,VCF0879a,1,1,1209,5349,0.226023555804823
2012,34,VCF0894,VCF0879a,2,1,799,5349,0.149373714713031
2012,34,VCF0894,VCF0879a,3,1,275,5349,0.0514114787810806
2012,34,VCF0894,VCF0879a,1,2,866,5349,0.161899420452421
2012,34,VCF0894,VCF0879a,2,2,1072,5349,0.200411291830249
2012,34,VCF0894,VCF0879a,3,2,363,5349,0.0678631519910264
2012,34,VCF0894,VCF0879a,1,3,245,5349,0.0458029538231445
2012,34,VCF0894,VCF0879a,2,3,333,5349,0.0622546270330903
2012,34,VCF0894,VCF0879a,3,3,187,5349,0.0349598055711348
2012,35,VCF0894,VCF9223,1,1,518,5404,0.0958549222797927
2012,35,VCF0894,VCF9223,2,1,311,5404,0.0575499629903775
2012,35,VCF0894,VCF9223,3,1,185,5404,0.0342339008142117
2012,35,VCF0894,VCF9223,1,2,520,5404,0.0962250185048113
2012,35,VCF0894,VCF9223,2,2,366,5404,0.0677276091783864
2012,35,VCF0894,VCF9223,3,2,164,5404,0.0303478904515174
2012,35,VCF0894,VCF9223,1,3,962,5404,0.178016284233901
2012,35,VCF0894,VCF9223,2,3,1033,5404,0.191154700222058
2012,35,VCF0894,VCF9223,3,3,299,5404,0.0553293856402665
2012,35,VCF0894,VCF9223,1,4,333,5404,0.0616210214655811
2012,35,VCF0894,VCF9223,2,4,528,5404,0.0977054034048853
2012,35,VCF0894,VCF9223,3,4,185,5404,0.0342339008142117
2012,36,VCF0879a,VCF9223,1,1,755,5372,0.14054355919583
2012,36,VCF0879a,VCF9223,2,1,170,5372,0.0316455696202532
2012,36,VCF0879a,VCF9223,3,1,85,5372,0.0158227848101266
2012,36,VCF0879a,VCF9223,1,2,665,5372,0.123790022338049
2012,36,VCF0879a,VCF9223,2,2,294,5372,0.0547282204020849
2012,36,VCF0879a,VCF9223,3,2,91,5372,0.016939687267312
2012,36,VCF0879a,VCF9223,1,3,742,5372,0.138123603871929
2012,36,VCF0879a,VCF9223,2,3,1253,5372,0.233246463142219
2012,36,VCF0879a,VCF9223,3,3,275,5372,0.0511913626209978
2012,36,VCF0879a,VCF9223,1,4,132,5372,0.0245718540580789
2012,36,VCF0879a,VCF9223,2,4,590,5372,0.109828741623232
2012,36,VCF0879a,VCF9223,3,4,320,5372,0.0595681310498883
2016,1,VCF0806,VCF0809,1,1,273,3500,0.078
2016,1,VCF0806,VCF0809,2,1,73,3500,0.0208571428571429
2016,1,VCF0806,VCF0809,3,1,42,3500,0.012
2016,1,VCF0806,VCF0809,4,1,46,3500,0.0131428571428571
2016,1,VCF0806,VCF0809,5,1,8,3500,0.00228571428571429
2016,1,VCF0806,VCF0809,6,1,10,3500,0.00285714285714286
2016,1,VCF0806,VCF0809,7,1,27,3500,0.00771428571428571
2016,1,VCF0806,VCF0809,1,2,141,3500,0.0402857142857143
2016,1,VCF0806,VCF0809,2,2,159,3500,0.0454285714285714
2016,1,VCF0806,VCF0809,3,2,110,3500,0.0314285714285714
2016,1,VCF0806,VCF0809,4,2,75,3500,0.0214285714285714
2016,1,VCF0806,VCF0809,5,2,26,3500,0.00742857142857143
2016,1,VCF0806,VCF0809,6,2,31,3500,0.00885714285714286
2016,1,VCF0806,VCF0809,7,2,29,3500,0.00828571428571429
2016,1,VCF0806,VCF0809,1,3,69,3500,0.0197142857142857
2016,1,VCF0806,VCF0809,2,3,114,3500,0.0325714285714286
2016,1,VCF0806,VCF0809,3,3,123,3500,0.0351428571428571
2016,1,VCF0806,VCF0809,4,3,127,3500,0.0362857142857143
2016,1,VCF0806,VCF0809,5,3,69,3500,0.0197142857142857
2016,1,VCF0806,VCF0809,6,3,48,3500,0.0137142857142857
2016,1,VCF0806,VCF0809,7,3,47,3500,0.0134285714285714
2016,1,VCF0806,VCF0809,1,4,47,3500,0.0134285714285714
2016,1,VCF0806,VCF0809,2,4,58,3500,0.0165714285714286
2016,1,VCF0806,VCF0809,3,4,87,3500,0.0248571428571429
2016,1,VCF0806,VCF0809,4,4,259,3500,0.074
2016,1,VCF0806,VCF0809,5,4,123,3500,0.0351428571428571
2016,1,VCF0806,VCF0809,6,4,79,3500,0.0225714285714286
2016,1,VCF0806,VCF0809,7,4,104,3500,0.0297142857142857
2016,1,VCF0806,VCF0809,1,5,15,3500,0.00428571428571429
2016,1,VCF0806,VCF0809,2,5,30,3500,0.00857142857142857
2016,1,VCF0806,VCF0809,3,5,49,3500,0.014
2016,1,VCF0806,VCF0809,4,5,100,3500,0.0285714285714286
2016,1,VCF0806,VCF0809,5,5,85,3500,0.0242857142857143
2016,1,VCF0806,VCF0809,6,5,87,3500,0.0248571428571429
2016,1,VCF0806,VCF0809,7,5,113,3500,0.0322857142857143
2016,1,VCF0806,VCF0809,1,6,9,3500,0.00257142857142857
2016,1,VCF0806,VCF0809,2,6,17,3500,0.00485714285714286
2016,1,VCF0806,VCF0809,3,6,20,3500,0.00571428571428571
2016,1,VCF0806,VCF0809,4,6,45,3500,0.0128571428571429
2016,1,VCF0806,VCF0809,5,6,32,3500,0.00914285714285714
2016,1,VCF0806,VCF0809,6,6,71,3500,0.0202857142857143
2016,1,VCF0806,VCF0809,7,6,102,3500,0.0291428571428571
2016,1,VCF0806,VCF0809,1,7,23,3500,0.00657142857142857
2016,1,VCF0806,VCF0809,2,7,13,3500,0.00371428571428571
2016,1,VCF0806,VCF0809,3,7,11,3500,0.00314285714285714
2016,1,VCF0806,VCF0809,4,7,36,3500,0.0102857142857143
2016,1,VCF0806,VCF0809,5,7,25,3500,0.00714285714285714
2016,1,VCF0806,VCF0809,6,7,35,3500,0.01
2016,1,VCF0806,VCF0809,7,7,178,3500,0.0508571428571429
2016,2,VCF0806,VCF0838,1,1,139,3722,0.0373455131649651
2016,2,VCF0806,VCF0838,2,1,76,3722,0.0204191295002687
2016,2,VCF0806,VCF0838,3,1,60,3722,0.016120365394949
2016,2,VCF0806,VCF0838,4,1,66,3722,0.0177324019344438
2016,2,VCF0806,VCF0838,5,1,40,3722,0.0107469102632993
2016,2,VCF0806,VCF0838,6,1,30,3722,0.00806018269747448
2016,2,VCF0806,VCF0838,7,1,39,3722,0.0104782375067168
2016,2,VCF0806,VCF0838,1,2,224,3722,0.0601826974744761
2016,2,VCF0806,VCF0838,2,2,192,3722,0.0515851692638367
2016,2,VCF0806,VCF0838,3,2,147,3722,0.0394948952176249
2016,2,VCF0806,VCF0838,4,2,183,3722,0.0491671144545943
2016,2,VCF0806,VCF0838,5,2,84,3722,0.0225685115529285
2016,2,VCF0806,VCF0838,6,2,53,3722,0.0142396560988716
2016,2,VCF0806,VCF0838,7,2,101,3722,0.0271359484148307
2016,2,VCF0806,VCF0838,1,3,89,3722,0.0239118753358409
2016,2,VCF0806,VCF0838,2,3,79,3722,0.0212251477700161
2016,2,VCF0806,VCF0838,3,3,86,3722,0.0231058570660935
2016,2,VCF0806,VCF0838,4,3,119,3722,0.0319720580333154
2016,2,VCF0806,VCF0838,5,3,43,3722,0.0115529285330468
2016,2,VCF0806,VCF0838,6,3,54,3722,0.0145083288554541
2016,2,VCF0806,VCF0838,7,3,72,3722,0.0193444384739387
2016,2,VCF0806,VCF0838,1,4,163,3722,0.0437936593229447
2016,2,VCF0806,VCF0838,2,4,145,3722,0.03895754970446
2016,2,VCF0806,VCF0838,3,4,182,3722,0.0488984416980118
2016,2,VCF0806,VCF0838,4,4,368,3722,0.0988715744223536
2016,2,VCF0806,VCF0838,5,4,224,3722,0.0601826974744761
2016,2,VCF0806,VCF0838,6,4,250,3722,0.0671681891456206
2016,2,VCF0806,VCF0838,7,4,414,3722,0.111230521225148
2016,3,VCF0806,VCF0839,1,1,204,3367,0.0605880605880606
2016,3,VCF0806,VCF0839,2,1,61,3367,0.0181170181170181
2016,3,VCF0806,VCF0839,3,1,25,3367,0.00742500742500743
2016,3,VCF0806,VCF0839,4,1,40,3367,0.0118800118800119
2016,3,VCF0806,VCF0839,5,1,6,3367,0.00178200178200178
2016,3,VCF0806,VCF0839,6,1,9,3367,0.00267300267300267
2016,3,VCF0806,VCF0839,7,1,21,3367,0.00623700623700624
2016,3,VCF0806,VCF0839,1,2,141,3367,0.0418770418770419
2016,3,VCF0806,VCF0839,2,2,114,3367,0.0338580338580339
2016,3,VCF0806,VCF0839,3,2,64,3367,0.019008019008019
2016,3,VCF0806,VCF0839,4,2,57,3367,0.0169290169290169
2016,3,VCF0806,VCF0839,5,2,17,3367,0.00504900504900505
2016,3,VCF0806,VCF0839,6,2,20,3367,0.00594000594000594
2016,3,VCF0806,VCF0839,7,2,15,3367,0.00445500445500446
2016,3,VCF0806,VCF0839,1,3,87,3367,0.0258390258390258
2016,3,VCF0806,VCF0839,2,3,118,3367,0.035046035046035
2016,3,VCF0806,VCF0839,3,3,112,3367,0.0332640332640333
2016,3,VCF0806,VCF0839,4,3,112,3367,0.0332640332640333
2016,3,VCF0806,VCF0839,5,3,51,3367,0.0151470151470151
2016,3,VCF0806,VCF0839,6,3,36,3367,0.0106920106920107
2016,3,VCF0806,VCF0839,7,3,33,3367,0.0098010098010098
2016,3,VCF0806,VCF0839,1,4,69,3367,0.0204930204930205
2016,3,VCF0806,VCF0839,2,4,96,3367,0.0285120285120285
2016,3,VCF0806,VCF0839,3,4,117,3367,0.0347490347490348
2016,3,VCF0806,VCF0839,4,4,253,3367,0.0751410751410751
2016,3,VCF0806,VCF0839,5,4,117,3367,0.0347490347490348
2016,3,VCF0806,VCF0839,6,4,83,3367,0.0246510246510247
2016,3,VCF0806,VCF0839,7,4,93,3367,0.0276210276210276
2016,3,VCF0806,VCF0839,1,5,17,3367,0.00504900504900505
2016,3,VCF0806,VCF0839,2,5,43,3367,0.0127710127710128
2016,3,VCF0806,VCF0839,3,5,77,3367,0.0228690228690229
2016,3,VCF0806,VCF0839,4,5,111,3367,0.032967032967033
2016,3,VCF0806,VCF0839,5,5,98,3367,0.0291060291060291
2016,3,VCF0806,VCF0839,6,5,117,3367,0.0347490347490348
2016,3,VCF0806,VCF0839,7,5,123,3367,0.0365310365310365
2016,3,VCF0806,VCF0839,1,6,20,3367,0.00594000594000594
2016,3,VCF0806,VCF0839,2,6,18,3367,0.00534600534600535
2016,3,VCF0806,VCF0839,3,6,16,3367,0.00475200475200475
2016,3,VCF0806,VCF0839,4,6,43,3367,0.0127710127710128
2016,3,VCF0806,VCF0839,5,6,49,3367,0.0145530145530146
2016,3,VCF0806,VCF0839,6,6,73,3367,0.0216810216810217
2016,3,VCF0806,VCF0839,7,6,125,3367,0.0371250371250371
2016,3,VCF0806,VCF0839,1,7,29,3367,0.00861300861300861
2016,3,VCF0806,VCF0839,2,7,10,3367,0.00297000297000297
2016,3,VCF0806,VCF0839,3,7,12,3367,0.00356400356400356
2016,3,VCF0806,VCF0839,4,7,34,3367,0.0100980100980101
2016,3,VCF0806,VCF0839,5,7,11,3367,0.00326700326700327
2016,3,VCF0806,VCF0839,6,7,19,3367,0.00564300564300564
2016,3,VCF0806,VCF0839,7,7,151,3367,0.0448470448470448
2016,4,VCF0806,VCF0888,1,1,55,3754,0.0146510388918487
2016,4,VCF0806,VCF0888,2,1,26,3754,0.00692594565796484
2016,4,VCF0806,VCF0888,3,1,31,3754,0.00825785828449654
2016,4,VCF0806,VCF0888,4,1,30,3754,0.0079914757591902
2016,4,VCF0806,VCF0888,5,1,26,3754,0.00692594565796484
2016,4,VCF0806,VCF0888,6,1,51,3754,0.0135855087906233
2016,4,VCF0806,VCF0888,7,1,85,3754,0.0226425146510389
2016,4,VCF0806,VCF0888,1,2,146,3754,0.0388918486947256
2016,4,VCF0806,VCF0888,2,2,129,3754,0.0343633457645179
2016,4,VCF0806,VCF0888,3,2,126,3754,0.0335641981885988
2016,4,VCF0806,VCF0888,4,2,208,3754,0.0554075652637187
2016,4,VCF0806,VCF0888,5,2,124,3754,0.0330314331379862
2016,4,VCF0806,VCF0888,6,2,122,3754,0.0324986680873735
2016,4,VCF0806,VCF0888,7,2,215,3754,0.0572722429408631
2016,4,VCF0806,VCF0888,1,3,422,3754,0.112413425679275
2016,4,VCF0806,VCF0888,2,3,342,3754,0.0911028236547683
2016,4,VCF0806,VCF0888,3,3,320,3754,0.0852424080980288
2016,4,VCF0806,VCF0888,4,3,503,3754,0.133990410229089
2016,4,VCF0806,VCF0888,5,3,241,3754,0.0641981885988279
2016,4,VCF0806,VCF0888,6,3,214,3754,0.0570058604155567
2016,4,VCF0806,VCF0888,7,3,338,3754,0.0900372935535429
2016,5,VCF0806,VCF0890,1,1,124,3752,0.0330490405117271
2016,5,VCF0806,VCF0890,2,1,75,3752,0.0199893390191898
2016,5,VCF0806,VCF0890,3,1,36,3752,0.00959488272921109
2016,5,VCF0806,VCF0890,4,1,39,3752,0.0103944562899787
2016,5,VCF0806,VCF0890,5,1,13,3752,0.00346481876332623
2016,5,VCF0806,VCF0890,6,1,5,3752,0.00133262260127932
2016,5,VCF0806,VCF0890,7,1,16,3752,0.00426439232409382
2016,5,VCF0806,VCF0890,1,2,186,3752,0.0495735607675906
2016,5,VCF0806,VCF0890,2,2,125,3752,0.0333155650319829
2016,5,VCF0806,VCF0890,3,2,131,3752,0.0349147121535181
2016,5,VCF0806,VCF0890,4,2,172,3752,0.0458422174840085
2016,5,VCF0806,VCF0890,5,2,59,3752,0.015724946695096
2016,5,VCF0806,VCF0890,6,2,70,3752,0.0186567164179104
2016,5,VCF0806,VCF0890,7,2,95,3752,0.025319829424307
2016,5,VCF0806,VCF0890,1,3,314,3752,0.0836886993603411
2016,5,VCF0806,VCF0890,2,3,296,3752,0.0788912579957356
2016,5,VCF0806,VCF0890,3,3,308,3752,0.082089552238806
2016,5,VCF0806,VCF0890,4,3,525,3752,0.139925373134328
2016,5,VCF0806,VCF0890,5,3,320,3752,0.0852878464818763
2016,5,VCF0806,VCF0890,6,3,314,3752,0.0836886993603411
2016,5,VCF0806,VCF0890,7,3,529,3752,0.140991471215352
2016,6,VCF0806,VCF0894,1,1,490,3737,0.131121220230131
2016,6,VCF0806,VCF0894,2,1,353,3737,0.0944607974310945
2016,6,VCF0806,VCF0894,3,1,262,3737,0.0701097136740701
2016,6,VCF0806,VCF0894,4,1,304,3737,0.0813486754080813
2016,6,VCF0806,VCF0894,5,1,136,3737,0.0363928284720364
2016,6,VCF0806,VCF0894,6,1,91,3737,0.0243510837570244
2016,6,VCF0806,VCF0894,7,1,148,3737,0.0396039603960396
2016,6,VCF0806,VCF0894,1,2,102,3737,0.0272946213540273
2016,6,VCF0806,VCF0894,2,2,111,3737,0.0297029702970297
2016,6,VCF0806,VCF0894,3,2,150,3737,0.0401391490500401
2016,6,VCF0806,VCF0894,4,2,333,3737,0.0891089108910891
2016,6,VCF0806,VCF0894,5,2,173,3737,0.0462938185710463
2016,6,VCF0806,VCF0894,6,2,178,3737,0.0476317902060476
2016,6,VCF0806,VCF0894,7,2,233,3737,0.0623494781910623
2016,6,VCF0806,VCF0894,1,3,31,3737,0.0082954241370083
2016,6,VCF0806,VCF0894,2,3,30,3737,0.00802782981000803
2016,6,VCF0806,VCF0894,3,3,64,3737,0.0171260369280171
2016,6,VCF0806,VCF0894,4,3,95,3737,0.0254214610650254
2016,6,VCF0806,VCF0894,5,3,79,3737,0.0211399518330211
2016,6,VCF0806,VCF0894,6,3,115,3737,0.0307733476050308
2016,6,VCF0806,VCF0894,7,3,259,3737,0.0693069306930693
2016,7,VCF0806,VCF0879a,1,1,346,3219,0.10748679714197
2016,7,VCF0806,VCF0879a,2,1,220,3219,0.0683442062752408
2016,7,VCF0806,VCF0879a,3,1,202,3219,0.0627524075799938
2016,7,VCF0806,VCF0879a,4,1,267,3219,0.0829450139794967
2016,7,VCF0806,VCF0879a,5,1,108,3219,0.0335507921714818
2016,7,VCF0806,VCF0879a,6,1,88,3219,0.0273376825100963
2016,7,VCF0806,VCF0879a,7,1,160,3219,0.0497048772910842
2016,7,VCF0806,VCF0879a,1,2,140,3219,0.0434917676296987
2016,7,VCF0806,VCF0879a,2,2,167,3219,0.0518794656725691
2016,7,VCF0806,VCF0879a,3,2,158,3219,0.0490835663249456
2016,7,VCF0806,VCF0879a,4,2,269,3219,0.0835663249456353
2016,7,VCF0806,VCF0879a,5,2,158,3219,0.0490835663249456
2016,7,VCF0806,VCF0879a,6,2,157,3219,0.0487729108418764
2016,7,VCF0806,VCF0879a,7,2,240,3219,0.0745573159366263
2016,7,VCF0806,VCF0879a,1,3,40,3219,0.012426219322771
2016,7,VCF0806,VCF0879a,2,3,40,3219,0.012426219322771
2016,7,VCF0806,VCF0879a,3,3,44,3219,0.0136688412550482
2016,7,VCF0806,VCF0879a,4,3,87,3219,0.027027027027027
2016,7,VCF0806,VCF0879a,5,3,76,3219,0.023609816713265
2016,7,VCF0806,VCF0879a,6,3,87,3219,0.027027027027027
2016,7,VCF0806,VCF0879a,7,3,165,3219,0.0512581547064306
2016,8,VCF0806,VCF9223,1,1,131,3230,0.0405572755417957
2016,8,VCF0806,VCF9223,2,1,77,3230,0.0238390092879257
2016,8,VCF0806,VCF9223,3,1,57,3230,0.0176470588235294
2016,8,VCF0806,VCF9223,4,1,74,3230,0.0229102167182663
2016,8,VCF0806,VCF9223,5,1,44,3230,0.0136222910216718
2016,8,VCF0806,VCF9223,6,1,29,3230,0.00897832817337461
2016,8,VCF0806,VCF9223,7,1,73,3230,0.0226006191950464
2016,8,VCF0806,VCF9223,1,2,147,3230,0.0455108359133127
2016,8,VCF0806,VCF9223,2,2,113,3230,0.034984520123839
2016,8,VCF0806,VCF9223,3,2,94,3230,0.0291021671826625
2016,8,VCF0806,VCF9223,4,2,129,3230,0.039938080495356
2016,8,VCF0806,VCF9223,5,2,58,3230,0.0179566563467492
2016,8,VCF0806,VCF9223,6,2,46,3230,0.0142414860681115
2016,8,VCF0806,VCF9223,7,2,66,3230,0.0204334365325077
2016,8,VCF0806,VCF9223,1,3,177,3230,0.0547987616099071
2016,8,VCF0806,VCF9223,2,3,186,3230,0.0575851393188855
2016,8,VCF0806,VCF9223,3,3,193,3230,0.0597523219814242
2016,8,VCF0806,VCF9223,4,3,274,3230,0.0848297213622291
2016,8,VCF0806,VCF9223,5,3,138,3230,0.0427244582043344
2016,8,VCF0806,VCF9223,6,3,131,3230,0.0405572755417957
2016,8,VCF0806,VCF9223,7,3,194,3230,0.060061919504644
2016,8,VCF0806,VCF9223,1,4,72,3230,0.0222910216718266
2016,8,VCF0806,VCF9223,2,4,49,3230,0.0151702786377709
2016,8,VCF0806,VCF9223,3,4,60,3230,0.0185758513931889
2016,8,VCF0806,VCF9223,4,4,151,3230,0.046749226006192
2016,8,VCF0806,VCF9223,5,4,103,3230,0.0318885448916409
2016,8,VCF0806,VCF9223,6,4,131,3230,0.0405572755417957
2016,8,VCF0806,VCF9223,7,4,233,3230,0.0721362229102167
2016,9,VCF0809,VCF0838,1,1,89,3731,0.0238541945859019
2016,9,VCF0809,VCF0838,2,1,91,3731,0.024390243902439
2016,9,VCF0809,VCF0838,3,1,73,3731,0.0195658000536049
2016,9,VCF0809,VCF0838,4,1,95,3731,0.0254623425355133
2016,9,VCF0809,VCF0838,5,1,41,3731,0.010989010989011
2016,9,VCF0809,VCF0838,6,1,26,3731,0.00696864111498258
2016,9,VCF0809,VCF0838,7,1,44,3731,0.0117930849638167
2016,9,VCF0809,VCF0838,1,2,175,3731,0.0469043151969981
2016,9,VCF0809,VCF0838,2,2,199,3731,0.0533369069954436
2016,9,VCF0809,VCF0838,3,2,180,3731,0.0482444384883409
2016,9,VCF0809,VCF0838,4,2,172,3731,0.0461002412221925
2016,9,VCF0809,VCF0838,5,2,107,3731,0.028678638434736
2016,9,VCF0809,VCF0838,6,2,73,3731,0.0195658000536049
2016,9,VCF0809,VCF0838,7,2,85,3731,0.0227820959528277
2016,9,VCF0809,VCF0838,1,3,76,3731,0.0203698740284106
2016,9,VCF0809,VCF0838,2,3,96,3731,0.0257303671937818
2016,9,VCF0809,VCF0838,3,3,97,3731,0.0259983918520504
2016,9,VCF0809,VCF0838,4,3,123,3731,0.032967032967033
2016,9,VCF0809,VCF0838,5,3,69,3731,0.0184937014205307
2016,9,VCF0809,VCF0838,6,3,39,3731,0.0104529616724739
2016,9,VCF0809,VCF0838,7,3,44,3731,0.0117930849638167
2016,9,VCF0809,VCF0838,1,4,152,3731,0.0407397480568212
2016,9,VCF0809,VCF0838,2,4,215,3731,0.0576253015277406
2016,9,VCF0809,VCF0838,3,4,285,3731,0.0763870276065398
2016,9,VCF0809,VCF0838,4,4,422,3731,0.113106405789333
2016,9,VCF0809,VCF0838,5,4,291,3731,0.0779951755561512
2016,9,VCF0809,VCF0838,6,4,184,3731,0.0493165371214152
2016,9,VCF0809,VCF0838,7,4,188,3731,0.0503886357544894
2016,10,VCF0809,VCF0839,1,1,183,3391,0.0539663815983486
2016,10,VCF0809,VCF0839,2,1,79,3391,0.023296962547921
2016,10,VCF0809,VCF0839,3,1,30,3391,0.00884694780300796
2016,10,VCF0809,VCF0839,4,1,31,3391,0.00914184606310823
2016,10,VCF0809,VCF0839,5,1,13,3391,0.00383367738130345
2016,10,VCF0809,VCF0839,6,1,3,3391,0.000884694780300796
2016,10,VCF0809,VCF0839,7,1,22,3391,0.00648776172220584
2016,10,VCF0809,VCF0839,1,2,103,3391,0.0303745207903273
2016,10,VCF0809,VCF0839,2,2,159,3391,0.0468888233559422
2016,10,VCF0809,VCF0839,3,2,79,3391,0.023296962547921
2016,10,VCF0809,VCF0839,4,2,43,3391,0.0126806251843114
2016,10,VCF0809,VCF0839,5,2,22,3391,0.00648776172220584
2016,10,VCF0809,VCF0839,6,2,11,3391,0.00324388086110292
2016,10,VCF0809,VCF0839,7,2,7,3391,0.00206428782070186
2016,10,VCF0809,VCF0839,1,3,73,3391,0.0215275729873194
2016,10,VCF0809,VCF0839,2,3,145,3391,0.0427602477145385
2016,10,VCF0809,VCF0839,3,3,147,3391,0.043350044234739
2016,10,VCF0809,VCF0839,4,3,102,3391,0.0300796225302271
2016,10,VCF0809,VCF0839,5,3,54,3391,0.0159245060454143
2016,10,VCF0809,VCF0839,6,3,23,3391,0.00678265998230611
2016,10,VCF0809,VCF0839,7,3,17,3391,0.00501327042170451
2016,10,VCF0809,VCF0839,1,4,49,3391,0.014450014744913
2016,10,VCF0809,VCF0839,2,4,96,3391,0.0283102329696255
2016,10,VCF0809,VCF0839,3,4,178,3391,0.0524918902978472
2016,10,VCF0809,VCF0839,4,4,292,3391,0.0861102919492775
2016,10,VCF0809,VCF0839,5,4,121,3391,0.0356826894721321
2016,10,VCF0809,VCF0839,6,4,65,3391,0.0191683869065173
2016,10,VCF0809,VCF0839,7,4,38,3391,0.0112061338838101
2016,10,VCF0809,VCF0839,1,5,20,3391,0.00589796520200531
2016,10,VCF0809,VCF0839,2,5,45,3391,0.0132704217045119
2016,10,VCF0809,VCF0839,3,5,103,3391,0.0303745207903273
2016,10,VCF0809,VCF0839,4,5,143,3391,0.042170451194338
2016,10,VCF0809,VCF0839,5,5,160,3391,0.0471837216160425
2016,10,VCF0809,VCF0839,6,5,71,3391,0.0209377764671188
2016,10,VCF0809,VCF0839,7,5,50,3391,0.0147449130050133
2016,10,VCF0809,VCF0839,1,6,10,3391,0.00294898260100265
2016,10,VCF0809,VCF0839,2,6,34,3391,0.010026540843409
2016,10,VCF0809,VCF0839,3,6,34,3391,0.010026540843409
2016,10,VCF0809,VCF0839,4,6,64,3391,0.018873488646417
2016,10,VCF0809,VCF0839,5,6,73,3391,0.0215275729873194
2016,10,VCF0809,VCF0839,6,6,73,3391,0.0215275729873194
2016,10,VCF0809,VCF0839,7,6,58,3391,0.0171040990858154
2016,10,VCF0809,VCF0839,1,7,13,3391,0.00383367738130345
2016,10,VCF0809,VCF0839,2,7,12,3391,0.00353877912120318
2016,10,VCF0809,VCF0839,3,7,14,3391,0.00412857564140372
2016,10,VCF0809,VCF0839,4,7,46,3391,0.0135653199646122
2016,10,VCF0809,VCF0839,5,7,28,3391,0.00825715128280743
2016,10,VCF0809,VCF0839,6,7,42,3391,0.0123857269242111
2016,10,VCF0809,VCF0839,7,7,113,3391,0.03332350339133
2016,11,VCF0809,VCF0888,1,1,47,3766,0.0124800849707913
2016,11,VCF0809,VCF0888,2,1,42,3766,0.0111524163568773
2016,11,VCF0809,VCF0888,3,1,39,3766,0.0103558151885289
2016,11,VCF0809,VCF0888,4,1,54,3766,0.0143388210302708
2016,11,VCF0809,VCF0888,5,1,41,3766,0.0108868826340945
2016,11,VCF0809,VCF0888,6,1,27,3766,0.00716941051513542
2016,11,VCF0809,VCF0888,7,1,57,3766,0.0151354221986192
2016,11,VCF0809,VCF0888,1,2,124,3766,0.0329261816250664
2016,11,VCF0809,VCF0888,2,2,170,3766,0.0451407328730749
2016,11,VCF0809,VCF0888,3,2,196,3766,0.0520446096654275
2016,11,VCF0809,VCF0888,4,2,243,3766,0.0645246946362188
2016,11,VCF0809,VCF0888,5,2,170,3766,0.0451407328730749
2016,11,VCF0809,VCF0888,6,2,87,3766,0.023101433882103
2016,11,VCF0809,VCF0888,7,2,77,3766,0.0204460966542751
2016,11,VCF0809,VCF0888,1,3,324,3766,0.0860329261816251
2016,11,VCF0809,VCF0888,2,3,399,3766,0.105947955390335
2016,11,VCF0809,VCF0888,3,3,401,3766,0.1064790228359
2016,11,VCF0809,VCF0888,4,3,525,3766,0.139405204460967
2016,11,VCF0809,VCF0888,5,3,297,3766,0.0788635156664897
2016,11,VCF0809,VCF0888,6,3,212,3766,0.0562931492299522
2016,11,VCF0809,VCF0888,7,3,234,3766,0.0621348911311737
2016,12,VCF0809,VCF0890,1,1,109,3763,0.0289662503321818
2016,12,VCF0809,VCF0890,2,1,90,3763,0.0239170874302418
2016,12,VCF0809,VCF0890,3,1,51,3763,0.0135530162104704
2016,12,VCF0809,VCF0890,4,1,26,3763,0.00690938081318097
2016,12,VCF0809,VCF0890,5,1,18,3763,0.00478341748604837
2016,12,VCF0809,VCF0890,6,1,6,3763,0.00159447249534946
2016,12,VCF0809,VCF0890,7,1,11,3763,0.00292319957480733
2016,12,VCF0809,VCF0890,1,2,151,3763,0.040127557799628
2016,12,VCF0809,VCF0890,2,2,162,3763,0.0430507573744353
2016,12,VCF0809,VCF0890,3,2,164,3763,0.0435822482062184
2016,12,VCF0809,VCF0890,4,2,180,3763,0.0478341748604837
2016,12,VCF0809,VCF0890,5,2,89,3763,0.0236513420143503
2016,12,VCF0809,VCF0890,6,2,43,3763,0.0114270528833378
2016,12,VCF0809,VCF0890,7,2,42,3763,0.0111613074674462
2016,12,VCF0809,VCF0890,1,3,235,3763,0.0624501727345203
2016,12,VCF0809,VCF0890,2,3,357,3763,0.0948711134732926
2016,12,VCF0809,VCF0890,3,3,421,3763,0.111878820090353
2016,12,VCF0809,VCF0890,4,3,616,3763,0.163699176189211
2016,12,VCF0809,VCF0890,5,3,402,3763,0.106829657188414
2016,12,VCF0809,VCF0890,6,3,276,3763,0.0733457347860749
2016,12,VCF0809,VCF0890,7,3,314,3763,0.0834440605899548
2016,13,VCF0809,VCF0894,1,1,407,3751,0.108504398826979
2016,13,VCF0809,VCF0894,2,1,448,3751,0.119434817382031
2016,13,VCF0809,VCF0894,3,1,336,3751,0.0895761130365236
2016,13,VCF0809,VCF0894,4,1,292,3751,0.0778459077579312
2016,13,VCF0809,VCF0894,5,1,134,3751,0.0357238069848041
2016,13,VCF0809,VCF0894,6,1,89,3751,0.0237270061316982
2016,13,VCF0809,VCF0894,7,1,93,3751,0.0247933884297521
2016,13,VCF0809,VCF0894,1,2,69,3751,0.018395094641429
2016,13,VCF0809,VCF0894,2,2,121,3751,0.032258064516129
2016,13,VCF0809,VCF0894,3,2,233,3751,0.0621167688616369
2016,13,VCF0809,VCF0894,4,2,377,3751,0.100506531591576
2016,13,VCF0809,VCF0894,5,2,242,3751,0.0645161290322581
2016,13,VCF0809,VCF0894,6,2,117,3751,0.0311916822180752
2016,13,VCF0809,VCF0894,7,2,111,3751,0.0295921087709944
2016,13,VCF0809,VCF0894,1,3,20,3751,0.00533191149026926
2016,13,VCF0809,VCF0894,2,3,39,3751,0.0103972274060251
2016,13,VCF0809,VCF0894,3,3,65,3751,0.0173287123433751
2016,13,VCF0809,VCF0894,4,3,148,3751,0.0394561450279925
2016,13,VCF0809,VCF0894,5,3,129,3751,0.0343908291122367
2016,13,VCF0809,VCF0894,6,3,118,3751,0.0314582777925886
2016,13,VCF0809,VCF0894,7,3,163,3751,0.0434550786456945
2016,14,VCF0809,VCF0879a,1,1,274,3235,0.0846986089644513
2016,14,VCF0809,VCF0879a,2,1,279,3235,0.0862442040185471
2016,14,VCF0809,VCF0879a,3,1,237,3235,0.0732612055641422
2016,14,VCF0809,VCF0879a,4,1,283,3235,0.0874806800618238
2016,14,VCF0809,VCF0879a,5,1,142,3235,0.0438948995363215
2016,14,VCF0809,VCF0879a,6,1,86,3235,0.0265842349304482
2016,14,VCF0809,VCF0879a,7,1,110,3235,0.0340030911901082
2016,14,VCF0809,VCF0879a,1,2,128,3235,0.0395672333848532
2016,14,VCF0809,VCF0879a,2,2,190,3235,0.0587326120556414
2016,14,VCF0809,VCF0879a,3,2,234,3235,0.0723338485316847
2016,14,VCF0809,VCF0879a,4,2,288,3235,0.0890262751159196
2016,14,VCF0809,VCF0879a,5,2,204,3235,0.0630602782071097
2016,14,VCF0809,VCF0879a,6,2,117,3235,0.0361669242658424
2016,14,VCF0809,VCF0879a,7,2,124,3235,0.0383307573415765
2016,14,VCF0809,VCF0879a,1,3,27,3235,0.00834621329211747
2016,14,VCF0809,VCF0879a,2,3,51,3235,0.0157650695517774
2016,14,VCF0809,VCF0879a,3,3,73,3235,0.0225656877897991
2016,14,VCF0809,VCF0879a,4,3,129,3235,0.0398763523956723
2016,14,VCF0809,VCF0879a,5,3,103,3235,0.031839258114374
2016,14,VCF0809,VCF0879a,6,3,85,3235,0.0262751159196291
2016,14,VCF0809,VCF0879a,7,3,71,3235,0.0219474497681607
2016,15,VCF0809,VCF9223,1,1,113,3245,0.0348228043143297
2016,15,VCF0809,VCF9223,2,1,82,3245,0.0252696456086287
2016,15,VCF0809,VCF9223,3,1,62,3245,0.0191063174114022
2016,15,VCF0809,VCF9223,4,1,91,3245,0.0280431432973806
2016,15,VCF0809,VCF9223,5,1,46,3245,0.014175654853621
2016,15,VCF0809,VCF9223,6,1,29,3245,0.00893682588597843
2016,15,VCF0809,VCF9223,7,1,63,3245,0.0194144838212635
2016,15,VCF0809,VCF9223,1,2,107,3245,0.0329738058551618
2016,15,VCF0809,VCF9223,2,2,133,3245,0.0409861325115562
2016,15,VCF0809,VCF9223,3,2,127,3245,0.0391371340523883
2016,15,VCF0809,VCF9223,4,2,129,3245,0.0397534668721109
2016,15,VCF0809,VCF9223,5,2,59,3245,0.0181818181818182
2016,15,VCF0809,VCF9223,6,2,45,3245,0.0138674884437596
2016,15,VCF0809,VCF9223,7,2,49,3245,0.0151001540832049
2016,15,VCF0809,VCF9223,1,3,160,3245,0.049306625577812
2016,15,VCF0809,VCF9223,2,3,225,3245,0.0693374422187982
2016,15,VCF0809,VCF9223,3,3,225,3245,0.0693374422187982
2016,15,VCF0809,VCF9223,4,3,302,3245,0.0930662557781202
2016,15,VCF0809,VCF9223,5,3,208,3245,0.0640986132511556
2016,15,VCF0809,VCF9223,6,3,107,3245,0.0329738058551618
2016,15,VCF0809,VCF9223,7,3,91,3245,0.0280431432973806
2016,15,VCF0809,VCF9223,1,4,50,3245,0.0154083204930663
2016,15,VCF0809,VCF9223,2,4,81,3245,0.0249614791987673
2016,15,VCF0809,VCF9223,3,4,130,3245,0.0400616332819723
2016,15,VCF0809,VCF9223,4,4,181,3245,0.0557781201848998
2016,15,VCF0809,VCF9223,5,4,141,3245,0.0434514637904468
2016,15,VCF0809,VCF9223,6,4,107,3245,0.0329738058551618
2016,15,VCF0809,VCF9223,7,4,102,3245,0.0314329738058552
2016,16,VCF0838,VCF0839,1,1,77,3585,0.0214783821478382
2016,16,VCF0838,VCF0839,2,1,136,3585,0.0379358437935844
2016,16,VCF0838,VCF0839,3,1,58,3585,0.0161785216178522
2016,16,VCF0838,VCF0839,4,1,103,3585,0.0287308228730823
2016,16,VCF0838,VCF0839,1,2,69,3585,0.0192468619246862
2016,16,VCF0838,VCF0839,2,2,161,3585,0.0449093444909345
2016,16,VCF0838,VCF0839,3,2,88,3585,0.0245467224546722
2016,16,VCF0838,VCF0839,4,2,125,3585,0.0348675034867504
2016,16,VCF0838,VCF0839,1,3,81,3585,0.0225941422594142
2016,16,VCF0838,VCF0839,2,3,186,3585,0.0518828451882845
2016,16,VCF0838,VCF0839,3,3,91,3585,0.0253835425383543
2016,16,VCF0838,VCF0839,4,3,234,3585,0.0652719665271967
2016,16,VCF0838,VCF0839,1,4,88,3585,0.0245467224546722
2016,16,VCF0838,VCF0839,2,4,235,3585,0.0655509065550907
2016,16,VCF0838,VCF0839,3,4,138,3585,0.0384937238493724
2016,16,VCF0838,VCF0839,4,4,436,3585,0.121617852161785
2016,16,VCF0838,VCF0839,1,5,56,3585,0.0156206415620642
2016,16,VCF0838,VCF0839,2,5,117,3585,0.0326359832635983
2016,16,VCF0838,VCF0839,3,5,95,3585,0.0264993026499303
2016,16,VCF0838,VCF0839,4,5,360,3585,0.100418410041841
2016,16,VCF0838,VCF0839,1,6,31,3585,0.00864714086471409
2016,16,VCF0838,VCF0839,2,6,55,3585,0.0153417015341702
2016,16,VCF0838,VCF0839,3,6,33,3585,0.00920502092050209
2016,16,VCF0838,VCF0839,4,6,244,3585,0.0680613668061367
2016,16,VCF0838,VCF0839,1,7,30,3585,0.00836820083682008
2016,16,VCF0838,VCF0839,2,7,46,3585,0.0128312412831241
2016,16,VCF0838,VCF0839,3,7,24,3585,0.00669456066945607
2016,16,VCF0838,VCF0839,4,7,188,3585,0.0524407252440725
2016,17,VCF0838,VCF0888,1,1,44,4198,0.0104811815150071
2016,17,VCF0838,VCF0888,2,1,70,4198,0.0166746069556932
2016,17,VCF0838,VCF0888,3,1,47,4198,0.011195807527394
2016,17,VCF0838,VCF0888,4,1,175,4198,0.041686517389233
2016,17,VCF0838,VCF0888,1,2,142,4198,0.0338256312529776
2016,17,VCF0838,VCF0888,2,2,240,4198,0.0571700809909481
2016,17,VCF0838,VCF0888,3,2,157,4198,0.0373987613149119
2016,17,VCF0838,VCF0888,4,2,663,4198,0.157932348737494
2016,17,VCF0838,VCF0888,1,3,358,4198,0.0852787041448309
2016,17,VCF0838,VCF0888,2,3,803,4198,0.19128156264888
2016,17,VCF0838,VCF0888,3,3,412,4198,0.0981419723677942
2016,17,VCF0838,VCF0888,4,3,1087,4198,0.258932825154836
2016,18,VCF0838,VCF0890,1,1,68,4197,0.0162020490826781
2016,18,VCF0838,VCF0890,2,1,134,4197,0.0319275673099833
2016,18,VCF0838,VCF0890,3,1,47,4197,0.0111984751012628
2016,18,VCF0838,VCF0890,4,1,74,4197,0.0176316416487968
2016,18,VCF0838,VCF0890,1,2,150,4197,0.0357398141529664
2016,18,VCF0838,VCF0890,2,2,270,4197,0.0643316654753395
2016,18,VCF0838,VCF0890,3,2,153,4197,0.0364546104360257
2016,18,VCF0838,VCF0890,4,2,373,4197,0.0888730045270431
2016,18,VCF0838,VCF0890,1,3,325,4197,0.0774362639980939
2016,18,VCF0838,VCF0890,2,3,706,4197,0.168215391946629
2016,18,VCF0838,VCF0890,3,3,415,4197,0.0988801524898737
2016,18,VCF0838,VCF0890,4,3,1482,4197,0.353109363831308
2016,19,VCF0838,VCF0894,1,1,293,4179,0.0701124670973917
2016,19,VCF0838,VCF0894,2,1,687,4179,0.164393395549174
2016,19,VCF0838,VCF0894,3,1,298,4179,0.0713089255802824
2016,19,VCF0838,VCF0894,4,1,685,4179,0.163914812156018
2016,19,VCF0838,VCF0894,1,2,161,4179,0.0385259631490787
2016,19,VCF0838,VCF0894,2,2,286,4179,0.0684374252213448
2016,19,VCF0838,VCF0894,3,2,225,4179,0.053840631730079
2016,19,VCF0838,VCF0894,4,2,792,4179,0.189519023689878
2016,19,VCF0838,VCF0894,1,3,88,4179,0.0210576692988753
2016,19,VCF0838,VCF0894,2,3,134,4179,0.0320650873414693
2016,19,VCF0838,VCF0894,3,3,87,4179,0.0208183776022972
2016,19,VCF0838,VCF0894,4,3,443,4179,0.106006221584111
2016,20,VCF0838,VCF0879a,1,1,247,3580,0.0689944134078212
2016,20,VCF0838,VCF0879a,2,1,520,3580,0.145251396648045
2016,20,VCF0838,VCF0879a,3,1,240,3580,0.0670391061452514
2016,20,VCF0838,VCF0879a,4,1,567,3580,0.158379888268156
2016,20,VCF0838,VCF0879a,1,2,161,3580,0.0449720670391061
2016,20,VCF0838,VCF0879a,2,2,328,3580,0.0916201117318436
2016,20,VCF0838,VCF0879a,3,2,218,3580,0.0608938547486034
2016,20,VCF0838,VCF0879a,4,2,719,3580,0.200837988826816
2016,20,VCF0838,VCF0879a,1,3,60,3580,0.0167597765363129
2016,20,VCF0838,VCF0879a,2,3,79,3580,0.0220670391061453
2016,20,VCF0838,VCF0879a,3,3,78,3580,0.0217877094972067
2016,20,VCF0838,VCF0879a,4,3,363,3580,0.101396648044693
2016,21,VCF0838,VCF9223,1,1,99,3586,0.0276073619631902
2016,21,VCF0838,VCF9223,2,1,197,3586,0.0549358616843279
2016,21,VCF0838,VCF9223,3,1,81,3586,0.0225878416062465
2016,21,VCF0838,VCF9223,4,1,167,3586,0.0465699944227552
2016,21,VCF0838,VCF9223,1,2,126,3586,0.0351366424986057
2016,21,VCF0838,VCF9223,2,2,245,3586,0.0683212493028444
2016,21,VCF0838,VCF9223,3,2,126,3586,0.0351366424986057
2016,21,VCF0838,VCF9223,4,2,232,3586,0.0646960401561629
2016,21,VCF0838,VCF9223,1,3,174,3586,0.0485220301171221
2016,21,VCF0838,VCF9223,2,3,356,3586,0.0992749581706637
2016,21,VCF0838,VCF9223,3,3,227,3586,0.0633017289459007
2016,21,VCF0838,VCF9223,4,3,702,3586,0.195761293920803
2016,21,VCF0838,VCF9223,1,4,69,3586,0.0192414947016174
2016,21,VCF0838,VCF9223,2,4,124,3586,0.0345789180145008
2016,21,VCF0838,VCF9223,3,4,103,3586,0.0287228109313999
2016,21,VCF0838,VCF9223,4,4,558,3586,0.155605131065254
2016,22,VCF0839,VCF0888,1,1,51,3617,0.0141000829416644
2016,22,VCF0839,VCF0888,2,1,29,3617,0.00801769422173072
2016,22,VCF0839,VCF0888,3,1,37,3617,0.0102294719380702
2016,22,VCF0839,VCF0888,4,1,46,3617,0.0127177218689522
2016,22,VCF0839,VCF0888,5,1,50,3617,0.0138236107271219
2016,22,VCF0839,VCF0888,6,1,44,3617,0.0121647774398673
2016,22,VCF0839,VCF0888,7,1,44,3617,0.0121647774398673
2016,22,VCF0839,VCF0888,1,2,94,3617,0.0259883881669892
2016,22,VCF0839,VCF0888,2,2,133,3617,0.0367708045341443
2016,22,VCF0839,VCF0888,3,2,175,3617,0.0483826375449267
2016,22,VCF0839,VCF0888,4,2,270,3617,0.0746474979264584
2016,22,VCF0839,VCF0888,5,2,199,3617,0.0550179706939453
2016,22,VCF0839,VCF0888,6,2,104,3617,0.0287531103124136
2016,22,VCF0839,VCF0888,7,2,65,3617,0.0179706939452585
2016,22,VCF0839,VCF0888,1,3,230,3617,0.0635886093447609
2016,22,VCF0839,VCF0888,2,3,282,3617,0.0779651645009677
2016,22,VCF0839,VCF0888,3,3,385,3617,0.106441802598839
2016,22,VCF0839,VCF0888,4,3,591,3617,0.163395078794581
2016,22,VCF0839,VCF0888,5,3,385,3617,0.106441802598839
2016,22,VCF0839,VCF0888,6,3,218,3617,0.0602709427702516
2016,22,VCF0839,VCF0888,7,3,185,3617,0.0511473596903511
2016,23,VCF0839,VCF0890,1,1,122,3616,0.0337389380530973
2016,23,VCF0839,VCF0890,2,1,79,3616,0.0218473451327434
2016,23,VCF0839,VCF0890,3,1,54,3616,0.0149336283185841
2016,23,VCF0839,VCF0890,4,1,32,3616,0.00884955752212389
2016,23,VCF0839,VCF0890,5,1,8,3616,0.00221238938053097
2016,23,VCF0839,VCF0890,6,1,7,3616,0.0019358407079646
2016,23,VCF0839,VCF0890,7,1,5,3616,0.00138274336283186
2016,23,VCF0839,VCF0890,1,2,107,3616,0.0295907079646018
2016,23,VCF0839,VCF0890,2,2,159,3616,0.0439712389380531
2016,23,VCF0839,VCF0890,3,2,195,3616,0.0539269911504425
2016,23,VCF0839,VCF0890,4,2,206,3616,0.0569690265486726
2016,23,VCF0839,VCF0890,5,2,91,3616,0.0251659292035398
2016,23,VCF0839,VCF0890,6,2,35,3616,0.00967920353982301
2016,23,VCF0839,VCF0890,7,2,24,3616,0.00663716814159292
2016,23,VCF0839,VCF0890,1,3,147,3616,0.0406526548672566
2016,23,VCF0839,VCF0890,2,3,205,3616,0.0566924778761062
2016,23,VCF0839,VCF0890,3,3,346,3616,0.0956858407079646
2016,23,VCF0839,VCF0890,4,3,667,3616,0.18445796460177
2016,23,VCF0839,VCF0890,5,3,537,3616,0.148506637168142
2016,23,VCF0839,VCF0890,6,3,324,3616,0.0896017699115044
2016,23,VCF0839,VCF0890,7,3,266,3616,0.0735619469026549
2016,24,VCF0839,VCF0894,1,1,332,3602,0.0921710161021655
2016,24,VCF0839,VCF0894,2,1,361,3602,0.100222098833981
2016,24,VCF0839,VCF0894,3,1,415,3602,0.115213770127707
2016,24,VCF0839,VCF0894,4,1,367,3602,0.10188784008884
2016,24,VCF0839,VCF0894,5,1,152,3602,0.0421987784564131
2016,24,VCF0839,VCF0894,6,1,65,3602,0.0180455302609661
2016,24,VCF0839,VCF0894,7,1,51,3602,0.0141588006662965
2016,24,VCF0839,VCF0894,1,2,37,3602,0.0102720710716269
2016,24,VCF0839,VCF0894,2,2,72,3602,0.0199888950583009
2016,24,VCF0839,VCF0894,3,2,155,3602,0.0430316490838423
2016,24,VCF0839,VCF0894,4,2,419,3602,0.116324264297612
2016,24,VCF0839,VCF0894,5,2,312,3602,0.0866185452526374
2016,24,VCF0839,VCF0894,6,2,141,3602,0.0391449194891727
2016,24,VCF0839,VCF0894,7,2,88,3602,0.0244308717379234
2016,24,VCF0839,VCF0894,1,3,7,3602,0.00194336479733481
2016,24,VCF0839,VCF0894,2,3,10,3602,0.00277623542476402
2016,24,VCF0839,VCF0894,3,3,23,3602,0.00638534147695725
2016,24,VCF0839,VCF0894,4,3,116,3602,0.0322043309272626
2016,24,VCF0839,VCF0894,5,3,165,3602,0.0458078845086063
2016,24,VCF0839,VCF0894,6,3,158,3602,0.0438645197112715
2016,24,VCF0839,VCF0894,7,3,156,3602,0.0433092726263187
2016,25,VCF0839,VCF0879a,1,1,223,3113,0.0716350787022165
2016,25,VCF0839,VCF0879a,2,1,227,3113,0.0729200128493415
2016,25,VCF0839,VCF0879a,3,1,251,3113,0.0806296177320912
2016,25,VCF0839,VCF0879a,4,1,339,3113,0.10889816896884
2016,25,VCF0839,VCF0879a,5,1,154,3113,0.049469964664311
2016,25,VCF0839,VCF0879a,6,1,79,3113,0.025377449405718
2016,25,VCF0839,VCF0879a,7,1,81,3113,0.0260199164792804
2016,25,VCF0839,VCF0879a,1,2,79,3113,0.025377449405718
2016,25,VCF0839,VCF0879a,2,2,125,3113,0.040154192097655
2016,25,VCF0839,VCF0879a,3,2,206,3113,0.0661741085769354
2016,25,VCF0839,VCF0879a,4,2,325,3113,0.104400899453903
2016,25,VCF0839,VCF0879a,5,2,264,3113,0.0848056537102474
2016,25,VCF0839,VCF0879a,6,2,136,3113,0.0436877610022486
2016,25,VCF0839,VCF0879a,7,2,98,3113,0.0314808866045615
2016,25,VCF0839,VCF0879a,1,3,21,3113,0.00674590427240604
2016,25,VCF0839,VCF0879a,2,3,35,3113,0.0112431737873434
2016,25,VCF0839,VCF0879a,3,3,51,3113,0.0163829103758432
2016,25,VCF0839,VCF0879a,4,3,101,3113,0.0324445872149052
2016,25,VCF0839,VCF0879a,5,3,141,3113,0.0452939286861548
2016,25,VCF0839,VCF0879a,6,3,99,3113,0.0318021201413428
2016,25,VCF0839,VCF0879a,7,3,78,3113,0.0250562158689367
2016,26,VCF0839,VCF9223,1,1,105,3124,0.0336107554417414
2016,26,VCF0839,VCF9223,2,1,80,3124,0.0256081946222791
2016,26,VCF0839,VCF9223,3,1,61,3124,0.0195262483994878
2016,26,VCF0839,VCF9223,4,1,98,3124,0.0313700384122919
2016,26,VCF0839,VCF9223,5,1,55,3124,0.0176056338028169
2016,26,VCF0839,VCF9223,6,1,28,3124,0.0089628681177977
2016,26,VCF0839,VCF9223,7,1,38,3124,0.0121638924455826
2016,26,VCF0839,VCF9223,1,2,73,3124,0.0233674775928297
2016,26,VCF0839,VCF9223,2,2,98,3124,0.0313700384122919
2016,26,VCF0839,VCF9223,3,2,119,3124,0.0380921895006402
2016,26,VCF0839,VCF9223,4,2,166,3124,0.0531370038412292
2016,26,VCF0839,VCF9223,5,2,78,3124,0.0249679897567222
2016,26,VCF0839,VCF9223,6,2,35,3124,0.0112035851472471
2016,26,VCF0839,VCF9223,7,2,44,3124,0.0140845070422535
2016,26,VCF0839,VCF9223,1,3,113,3124,0.0361715749039693
2016,26,VCF0839,VCF9223,2,3,158,3124,0.0505761843790013
2016,26,VCF0839,VCF9223,3,3,239,3124,0.0765044814340589
2016,26,VCF0839,VCF9223,4,3,321,3124,0.102752880921895
2016,26,VCF0839,VCF9223,5,3,244,3124,0.0781049935979513
2016,26,VCF0839,VCF9223,6,3,122,3124,0.0390524967989757
2016,26,VCF0839,VCF9223,7,3,72,3124,0.0230473751600512
2016,26,VCF0839,VCF9223,1,4,31,3124,0.00992317541613316
2016,26,VCF0839,VCF9223,2,4,55,3124,0.0176056338028169
2016,26,VCF0839,VCF9223,3,4,89,3124,0.0284891165172855
2016,26,VCF0839,VCF9223,4,4,180,3124,0.057618437900128
2016,26,VCF0839,VCF9223,5,4,186,3124,0.059539052496799
2016,26,VCF0839,VCF9223,6,4,133,3124,0.0425736235595391
2016,26,VCF0839,VCF9223,7,4,103,3124,0.0329705505761844
2016,27,VCF0888,VCF0890,1,1,59,4236,0.0139282341831917
2016,27,VCF0888,VCF0890,2,1,88,4236,0.0207743153918791
2016,27,VCF0888,VCF0890,3,1,179,4236,0.0422568460812087
2016,27,VCF0888,VCF0890,1,2,54,4236,0.0127478753541077
2016,27,VCF0888,VCF0890,2,2,379,4236,0.0894711992445703
2016,27,VCF0888,VCF0890,3,2,525,4236,0.123937677053824
2016,27,VCF0888,VCF0890,1,3,228,4236,0.0538243626062323
2016,27,VCF0888,VCF0890,2,3,746,4236,0.176109537299339
2016,27,VCF0888,VCF0890,3,3,1978,4236,0.466949952785647
2016,28,VCF0888,VCF0894,1,1,155,4223,0.0367037650959034
2016,28,VCF0888,VCF0894,2,1,477,4223,0.112952877101587
2016,28,VCF0888,VCF0894,3,1,1349,4223,0.319441155576604
2016,28,VCF0888,VCF0894,1,2,86,4223,0.0203646696661141
2016,28,VCF0888,VCF0894,2,2,548,4223,0.129765569500355
2016,28,VCF0888,VCF0894,3,2,842,4223,0.199384323940327
2016,28,VCF0888,VCF0894,1,3,98,4223,0.0232062514799905
2016,28,VCF0888,VCF0894,2,3,182,4223,0.0430973241771253
2016,28,VCF0888,VCF0894,3,3,486,4223,0.115084063461994
2016,29,VCF0888,VCF0879a,1,1,98,3613,0.027124273456961
2016,29,VCF0888,VCF0879a,2,1,365,3613,0.101024079712151
2016,29,VCF0888,VCF0879a,3,1,1129,3613,0.312482701356214
2016,29,VCF0888,VCF0879a,1,2,111,3613,0.030722391364517
2016,29,VCF0888,VCF0879a,2,2,460,3613,0.127318018267368
2016,29,VCF0888,VCF0879a,3,2,866,3613,0.239690008303349
2016,29,VCF0888,VCF0879a,1,3,79,3613,0.0218654857459175
2016,29,VCF0888,VCF0879a,2,3,206,3613,0.0570163299197343
2016,29,VCF0888,VCF0879a,3,3,299,3613,0.0827567118737891
2016,30,VCF0888,VCF9223,1,1,33,3620,0.00911602209944751
2016,30,VCF0888,VCF9223,2,1,112,3620,0.030939226519337
2016,30,VCF0888,VCF9223,3,1,406,3620,0.112154696132597
2016,30,VCF0888,VCF9223,1,2,44,3620,0.0121546961325967
2016,30,VCF0888,VCF9223,2,2,173,3620,0.0477900552486188
2016,30,VCF0888,VCF9223,3,2,519,3620,0.143370165745856
2016,30,VCF0888,VCF9223,1,3,110,3620,0.0303867403314917
2016,30,VCF0888,VCF9223,2,3,435,3620,0.120165745856354
2016,30,VCF0888,VCF9223,3,3,927,3620,0.256077348066298
2016,30,VCF0888,VCF9223,1,4,102,3620,0.0281767955801105
2016,30,VCF0888,VCF9223,2,4,314,3620,0.0867403314917127
2016,30,VCF0888,VCF9223,3,4,445,3620,0.12292817679558
2016,31,VCF0890,VCF0894,1,1,276,4218,0.0654338549075391
2016,31,VCF0890,VCF0894,2,1,510,4218,0.120910384068279
2016,31,VCF0890,VCF0894,3,1,1193,4218,0.282835467045993
2016,31,VCF0890,VCF0894,1,2,37,4218,0.0087719298245614
2016,31,VCF0890,VCF0894,2,2,374,4218,0.0886676149834045
2016,31,VCF0890,VCF0894,3,2,1061,4218,0.251541014698909
2016,31,VCF0890,VCF0894,1,3,13,4218,0.00308202939781887
2016,31,VCF0890,VCF0894,2,3,67,4218,0.0158843053579896
2016,31,VCF0890,VCF0894,3,3,687,4218,0.162873399715505
2016,32,VCF0890,VCF0879a,1,1,175,3612,0.0484496124031008
2016,32,VCF0890,VCF0879a,2,1,426,3612,0.117940199335548
2016,32,VCF0890,VCF0879a,3,1,987,3612,0.273255813953488
2016,32,VCF0890,VCF0879a,1,2,75,3612,0.0207641196013289
2016,32,VCF0890,VCF0879a,2,2,295,3612,0.081672203765227
2016,32,VCF0890,VCF0879a,3,2,1069,3612,0.295957918050941
2016,32,VCF0890,VCF0879a,1,3,28,3612,0.00775193798449612
2016,32,VCF0890,VCF0879a,2,3,93,3612,0.0257475083056478
2016,32,VCF0890,VCF0879a,3,3,464,3612,0.128460686600221
2016,33,VCF0890,VCF9223,1,1,73,3620,0.0201657458563536
2016,33,VCF0890,VCF9223,2,1,140,3620,0.0386740331491713
2016,33,VCF0890,VCF9223,3,1,338,3620,0.0933701657458564
2016,33,VCF0890,VCF9223,1,2,67,3620,0.0185082872928177
2016,33,VCF0890,VCF9223,2,2,196,3620,0.0541436464088398
2016,33,VCF0890,VCF9223,3,2,470,3620,0.129834254143646
2016,33,VCF0890,VCF9223,1,3,111,3620,0.0306629834254144
2016,33,VCF0890,VCF9223,2,3,348,3620,0.0961325966850829
2016,33,VCF0890,VCF9223,3,3,1012,3620,0.279558011049724
2016,33,VCF0890,VCF9223,1,4,28,3620,0.00773480662983426
2016,33,VCF0890,VCF9223,2,4,129,3620,0.0356353591160221
2016,33,VCF0890,VCF9223,3,4,708,3620,0.195580110497238
2016,34,VCF0894,VCF0879a,1,1,993,3599,0.275909974993054
2016,34,VCF0894,VCF0879a,2,1,440,3599,0.122256182272854
2016,34,VCF0894,VCF0879a,3,1,153,3599,0.0425118088357877
2016,34,VCF0894,VCF0879a,1,2,565,3599,0.156988052236732
2016,34,VCF0894,VCF0879a,2,2,591,3599,0.164212281189219
2016,34,VCF0894,VCF0879a,3,2,278,3599,0.0772436787996666
2016,34,VCF0894,VCF0879a,1,3,135,3599,0.0375104195609892
2016,34,VCF0894,VCF0879a,2,3,216,3599,0.0600166712975827
2016,34,VCF0894,VCF0879a,3,3,228,3599,0.063350930814115
2016,35,VCF0894,VCF9223,1,1,351,3606,0.0973377703826955
2016,35,VCF0894,VCF9223,2,1,132,3606,0.0366056572379368
2016,35,VCF0894,VCF9223,3,1,67,3606,0.0185801442041043
2016,35,VCF0894,VCF9223,1,2,413,3606,0.11453133666112
2016,35,VCF0894,VCF9223,2,2,215,3606,0.0596228508042152
2016,35,VCF0894,VCF9223,3,2,103,3606,0.0285635052689961
2016,35,VCF0894,VCF9223,1,3,693,3606,0.192179700499168
2016,35,VCF0894,VCF9223,2,3,543,3606,0.150582362728785
2016,35,VCF0894,VCF9223,3,3,228,3606,0.0632279534109817
2016,35,VCF0894,VCF9223,1,4,240,3606,0.0665557404326123
2016,35,VCF0894,VCF9223,2,4,358,3606,0.0992789794786467
2016,35,VCF0894,VCF9223,3,4,263,3606,0.0729339988907377
2016,36,VCF0879a,VCF9223,1,1,434,3609,0.120254918259906
2016,36,VCF0879a,VCF9223,2,1,76,3609,0.0210584649487393
2016,36,VCF0879a,VCF9223,3,1,38,3609,0.0105292324743696
2016,36,VCF0879a,VCF9223,1,2,480,3609,0.133000831255195
2016,36,VCF0879a,VCF9223,2,2,210,3609,0.058187863674148
2016,36,VCF0879a,VCF9223,3,2,44,3609,0.0121917428650596
2016,36,VCF0879a,VCF9223,1,3,560,3609,0.155167636464395
2016,36,VCF0879a,VCF9223,2,3,702,3609,0.194513715710723
2016,36,VCF0879a,VCF9223,3,3,206,3609,0.057079523413688
2016,36,VCF0879a,VCF9223,1,4,117,3609,0.0324189526184539
2016,36,VCF0879a,VCF9223,2,4,446,3609,0.123579939041286
2016,36,VCF0879a,VCF9223,3,4,296,3609,0.0820171792740371
2020,1,VCF0806,VCF0809,1,1,637,6862,0.0928300786942582
2020,1,VCF0806,VCF0809,2,1,175,6862,0.025502768872049
2020,1,VCF0806,VCF0809,3,1,103,6862,0.0150102011075488
2020,1,VCF0806,VCF0809,4,1,87,6862,0.0126785193821043
2020,1,VCF0806,VCF0809,5,1,36,6862,0.00524628388225007
2020,1,VCF0806,VCF0809,6,1,26,6862,0.00378898280384728
2020,1,VCF0806,VCF0809,7,1,65,6862,0.00947245700961819
2020,1,VCF0806,VCF0809,1,2,217,6862,0.0316234334013407
2020,1,VCF0806,VCF0809,2,2,228,6862,0.0332264645875838
2020,1,VCF0806,VCF0809,3,2,172,6862,0.0250655785485281
2020,1,VCF0806,VCF0809,4,2,129,6862,0.0187991839113961
2020,1,VCF0806,VCF0809,5,2,80,6862,0.0116584086272224
2020,1,VCF0806,VCF0809,6,2,48,6862,0.00699504517633343
2020,1,VCF0806,VCF0809,7,2,42,6862,0.00612066452929175
2020,1,VCF0806,VCF0809,1,3,106,6862,0.0154473914310697
2020,1,VCF0806,VCF0809,2,3,121,6862,0.0176333430486739
2020,1,VCF0806,VCF0809,3,3,217,6862,0.0316234334013407
2020,1,VCF0806,VCF0809,4,3,242,6862,0.0352666860973477
2020,1,VCF0806,VCF0809,5,3,110,6862,0.0160303118624308
2020,1,VCF0806,VCF0809,6,3,68,6862,0.00990964733313903
2020,1,VCF0806,VCF0809,7,3,72,6862,0.0104925677645001
2020,1,VCF0806,VCF0809,1,4,69,6862,0.0100553774409793
2020,1,VCF0806,VCF0809,2,4,82,6862,0.0119498688429029
2020,1,VCF0806,VCF0809,3,4,150,6862,0.021859516176042
2020,1,VCF0806,VCF0809,4,4,429,6862,0.06251821626348
2020,1,VCF0806,VCF0809,5,4,224,6862,0.0326435441562227
2020,1,VCF0806,VCF0809,6,4,171,6862,0.0249198484406878
2020,1,VCF0806,VCF0809,7,4,224,6862,0.0326435441562227
2020,1,VCF0806,VCF0809,1,5,19,6862,0.00276887204896532
2020,1,VCF0806,VCF0809,2,5,32,6862,0.00466336345088895
2020,1,VCF0806,VCF0809,3,5,72,6862,0.0104925677645001
2020,1,VCF0806,VCF0809,4,5,150,6862,0.021859516176042
2020,1,VCF0806,VCF0809,5,5,194,6862,0.0282716409210143
2020,1,VCF0806,VCF0809,6,5,225,6862,0.032789274264063
2020,1,VCF0806,VCF0809,7,5,283,6862,0.0412416205187992
2020,1,VCF0806,VCF0809,1,6,16,6862,0.00233168172544448
2020,1,VCF0806,VCF0809,2,6,18,6862,0.00262314194112504
2020,1,VCF0806,VCF0809,3,6,33,6862,0.00480909355872923
2020,1,VCF0806,VCF0809,4,6,67,6862,0.00976391722529875
2020,1,VCF0806,VCF0809,5,6,84,6862,0.0122413290585835
2020,1,VCF0806,VCF0809,6,6,206,6862,0.0300204022150976
2020,1,VCF0806,VCF0809,7,6,308,6862,0.0448848732148062
2020,1,VCF0806,VCF0809,1,7,51,6862,0.00743223549985427
2020,1,VCF0806,VCF0809,2,7,13,6862,0.00189449140192364
2020,1,VCF0806,VCF0809,3,7,25,6862,0.003643252696007
2020,1,VCF0806,VCF0809,4,7,62,6862,0.00903526668609735
2020,1,VCF0806,VCF0809,5,7,56,6862,0.00816088603905567
2020,1,VCF0806,VCF0809,6,7,76,6862,0.0110754881958613
2020,1,VCF0806,VCF0809,7,7,542,6862,0.0789857184494317
2020,2,VCF0806,VCF0838,1,1,281,7038,0.0399261153736857
2020,2,VCF0806,VCF0838,2,1,104,7038,0.0147769252628588
2020,2,VCF0806,VCF0838,3,1,85,7038,0.0120772946859903
2020,2,VCF0806,VCF0838,4,1,123,7038,0.0174765558397272
2020,2,VCF0806,VCF0838,5,1,46,7038,0.0065359477124183
2020,2,VCF0806,VCF0838,6,1,29,7038,0.00412048877522023
2020,2,VCF0806,VCF0838,7,1,66,7038,0.00937766410912191
2020,2,VCF0806,VCF0838,1,2,468,7038,0.0664961636828645
2020,2,VCF0806,VCF0838,2,2,273,7038,0.0387894288150043
2020,2,VCF0806,VCF0838,3,2,245,7038,0.0348110258596192
2020,2,VCF0806,VCF0838,4,2,299,7038,0.042483660130719
2020,2,VCF0806,VCF0838,5,2,121,7038,0.0171923842000568
2020,2,VCF0806,VCF0838,6,2,88,7038,0.0125035521454959
2020,2,VCF0806,VCF0838,7,2,179,7038,0.0254333617504973
2020,2,VCF0806,VCF0838,1,3,151,7038,0.0214549587951122
2020,2,VCF0806,VCF0838,2,3,111,7038,0.015771526001705
2020,2,VCF0806,VCF0838,3,3,169,7038,0.0240125035521455
2020,2,VCF0806,VCF0838,4,3,199,7038,0.0282750781472009
2020,2,VCF0806,VCF0838,5,3,117,7038,0.0166240409207161
2020,2,VCF0806,VCF0838,6,3,107,7038,0.0152031827223643
2020,2,VCF0806,VCF0838,7,3,145,7038,0.0206024438761012
2020,2,VCF0806,VCF0838,1,4,225,7038,0.0319693094629156
2020,2,VCF0806,VCF0838,2,4,189,7038,0.0268542199488491
2020,2,VCF0806,VCF0838,3,4,276,7038,0.0392156862745098
2020,2,VCF0806,VCF0838,4,4,578,7038,0.0821256038647343
2020,2,VCF0806,VCF0838,5,4,539,7038,0.0765842568911623
2020,2,VCF0806,VCF0838,6,4,623,7038,0.0885194657573174
2020,2,VCF0806,VCF0838,7,4,1202,7038,0.170787155441887
2020,3,VCF0806,VCF0839,1,1,306,6605,0.046328538985617
2020,3,VCF0806,VCF0839,2,1,58,6605,0.00878122634367903
2020,3,VCF0806,VCF0839,3,1,40,6605,0.0060560181680545
2020,3,VCF0806,VCF0839,4,1,37,6605,0.00560181680545042
2020,3,VCF0806,VCF0839,5,1,9,6605,0.00136260408781226
2020,3,VCF0806,VCF0839,6,1,5,6605,0.000757002271006813
2020,3,VCF0806,VCF0839,7,1,18,6605,0.00272520817562453
2020,3,VCF0806,VCF0839,1,2,218,6605,0.0330052990158971
2020,3,VCF0806,VCF0839,2,2,134,6605,0.0202876608629826
2020,3,VCF0806,VCF0839,3,2,71,6605,0.0107494322482967
2020,3,VCF0806,VCF0839,4,2,54,6605,0.00817562452687358
2020,3,VCF0806,VCF0839,5,2,16,6605,0.0024224072672218
2020,3,VCF0806,VCF0839,6,2,20,6605,0.00302800908402725
2020,3,VCF0806,VCF0839,7,2,9,6605,0.00136260408781226
2020,3,VCF0806,VCF0839,1,3,194,6605,0.0293716881150643
2020,3,VCF0806,VCF0839,2,3,155,6605,0.0234670704012112
2020,3,VCF0806,VCF0839,3,3,159,6605,0.0240726722180167
2020,3,VCF0806,VCF0839,4,3,118,6605,0.0178652535957608
2020,3,VCF0806,VCF0839,5,3,83,6605,0.0125662376987131
2020,3,VCF0806,VCF0839,6,3,42,6605,0.00635881907645723
2020,3,VCF0806,VCF0839,7,3,37,6605,0.00560181680545042
2020,3,VCF0806,VCF0839,1,4,163,6605,0.0246782740348221
2020,3,VCF0806,VCF0839,2,4,164,6605,0.0248296744890235
2020,3,VCF0806,VCF0839,3,4,198,6605,0.0299772899318698
2020,3,VCF0806,VCF0839,4,4,420,6605,0.0635881907645723
2020,3,VCF0806,VCF0839,5,4,194,6605,0.0293716881150643
2020,3,VCF0806,VCF0839,6,4,141,6605,0.0213474640423921
2020,3,VCF0806,VCF0839,7,4,132,6605,0.0199848599545799
2020,3,VCF0806,VCF0839,1,5,59,6605,0.00893262679788039
2020,3,VCF0806,VCF0839,2,5,57,6605,0.00862982588947767
2020,3,VCF0806,VCF0839,3,5,160,6605,0.024224072672218
2020,3,VCF0806,VCF0839,4,5,238,6605,0.0360333080999243
2020,3,VCF0806,VCF0839,5,5,241,6605,0.0364875094625284
2020,3,VCF0806,VCF0839,6,5,270,6605,0.0408781226343679
2020,3,VCF0806,VCF0839,7,5,253,6605,0.0383043149129447
2020,3,VCF0806,VCF0839,1,6,28,6605,0.00423921271763815
2020,3,VCF0806,VCF0839,2,6,38,6605,0.00575321725965178
2020,3,VCF0806,VCF0839,3,6,51,6605,0.00772142316426949
2020,3,VCF0806,VCF0839,4,6,113,6605,0.017108251324754
2020,3,VCF0806,VCF0839,5,6,132,6605,0.0199848599545799
2020,3,VCF0806,VCF0839,6,6,239,6605,0.0361847085541257
2020,3,VCF0806,VCF0839,7,6,331,6605,0.050113550340651
2020,3,VCF0806,VCF0839,1,7,73,6605,0.0110522331566995
2020,3,VCF0806,VCF0839,2,7,37,6605,0.00560181680545042
2020,3,VCF0806,VCF0839,3,7,60,6605,0.00908402725208176
2020,3,VCF0806,VCF0839,4,7,122,6605,0.0184708554125662
2020,3,VCF0806,VCF0839,5,7,78,6605,0.0118092354277063
2020,3,VCF0806,VCF0839,6,7,100,6605,0.0151400454201363
2020,3,VCF0806,VCF0839,7,7,730,6605,0.110522331566995
2020,4,VCF0806,VCF0888,1,1,44,7316,0.00601421541826135
2020,4,VCF0806,VCF0888,2,1,20,7316,0.00273373428102788
2020,4,VCF0806,VCF0888,3,1,41,7316,0.00560415527610716
2020,4,VCF0806,VCF0888,4,1,95,7316,0.0129852378348824
2020,4,VCF0806,VCF0888,5,1,91,7316,0.0124384909786769
2020,4,VCF0806,VCF0888,6,1,160,7316,0.0218698742482231
2020,4,VCF0806,VCF0888,7,1,438,7316,0.0598687807545107
2020,4,VCF0806,VCF0888,1,2,261,7316,0.0356752323674139
2020,4,VCF0806,VCF0888,2,2,196,7316,0.0267905959540733
2020,4,VCF0806,VCF0888,3,2,250,7316,0.0341716785128486
2020,4,VCF0806,VCF0888,4,2,465,7316,0.0635593220338983
2020,4,VCF0806,VCF0888,5,2,368,7316,0.0503007107709131
2020,4,VCF0806,VCF0888,6,2,383,7316,0.052351011481684
2020,4,VCF0806,VCF0888,7,2,561,7316,0.0766812465828322
2020,4,VCF0806,VCF0888,1,3,862,7316,0.117823947512302
2020,4,VCF0806,VCF0888,2,3,491,7316,0.0671131765992346
2020,4,VCF0806,VCF0888,3,3,530,7316,0.0724439584472389
2020,4,VCF0806,VCF0888,4,3,697,7316,0.0952706396938217
2020,4,VCF0806,VCF0888,5,3,388,7316,0.053034445051941
2020,4,VCF0806,VCF0888,6,3,334,7316,0.0456533624931657
2020,4,VCF0806,VCF0888,7,3,641,7316,0.0876161837069437
2020,5,VCF0806,VCF0890,1,1,223,7337,0.0303938939621099
2020,5,VCF0806,VCF0890,2,1,97,7337,0.0132206623960747
2020,5,VCF0806,VCF0890,3,1,63,7337,0.00858661578301758
2020,5,VCF0806,VCF0890,4,1,56,7337,0.0076325473626823
2020,5,VCF0806,VCF0890,5,1,18,7337,0.00245331879514788
2020,5,VCF0806,VCF0890,6,1,10,7337,0.00136295488619327
2020,5,VCF0806,VCF0890,7,1,28,7337,0.00381627368134115
2020,5,VCF0806,VCF0890,1,2,466,7337,0.0635136976966062
2020,5,VCF0806,VCF0890,2,2,269,7337,0.0366634864385989
2020,5,VCF0806,VCF0890,3,2,268,7337,0.0365271909499796
2020,5,VCF0806,VCF0890,4,2,383,7337,0.0522011721412021
2020,5,VCF0806,VCF0890,5,2,178,7337,0.0242605969742402
2020,5,VCF0806,VCF0890,6,2,143,7337,0.0194902548725637
2020,5,VCF0806,VCF0890,7,2,194,7337,0.0264413247921494
2020,5,VCF0806,VCF0890,1,3,479,7337,0.0652855390486575
2020,5,VCF0806,VCF0890,2,3,342,7337,0.0466130571078097
2020,5,VCF0806,VCF0890,3,3,492,7337,0.0670573804007087
2020,5,VCF0806,VCF0890,4,3,824,7337,0.112307482622325
2020,5,VCF0806,VCF0890,5,3,653,7337,0.0890009540684203
2020,5,VCF0806,VCF0890,6,3,725,7337,0.0988142292490119
2020,5,VCF0806,VCF0890,7,3,1426,7337,0.19435736677116
2020,6,VCF0806,VCF0894,1,1,710,7318,0.0970210440010932
2020,6,VCF0806,VCF0894,2,1,347,7318,0.0474173271385625
2020,6,VCF0806,VCF0894,3,1,318,7318,0.0434544957638699
2020,6,VCF0806,VCF0894,4,1,311,7318,0.0424979502596338
2020,6,VCF0806,VCF0894,5,1,157,7318,0.0214539491664389
2020,6,VCF0806,VCF0894,6,1,99,7318,0.0135282864170538
2020,6,VCF0806,VCF0894,7,1,156,7318,0.0213172998086909
2020,6,VCF0806,VCF0894,1,2,387,7318,0.0528833014484832
2020,6,VCF0806,VCF0894,2,2,296,7318,0.0404482098934135
2020,6,VCF0806,VCF0894,3,2,380,7318,0.0519267559442471
2020,6,VCF0806,VCF0894,4,2,681,7318,0.0930582126264007
2020,6,VCF0806,VCF0894,5,2,429,7318,0.0586225744739
2020,6,VCF0806,VCF0894,6,2,372,7318,0.0508335610822629
2020,6,VCF0806,VCF0894,7,2,538,7318,0.073517354468434
2020,6,VCF0806,VCF0894,1,3,69,7318,0.00942880568461328
2020,6,VCF0806,VCF0894,2,3,62,7318,0.00847226018037715
2020,6,VCF0806,VCF0894,3,3,126,7318,0.0172178190762503
2020,6,VCF0806,VCF0894,4,3,264,7318,0.0360754304454769
2020,6,VCF0806,VCF0894,5,3,260,7318,0.0355288330144848
2020,6,VCF0806,VCF0894,6,3,406,7318,0.0554796392456955
2020,6,VCF0806,VCF0894,7,3,950,7318,0.129816889860618
2020,7,VCF0806,VCF0879a,1,1,480,6577,0.0729816025543561
2020,7,VCF0806,VCF0879a,2,1,235,6577,0.0357305762505702
2020,7,VCF0806,VCF0879a,3,1,264,6577,0.0401398814048958
2020,7,VCF0806,VCF0879a,4,1,343,6577,0.0521514368253003
2020,7,VCF0806,VCF0879a,5,1,135,6577,0.0205260757184127
2020,7,VCF0806,VCF0879a,6,1,114,6577,0.0173331306066596
2020,7,VCF0806,VCF0879a,7,1,217,6577,0.0329937661547818
2020,7,VCF0806,VCF0879a,1,2,469,6577,0.0713091074958188
2020,7,VCF0806,VCF0879a,2,2,310,6577,0.0471339516496883
2020,7,VCF0806,VCF0879a,3,2,347,6577,0.0527596168465866
2020,7,VCF0806,VCF0879a,4,2,512,6577,0.0778470427246465
2020,7,VCF0806,VCF0879a,5,2,339,6577,0.051543256804014
2020,7,VCF0806,VCF0879a,6,2,290,6577,0.0440930515432568
2020,7,VCF0806,VCF0879a,7,2,453,6577,0.0688763874106736
2020,7,VCF0806,VCF0879a,1,3,92,6577,0.0139881404895849
2020,7,VCF0806,VCF0879a,2,3,89,6577,0.0135320054736202
2020,7,VCF0806,VCF0879a,3,3,130,6577,0.0197658506918048
2020,7,VCF0806,VCF0879a,4,3,259,6577,0.039379656378288
2020,7,VCF0806,VCF0879a,5,3,299,6577,0.045461456591151
2020,7,VCF0806,VCF0879a,6,3,403,6577,0.0612741371445948
2020,7,VCF0806,VCF0879a,7,3,797,6577,0.121179869241295
2020,8,VCF0806,VCF9223,1,1,184,6610,0.0278366111951589
2020,8,VCF0806,VCF9223,2,1,69,6610,0.0104387291981846
2020,8,VCF0806,VCF9223,3,1,63,6610,0.00953101361573374
2020,8,VCF0806,VCF9223,4,1,85,6610,0.0128593040847201
2020,8,VCF0806,VCF9223,5,1,25,6610,0.0037821482602118
2020,8,VCF0806,VCF9223,6,1,26,6610,0.00393343419062027
2020,8,VCF0806,VCF9223,7,1,76,6610,0.0114977307110439
2020,8,VCF0806,VCF9223,1,2,268,6610,0.0405446293494705
2020,8,VCF0806,VCF9223,2,2,138,6610,0.0208774583963691
2020,8,VCF0806,VCF9223,3,2,128,6610,0.0193645990922844
2020,8,VCF0806,VCF9223,4,2,196,6610,0.0296520423600605
2020,8,VCF0806,VCF9223,5,2,95,6610,0.0143721633888048
2020,8,VCF0806,VCF9223,6,2,72,6610,0.01089258698941
2020,8,VCF0806,VCF9223,7,2,126,6610,0.0190620272314675
2020,8,VCF0806,VCF9223,1,3,439,6610,0.0664145234493192
2020,8,VCF0806,VCF9223,2,3,312,6610,0.0472012102874433
2020,8,VCF0806,VCF9223,3,3,368,6610,0.0556732223903177
2020,8,VCF0806,VCF9223,4,3,486,6610,0.0735249621785174
2020,8,VCF0806,VCF9223,5,3,302,6610,0.0456883509833586
2020,8,VCF0806,VCF9223,6,3,272,6610,0.0411497730711044
2020,8,VCF0806,VCF9223,7,3,436,6610,0.0659606656580938
2020,8,VCF0806,VCF9223,1,4,158,6610,0.0239031770045386
2020,8,VCF0806,VCF9223,2,4,116,6610,0.0175491679273828
2020,8,VCF0806,VCF9223,3,4,187,6610,0.0282904689863843
2020,8,VCF0806,VCF9223,4,4,355,6610,0.0537065052950076
2020,8,VCF0806,VCF9223,5,4,351,6610,0.0531013615733737
2020,8,VCF0806,VCF9223,6,4,440,6610,0.0665658093797277
2020,8,VCF0806,VCF9223,7,4,837,6610,0.126626323751891
2020,9,VCF0809,VCF0838,1,1,262,7016,0.0373432155074116
2020,9,VCF0809,VCF0838,2,1,136,7016,0.0193842645381984
2020,9,VCF0809,VCF0838,3,1,95,7016,0.0135404789053592
2020,9,VCF0809,VCF0838,4,1,123,7016,0.0175313568985177
2020,9,VCF0809,VCF0838,5,1,45,7016,0.0064139110604333
2020,9,VCF0809,VCF0838,6,1,29,7016,0.00413340935005701
2020,9,VCF0809,VCF0838,7,1,60,7016,0.00855188141391106
2020,9,VCF0809,VCF0838,1,2,460,7016,0.0655644241733181
2020,9,VCF0809,VCF0838,2,2,322,7016,0.0458950969213227
2020,9,VCF0809,VCF0838,3,2,282,7016,0.040193842645382
2020,9,VCF0809,VCF0838,4,2,276,7016,0.0393386545039909
2020,9,VCF0809,VCF0838,5,2,131,7016,0.0186716077537058
2020,9,VCF0809,VCF0838,6,2,76,7016,0.0108323831242873
2020,9,VCF0809,VCF0838,7,2,138,7016,0.0196693272519954
2020,9,VCF0809,VCF0838,1,3,159,7016,0.0226624857468643
2020,9,VCF0809,VCF0838,2,3,158,7016,0.0225199543899658
2020,9,VCF0809,VCF0838,3,3,178,7016,0.0253705815279361
2020,9,VCF0809,VCF0838,4,3,222,7016,0.0316419612314709
2020,9,VCF0809,VCF0838,5,3,130,7016,0.0185290763968073
2020,9,VCF0809,VCF0838,6,3,68,7016,0.0096921322690992
2020,9,VCF0809,VCF0838,7,3,69,7016,0.00983466362599772
2020,9,VCF0809,VCF0838,1,4,268,7016,0.0381984036488027
2020,9,VCF0809,VCF0838,2,4,282,7016,0.040193842645382
2020,9,VCF0809,VCF0838,3,4,397,7016,0.0565849486887115
2020,9,VCF0809,VCF0838,4,4,783,7016,0.111602052451539
2020,9,VCF0809,VCF0838,5,4,675,7016,0.0962086659064994
2020,9,VCF0809,VCF0838,6,4,569,7016,0.0811003420752566
2020,9,VCF0809,VCF0838,7,4,623,7016,0.0887970353477765
2020,10,VCF0809,VCF0839,1,1,321,6562,0.0489180128009753
2020,10,VCF0809,VCF0839,2,1,88,6562,0.0134105455653764
2020,10,VCF0809,VCF0839,3,1,34,6562,0.00518134715025907
2020,10,VCF0809,VCF0839,4,1,20,6562,0.00304785126485828
2020,10,VCF0809,VCF0839,5,1,4,6562,0.000609570252971655
2020,10,VCF0809,VCF0839,6,1,3,6562,0.000457177689728741
2020,10,VCF0809,VCF0839,7,1,11,6562,0.00167631819567205
2020,10,VCF0809,VCF0839,1,2,225,6562,0.0342883267296556
2020,10,VCF0809,VCF0839,2,2,151,6562,0.02301127704968
2020,10,VCF0809,VCF0839,3,2,84,6562,0.0128009753124048
2020,10,VCF0809,VCF0839,4,2,33,6562,0.00502895458701615
2020,10,VCF0809,VCF0839,5,2,15,6562,0.00228588844864371
2020,10,VCF0809,VCF0839,6,2,17,6562,0.00259067357512953
2020,10,VCF0809,VCF0839,7,2,6,6562,0.000914355379457482
2020,10,VCF0809,VCF0839,1,3,184,6562,0.0280402316366961
2020,10,VCF0809,VCF0839,2,3,210,6562,0.0320024382810119
2020,10,VCF0809,VCF0839,3,3,186,6562,0.028345016763182
2020,10,VCF0809,VCF0839,4,3,115,6562,0.0175251447729351
2020,10,VCF0809,VCF0839,5,3,58,6562,0.008838768668089
2020,10,VCF0809,VCF0839,6,3,24,6562,0.00365742151782993
2020,10,VCF0809,VCF0839,7,3,17,6562,0.00259067357512953
2020,10,VCF0809,VCF0839,1,4,184,6562,0.0280402316366961
2020,10,VCF0809,VCF0839,2,4,227,6562,0.0345931118561414
2020,10,VCF0809,VCF0839,3,4,252,6562,0.0384029259372143
2020,10,VCF0809,VCF0839,4,4,438,6562,0.0667479427003962
2020,10,VCF0809,VCF0839,5,4,160,6562,0.0243828101188662
2020,10,VCF0809,VCF0839,6,4,80,6562,0.0121914050594331
2020,10,VCF0809,VCF0839,7,4,55,6562,0.00838159097836026
2020,10,VCF0809,VCF0839,1,5,58,6562,0.008838768668089
2020,10,VCF0809,VCF0839,2,5,109,6562,0.0166107893934776
2020,10,VCF0809,VCF0839,3,5,188,6562,0.0286498018896678
2020,10,VCF0809,VCF0839,4,5,354,6562,0.0539469673879915
2020,10,VCF0809,VCF0839,5,5,330,6562,0.0502895458701615
2020,10,VCF0809,VCF0839,6,5,165,6562,0.0251447729350808
2020,10,VCF0809,VCF0839,7,5,66,6562,0.0100579091740323
2020,10,VCF0809,VCF0839,1,6,25,6562,0.00380981408107284
2020,10,VCF0809,VCF0839,2,6,53,6562,0.00807680585187443
2020,10,VCF0809,VCF0839,3,6,70,6562,0.010667479427004
2020,10,VCF0809,VCF0839,4,6,156,6562,0.0237732398658945
2020,10,VCF0809,VCF0839,5,6,234,6562,0.0356598597988418
2020,10,VCF0809,VCF0839,6,6,239,6562,0.0364218226150564
2020,10,VCF0809,VCF0839,7,6,131,6562,0.0199634257848217
2020,10,VCF0809,VCF0839,1,7,65,6562,0.00990551661078939
2020,10,VCF0809,VCF0839,2,7,35,6562,0.00533373971350198
2020,10,VCF0809,VCF0839,3,7,67,6562,0.0102103017372752
2020,10,VCF0809,VCF0839,4,7,162,6562,0.024687595245352
2020,10,VCF0809,VCF0839,5,7,139,6562,0.021182566290765
2020,10,VCF0809,VCF0839,6,7,192,6562,0.0292593721426394
2020,10,VCF0809,VCF0839,7,7,522,6562,0.079548918012801
2020,11,VCF0809,VCF0888,1,1,56,7291,0.00768070223563297
2020,11,VCF0809,VCF0888,2,1,43,7291,0.0058976820737896
2020,11,VCF0809,VCF0888,3,1,60,7291,0.00822932382389247
2020,11,VCF0809,VCF0888,4,1,142,7291,0.0194760663832122
2020,11,VCF0809,VCF0888,5,1,180,7291,0.0246879714716774
2020,11,VCF0809,VCF0888,6,1,170,7291,0.0233164175010287
2020,11,VCF0809,VCF0888,7,1,237,7291,0.0325058291043753
2020,11,VCF0809,VCF0888,1,2,307,7291,0.0421067068989165
2020,11,VCF0809,VCF0888,2,2,286,7291,0.0392264435605541
2020,11,VCF0809,VCF0888,3,2,337,7291,0.0462213688108627
2020,11,VCF0809,VCF0888,4,2,578,7291,0.0792758195034975
2020,11,VCF0809,VCF0888,5,2,443,7291,0.0607598408997394
2020,11,VCF0809,VCF0888,6,2,300,7291,0.0411466191194624
2020,11,VCF0809,VCF0888,7,2,239,7291,0.032780139898505
2020,11,VCF0809,VCF0888,1,3,831,7291,0.113976134960911
2020,11,VCF0809,VCF0888,2,3,627,7291,0.0859964339596763
2020,11,VCF0809,VCF0888,3,3,599,7291,0.0821560828418598
2020,11,VCF0809,VCF0888,4,3,731,7291,0.100260595254423
2020,11,VCF0809,VCF0888,5,3,392,7291,0.0537649156494308
2020,11,VCF0809,VCF0888,6,3,291,7291,0.0399122205458785
2020,11,VCF0809,VCF0888,7,3,442,7291,0.0606226855026745
2020,12,VCF0809,VCF0890,1,1,237,7307,0.0324346517038456
2020,12,VCF0809,VCF0890,2,1,121,7307,0.0165594635281237
2020,12,VCF0809,VCF0890,3,1,66,7307,0.00903243465170385
2020,12,VCF0809,VCF0890,4,1,41,7307,0.00561105788969481
2020,12,VCF0809,VCF0890,5,1,13,7307,0.0017791159162447
2020,12,VCF0809,VCF0890,6,1,11,7307,0.00150540577528397
2020,12,VCF0809,VCF0890,7,1,14,7307,0.00191597098672506
2020,12,VCF0809,VCF0890,1,2,464,7307,0.0635007527028876
2020,12,VCF0809,VCF0890,2,2,385,7307,0.0526892021349391
2020,12,VCF0809,VCF0890,3,2,304,7307,0.0416039414260298
2020,12,VCF0809,VCF0890,4,2,377,7307,0.0515943615710962
2020,12,VCF0809,VCF0890,5,2,160,7307,0.0218968112768578
2020,12,VCF0809,VCF0890,6,2,95,7307,0.0130012316956343
2020,12,VCF0809,VCF0890,7,2,95,7307,0.0130012316956343
2020,12,VCF0809,VCF0890,1,3,492,7307,0.0673326946763378
2020,12,VCF0809,VCF0890,2,3,451,7307,0.061721636786643
2020,12,VCF0809,VCF0890,3,3,627,7307,0.0858081291911865
2020,12,VCF0809,VCF0890,4,3,1038,7307,0.142055563158615
2020,12,VCF0809,VCF0890,5,3,844,7307,0.115505679485425
2020,12,VCF0809,VCF0890,6,3,660,7307,0.0903243465170384
2020,12,VCF0809,VCF0890,7,3,812,7307,0.111126317230053
2020,13,VCF0809,VCF0894,1,1,744,7289,0.10207161476197
2020,13,VCF0809,VCF0894,2,1,450,7289,0.0617368637673206
2020,13,VCF0809,VCF0894,3,1,353,7289,0.0484291397996982
2020,13,VCF0809,VCF0894,4,1,305,7289,0.041843874331184
2020,13,VCF0809,VCF0894,5,1,117,7289,0.0160515845795034
2020,13,VCF0809,VCF0894,6,1,74,7289,0.0101522842639594
2020,13,VCF0809,VCF0894,7,1,72,7289,0.0098778982027713
2020,13,VCF0809,VCF0894,1,2,392,7289,0.053779667992866
2020,13,VCF0809,VCF0894,2,2,416,7289,0.0570723007271231
2020,13,VCF0809,VCF0894,3,2,493,7289,0.0676361640828646
2020,13,VCF0809,VCF0894,4,2,760,7289,0.104266703251475
2020,13,VCF0809,VCF0894,5,2,461,7289,0.0632459871038551
2020,13,VCF0809,VCF0894,6,2,243,7289,0.0333379064343531
2020,13,VCF0809,VCF0894,7,2,278,7289,0.0381396625051447
2020,13,VCF0809,VCF0894,1,3,58,7289,0.00795719577445466
2020,13,VCF0809,VCF0894,2,3,88,7289,0.012072986692276
2020,13,VCF0809,VCF0894,3,3,148,7289,0.0203045685279188
2020,13,VCF0809,VCF0894,4,3,385,7289,0.0528193167787076
2020,13,VCF0809,VCF0894,5,3,434,7289,0.0595417752778159
2020,13,VCF0809,VCF0894,6,3,448,7289,0.0614624777061325
2020,13,VCF0809,VCF0894,7,3,570,7289,0.0782000274386061
2020,14,VCF0809,VCF0879a,1,1,487,6545,0.0744079449961803
2020,14,VCF0809,VCF0879a,2,1,332,6545,0.0507257448433919
2020,14,VCF0809,VCF0879a,3,1,305,6545,0.0466004583651643
2020,14,VCF0809,VCF0879a,4,1,292,6545,0.0446142093200917
2020,14,VCF0809,VCF0879a,5,1,133,6545,0.0203208556149733
2020,14,VCF0809,VCF0879a,6,1,90,6545,0.0137509549274255
2020,14,VCF0809,VCF0879a,7,1,158,6545,0.0241405653170359
2020,14,VCF0809,VCF0879a,1,2,477,6545,0.0728800611153552
2020,14,VCF0809,VCF0879a,2,2,417,6545,0.0637127578304049
2020,14,VCF0809,VCF0879a,3,2,404,6545,0.0617265087853323
2020,14,VCF0809,VCF0879a,4,2,601,6545,0.0918258212375859
2020,14,VCF0809,VCF0879a,5,2,341,6545,0.0521008403361345
2020,14,VCF0809,VCF0879a,6,2,204,6545,0.0311688311688312
2020,14,VCF0809,VCF0879a,7,2,256,6545,0.0391138273491215
2020,14,VCF0809,VCF0879a,1,3,101,6545,0.0154316271963331
2020,14,VCF0809,VCF0879a,2,3,116,6545,0.0177234530175707
2020,14,VCF0809,VCF0879a,3,3,184,6545,0.0281130634071811
2020,14,VCF0809,VCF0879a,4,3,393,6545,0.0600458365164247
2020,14,VCF0809,VCF0879a,5,3,452,6545,0.0690603514132926
2020,14,VCF0809,VCF0879a,6,3,407,6545,0.0621848739495798
2020,14,VCF0809,VCF0879a,7,3,395,6545,0.0603514132925898
2020,15,VCF0809,VCF9223,1,1,182,6578,0.0276679841897233
2020,15,VCF0809,VCF9223,2,1,84,6578,0.0127698388567954
2020,15,VCF0809,VCF9223,3,1,55,6578,0.00836120401337793
2020,15,VCF0809,VCF9223,4,1,84,6578,0.0127698388567954
2020,15,VCF0809,VCF9223,5,1,25,6578,0.00380054727880815
2020,15,VCF0809,VCF9223,6,1,23,6578,0.0034965034965035
2020,15,VCF0809,VCF9223,7,1,70,6578,0.0106415323806628
2020,15,VCF0809,VCF9223,1,2,274,6578,0.0416539981757373
2020,15,VCF0809,VCF9223,2,2,196,6578,0.0297962906658559
2020,15,VCF0809,VCF9223,3,2,168,6578,0.0255396777135908
2020,15,VCF0809,VCF9223,4,2,174,6578,0.0264518090605047
2020,15,VCF0809,VCF9223,5,2,83,6578,0.0126178169656431
2020,15,VCF0809,VCF9223,6,2,50,6578,0.0076010945576163
2020,15,VCF0809,VCF9223,7,2,82,6578,0.0124657950744907
2020,15,VCF0809,VCF9223,1,3,438,6578,0.0665855883247188
2020,15,VCF0809,VCF9223,2,3,396,6578,0.0602006688963211
2020,15,VCF0809,VCF9223,3,3,433,6578,0.0658254788689571
2020,15,VCF0809,VCF9223,4,3,550,6578,0.0836120401337793
2020,15,VCF0809,VCF9223,5,3,343,6578,0.0521435086652478
2020,15,VCF0809,VCF9223,6,3,218,6578,0.0331407722712071
2020,15,VCF0809,VCF9223,7,3,231,6578,0.0351170568561873
2020,15,VCF0809,VCF9223,1,4,176,6578,0.0267558528428094
2020,15,VCF0809,VCF9223,2,4,194,6578,0.0294922468835512
2020,15,VCF0809,VCF9223,3,4,239,6578,0.0363332319854059
2020,15,VCF0809,VCF9223,4,4,491,6578,0.074642748555792
2020,15,VCF0809,VCF9223,5,4,476,6578,0.0723624201885072
2020,15,VCF0809,VCF9223,6,4,411,6578,0.062480997263606
2020,15,VCF0809,VCF9223,7,4,432,6578,0.0656734569778048
2020,16,VCF0838,VCF0839,1,1,120,6761,0.0177488537198639
2020,16,VCF0838,VCF0839,2,1,201,6761,0.0297293299807721
2020,16,VCF0838,VCF0839,3,1,60,6761,0.00887442685993196
2020,16,VCF0838,VCF0839,4,1,90,6761,0.0133116402898979
2020,16,VCF0838,VCF0839,1,2,105,6761,0.0155302470048809
2020,16,VCF0838,VCF0839,2,2,217,6761,0.0320958438100873
2020,16,VCF0838,VCF0839,3,2,87,6761,0.0128679189469013
2020,16,VCF0838,VCF0839,4,2,100,6761,0.0147907114332199
2020,16,VCF0838,VCF0839,1,3,120,6761,0.0177488537198639
2020,16,VCF0838,VCF0839,2,3,276,6761,0.040822363555687
2020,16,VCF0838,VCF0839,3,3,162,6761,0.0239609525218163
2020,16,VCF0838,VCF0839,4,3,231,6761,0.0341665434107381
2020,16,VCF0838,VCF0839,1,4,149,6761,0.0220381600354977
2020,16,VCF0838,VCF0839,2,4,389,6761,0.0575358674752256
2020,16,VCF0838,VCF0839,3,4,232,6761,0.0343144505250703
2020,16,VCF0838,VCF0839,4,4,662,6761,0.097914509687916
2020,16,VCF0838,VCF0839,1,5,74,6761,0.0109451264605828
2020,16,VCF0838,VCF0839,2,5,217,6761,0.0320958438100873
2020,16,VCF0838,VCF0839,3,5,195,6761,0.0288418872947789
2020,16,VCF0838,VCF0839,4,5,820,6761,0.121283833752404
2020,16,VCF0838,VCF0839,1,6,35,6761,0.00517674900162698
2020,16,VCF0838,VCF0839,2,6,112,6761,0.0165655968052063
2020,16,VCF0838,VCF0839,3,6,89,6761,0.0131637331755657
2020,16,VCF0838,VCF0839,4,6,719,6761,0.106345215204851
2020,16,VCF0838,VCF0839,1,7,100,6761,0.0147907114332199
2020,16,VCF0838,VCF0839,2,7,189,6761,0.0279544446087857
2020,16,VCF0838,VCF0839,3,7,121,6761,0.0178967608341961
2020,16,VCF0838,VCF0839,4,7,889,6761,0.131489424641325
2020,17,VCF0838,VCF0888,1,1,36,7865,0.00457724094087731
2020,17,VCF0838,VCF0888,2,1,63,7865,0.00801017164653528
2020,17,VCF0838,VCF0888,3,1,87,7865,0.0110616656071202
2020,17,VCF0838,VCF0888,4,1,712,7865,0.0905276541640178
2020,17,VCF0838,VCF0888,1,2,225,7865,0.0286077558804832
2020,17,VCF0838,VCF0888,2,2,524,7865,0.066624284806103
2020,17,VCF0838,VCF0888,3,2,379,7865,0.0481881754609027
2020,17,VCF0838,VCF0888,4,2,1548,7865,0.196821360457724
2020,17,VCF0838,VCF0888,1,3,604,7865,0.0767959313413859
2020,17,VCF0838,VCF0888,2,3,1325,7865,0.168467895740623
2020,17,VCF0838,VCF0888,3,3,628,7865,0.0798474253019708
2020,17,VCF0838,VCF0888,4,3,1734,7865,0.220470438652257
2020,18,VCF0838,VCF0890,1,1,120,7885,0.0152187698161065
2020,18,VCF0838,VCF0890,2,1,200,7885,0.0253646163601776
2020,18,VCF0838,VCF0890,3,1,79,7885,0.0100190234622701
2020,18,VCF0838,VCF0890,4,1,94,7885,0.0119213696892834
2020,18,VCF0838,VCF0890,1,2,309,7885,0.0391883322764743
2020,18,VCF0838,VCF0890,2,2,673,7885,0.0853519340519975
2020,18,VCF0838,VCF0890,3,2,322,7885,0.0408370323398859
2020,18,VCF0838,VCF0890,4,2,756,7885,0.0958782498414711
2020,18,VCF0838,VCF0890,1,3,437,7885,0.055421686746988
2020,18,VCF0838,VCF0890,2,3,1039,7885,0.131769181991122
2020,18,VCF0838,VCF0890,3,3,694,7885,0.0880152187698161
2020,18,VCF0838,VCF0890,4,3,3162,7885,0.401014584654407
2020,19,VCF0838,VCF0894,1,1,383,7864,0.0487029501525941
2020,19,VCF0838,VCF0894,2,1,809,7864,0.102873855544252
2020,19,VCF0838,VCF0894,3,1,348,7864,0.0442522889114954
2020,19,VCF0838,VCF0894,4,1,666,7864,0.0846897253306206
2020,19,VCF0838,VCF0894,1,2,338,7864,0.0429806714140387
2020,19,VCF0838,VCF0894,2,2,820,7864,0.104272634791455
2020,19,VCF0838,VCF0894,3,2,518,7864,0.0658697863682604
2020,19,VCF0838,VCF0894,4,2,1685,7864,0.214267548321465
2020,19,VCF0838,VCF0894,1,3,143,7864,0.0181841302136317
2020,19,VCF0838,VCF0894,2,3,280,7864,0.0356052899287894
2020,19,VCF0838,VCF0894,3,3,228,7864,0.0289928789420142
2020,19,VCF0838,VCF0894,4,3,1646,7864,0.209308240081384
2020,20,VCF0838,VCF0879a,1,1,285,7038,0.0404944586530264
2020,20,VCF0838,VCF0879a,2,1,674,7038,0.0957658425689116
2020,20,VCF0838,VCF0879a,3,1,328,7038,0.0466041489059392
2020,20,VCF0838,VCF0879a,4,1,670,7038,0.0951974992895709
2020,20,VCF0838,VCF0879a,1,2,353,7038,0.0501562944018187
2020,20,VCF0838,VCF0879a,2,2,759,7038,0.107843137254902
2020,20,VCF0838,VCF0879a,3,2,449,7038,0.063796533105996
2020,20,VCF0838,VCF0879a,4,2,1378,7038,0.195794259732879
2020,20,VCF0838,VCF0879a,1,3,117,7038,0.0166240409207161
2020,20,VCF0838,VCF0879a,2,3,247,7038,0.0350951974992896
2020,20,VCF0838,VCF0879a,3,3,215,7038,0.0305484512645638
2020,20,VCF0838,VCF0879a,4,3,1563,7038,0.222080136402387
2020,21,VCF0838,VCF9223,1,1,112,7072,0.0158371040723982
2020,21,VCF0838,VCF9223,2,1,192,7072,0.0271493212669683
2020,21,VCF0838,VCF9223,3,1,87,7072,0.012302036199095
2020,21,VCF0838,VCF9223,4,1,187,7072,0.0264423076923077
2020,21,VCF0838,VCF9223,1,2,186,7072,0.0263009049773756
2020,21,VCF0838,VCF9223,2,2,422,7072,0.0596719457013575
2020,21,VCF0838,VCF9223,3,2,185,7072,0.0261595022624434
2020,21,VCF0838,VCF9223,4,2,347,7072,0.049066742081448
2020,21,VCF0838,VCF9223,1,3,317,7072,0.0448246606334842
2020,21,VCF0838,VCF9223,2,3,774,7072,0.109445701357466
2020,21,VCF0838,VCF9223,3,3,447,7072,0.0632070135746606
2020,21,VCF0838,VCF9223,4,3,1275,7072,0.180288461538462
2020,21,VCF0838,VCF9223,1,4,143,7072,0.0202205882352941
2020,21,VCF0838,VCF9223,2,4,303,7072,0.0428450226244344
2020,21,VCF0838,VCF9223,3,4,277,7072,0.0391685520361991
2020,21,VCF0838,VCF9223,4,4,1818,7072,0.257070135746606
2020,22,VCF0839,VCF0888,1,1,42,7037,0.00596845246553929
2020,22,VCF0839,VCF0888,2,1,27,7037,0.00383686229927526
2020,22,VCF0839,VCF0888,3,1,48,7037,0.00682108853204491
2020,22,VCF0839,VCF0888,4,1,94,7037,0.0133579650419213
2020,22,VCF0839,VCF0888,5,1,176,7037,0.0250106579508313
2020,22,VCF0839,VCF0888,6,1,194,7037,0.0275685661503482
2020,22,VCF0839,VCF0888,7,1,304,7037,0.0432002273696177
2020,22,VCF0839,VCF0888,1,2,130,7037,0.018473781440955
2020,22,VCF0839,VCF0888,2,2,160,7037,0.022736961773483
2020,22,VCF0839,VCF0888,3,2,255,7037,0.0362370328264886
2020,22,VCF0839,VCF0888,4,2,555,7037,0.0788688361517692
2020,22,VCF0839,VCF0888,5,2,563,7037,0.0800056842404434
2020,22,VCF0839,VCF0888,6,2,387,7037,0.0549950262896121
2020,22,VCF0839,VCF0888,7,2,387,7037,0.0549950262896121
2020,22,VCF0839,VCF0888,1,3,326,7037,0.0463265596134717
2020,22,VCF0839,VCF0888,2,3,359,7037,0.0510160579792525
2020,22,VCF0839,VCF0888,3,3,518,7037,0.0736109137416513
2020,22,VCF0839,VCF0888,4,3,859,7037,0.122069063521387
2020,22,VCF0839,VCF0888,5,3,610,7037,0.086684666761404
2020,22,VCF0839,VCF0888,6,3,394,7037,0.0559897683672019
2020,22,VCF0839,VCF0888,7,3,649,7037,0.0922268011936905
2020,23,VCF0839,VCF0890,1,1,173,7056,0.0245181405895692
2020,23,VCF0839,VCF0890,2,1,113,7056,0.0160147392290249
2020,23,VCF0839,VCF0890,3,1,93,7056,0.0131802721088435
2020,23,VCF0839,VCF0890,4,1,69,7056,0.00977891156462585
2020,23,VCF0839,VCF0890,5,1,15,7056,0.00212585034013605
2020,23,VCF0839,VCF0890,6,1,9,7056,0.00127551020408163
2020,23,VCF0839,VCF0890,7,1,20,7056,0.00283446712018141
2020,23,VCF0839,VCF0890,1,2,175,7056,0.0248015873015873
2020,23,VCF0839,VCF0890,2,2,251,7056,0.0355725623582766
2020,23,VCF0839,VCF0890,3,2,355,7056,0.05031179138322
2020,23,VCF0839,VCF0890,4,2,513,7056,0.0727040816326531
2020,23,VCF0839,VCF0890,5,2,237,7056,0.0335884353741497
2020,23,VCF0839,VCF0890,6,2,129,7056,0.0182823129251701
2020,23,VCF0839,VCF0890,7,2,141,7056,0.0199829931972789
2020,23,VCF0839,VCF0890,1,3,152,7056,0.0215419501133787
2020,23,VCF0839,VCF0890,2,3,182,7056,0.0257936507936508
2020,23,VCF0839,VCF0890,3,3,372,7056,0.0527210884353742
2020,23,VCF0839,VCF0890,4,3,929,7056,0.131660997732426
2020,23,VCF0839,VCF0890,5,3,1103,7056,0.156320861678005
2020,23,VCF0839,VCF0890,6,3,844,7056,0.119614512471655
2020,23,VCF0839,VCF0890,7,3,1181,7056,0.167375283446712
2020,24,VCF0839,VCF0894,1,1,383,7037,0.054426602245275
2020,24,VCF0839,VCF0894,2,1,333,7037,0.0473213016910615
2020,24,VCF0839,VCF0894,3,1,426,7037,0.0605371607218985
2020,24,VCF0839,VCF0894,4,1,436,7037,0.0619582208327412
2020,24,VCF0839,VCF0894,5,1,203,7037,0.0288475202501066
2020,24,VCF0839,VCF0894,6,1,85,7037,0.0120790109421629
2020,24,VCF0839,VCF0894,7,1,130,7037,0.018473781440955
2020,24,VCF0839,VCF0894,1,2,99,7037,0.0140684950973426
2020,24,VCF0839,VCF0894,2,2,190,7037,0.0270001421060111
2020,24,VCF0839,VCF0894,3,2,345,7037,0.0490265738240728
2020,24,VCF0839,VCF0894,4,2,849,7037,0.120648003410544
2020,24,VCF0839,VCF0894,5,2,664,7037,0.0943583913599545
2020,24,VCF0839,VCF0894,6,2,363,7037,0.0515844820235896
2020,24,VCF0839,VCF0894,7,2,407,7037,0.0578371465112974
2020,24,VCF0839,VCF0894,1,3,19,7037,0.00270001421060111
2020,24,VCF0839,VCF0894,2,3,20,7037,0.00284212022168538
2020,24,VCF0839,VCF0894,3,3,47,7037,0.00667898252096064
2020,24,VCF0839,VCF0894,4,3,219,7037,0.0311212164274549
2020,24,VCF0839,VCF0894,5,3,484,7037,0.0687793093647861
2020,24,VCF0839,VCF0894,6,3,531,7037,0.0754582918857468
2020,24,VCF0839,VCF0894,7,3,804,7037,0.114253232911752
2020,25,VCF0839,VCF0879a,1,1,210,6347,0.0330864975579014
2020,25,VCF0839,VCF0879a,2,1,212,6347,0.0334016070584528
2020,25,VCF0839,VCF0879a,3,1,281,6347,0.0442728848274776
2020,25,VCF0839,VCF0879a,4,1,404,6347,0.0636521191113912
2020,25,VCF0839,VCF0879a,5,1,236,6347,0.0371829210650701
2020,25,VCF0839,VCF0879a,6,1,127,6347,0.0200094532850165
2020,25,VCF0839,VCF0879a,7,1,227,6347,0.0357649283125886
2020,25,VCF0839,VCF0879a,1,2,174,6347,0.0274145265479754
2020,25,VCF0839,VCF0879a,2,2,218,6347,0.0343469355601071
2020,25,VCF0839,VCF0879a,3,2,363,6347,0.0571923743500867
2020,25,VCF0839,VCF0879a,4,2,648,6347,0.102095478178667
2020,25,VCF0839,VCF0879a,5,2,498,6347,0.078462265637309
2020,25,VCF0839,VCF0879a,6,2,284,6347,0.0447455490783047
2020,25,VCF0839,VCF0879a,7,2,402,6347,0.0633370096108398
2020,25,VCF0839,VCF0879a,1,3,52,6347,0.00819284701433748
2020,25,VCF0839,VCF0879a,2,3,56,6347,0.00882306601544036
2020,25,VCF0839,VCF0879a,3,3,104,6347,0.016385694028675
2020,25,VCF0839,VCF0879a,4,3,304,6347,0.0478966440838191
2020,25,VCF0839,VCF0879a,5,3,482,6347,0.0759413896328974
2020,25,VCF0839,VCF0879a,6,3,489,6347,0.0770442728848275
2020,25,VCF0839,VCF0879a,7,3,576,6347,0.0907515361588152
2020,26,VCF0839,VCF9223,1,1,90,6376,0.0141154328732748
2020,26,VCF0839,VCF9223,2,1,54,6376,0.00846925972396487
2020,26,VCF0839,VCF9223,3,1,72,6376,0.0112923462986198
2020,26,VCF0839,VCF9223,4,1,105,6376,0.0164680050188206
2020,26,VCF0839,VCF9223,5,1,56,6376,0.00878293601003764
2020,26,VCF0839,VCF9223,6,1,28,6376,0.00439146800501882
2020,26,VCF0839,VCF9223,7,1,98,6376,0.0153701380175659
2020,26,VCF0839,VCF9223,1,2,109,6376,0.0170953575909661
2020,26,VCF0839,VCF9223,2,2,118,6376,0.0185069008782936
2020,26,VCF0839,VCF9223,3,2,173,6376,0.0271329987452949
2020,26,VCF0839,VCF9223,4,2,240,6376,0.0376411543287327
2020,26,VCF0839,VCF9223,5,2,116,6376,0.0181932245922208
2020,26,VCF0839,VCF9223,6,2,66,6376,0.0103513174404015
2020,26,VCF0839,VCF9223,7,2,138,6376,0.0216436637390213
2020,26,VCF0839,VCF9223,1,3,165,6376,0.0258782936010038
2020,26,VCF0839,VCF9223,2,3,246,6376,0.0385821831869511
2020,26,VCF0839,VCF9223,3,3,341,6376,0.0534818067754078
2020,26,VCF0839,VCF9223,4,3,624,6376,0.0978670012547051
2020,26,VCF0839,VCF9223,5,3,482,6376,0.0755959849435383
2020,26,VCF0839,VCF9223,6,3,298,6376,0.0467377666248432
2020,26,VCF0839,VCF9223,7,3,346,6376,0.0542659974905897
2020,26,VCF0839,VCF9223,1,4,74,6376,0.0116060225846926
2020,26,VCF0839,VCF9223,2,4,69,6376,0.0108218318695107
2020,26,VCF0839,VCF9223,3,4,167,6376,0.0261919698870765
2020,26,VCF0839,VCF9223,4,4,398,6376,0.0624215809284818
2020,26,VCF0839,VCF9223,5,4,564,6376,0.088456712672522
2020,26,VCF0839,VCF9223,6,4,510,6376,0.0799874529485571
2020,26,VCF0839,VCF9223,7,4,629,6376,0.0986511919698871
2020,27,VCF0888,VCF0890,1,1,64,8216,0.00778967867575463
2020,27,VCF0888,VCF0890,2,1,151,8216,0.0183787731256086
2020,27,VCF0888,VCF0890,3,1,314,8216,0.0382181110029211
2020,27,VCF0888,VCF0890,1,2,109,8216,0.0132667964946446
2020,27,VCF0888,VCF0890,2,2,914,8216,0.111246348588121
2020,27,VCF0888,VCF0890,3,2,1149,8216,0.139849074975657
2020,27,VCF0888,VCF0890,1,3,772,8216,0.0939629990262902
2020,27,VCF0888,VCF0890,2,3,1759,8216,0.214094449853944
2020,27,VCF0888,VCF0890,3,3,2984,8216,0.363193768257059
2020,28,VCF0888,VCF0894,1,1,134,8192,0.016357421875
2020,28,VCF0888,VCF0894,2,1,605,8192,0.0738525390625
2020,28,VCF0888,VCF0894,3,1,1572,8192,0.19189453125
2020,28,VCF0888,VCF0894,1,2,242,8192,0.029541015625
2020,28,VCF0888,VCF0894,2,2,1463,8192,0.1785888671875
2020,28,VCF0888,VCF0894,3,2,1808,8192,0.220703125
2020,28,VCF0888,VCF0894,1,3,568,8192,0.0693359375
2020,28,VCF0888,VCF0894,2,3,743,8192,0.0906982421875
2020,28,VCF0888,VCF0894,3,3,1057,8192,0.1290283203125
2020,29,VCF0888,VCF0879a,1,1,88,7317,0.012026786934536
2020,29,VCF0888,VCF0879a,2,1,542,7317,0.0740740740740741
2020,29,VCF0888,VCF0879a,3,1,1402,7317,0.191608582752494
2020,29,VCF0888,VCF0879a,1,2,207,7317,0.028290282902829
2020,29,VCF0888,VCF0879a,2,2,1082,7317,0.147874812081454
2020,29,VCF0888,VCF0879a,3,2,1778,7317,0.242995763290966
2020,29,VCF0888,VCF0879a,1,3,547,7317,0.0747574142408091
2020,29,VCF0888,VCF0879a,2,3,910,7317,0.12436791034577
2020,29,VCF0888,VCF0879a,3,3,761,7317,0.104004373377067
2020,30,VCF0888,VCF9223,1,1,31,7355,0.00421481985044188
2020,30,VCF0888,VCF9223,2,1,136,7355,0.0184908225696805
2020,30,VCF0888,VCF9223,3,1,436,7355,0.0592794017675051
2020,30,VCF0888,VCF9223,1,2,53,7355,0.00720598232494901
2020,30,VCF0888,VCF9223,2,2,318,7355,0.0432358939496941
2020,30,VCF0888,VCF9223,3,2,808,7355,0.109857239972808
2020,30,VCF0888,VCF9223,1,3,222,7355,0.0301835486063902
2020,30,VCF0888,VCF9223,2,3,993,7355,0.135010197144799
2020,30,VCF0888,VCF9223,3,3,1714,7355,0.233038749150238
2020,30,VCF0888,VCF9223,1,4,537,7355,0.073011556764106
2020,30,VCF0888,VCF9223,2,4,1104,7355,0.150101971447995
2020,30,VCF0888,VCF9223,3,4,1003,7355,0.136369816451394
2020,31,VCF0890,VCF0894,1,1,365,8213,0.044441738706928
2020,31,VCF0890,VCF0894,2,1,799,8213,0.0972847924022891
2020,31,VCF0890,VCF0894,3,1,1148,8213,0.139778400097407
2020,31,VCF0890,VCF0894,1,2,131,8213,0.0159503226591988
2020,31,VCF0890,VCF0894,2,2,1161,8213,0.141361256544503
2020,31,VCF0890,VCF0894,3,2,2228,8213,0.271277243394618
2020,31,VCF0890,VCF0894,1,3,33,8213,0.00401802021185925
2020,31,VCF0890,VCF0894,2,3,208,8213,0.0253257031535371
2020,31,VCF0890,VCF0894,3,3,2140,8213,0.26056252282966
2020,32,VCF0890,VCF0879a,1,1,228,7333,0.0310923223782899
2020,32,VCF0890,VCF0879a,2,1,716,7333,0.0976408018546298
2020,32,VCF0890,VCF0879a,3,1,1090,7333,0.148643120141825
2020,32,VCF0890,VCF0879a,1,2,185,7333,0.0252284194736124
2020,32,VCF0890,VCF0879a,2,2,875,7333,0.119323605618437
2020,32,VCF0890,VCF0879a,3,2,2009,7333,0.273966998499932
2020,32,VCF0890,VCF0879a,1,3,69,7333,0.00940951861448248
2020,32,VCF0890,VCF0879a,2,3,334,7333,0.0455475248874949
2020,32,VCF0890,VCF0879a,3,3,1827,7333,0.249147688531297
2020,33,VCF0890,VCF9223,1,1,88,7372,0.0119370591427021
2020,33,VCF0890,VCF9223,2,1,198,7372,0.0268583830710798
2020,33,VCF0890,VCF9223,3,1,318,7372,0.0431361909929463
2020,33,VCF0890,VCF9223,1,2,125,7372,0.016956049918611
2020,33,VCF0890,VCF9223,2,2,427,7372,0.057921866521975
2020,33,VCF0890,VCF9223,3,2,625,7372,0.0847802495930548
2020,33,VCF0890,VCF9223,1,3,195,7372,0.0264514378730331
2020,33,VCF0890,VCF9223,2,3,887,7372,0.120320130222463
2020,33,VCF0890,VCF9223,3,3,1853,7372,0.251356483993489
2020,33,VCF0890,VCF9223,1,4,76,7372,0.0103092783505155
2020,33,VCF0890,VCF9223,2,4,428,7372,0.0580575149213239
2020,33,VCF0890,VCF9223,3,4,2152,7372,0.291915355398806
2020,34,VCF0894,VCF0879a,1,1,966,7314,0.132075471698113
2020,34,VCF0894,VCF0879a,2,1,805,7314,0.110062893081761
2020,34,VCF0894,VCF0879a,3,1,261,7314,0.0356849876948318
2020,34,VCF0894,VCF0879a,1,2,860,7314,0.117582718074925
2020,34,VCF0894,VCF0879a,2,2,1543,7314,0.210965272080941
2020,34,VCF0894,VCF0879a,3,2,653,7314,0.089280831282472
2020,34,VCF0894,VCF0879a,1,3,237,7314,0.0324036095159967
2020,34,VCF0894,VCF0879a,2,3,794,7314,0.108558928083128
2020,34,VCF0894,VCF0879a,3,3,1195,7314,0.163385288487832
2020,35,VCF0894,VCF9223,1,1,288,7351,0.0391783430825738
2020,35,VCF0894,VCF9223,2,1,212,7351,0.0288396136580057
2020,35,VCF0894,VCF9223,3,1,103,7351,0.0140116990885594
2020,35,VCF0894,VCF9223,1,2,507,7351,0.0689702081349476
2020,35,VCF0894,VCF9223,2,2,494,7351,0.0672017412596926
2020,35,VCF0894,VCF9223,3,2,176,7351,0.023942320772684
2020,35,VCF0894,VCF9223,1,3,889,7351,0.12093592708475
2020,35,VCF0894,VCF9223,2,3,1345,7351,0.182968303632159
2020,35,VCF0894,VCF9223,3,3,693,7351,0.0942728880424432
2020,35,VCF0894,VCF9223,1,4,386,7351,0.0525098626037274
2020,35,VCF0894,VCF9223,2,4,1107,7351,0.150591756223643
2020,35,VCF0894,VCF9223,3,4,1151,7351,0.156577336416814
2020,36,VCF0879a,VCF9223,1,1,426,7341,0.0580302411115652
2020,36,VCF0879a,VCF9223,2,1,118,7341,0.016074104345457
2020,36,VCF0879a,VCF9223,3,1,57,7341,0.00776460972619534
2020,36,VCF0879a,VCF9223,1,2,634,7341,0.0863642555510148
2020,36,VCF0879a,VCF9223,2,2,434,7341,0.0591200108976979
2020,36,VCF0879a,VCF9223,3,2,110,7341,0.0149843345593243
2020,36,VCF0879a,VCF9223,1,3,773,7341,0.10529900558507
2020,36,VCF0879a,VCF9223,2,3,1494,7341,0.203514507560278
2020,36,VCF0879a,VCF9223,3,3,649,7341,0.0884075739000136
2020,36,VCF0879a,VCF9223,1,4,203,7341,0.0276529083231167
2020,36,VCF0879a,VCF9223,2,4,1025,7341,0.13962675384825
2020,36,VCF0879a,VCF9223,3,4,1418,7341,0.193161694592017
2024,1,VCF0806,VCF0809,1,1,319,4466,0.0714285714285714
2024,1,VCF0806,VCF0809,2,1,88,4466,0.0197044334975369
2024,1,VCF0806,VCF0809,3,1,86,4466,0.019256605463502
2024,1,VCF0806,VCF0809,4,1,67,4466,0.0150022391401702
2024,1,VCF0806,VCF0809,5,1,36,4466,0.00806090461262875
2024,1,VCF0806,VCF0809,6,1,16,4466,0.00358262427227945
2024,1,VCF0806,VCF0809,7,1,35,4466,0.00783699059561129
2024,1,VCF0806,VCF0809,1,2,92,4466,0.0206000895656068
2024,1,VCF0806,VCF0809,2,2,147,4466,0.0329153605015674
2024,1,VCF0806,VCF0809,3,2,119,4466,0.0266457680250784
2024,1,VCF0806,VCF0809,4,2,111,4466,0.0248544558889386
2024,1,VCF0806,VCF0809,5,2,44,4466,0.00985221674876847
2024,1,VCF0806,VCF0809,6,2,29,4466,0.00649350649350649
2024,1,VCF0806,VCF0809,7,2,20,4466,0.00447828034034931
2024,1,VCF0806,VCF0809,1,3,74,4466,0.0165696372592924
2024,1,VCF0806,VCF0809,2,3,73,4466,0.016345723242275
2024,1,VCF0806,VCF0809,3,3,146,4466,0.0326914464845499
2024,1,VCF0806,VCF0809,4,3,135,4466,0.0302283922973578
2024,1,VCF0806,VCF0809,5,3,89,4466,0.0199283475145544
2024,1,VCF0806,VCF0809,6,3,58,4466,0.012987012987013
2024,1,VCF0806,VCF0809,7,3,61,4466,0.0136587550380654
2024,1,VCF0806,VCF0809,1,4,48,4466,0.0107478728168383
2024,1,VCF0806,VCF0809,2,4,58,4466,0.012987012987013
2024,1,VCF0806,VCF0809,3,4,98,4466,0.0219435736677116
2024,1,VCF0806,VCF0809,4,4,261,4466,0.0584415584415584
2024,1,VCF0806,VCF0809,5,4,165,4466,0.0369458128078818
2024,1,VCF0806,VCF0809,6,4,121,4466,0.0270935960591133
2024,1,VCF0806,VCF0809,7,4,150,4466,0.0335871025526198
2024,1,VCF0806,VCF0809,1,5,17,4466,0.00380653828929691
2024,1,VCF0806,VCF0809,2,5,19,4466,0.00425436632333184
2024,1,VCF0806,VCF0809,3,5,47,4466,0.0105239587998209
2024,1,VCF0806,VCF0809,4,5,109,4466,0.0244066278549037
2024,1,VCF0806,VCF0809,5,5,147,4466,0.0329153605015674
2024,1,VCF0806,VCF0809,6,5,170,4466,0.0380653828929691
2024,1,VCF0806,VCF0809,7,5,159,4466,0.035602328705777
2024,1,VCF0806,VCF0809,1,6,8,4466,0.00179131213613972
2024,1,VCF0806,VCF0809,2,6,16,4466,0.00358262427227945
2024,1,VCF0806,VCF0809,3,6,20,4466,0.00447828034034931
2024,1,VCF0806,VCF0809,4,6,48,4466,0.0107478728168383
2024,1,VCF0806,VCF0809,5,6,68,4466,0.0152261531571876
2024,1,VCF0806,VCF0809,6,6,106,4466,0.0237348858038513
2024,1,VCF0806,VCF0809,7,6,180,4466,0.0403045230631438
2024,1,VCF0806,VCF0809,1,7,47,4466,0.0105239587998209
2024,1,VCF0806,VCF0809,2,7,15,4466,0.00335871025526198
2024,1,VCF0806,VCF0809,3,7,21,4466,0.00470219435736677
2024,1,VCF0806,VCF0809,4,7,45,4466,0.0100761307657859
2024,1,VCF0806,VCF0809,5,7,35,4466,0.00783699059561129
2024,1,VCF0806,VCF0809,6,7,55,4466,0.0123152709359606
2024,1,VCF0806,VCF0809,7,7,388,4466,0.0868786386027765
2024,2,VCF0806,VCF0838,1,1,71,4557,0.0155804257186746
2024,2,VCF0806,VCF0838,2,1,35,4557,0.00768049155145929
2024,2,VCF0806,VCF0838,3,1,38,4557,0.00833881939872723
2024,2,VCF0806,VCF0838,4,1,45,4557,0.00987491770901909
2024,2,VCF0806,VCF0838,5,1,21,4557,0.00460829493087558
2024,2,VCF0806,VCF0838,6,1,11,4557,0.00241386877331578
2024,2,VCF0806,VCF0838,7,1,31,4557,0.00680272108843537
2024,2,VCF0806,VCF0838,1,2,289,4557,0.0634189159534782
2024,2,VCF0806,VCF0838,2,2,160,4557,0.0351108185209568
2024,2,VCF0806,VCF0838,3,2,179,4557,0.0392802282203204
2024,2,VCF0806,VCF0838,4,2,168,4557,0.0368663594470046
2024,2,VCF0806,VCF0838,5,2,98,4557,0.021505376344086
2024,2,VCF0806,VCF0838,6,2,59,4557,0.0129471143296028
2024,2,VCF0806,VCF0838,7,2,105,4557,0.0230414746543779
2024,2,VCF0806,VCF0838,1,3,134,4557,0.0294053105113013
2024,2,VCF0806,VCF0838,2,3,109,4557,0.0239192451174018
2024,2,VCF0806,VCF0838,3,3,145,4557,0.0318191792846171
2024,2,VCF0806,VCF0838,4,3,194,4557,0.0425718674566601
2024,2,VCF0806,VCF0838,5,3,143,4557,0.0313802940531051
2024,2,VCF0806,VCF0838,6,3,111,4557,0.0243581303489138
2024,2,VCF0806,VCF0838,7,3,127,4557,0.0278692122010094
2024,2,VCF0806,VCF0838,1,4,121,4557,0.0265525565064736
2024,2,VCF0806,VCF0838,2,4,112,4557,0.0245775729646697
2024,2,VCF0806,VCF0838,3,4,185,4557,0.0405968839148563
2024,2,VCF0806,VCF0838,4,4,376,4557,0.0825104235242484
2024,2,VCF0806,VCF0838,5,4,331,4557,0.0726355058152293
2024,2,VCF0806,VCF0838,6,4,382,4557,0.0838270792187843
2024,2,VCF0806,VCF0838,7,4,777,4557,0.170506912442396
2024,3,VCF0806,VCF0839,1,1,162,4313,0.0375608625086946
2024,3,VCF0806,VCF0839,2,1,31,4313,0.00718757245536749
2024,3,VCF0806,VCF0839,3,1,38,4313,0.00881057268722467
2024,3,VCF0806,VCF0839,4,1,40,4313,0.00927428703918386
2024,3,VCF0806,VCF0839,5,1,9,4313,0.00208671458381637
2024,3,VCF0806,VCF0839,6,1,4,4313,0.000927428703918386
2024,3,VCF0806,VCF0839,7,1,26,4313,0.00602828657546951
2024,3,VCF0806,VCF0839,1,2,106,4313,0.0245768606538372
2024,3,VCF0806,VCF0839,2,2,72,4313,0.016693716670531
2024,3,VCF0806,VCF0839,3,2,66,4313,0.0153025736146534
2024,3,VCF0806,VCF0839,4,2,42,4313,0.00973800139114305
2024,3,VCF0806,VCF0839,5,2,20,4313,0.00463714351959193
2024,3,VCF0806,VCF0839,6,2,13,4313,0.00301414328773476
2024,3,VCF0806,VCF0839,7,2,8,4313,0.00185485740783677
2024,3,VCF0806,VCF0839,1,3,108,4313,0.0250405750057964
2024,3,VCF0806,VCF0839,2,3,111,4313,0.0257361465337352
2024,3,VCF0806,VCF0839,3,3,116,4313,0.0268954324136332
2024,3,VCF0806,VCF0839,4,3,90,4313,0.0208671458381637
2024,3,VCF0806,VCF0839,5,3,63,4313,0.0146070020867146
2024,3,VCF0806,VCF0839,6,3,33,4313,0.00765128680732669
2024,3,VCF0806,VCF0839,7,3,34,4313,0.00788314398330628
2024,3,VCF0806,VCF0839,1,4,89,4313,0.0206352886621841
2024,3,VCF0806,VCF0839,2,4,94,4313,0.0217945745420821
2024,3,VCF0806,VCF0839,3,4,135,4313,0.0313007187572455
2024,3,VCF0806,VCF0839,4,4,259,4313,0.0600510085787155
2024,3,VCF0806,VCF0839,5,4,152,4313,0.0352422907488987
2024,3,VCF0806,VCF0839,6,4,79,4313,0.0183167169023881
2024,3,VCF0806,VCF0839,7,4,87,4313,0.0201715743102249
2024,3,VCF0806,VCF0839,1,5,42,4313,0.00973800139114305
2024,3,VCF0806,VCF0839,2,5,41,4313,0.00950614421516346
2024,3,VCF0806,VCF0839,3,5,102,4313,0.0236494319499189
2024,3,VCF0806,VCF0839,4,5,156,4313,0.0361697194528171
2024,3,VCF0806,VCF0839,5,5,178,4313,0.0412705773243682
2024,3,VCF0806,VCF0839,6,5,190,4313,0.0440528634361234
2024,3,VCF0806,VCF0839,7,5,155,4313,0.0359378622768375
2024,3,VCF0806,VCF0839,1,6,15,4313,0.00347785763969395
2024,3,VCF0806,VCF0839,2,6,31,4313,0.00718757245536749
2024,3,VCF0806,VCF0839,3,6,31,4313,0.00718757245536749
2024,3,VCF0806,VCF0839,4,6,57,4313,0.013215859030837
2024,3,VCF0806,VCF0839,5,6,86,4313,0.0199397171342453
2024,3,VCF0806,VCF0839,6,6,142,4313,0.0329237189891027
2024,3,VCF0806,VCF0839,7,6,172,4313,0.0398794342684906
2024,3,VCF0806,VCF0839,1,7,44,4313,0.0102017157431022
2024,3,VCF0806,VCF0839,2,7,15,4313,0.00347785763969395
2024,3,VCF0806,VCF0839,3,7,34,4313,0.00788314398330628
2024,3,VCF0806,VCF0839,4,7,84,4313,0.0194760027822861
2024,3,VCF0806,VCF0839,5,7,64,4313,0.0148388592626942
2024,3,VCF0806,VCF0839,6,7,93,4313,0.0215627173661025
2024,3,VCF0806,VCF0839,7,7,494,4313,0.114537444933921
2024,4,VCF0806,VCF0888,1,1,25,4762,0.00524989500209996
2024,4,VCF0806,VCF0888,2,1,14,4762,0.00293994120117598
2024,4,VCF0806,VCF0888,3,1,20,4762,0.00419991600167997
2024,4,VCF0806,VCF0888,4,1,32,4762,0.00671986560268795
2024,4,VCF0806,VCF0888,5,1,35,4762,0.00734985300293994
2024,4,VCF0806,VCF0888,6,1,38,4762,0.00797984040319194
2024,4,VCF0806,VCF0888,7,1,123,4762,0.0258294834103318
2024,4,VCF0806,VCF0888,1,2,123,4762,0.0258294834103318
2024,4,VCF0806,VCF0888,2,2,76,4762,0.0159596808063839
2024,4,VCF0806,VCF0888,3,2,137,4762,0.0287694246115078
2024,4,VCF0806,VCF0888,4,2,215,4762,0.0451490970180596
2024,4,VCF0806,VCF0888,5,2,216,4762,0.0453590928181436
2024,4,VCF0806,VCF0888,6,2,246,4762,0.0516589668206636
2024,4,VCF0806,VCF0888,7,2,378,4762,0.0793784124317514
2024,4,VCF0806,VCF0888,1,3,502,4762,0.105417891642167
2024,4,VCF0806,VCF0888,2,3,346,4762,0.0726585468290634
2024,4,VCF0806,VCF0888,3,3,408,4762,0.0856782864342713
2024,4,VCF0806,VCF0888,4,3,584,4762,0.122637547249055
2024,4,VCF0806,VCF0888,5,3,370,4762,0.0776984460310794
2024,4,VCF0806,VCF0888,6,3,302,4762,0.0634187316253675
2024,4,VCF0806,VCF0888,7,3,572,4762,0.120117597648047
2024,5,VCF0806,VCF0890,1,1,178,4763,0.0373714045769473
2024,5,VCF0806,VCF0890,2,1,74,4763,0.015536426621877
2024,5,VCF0806,VCF0890,3,1,62,4763,0.0130170060885996
2024,5,VCF0806,VCF0890,4,1,56,4763,0.011757295821961
2024,5,VCF0806,VCF0890,5,1,14,4763,0.00293932395549024
2024,5,VCF0806,VCF0890,6,1,20,4763,0.00419903422212891
2024,5,VCF0806,VCF0890,7,1,16,4763,0.00335922737770313
2024,5,VCF0806,VCF0890,1,2,208,4763,0.0436699559101407
2024,5,VCF0806,VCF0890,2,2,148,4763,0.0310728532437539
2024,5,VCF0806,VCF0890,3,2,168,4763,0.0352718874658828
2024,5,VCF0806,VCF0890,4,2,200,4763,0.0419903422212891
2024,5,VCF0806,VCF0890,5,2,138,4763,0.0289733361326895
2024,5,VCF0806,VCF0890,6,2,87,4763,0.0182657988662608
2024,5,VCF0806,VCF0890,7,2,123,4763,0.0258240604660928
2024,5,VCF0806,VCF0890,1,3,264,4763,0.0554272517321016
2024,5,VCF0806,VCF0890,2,3,215,4763,0.0451396178878858
2024,5,VCF0806,VCF0890,3,3,334,4763,0.0701238715095528
2024,5,VCF0806,VCF0890,4,3,573,4763,0.120302330463993
2024,5,VCF0806,VCF0890,5,3,471,4763,0.0988872559311358
2024,5,VCF0806,VCF0890,6,3,481,4763,0.1009867730422
2024,5,VCF0806,VCF0890,7,3,933,4763,0.195884946462314
2024,6,VCF0806,VCF0894,1,1,407,4738,0.085901224145209
2024,6,VCF0806,VCF0894,2,1,208,4738,0.0439003799071338
2024,6,VCF0806,VCF0894,3,1,217,4738,0.0457999155761925
2024,6,VCF0806,VCF0894,4,1,244,4738,0.0514985225833685
2024,6,VCF0806,VCF0894,5,1,109,4738,0.0230054875474884
2024,6,VCF0806,VCF0894,6,1,75,4738,0.0158294639088223
2024,6,VCF0806,VCF0894,7,1,98,4738,0.0206838328408611
2024,6,VCF0806,VCF0894,1,2,192,4738,0.0405234276065851
2024,6,VCF0806,VCF0894,2,2,175,4738,0.036935415787252
2024,6,VCF0806,VCF0894,3,2,249,4738,0.05255382017729
2024,6,VCF0806,VCF0894,4,2,387,4738,0.081680033769523
2024,6,VCF0806,VCF0894,5,2,315,4738,0.0664837484170536
2024,6,VCF0806,VCF0894,6,2,219,4738,0.0462220346137611
2024,6,VCF0806,VCF0894,7,2,330,4738,0.0696496411988181
2024,6,VCF0806,VCF0894,1,3,49,4738,0.0103419164204306
2024,6,VCF0806,VCF0894,2,3,50,4738,0.0105529759392149
2024,6,VCF0806,VCF0894,3,3,98,4738,0.0206838328408611
2024,6,VCF0806,VCF0894,4,3,193,4738,0.0407344871253694
2024,6,VCF0806,VCF0894,5,3,197,4738,0.0415787252005065
2024,6,VCF0806,VCF0894,6,3,287,4738,0.0605740818910933
2024,6,VCF0806,VCF0894,7,3,639,4738,0.134867032503166
2024,7,VCF0806,VCF0879a,1,1,368,4287,0.085840914392349
2024,7,VCF0806,VCF0879a,2,1,226,4287,0.05271751807791
2024,7,VCF0806,VCF0879a,3,1,235,4287,0.0548168882668533
2024,7,VCF0806,VCF0879a,4,1,343,4287,0.0800093305341731
2024,7,VCF0806,VCF0879a,5,1,226,4287,0.05271751807791
2024,7,VCF0806,VCF0879a,6,1,165,4287,0.0384884534639608
2024,7,VCF0806,VCF0879a,7,1,305,4287,0.0711453230697457
2024,7,VCF0806,VCF0879a,1,2,147,4287,0.0342897130860742
2024,7,VCF0806,VCF0879a,2,2,121,4287,0.0282248658735713
2024,7,VCF0806,VCF0879a,3,2,176,4287,0.0410543503615582
2024,7,VCF0806,VCF0879a,4,2,294,4287,0.0685794261721484
2024,7,VCF0806,VCF0879a,5,2,237,4287,0.0552834149755073
2024,7,VCF0806,VCF0879a,6,2,241,4287,0.0562164683928155
2024,7,VCF0806,VCF0879a,7,2,410,4287,0.0956379752740844
2024,7,VCF0806,VCF0879a,1,3,68,4287,0.0158619080942384
2024,7,VCF0806,VCF0879a,2,3,52,4287,0.0121296944250058
2024,7,VCF0806,VCF0879a,3,3,77,4287,0.0179612782831817
2024,7,VCF0806,VCF0879a,4,3,103,4287,0.0240261254956846
2024,7,VCF0806,VCF0879a,5,3,104,4287,0.0242593888500117
2024,7,VCF0806,VCF0879a,6,3,137,4287,0.0319570795428038
2024,7,VCF0806,VCF0879a,7,3,252,4287,0.0587823652904129
2024,8,VCF0806,VCF9223,1,1,187,4306,0.043427775197399
2024,8,VCF0806,VCF9223,2,1,80,4306,0.018578727357176
2024,8,VCF0806,VCF9223,3,1,72,4306,0.0167208546214584
2024,8,VCF0806,VCF9223,4,1,99,4306,0.0229911751045053
2024,8,VCF0806,VCF9223,5,1,50,4306,0.011611704598235
2024,8,VCF0806,VCF9223,6,1,40,4306,0.00928936367858802
2024,8,VCF0806,VCF9223,7,1,105,4306,0.0243845796562935
2024,8,VCF0806,VCF9223,1,2,166,4306,0.0385508592661403
2024,8,VCF0806,VCF9223,2,2,117,4306,0.02717138875987
2024,8,VCF0806,VCF9223,3,2,121,4306,0.0281003251277288
2024,8,VCF0806,VCF9223,4,2,119,4306,0.0276358569437994
2024,8,VCF0806,VCF9223,5,2,53,4306,0.0123084068741291
2024,8,VCF0806,VCF9223,6,2,48,4306,0.0111472364143056
2024,8,VCF0806,VCF9223,7,2,89,4306,0.0206688341848583
2024,8,VCF0806,VCF9223,1,3,173,4306,0.0401764979098932
2024,8,VCF0806,VCF9223,2,3,153,4306,0.0355318160705992
2024,8,VCF0806,VCF9223,3,3,176,4306,0.0408732001857873
2024,8,VCF0806,VCF9223,4,3,295,4306,0.0685090571295866
2024,8,VCF0806,VCF9223,5,3,226,4306,0.0524849047840223
2024,8,VCF0806,VCF9223,6,3,164,4306,0.0380863910822109
2024,8,VCF0806,VCF9223,7,3,229,4306,0.0531816070599164
2024,8,VCF0806,VCF9223,1,4,57,4306,0.0132373432419879
2024,8,VCF0806,VCF9223,2,4,49,4306,0.0113794705062703
2024,8,VCF0806,VCF9223,3,4,124,4306,0.0287970274036229
2024,8,VCF0806,VCF9223,4,4,231,4306,0.0536460752438458
2024,8,VCF0806,VCF9223,5,4,240,4306,0.0557361820715281
2024,8,VCF0806,VCF9223,6,4,293,4306,0.0680445889456572
2024,8,VCF0806,VCF9223,7,4,550,4306,0.127728750580585
2024,9,VCF0809,VCF0838,1,1,90,4521,0.019907100199071
2024,9,VCF0809,VCF0838,2,1,42,4521,0.0092899800928998
2024,9,VCF0809,VCF0838,3,1,32,4521,0.0070780800707808
2024,9,VCF0809,VCF0838,4,1,33,4521,0.0072992700729927
2024,9,VCF0809,VCF0838,5,1,20,4521,0.004423800044238
2024,9,VCF0809,VCF0838,6,1,4,4521,0.0008847600088476
2024,9,VCF0809,VCF0838,7,1,32,4521,0.0070780800707808
2024,9,VCF0809,VCF0838,1,2,285,4521,0.0630391506303915
2024,9,VCF0809,VCF0838,2,2,216,4521,0.0477770404777704
2024,9,VCF0809,VCF0838,3,2,178,4521,0.0393718203937182
2024,9,VCF0809,VCF0838,4,2,169,4521,0.0373811103738111
2024,9,VCF0809,VCF0838,5,2,78,4521,0.0172528201725282
2024,9,VCF0809,VCF0838,6,2,45,4521,0.0099535500995355
2024,9,VCF0809,VCF0838,7,2,87,4521,0.0192435301924353
2024,9,VCF0809,VCF0838,1,3,148,4521,0.0327361203273612
2024,9,VCF0809,VCF0838,2,3,158,4521,0.0349480203494802
2024,9,VCF0809,VCF0838,3,3,185,4521,0.0409201504092015
2024,9,VCF0809,VCF0838,4,3,211,4521,0.0466710904667109
2024,9,VCF0809,VCF0838,5,3,127,4521,0.0280911302809113
2024,9,VCF0809,VCF0838,6,3,59,4521,0.0130502101305021
2024,9,VCF0809,VCF0838,7,3,78,4521,0.0172528201725282
2024,9,VCF0809,VCF0838,1,4,123,4521,0.0272063702720637
2024,9,VCF0809,VCF0838,2,4,150,4521,0.033178500331785
2024,9,VCF0809,VCF0838,3,4,243,4521,0.0537491705374917
2024,9,VCF0809,VCF0838,4,4,506,4521,0.111922141119221
2024,9,VCF0809,VCF0838,5,4,435,4521,0.0962176509621765
2024,9,VCF0809,VCF0838,6,4,334,4521,0.0738774607387746
2024,9,VCF0809,VCF0838,7,4,453,4521,0.100199071001991
2024,10,VCF0809,VCF0839,1,1,184,4293,0.0428604705334265
2024,10,VCF0809,VCF0839,2,1,66,4293,0.0153738644304682
2024,10,VCF0809,VCF0839,3,1,23,4293,0.00535755881667831
2024,10,VCF0809,VCF0839,4,1,18,4293,0.00419287211740042
2024,10,VCF0809,VCF0839,5,1,5,4293,0.00116468669927789
2024,10,VCF0809,VCF0839,6,1,3,4293,0.000698812019566737
2024,10,VCF0809,VCF0839,7,1,21,4293,0.00489168413696716
2024,10,VCF0809,VCF0839,1,2,136,4293,0.0316794782203587
2024,10,VCF0809,VCF0839,2,2,99,4293,0.0230607966457023
2024,10,VCF0809,VCF0839,3,2,43,4293,0.0100163056137899
2024,10,VCF0809,VCF0839,4,2,32,4293,0.00745399487537852
2024,10,VCF0809,VCF0839,5,2,9,4293,0.00209643605870021
2024,10,VCF0809,VCF0839,6,2,6,4293,0.00139762403913347
2024,10,VCF0809,VCF0839,7,2,6,4293,0.00139762403913347
2024,10,VCF0809,VCF0839,1,3,117,4293,0.0272536687631027
2024,10,VCF0809,VCF0839,2,3,160,4293,0.0372699743768926
2024,10,VCF0809,VCF0839,3,3,128,4293,0.0298159795015141
2024,10,VCF0809,VCF0839,4,3,87,4293,0.0202655485674354
2024,10,VCF0809,VCF0839,5,3,39,4293,0.00908455625436758
2024,10,VCF0809,VCF0839,6,3,21,4293,0.00489168413696716
2024,10,VCF0809,VCF0839,7,3,10,4293,0.00232937339855579
2024,10,VCF0809,VCF0839,1,4,88,4293,0.0204984859072909
2024,10,VCF0809,VCF0839,2,4,127,4293,0.0295830421616585
2024,10,VCF0809,VCF0839,3,4,192,4293,0.0447239692522711
2024,10,VCF0809,VCF0839,4,4,261,4293,0.0607966457023061
2024,10,VCF0809,VCF0839,5,4,130,4293,0.0302818541812253
2024,10,VCF0809,VCF0839,6,4,43,4293,0.0100163056137899
2024,10,VCF0809,VCF0839,7,4,36,4293,0.00838574423480084
2024,10,VCF0809,VCF0839,1,5,38,4293,0.008851618914512
2024,10,VCF0809,VCF0839,2,5,64,4293,0.014907989750757
2024,10,VCF0809,VCF0839,3,5,135,4293,0.0314465408805031
2024,10,VCF0809,VCF0839,4,5,226,4293,0.0526438388073608
2024,10,VCF0809,VCF0839,5,5,223,4293,0.0519450267877941
2024,10,VCF0809,VCF0839,6,5,99,4293,0.0230607966457023
2024,10,VCF0809,VCF0839,7,5,65,4293,0.0151409270906126
2024,10,VCF0809,VCF0839,1,6,16,4293,0.00372699743768926
2024,10,VCF0809,VCF0839,2,6,19,4293,0.004425809457256
2024,10,VCF0809,VCF0839,3,6,51,4293,0.0118798043326345
2024,10,VCF0809,VCF0839,4,6,117,4293,0.0272536687631027
2024,10,VCF0809,VCF0839,5,6,118,4293,0.0274866061029583
2024,10,VCF0809,VCF0839,6,6,124,4293,0.0288842301420918
2024,10,VCF0809,VCF0839,7,6,82,4293,0.0191008618681575
2024,10,VCF0809,VCF0839,1,7,43,4293,0.0100163056137899
2024,10,VCF0809,VCF0839,2,7,15,4293,0.00349406009783368
2024,10,VCF0809,VCF0839,3,7,44,4293,0.0102492429536455
2024,10,VCF0809,VCF0839,4,7,111,4293,0.0258560447239693
2024,10,VCF0809,VCF0839,5,7,121,4293,0.028185418122525
2024,10,VCF0809,VCF0839,6,7,137,4293,0.0319124155602143
2024,10,VCF0809,VCF0839,7,7,355,4293,0.0826927556487305
2024,11,VCF0809,VCF0888,1,1,33,4725,0.00698412698412698
2024,11,VCF0809,VCF0888,2,1,22,4725,0.00465608465608466
2024,11,VCF0809,VCF0888,3,1,23,4725,0.00486772486772487
2024,11,VCF0809,VCF0888,4,1,33,4725,0.00698412698412698
2024,11,VCF0809,VCF0888,5,1,46,4725,0.00973544973544974
2024,11,VCF0809,VCF0888,6,1,44,4725,0.00931216931216931
2024,11,VCF0809,VCF0888,7,1,86,4725,0.0182010582010582
2024,11,VCF0809,VCF0888,1,2,123,4725,0.026031746031746
2024,11,VCF0809,VCF0888,2,2,147,4725,0.0311111111111111
2024,11,VCF0809,VCF0888,3,2,164,4725,0.0347089947089947
2024,11,VCF0809,VCF0888,4,2,318,4725,0.0673015873015873
2024,11,VCF0809,VCF0888,5,2,261,4725,0.0552380952380952
2024,11,VCF0809,VCF0888,6,2,171,4725,0.0361904761904762
2024,11,VCF0809,VCF0888,7,2,183,4725,0.0387301587301587
2024,11,VCF0809,VCF0888,1,3,530,4725,0.112169312169312
2024,11,VCF0809,VCF0888,2,3,425,4725,0.0899470899470899
2024,11,VCF0809,VCF0888,3,3,482,4725,0.102010582010582
2024,11,VCF0809,VCF0888,4,3,603,4725,0.127619047619048
2024,11,VCF0809,VCF0888,5,3,385,4725,0.0814814814814815
2024,11,VCF0809,VCF0888,6,3,246,4725,0.0520634920634921
2024,11,VCF0809,VCF0888,7,3,400,4725,0.0846560846560847
2024,12,VCF0809,VCF0890,1,1,182,4729,0.0384859378304081
2024,12,VCF0809,VCF0890,2,1,115,4729,0.024318037640093
2024,12,VCF0809,VCF0890,3,1,51,4729,0.0107845210403891
2024,12,VCF0809,VCF0890,4,1,34,4729,0.00718968069359273
2024,12,VCF0809,VCF0890,5,1,17,4729,0.00359484034679636
2024,12,VCF0809,VCF0890,6,1,8,4729,0.00169168957496299
2024,12,VCF0809,VCF0890,7,1,17,4729,0.00359484034679636
2024,12,VCF0809,VCF0890,1,2,238,4729,0.0503277648551491
2024,12,VCF0809,VCF0890,2,2,216,4729,0.0456756185240008
2024,12,VCF0809,VCF0890,3,2,193,4729,0.0408120109959822
2024,12,VCF0809,VCF0890,4,2,203,4729,0.042926622964686
2024,12,VCF0809,VCF0890,5,2,101,4729,0.0213575808839078
2024,12,VCF0809,VCF0890,6,2,44,4729,0.00930429266229647
2024,12,VCF0809,VCF0890,7,2,65,4729,0.0137449777965743
2024,12,VCF0809,VCF0890,1,3,267,4729,0.0564601395643899
2024,12,VCF0809,VCF0890,2,3,264,4729,0.0558257559737788
2024,12,VCF0809,VCF0890,3,3,426,4729,0.0900824698667794
2024,12,VCF0809,VCF0890,4,3,716,4729,0.151406216959188
2024,12,VCF0809,VCF0890,5,3,576,4729,0.121801649397336
2024,12,VCF0809,VCF0890,6,3,408,4729,0.0862761683231127
2024,12,VCF0809,VCF0890,7,3,588,4729,0.12433918375978
2024,13,VCF0809,VCF0894,1,1,436,4711,0.0925493525790703
2024,13,VCF0809,VCF0894,2,1,310,4711,0.0658034387603481
2024,13,VCF0809,VCF0894,3,1,217,4711,0.0460624071322437
2024,13,VCF0809,VCF0894,4,1,206,4711,0.0437274464020378
2024,13,VCF0809,VCF0894,5,1,82,4711,0.0174060708978985
2024,13,VCF0809,VCF0894,6,1,40,4711,0.00849076629165782
2024,13,VCF0809,VCF0894,7,1,80,4711,0.0169815325833156
2024,13,VCF0809,VCF0894,1,2,199,4711,0.0422415623009977
2024,13,VCF0809,VCF0894,2,2,232,4711,0.0492464444916154
2024,13,VCF0809,VCF0894,3,2,316,4711,0.0670770537040968
2024,13,VCF0809,VCF0894,4,2,455,4711,0.0965824665676077
2024,13,VCF0809,VCF0894,5,2,327,4711,0.0694120144343027
2024,13,VCF0809,VCF0894,6,2,138,4711,0.0292931437062195
2024,13,VCF0809,VCF0894,7,2,168,4711,0.0356612184249629
2024,13,VCF0809,VCF0894,1,3,49,4711,0.0104011887072808
2024,13,VCF0809,VCF0894,2,3,49,4711,0.0104011887072808
2024,13,VCF0809,VCF0894,3,3,134,4711,0.0284440670770537
2024,13,VCF0809,VCF0894,4,3,288,4711,0.0611335172999363
2024,13,VCF0809,VCF0894,5,3,282,4711,0.0598599023561877
2024,13,VCF0809,VCF0894,6,3,281,4711,0.0596476331988962
2024,13,VCF0809,VCF0894,7,3,422,4711,0.08957758437699
2024,14,VCF0809,VCF0879a,1,1,378,4257,0.0887949260042283
2024,14,VCF0809,VCF0879a,2,1,287,4257,0.0674183697439511
2024,14,VCF0809,VCF0879a,3,1,284,4257,0.066713648108997
2024,14,VCF0809,VCF0879a,4,1,372,4257,0.0873854827343199
2024,14,VCF0809,VCF0879a,5,1,221,4257,0.0519144937749589
2024,14,VCF0809,VCF0879a,6,1,125,4257,0.0293634014564247
2024,14,VCF0809,VCF0879a,7,1,201,4257,0.0472163495419309
2024,14,VCF0809,VCF0879a,1,2,168,4257,0.0394644115574348
2024,14,VCF0809,VCF0879a,2,2,169,4257,0.0396993187690862
2024,14,VCF0809,VCF0879a,3,2,223,4257,0.0523843081982617
2024,14,VCF0809,VCF0879a,4,2,333,4257,0.0782241014799154
2024,14,VCF0809,VCF0879a,5,2,283,4257,0.0664787408973456
2024,14,VCF0809,VCF0879a,6,2,185,4257,0.0434578341555086
2024,14,VCF0809,VCF0879a,7,2,230,4257,0.0540286586798215
2024,14,VCF0809,VCF0879a,1,3,65,4257,0.0152689687573409
2024,14,VCF0809,VCF0879a,2,3,85,4257,0.0199671129903688
2024,14,VCF0809,VCF0879a,3,3,93,4257,0.02184637068358
2024,14,VCF0809,VCF0879a,4,3,154,4257,0.0361757105943152
2024,14,VCF0809,VCF0879a,5,3,133,4257,0.0312426591496359
2024,14,VCF0809,VCF0879a,6,3,109,4257,0.0256048860700024
2024,14,VCF0809,VCF0879a,7,3,159,4257,0.0373502466525722
2024,15,VCF0809,VCF9223,1,1,188,4278,0.0439457690509584
2024,15,VCF0809,VCF9223,2,1,100,4278,0.0233754090696587
2024,15,VCF0809,VCF9223,3,1,90,4278,0.0210378681626928
2024,15,VCF0809,VCF9223,4,1,92,4278,0.021505376344086
2024,15,VCF0809,VCF9223,5,1,37,4278,0.00864890135577373
2024,15,VCF0809,VCF9223,6,1,27,4278,0.00631136044880785
2024,15,VCF0809,VCF9223,7,1,94,4278,0.0219728845254792
2024,15,VCF0809,VCF9223,1,2,167,4278,0.0390369331463301
2024,15,VCF0809,VCF9223,2,2,143,4278,0.033426834969612
2024,15,VCF0809,VCF9223,3,2,115,4278,0.0268817204301075
2024,15,VCF0809,VCF9223,4,2,110,4278,0.0257129499766246
2024,15,VCF0809,VCF9223,5,2,69,4278,0.0161290322580645
2024,15,VCF0809,VCF9223,6,2,39,4278,0.0091164095371669
2024,15,VCF0809,VCF9223,7,2,69,4278,0.0161290322580645
2024,15,VCF0809,VCF9223,1,3,192,4278,0.0448807854137447
2024,15,VCF0809,VCF9223,2,3,196,4278,0.0458158017765311
2024,15,VCF0809,VCF9223,3,3,219,4278,0.0511921458625526
2024,15,VCF0809,VCF9223,4,3,322,4278,0.0752688172043011
2024,15,VCF0809,VCF9223,5,3,224,4278,0.0523609163160355
2024,15,VCF0809,VCF9223,6,3,108,4278,0.0252454417952314
2024,15,VCF0809,VCF9223,7,3,145,4278,0.0338943431510051
2024,15,VCF0809,VCF9223,1,4,69,4278,0.0161290322580645
2024,15,VCF0809,VCF9223,2,4,103,4278,0.0240766713417485
2024,15,VCF0809,VCF9223,3,4,182,4278,0.0425432445067789
2024,15,VCF0809,VCF9223,4,4,339,4278,0.0792426367461431
2024,15,VCF0809,VCF9223,5,4,309,4278,0.0722300140252454
2024,15,VCF0809,VCF9223,6,4,246,4278,0.0575035063113605
2024,15,VCF0809,VCF9223,7,4,284,4278,0.0663861617578308
2024,16,VCF0838,VCF0839,1,1,62,4348,0.0142594296228151
2024,16,VCF0838,VCF0839,2,1,141,4348,0.0324287028518859
2024,16,VCF0838,VCF0839,3,1,61,4348,0.0140294388224471
2024,16,VCF0838,VCF0839,4,1,54,4348,0.0124195032198712
2024,16,VCF0838,VCF0839,1,2,31,4348,0.00712971481140754
2024,16,VCF0838,VCF0839,2,2,147,4348,0.0338086476540938
2024,16,VCF0838,VCF0839,3,2,77,4348,0.0177092916283349
2024,16,VCF0838,VCF0839,4,2,56,4348,0.0128794848206072
2024,16,VCF0838,VCF0839,1,3,37,4348,0.00850965961361546
2024,16,VCF0838,VCF0839,2,3,204,4348,0.046918123275069
2024,16,VCF0838,VCF0839,3,3,166,4348,0.0381784728610856
2024,16,VCF0838,VCF0839,4,3,148,4348,0.0340386384544618
2024,16,VCF0838,VCF0839,1,4,38,4348,0.00873965041398344
2024,16,VCF0838,VCF0839,2,4,229,4348,0.0526678932842686
2024,16,VCF0838,VCF0839,3,4,247,4348,0.0568077276908924
2024,16,VCF0838,VCF0839,4,4,387,4348,0.0890064397424103
2024,16,VCF0838,VCF0839,1,5,30,4348,0.00689972401103956
2024,16,VCF0838,VCF0839,2,5,125,4348,0.0287488500459982
2024,16,VCF0838,VCF0839,3,5,194,4348,0.0446182152713891
2024,16,VCF0838,VCF0839,4,5,525,4348,0.120745170193192
2024,16,VCF0838,VCF0839,1,6,15,4348,0.00344986200551978
2024,16,VCF0838,VCF0839,2,6,45,4348,0.0103495860165593
2024,16,VCF0838,VCF0839,3,6,89,4348,0.0204691812327507
2024,16,VCF0838,VCF0839,4,6,381,4348,0.0876264949402024
2024,16,VCF0838,VCF0839,1,7,33,4348,0.00758969641214352
2024,16,VCF0838,VCF0839,2,7,108,4348,0.0248390064397424
2024,16,VCF0838,VCF0839,3,7,83,4348,0.0190892364305428
2024,16,VCF0838,VCF0839,4,7,635,4348,0.146044158233671
2024,17,VCF0838,VCF0888,1,1,18,5004,0.00359712230215827
2024,17,VCF0838,VCF0888,2,1,41,5004,0.00819344524380496
2024,17,VCF0838,VCF0888,3,1,45,5004,0.00899280575539568
2024,17,VCF0838,VCF0888,4,1,191,5004,0.0381694644284572
2024,17,VCF0838,VCF0888,1,2,46,5004,0.00919264588329336
2024,17,VCF0838,VCF0888,2,2,225,5004,0.0449640287769784
2024,17,VCF0838,VCF0888,3,2,281,5004,0.0561550759392486
2024,17,VCF0838,VCF0888,4,2,909,5004,0.181654676258993
2024,17,VCF0838,VCF0888,1,3,228,5004,0.0455635491606715
2024,17,VCF0838,VCF0888,2,3,894,5004,0.178657074340528
2024,17,VCF0838,VCF0888,3,3,731,5004,0.146083133493205
2024,17,VCF0838,VCF0888,4,3,1395,5004,0.278776978417266
2024,18,VCF0838,VCF0890,1,1,61,5007,0.01218294387857
2024,18,VCF0838,VCF0890,2,1,192,5007,0.0383463151587777
2024,18,VCF0838,VCF0890,3,1,97,5007,0.0193728779708408
2024,18,VCF0838,VCF0890,4,1,63,5007,0.0125823846614739
2024,18,VCF0838,VCF0890,1,2,76,5007,0.0151787497503495
2024,18,VCF0838,VCF0890,2,2,370,5007,0.0738965448372279
2024,18,VCF0838,VCF0890,3,2,277,5007,0.0553225484321949
2024,18,VCF0838,VCF0890,4,2,425,5007,0.0848811663670861
2024,18,VCF0838,VCF0890,1,3,155,5007,0.0309566606750549
2024,18,VCF0838,VCF0890,2,3,599,5007,0.119632514479728
2024,18,VCF0838,VCF0890,3,3,683,5007,0.136409027361694
2024,18,VCF0838,VCF0890,4,3,2009,5007,0.401238266427002
2024,19,VCF0838,VCF0894,1,1,137,4986,0.0274769354191737
2024,19,VCF0838,VCF0894,2,1,540,4986,0.108303249097473
2024,19,VCF0838,VCF0894,3,1,336,4986,0.0673886883273165
2024,19,VCF0838,VCF0894,4,1,377,4986,0.0756117127958283
2024,19,VCF0838,VCF0894,1,2,87,4986,0.0174488567990373
2024,19,VCF0838,VCF0894,2,2,438,4986,0.0878459687123947
2024,19,VCF0838,VCF0894,3,2,504,4986,0.101083032490975
2024,19,VCF0838,VCF0894,4,2,969,4986,0.194344163658243
2024,19,VCF0838,VCF0894,1,3,64,4986,0.0128359406337746
2024,19,VCF0838,VCF0894,2,3,177,4986,0.0354993983152828
2024,19,VCF0838,VCF0894,3,3,215,4986,0.0431207380665864
2024,19,VCF0838,VCF0894,4,3,1142,4986,0.229041315683915
2024,20,VCF0838,VCF0879a,1,1,149,4485,0.033221850613155
2024,20,VCF0838,VCF0879a,2,1,623,4485,0.138907469342252
2024,20,VCF0838,VCF0879a,3,1,453,4485,0.101003344481605
2024,20,VCF0838,VCF0879a,4,1,757,4485,0.168784838350056
2024,20,VCF0838,VCF0879a,1,2,73,4485,0.0162764771460424
2024,20,VCF0838,VCF0879a,2,2,273,4485,0.0608695652173913
2024,20,VCF0838,VCF0879a,3,2,346,4485,0.0771460423634337
2024,20,VCF0838,VCF0879a,4,2,997,4485,0.222296544035674
2024,20,VCF0838,VCF0879a,1,3,31,4485,0.00691192865105909
2024,20,VCF0838,VCF0879a,2,3,136,4485,0.0303232998885173
2024,20,VCF0838,VCF0879a,3,3,145,4485,0.032329988851728
2024,20,VCF0838,VCF0879a,4,3,502,4485,0.111928651059086
2024,21,VCF0838,VCF9223,1,1,74,4504,0.0164298401420959
2024,21,VCF0838,VCF9223,2,1,274,4504,0.0608348134991119
2024,21,VCF0838,VCF9223,3,1,149,4504,0.0330817051509769
2024,21,VCF0838,VCF9223,4,1,171,4504,0.0379662522202487
2024,21,VCF0838,VCF9223,1,2,60,4504,0.0133214920071048
2024,21,VCF0838,VCF9223,2,2,281,4504,0.0623889875666075
2024,21,VCF0838,VCF9223,3,2,193,4504,0.0428507992895204
2024,21,VCF0838,VCF9223,4,2,227,4504,0.0503996447602131
2024,21,VCF0838,VCF9223,1,3,84,4504,0.0186500888099467
2024,21,VCF0838,VCF9223,2,3,344,4504,0.0763765541740675
2024,21,VCF0838,VCF9223,3,3,368,4504,0.0817051509769094
2024,21,VCF0838,VCF9223,4,3,687,4504,0.15253108348135
2024,21,VCF0838,VCF9223,1,4,36,4504,0.00799289520426288
2024,21,VCF0838,VCF9223,2,4,139,4504,0.0308614564831261
2024,21,VCF0838,VCF9223,3,4,238,4504,0.052841918294849
2024,21,VCF0838,VCF9223,4,4,1179,4504,0.261767317939609
2024,22,VCF0839,VCF0888,1,1,22,4556,0.004828797190518
2024,22,VCF0839,VCF0888,2,1,17,4556,0.00373134328358209
2024,22,VCF0839,VCF0888,3,1,27,4556,0.00592625109745391
2024,22,VCF0839,VCF0888,4,1,34,4556,0.00746268656716418
2024,22,VCF0839,VCF0888,5,1,31,4556,0.00680421422300263
2024,22,VCF0839,VCF0888,6,1,41,4556,0.00899912203687445
2024,22,VCF0839,VCF0888,7,1,115,4556,0.0252414398595259
2024,22,VCF0839,VCF0888,1,2,64,4556,0.0140474100087796
2024,22,VCF0839,VCF0888,2,2,66,4556,0.014486391571554
2024,22,VCF0839,VCF0888,3,2,143,4556,0.031387181738367
2024,22,VCF0839,VCF0888,4,2,267,4556,0.0586040386303775
2024,22,VCF0839,VCF0888,5,2,322,4556,0.0706760316066725
2024,22,VCF0839,VCF0888,6,2,210,4556,0.0460930640913082
2024,22,VCF0839,VCF0888,7,2,285,4556,0.0625548726953468
2024,22,VCF0839,VCF0888,1,3,253,4556,0.055531167690957
2024,22,VCF0839,VCF0888,2,3,251,4556,0.0550921861281826
2024,22,VCF0839,VCF0888,3,3,416,4556,0.0913081650570676
2024,22,VCF0839,VCF0888,4,3,642,4556,0.140913081650571
2024,22,VCF0839,VCF0888,5,3,551,4556,0.120939420544337
2024,22,VCF0839,VCF0888,6,3,305,4556,0.0669446883230904
2024,22,VCF0839,VCF0888,7,3,494,4556,0.108428446005268
2024,23,VCF0839,VCF0890,1,1,139,4559,0.0304891423557798
2024,23,VCF0839,VCF0890,2,1,107,4559,0.0234700592235139
2024,23,VCF0839,VCF0890,3,1,80,4559,0.0175477078306646
2024,23,VCF0839,VCF0890,4,1,65,4559,0.014257512612415
2024,23,VCF0839,VCF0890,5,1,16,4559,0.00350954156613292
2024,23,VCF0839,VCF0890,6,1,6,4559,0.00131607808729985
2024,23,VCF0839,VCF0890,7,1,9,4559,0.00197411713094977
2024,23,VCF0839,VCF0890,1,2,92,4559,0.0201798640052643
2024,23,VCF0839,VCF0890,2,2,126,4559,0.0276376398332968
2024,23,VCF0839,VCF0890,3,2,237,4559,0.0519850844483439
2024,23,VCF0839,VCF0890,4,2,282,4559,0.0618556701030928
2024,23,VCF0839,VCF0890,5,2,154,4559,0.0337793375740294
2024,23,VCF0839,VCF0890,6,2,58,4559,0.0127220881772318
2024,23,VCF0839,VCF0890,7,2,82,4559,0.0179864005264312
2024,23,VCF0839,VCF0890,1,3,106,4559,0.0232507128756306
2024,23,VCF0839,VCF0890,2,3,105,4559,0.0230313665277473
2024,23,VCF0839,VCF0890,3,3,267,4559,0.0585654748848432
2024,23,VCF0839,VCF0890,4,3,598,4559,0.131169116034218
2024,23,VCF0839,VCF0890,5,3,735,4559,0.161219565694231
2024,23,VCF0839,VCF0890,6,3,490,4559,0.107479710462821
2024,23,VCF0839,VCF0890,7,3,805,4559,0.176573810046063
2024,24,VCF0839,VCF0894,1,1,238,4544,0.0523767605633803
2024,24,VCF0839,VCF0894,2,1,233,4544,0.0512764084507042
2024,24,VCF0839,VCF0894,3,1,299,4544,0.0658010563380282
2024,24,VCF0839,VCF0894,4,1,274,4544,0.0602992957746479
2024,24,VCF0839,VCF0894,5,1,134,4544,0.0294894366197183
2024,24,VCF0839,VCF0894,6,1,54,4544,0.0118838028169014
2024,24,VCF0839,VCF0894,7,1,72,4544,0.0158450704225352
2024,24,VCF0839,VCF0894,1,2,63,4544,0.0138644366197183
2024,24,VCF0839,VCF0894,2,2,86,4544,0.0189260563380282
2024,24,VCF0839,VCF0894,3,2,247,4544,0.0543573943661972
2024,24,VCF0839,VCF0894,4,2,510,4544,0.112235915492958
2024,24,VCF0839,VCF0894,5,2,432,4544,0.0950704225352113
2024,24,VCF0839,VCF0894,6,2,189,4544,0.0415933098591549
2024,24,VCF0839,VCF0894,7,2,239,4544,0.0525968309859155
2024,24,VCF0839,VCF0894,1,3,37,4544,0.00814260563380282
2024,24,VCF0839,VCF0894,2,3,17,4544,0.00374119718309859
2024,24,VCF0839,VCF0894,3,3,37,4544,0.00814260563380282
2024,24,VCF0839,VCF0894,4,3,156,4544,0.034330985915493
2024,24,VCF0839,VCF0894,5,3,336,4544,0.073943661971831
2024,24,VCF0839,VCF0894,6,3,310,4544,0.0682218309859155
2024,24,VCF0839,VCF0894,7,3,581,4544,0.127860915492958
2024,25,VCF0839,VCF0879a,1,1,194,4271,0.0454226176539452
2024,25,VCF0839,VCF0879a,2,1,186,4271,0.043549520018731
2024,25,VCF0839,VCF0879a,3,1,310,4271,0.0725825333645516
2024,25,VCF0839,VCF0879a,4,1,434,4271,0.101615546710372
2024,25,VCF0839,VCF0879a,5,1,283,4271,0.0662608288457036
2024,25,VCF0839,VCF0879a,6,1,157,4271,0.0367595410910794
2024,25,VCF0839,VCF0879a,7,1,269,4271,0.0629829079840787
2024,25,VCF0839,VCF0879a,1,2,77,4271,0.018028564738937
2024,25,VCF0839,VCF0879a,2,2,79,4271,0.0184968391477406
2024,25,VCF0839,VCF0879a,3,2,161,4271,0.0376960899086865
2024,25,VCF0839,VCF0879a,4,2,328,4271,0.0767970030437837
2024,25,VCF0839,VCF0879a,5,2,404,4271,0.0945914305783189
2024,25,VCF0839,VCF0879a,6,2,227,4271,0.0531491453992039
2024,25,VCF0839,VCF0879a,7,2,347,4271,0.0812456099274175
2024,25,VCF0839,VCF0879a,1,3,41,4271,0.00959962538047296
2024,25,VCF0839,VCF0879a,2,3,45,4271,0.0105361741980801
2024,25,VCF0839,VCF0879a,3,3,73,4271,0.0170920159213299
2024,25,VCF0839,VCF0879a,4,3,138,4271,0.0323109342074456
2024,25,VCF0839,VCF0879a,5,3,149,4271,0.0348864434558651
2024,25,VCF0839,VCF0879a,6,3,151,4271,0.0353547178646687
2024,25,VCF0839,VCF0879a,7,3,218,4271,0.0510419105595879
2024,26,VCF0839,VCF9223,1,1,110,4135,0.026602176541717
2024,26,VCF0839,VCF9223,2,1,79,4135,0.0191051995163241
2024,26,VCF0839,VCF9223,3,1,101,4135,0.0244256348246675
2024,26,VCF0839,VCF9223,4,1,122,4135,0.0295042321644498
2024,26,VCF0839,VCF9223,5,1,55,4135,0.0133010882708585
2024,26,VCF0839,VCF9223,6,1,24,4135,0.00580411124546554
2024,26,VCF0839,VCF9223,7,1,89,4135,0.0215235792019347
2024,26,VCF0839,VCF9223,1,2,80,4135,0.0193470374848851
2024,26,VCF0839,VCF9223,2,2,83,4135,0.0200725513905683
2024,26,VCF0839,VCF9223,3,2,142,4135,0.0343409915356711
2024,26,VCF0839,VCF9223,4,2,154,4135,0.0372430471584039
2024,26,VCF0839,VCF9223,5,2,83,4135,0.0200725513905683
2024,26,VCF0839,VCF9223,6,2,54,4135,0.0130592503022975
2024,26,VCF0839,VCF9223,7,2,86,4135,0.0207980652962515
2024,26,VCF0839,VCF9223,1,3,77,4135,0.0186215235792019
2024,26,VCF0839,VCF9223,2,3,107,4135,0.0258766626360339
2024,26,VCF0839,VCF9223,3,3,191,4135,0.0461910519951632
2024,26,VCF0839,VCF9223,4,3,320,4135,0.0773881499395405
2024,26,VCF0839,VCF9223,5,3,293,4135,0.0708585247883918
2024,26,VCF0839,VCF9223,6,3,138,4135,0.0333736396614269
2024,26,VCF0839,VCF9223,7,3,207,4135,0.0500604594921403
2024,26,VCF0839,VCF9223,1,4,35,4135,0.00846432889963724
2024,26,VCF0839,VCF9223,2,4,31,4135,0.00749697702539299
2024,26,VCF0839,VCF9223,3,4,99,4135,0.0239419588875453
2024,26,VCF0839,VCF9223,4,4,271,4135,0.0655380894800484
2024,26,VCF0839,VCF9223,5,4,378,4135,0.0914147521160822
2024,26,VCF0839,VCF9223,6,4,301,4135,0.0727932285368803
2024,26,VCF0839,VCF9223,7,4,425,4135,0.102781136638452
2024,27,VCF0888,VCF0890,1,1,67,5235,0.0127984718242598
2024,27,VCF0888,VCF0890,2,1,82,5235,0.0156638013371538
2024,27,VCF0888,VCF0890,3,1,298,5235,0.0569245463228271
2024,27,VCF0888,VCF0890,1,2,29,5235,0.0055396370582617
2024,27,VCF0888,VCF0890,2,2,418,5235,0.079847182425979
2024,27,VCF0888,VCF0890,3,2,753,5235,0.143839541547278
2024,27,VCF0888,VCF0890,1,3,215,5235,0.0410697230181471
2024,27,VCF0888,VCF0890,2,3,1033,5235,0.197325692454632
2024,27,VCF0888,VCF0890,3,3,2340,5235,0.446991404011461
2024,28,VCF0888,VCF0894,1,1,80,5209,0.015358034171626
2024,28,VCF0888,VCF0894,2,1,286,5209,0.0549049721635631
2024,28,VCF0888,VCF0894,3,1,1104,5209,0.211940871568439
2024,28,VCF0888,VCF0894,1,2,50,5209,0.00959877135726627
2024,28,VCF0888,VCF0894,2,2,739,5209,0.141869840660395
2024,28,VCF0888,VCF0894,3,2,1296,5209,0.248800153580342
2024,28,VCF0888,VCF0894,1,3,175,5209,0.0335956997504319
2024,28,VCF0888,VCF0894,2,3,503,5209,0.0965636398540987
2024,28,VCF0888,VCF0894,3,3,976,5209,0.187368016893838
2024,29,VCF0888,VCF0879a,1,1,85,4685,0.0181430096051227
2024,29,VCF0888,VCF0879a,2,1,462,4685,0.0986125933831377
2024,29,VCF0888,VCF0879a,3,1,1514,4685,0.32315901814301
2024,29,VCF0888,VCF0879a,1,2,82,4685,0.0175026680896478
2024,29,VCF0888,VCF0879a,2,2,616,4685,0.131483457844184
2024,29,VCF0888,VCF0879a,3,2,1066,4685,0.227534685165422
2024,29,VCF0888,VCF0879a,1,3,104,4685,0.0221985058697972
2024,29,VCF0888,VCF0879a,2,3,308,4685,0.0657417289220918
2024,29,VCF0888,VCF0879a,3,3,448,4685,0.095624332977588
2024,30,VCF0888,VCF9223,1,1,41,4704,0.00871598639455782
2024,30,VCF0888,VCF9223,2,1,97,4704,0.0206207482993197
2024,30,VCF0888,VCF9223,3,1,563,4704,0.11968537414966
2024,30,VCF0888,VCF9223,1,2,33,4704,0.00701530612244898
2024,30,VCF0888,VCF9223,2,2,173,4704,0.0367772108843537
2024,30,VCF0888,VCF9223,3,2,592,4704,0.125850340136054
2024,30,VCF0888,VCF9223,1,3,61,4704,0.0129676870748299
2024,30,VCF0888,VCF9223,2,3,437,4704,0.0928996598639456
2024,30,VCF0888,VCF9223,3,3,1046,4704,0.222363945578231
2024,30,VCF0888,VCF9223,1,4,140,4704,0.0297619047619048
2024,30,VCF0888,VCF9223,2,4,682,4704,0.144982993197279
2024,30,VCF0888,VCF9223,3,4,839,4704,0.178358843537415
2024,31,VCF0890,VCF0894,1,1,333,5212,0.0638910207214121
2024,31,VCF0890,VCF0894,2,1,439,5212,0.0842287029930929
2024,31,VCF0890,VCF0894,3,1,698,5212,0.133921719109747
2024,31,VCF0890,VCF0894,1,2,85,5212,0.0163085188027629
2024,31,VCF0890,VCF0894,2,2,629,5212,0.120683039140445
2024,31,VCF0890,VCF0894,3,2,1371,5212,0.26304681504221
2024,31,VCF0890,VCF0894,1,3,28,5212,0.00537221795855718
2024,31,VCF0890,VCF0894,2,3,124,5212,0.0237912509593246
2024,31,VCF0890,VCF0894,3,3,1505,5212,0.288756715272448
2024,32,VCF0890,VCF0879a,1,1,241,4685,0.0514407684098186
2024,32,VCF0890,VCF0879a,2,1,583,4685,0.124439701173959
2024,32,VCF0890,VCF0879a,3,1,1238,4685,0.264247598719317
2024,32,VCF0890,VCF0879a,1,2,112,4685,0.023906083244397
2024,32,VCF0890,VCF0879a,2,2,333,4685,0.0710779082177161
2024,32,VCF0890,VCF0879a,3,2,1318,4685,0.281323372465315
2024,32,VCF0890,VCF0879a,1,3,49,4685,0.0104589114194237
2024,32,VCF0890,VCF0879a,2,3,156,4685,0.0332977588046958
2024,32,VCF0890,VCF0879a,3,3,655,4685,0.139807897545358
2024,33,VCF0890,VCF9223,1,1,131,4705,0.0278427205100956
2024,33,VCF0890,VCF9223,2,1,178,4705,0.0378320935175345
2024,33,VCF0890,VCF9223,3,1,393,4705,0.0835281615302869
2024,33,VCF0890,VCF9223,1,2,117,4705,0.0248671625929862
2024,33,VCF0890,VCF9223,2,2,249,4705,0.0529224229543039
2024,33,VCF0890,VCF9223,3,2,430,4705,0.0913921360255048
2024,33,VCF0890,VCF9223,1,3,114,4705,0.0242295430393199
2024,33,VCF0890,VCF9223,2,3,404,4705,0.0858660998937301
2024,33,VCF0890,VCF9223,3,3,1026,4705,0.218065887353879
2024,33,VCF0890,VCF9223,1,4,45,4705,0.00956429330499469
2024,33,VCF0890,VCF9223,2,4,245,4705,0.0520722635494155
2024,33,VCF0890,VCF9223,3,4,1373,4705,0.291817215727949
2024,34,VCF0894,VCF0879a,1,1,781,4669,0.167273506104091
2024,34,VCF0894,VCF0879a,2,1,839,4669,0.179695866352538
2024,34,VCF0894,VCF0879a,3,1,437,4669,0.0935960591133005
2024,34,VCF0894,VCF0879a,1,2,365,4669,0.0781751981152281
2024,34,VCF0894,VCF0879a,2,2,759,4669,0.16256157635468
2024,34,VCF0894,VCF0879a,3,2,634,4669,0.135789248233026
2024,34,VCF0894,VCF0879a,1,3,158,4669,0.03384022274577
2024,34,VCF0894,VCF0879a,2,3,273,4669,0.0584707646176912
2024,34,VCF0894,VCF0879a,3,3,423,4669,0.0905975583636753
2024,35,VCF0894,VCF9223,1,1,333,4686,0.0710627400768246
2024,35,VCF0894,VCF9223,2,1,211,4686,0.0450277422108408
2024,35,VCF0894,VCF9223,3,1,153,4686,0.0326504481434059
2024,35,VCF0894,VCF9223,1,2,351,4686,0.0749039692701665
2024,35,VCF0894,VCF9223,2,2,315,4686,0.0672215108834827
2024,35,VCF0894,VCF9223,3,2,126,4686,0.0268886043533931
2024,35,VCF0894,VCF9223,1,3,434,4686,0.0926163038839095
2024,35,VCF0894,VCF9223,2,3,697,4686,0.148740930431071
2024,35,VCF0894,VCF9223,3,3,407,4686,0.0868544600938967
2024,35,VCF0894,VCF9223,1,4,192,4686,0.0409731113956466
2024,35,VCF0894,VCF9223,2,4,655,4686,0.139778062313274
2024,35,VCF0894,VCF9223,3,4,812,4686,0.173282116944089
2024,36,VCF0879a,VCF9223,1,1,489,4697,0.10410900574835
2024,36,VCF0879a,VCF9223,2,1,106,4697,0.0225675963380881
2024,36,VCF0879a,VCF9223,3,1,100,4697,0.0212901852246115
2024,36,VCF0879a,VCF9223,1,2,513,4697,0.109218650202257
2024,36,VCF0879a,VCF9223,2,2,192,4697,0.040877155631254
2024,36,VCF0879a,VCF9223,3,2,93,4697,0.0197998722588887
2024,36,VCF0879a,VCF9223,1,3,711,4697,0.151373216946987
2024,36,VCF0879a,VCF9223,2,3,628,4697,0.13370236321056
2024,36,VCF0879a,VCF9223,3,3,206,4697,0.0438577815626996
2024,36,VCF0879a,VCF9223,1,4,356,4697,0.0757930593996168
2024,36,VCF0879a,VCF9223,2,4,841,4697,0.179050457738982
2024,36,VCF0879a,VCF9223,3,4,462,4697,0.0983606557377049
